Folder,frac_C,frac_H+,frac_H-,frac_C2H5+,frac_C2H5-,C_mean_r,C_mean_c,C_std_r,C_std_c,C_corr_rc,H+_mean_r,H+_mean_c,H+_std_r,H+_std_c,H+_corr_rc,H-_mean_r,H-_mean_c,H-_std_r,H-_std_c,H-_corr_rc,C2H5+_mean_r,C2H5+_mean_c,C2H5+_std_r,C2H5+_std_c,C2H5+_corr_rc,C2H5-_mean_r,C2H5-_mean_c,C2H5-_std_r,C2H5-_std_c,C2H5-_corr_rc,H+_nn_mean,H+_nn_std,H-_nn_mean,H-_nn_std,C2H5+_nn_mean,C2H5+_nn_std,C2H5-_nn_mean,C2H5-_nn_std,dist_H+-H-_mean,dist_H+-H-_std,dist_H+-C2H5+_mean,dist_H+-C2H5+_std,dist_H+-C2H5-_mean,dist_H+-C2H5-_std,dist_H--C2H5+_mean,dist_H--C2H5+_std,dist_H--C2H5-_mean,dist_H--C2H5-_std,dist_C2H5+-C2H5-_mean,dist_C2H5+-C2H5-_std,rdf_nc_bin0,rdf_nc_bin1,rdf_nc_bin2,rdf_nc_bin3,rdf_nc_bin4,rdf_nc_bin5,rdf_nc_bin6,rdf_nc_bin7,rdf_nc_bin8,rdf_nc_bin9,fft_top0,fft_top1,fft_top2,fft_top3,fft_top4,fft_top5,fft_top6,fft_top7,fft_top8,fft_top9,fft_top10,fft_top11,fft_top12,fft_top13,fft_top14,fft_top15,fft_top16,fft_top17,fft_top18,fft_top19,row_marginal_0,row_marginal_1,row_marginal_2,row_marginal_3,row_marginal_4,row_marginal_5,row_marginal_6,row_marginal_7,row_marginal_8,row_marginal_9,col_marginal_0,col_marginal_1,col_marginal_2,col_marginal_3,col_marginal_4,col_marginal_5,col_marginal_6,col_marginal_7,col_marginal_8,col_marginal_9,Thermal conductivity,Young's modulus,Maximum stress,Strain at maximum stress,Strain at fracture
E1H1-1,0.9801570897064903,0.0047540305911533695,0.005167424555601488,0.005064076064489459,0.004857379082265399,0.4932582,0.4955715,0.28876045,0.28847376,0.0022457838725215822,0.50344646,0.51768607,0.30845895,0.31591475,-0.2495813845040783,0.49512193,0.5255932,0.2510063,0.2883523,0.14591366816145257,0.5350921,0.500173,0.28486994,0.2816715,-0.06184689346711648,0.57031655,0.4765597,0.27459013,0.30329248,-0.2281101581765697,7.852536183731896,4.233749166509568,7.2519884576421125,3.801139751472651,7.703881553357232,2.941123766835074,9.102586404669351,3.969879346041195,8.093180953518644,4.170338883283843,7.874978459588224,4.324593109804586,6.668521585496608,4.7260097005669355,7.352540796822556,3.942098911881837,7.524716334395175,4.397572522072425,7.325011579013032,4.384262353889553,0.003319713993871297,0.011916922029281579,0.019152196118488254,0.02553626149131767,0.033026898195437526,0.040602655771195095,0.04477357848144365,0.04690160027238679,0.05405175348995574,0.05405175348995574,0.21927236020565033,0.04692107066512108,0.045400213450193405,0.044029247015714645,0.042337566614151,0.04196006432175636,0.0418359637260437,0.04164772853255272,0.04141782224178314,0.04112866893410683,0.040697429329156876,0.0404631681740284,0.04000360518693924,0.039947256445884705,0.039910316467285156,0.0397728867828846,0.038924574851989746,0.0383140929043293,0.038068659603595734,0.03794729709625244,0.009837962962911723,0.009837962962911723,0.010416666666612414,0.013020833333265517,0.011718749999938965,0.016276041666581895,0.011718749999938965,0.009765624999949138,0.016276041666581895,0.013671874999928793,0.010416666666612414,0.005642361111081724,0.008246527777734828,0.009548611111061379,0.006510416666632758,0.00781249999995931,0.009982638888836897,0.006944444444408275,0.009943181818130031,0.009943181818130031,45.59134853,880.351372,137.97801,0.2405,0.2583
E1H1-2,0.9801570897064903,0.005994212484497726,0.003927242662257131,0.0044439851178172795,0.005477470028937578,0.49349484,0.49532396,0.28872123,0.28876472,-0.0004079817749876076,0.47161478,0.5314144,0.272958,0.30236962,0.03956123088609948,0.51540434,0.53367525,0.28642055,0.286085,-0.1107498767079487,0.55558705,0.51793456,0.28110126,0.26635936,0.012975117533685906,0.52577084,0.49008635,0.2922191,0.2689876,0.09613050126906855,6.995241609660451,3.2079171986679373,8.659263823798858,4.578702703921822,8.138541070909156,3.681690768049844,7.613864421057677,3.70756654826687,7.374482375128622,4.122659341219561,7.090534007807996,3.9348377569822945,6.258045975957416,3.1170773021583513,7.815834485547393,4.360962560309693,5.362506379134438,2.6864864682832055,6.791602243890768,3.2263017034536823,0.00398665690342527,0.013993979334472379,0.017817915547961923,0.02790659832397689,0.03579855178585957,0.04238873972825644,0.03954112765438125,0.04499227076722805,0.05223334146936783,0.05467415181840371,0.22383753955364227,0.05363747850060463,0.046286966651678085,0.04580044373869896,0.04503360018134117,0.041705090552568436,0.04090678319334984,0.04010749235749245,0.03949752449989319,0.039461880922317505,0.039428744465112686,0.039134539663791656,0.03913290426135063,0.03883601725101471,0.038692351430654526,0.03866800293326378,0.03805356100201607,0.03756355866789818,0.03723937273025513,0.03697613626718521,0.009837962962911723,0.012152777777714483,0.011067708333275689,0.01432291666659207,0.011718749999938965,0.013671874999928793,0.00781249999995931,0.014973958333255344,0.013671874999928793,0.013020833333265517,0.006510416666632758,0.006510416666632758,0.009982638888836897,0.008680555555510346,0.0060763888888572416,0.010850694444387932,0.00781249999995931,0.009114583333285861,0.011837121212059562,0.00757575757571812,41.96489774,883.097599,136.98315,0.2394,0.2449
E1H1-3,0.9801570897064903,0.0047540305911533695,0.005167424555601488,0.0046506821000413395,0.005270773046713518,0.4937803,0.49593964,0.28856388,0.28840965,0.003021554525356684,0.4392895,0.49170965,0.23210448,0.30893686,-0.15506449702016523,0.54487807,0.47762713,0.30905855,0.29805827,-0.14933304700365616,0.5067751,0.4691149,0.32099468,0.2907171,-0.1343960616549202,0.50454324,0.50780994,0.2909738,0.30365905,-0.12784994306560526,7.191182137801957,3.3595981100360883,7.235591183785306,3.8892441709319745,8.590212645667306,4.303412345259126,7.9689479417659665,4.107117933664897,6.236571619848024,3.335702858610308,9.737074503035515,4.231639330883894,7.59067872807528,3.8913321642289604,7.904229361759855,4.3061767493559095,7.550144246521581,4.122538278381059,7.257856291317891,3.0534442936751462,0.003241349102058695,0.012264564169951817,0.01830924222514236,0.025580376697328076,0.0360928602715725,0.03793254489706527,0.04572930354796321,0.04643013578624616,0.05466491458607096,0.053088042049934295,0.22561174631118774,0.04517411068081856,0.0442533977329731,0.043933797627687454,0.04229969158768654,0.04128749668598175,0.0411873497068882,0.040987029671669006,0.04095180705189705,0.040594976395368576,0.04048285633325577,0.04047222062945366,0.039823804050683975,0.03972141444683075,0.03964589908719063,0.03957796096801758,0.03923004865646362,0.038458190858364105,0.03819059580564499,0.038115523755550385,0.010995370370313104,0.015046296296217931,0.006510416666632758,0.016276041666581895,0.012369791666602242,0.009765624999949138,0.011067708333275689,0.011067708333275689,0.017578124999908448,0.011067708333275689,0.010850694444387932,0.008246527777734828,0.008680555555510346,0.008680555555510346,0.007378472222183794,0.0060763888888572416,0.009114583333285861,0.006510416666632758,0.010890151515094796,0.008522727272682884,45.57843467,883.340872,139.21892,0.2763,0.2822
E1H1-4,0.9801570897064903,0.005270773046713518,0.0046506821000413395,0.005580818520049607,0.00434063662670525,0.49484238,0.49527213,0.28827286,0.2888074,-0.0005295323823874344,0.45528454,0.613659,0.30980402,0.27992615,-0.07954137039231711,0.44092143,0.43822977,0.30908164,0.24145271,0.21148076806404642,0.46883467,0.48367858,0.28904378,0.28969082,-0.008451869105258336,0.41753775,0.5405569,0.3041898,0.27228475,0.09331996326359071,6.821872107007101,4.778557311076885,6.902921923757343,4.436552969124066,7.033070468436146,3.220132469223078,7.29544715399593,4.5633397715786765,12.638820297603857,9.082704200981325,7.226009428745779,3.3314431146086205,8.745952564942636,5.374091807122499,7.515532109525379,4.556448348784112,7.831554945798173,4.449728133749019,9.435005570337266,4.826539619905712,0.003902604564350556,0.011622974463391871,0.019597862051412573,0.02630016119453635,0.033596334945278694,0.036565707983371505,0.04674641554254687,0.04598286247560872,0.05378807160430984,0.05523033850852634,0.228299081325531,0.05054037272930145,0.04441877827048302,0.04424165561795235,0.04072805121541023,0.04057684540748596,0.040446937084198,0.04019984230399132,0.039928145706653595,0.03969015181064606,0.03964297100901604,0.03952499106526375,0.03946026414632797,0.03912438824772835,0.03912018984556198,0.03911410644650459,0.03889681026339531,0.038843926042318344,0.038630858063697815,0.03857165575027466,0.01562499999991862,0.015046296296217931,0.016927083333245174,0.012369791666602242,0.011718749999938965,0.010416666666612414,0.006510416666632758,0.010416666666612414,0.00781249999995931,0.01432291666659207,0.006944444444408275,0.005208333333306207,0.011718749999938965,0.008680555555510346,0.005642361111081724,0.00781249999995931,0.011284722222163448,0.009548611111061379,0.009469696969647648,0.008522727272682884,42.9035541,883.268681,137.1136,0.2383,0.244
E1H2-1,0.9701322860686235,0.010438197602315007,0.009508061182306739,0.0047540305911533695,0.005167424555601488,0.49409536,0.4953849,0.2888696,0.28861797,0.0021127176110155178,0.47573048,0.52726966,0.29518515,0.2920127,-0.016158987829920722,0.50119305,0.50138175,0.2774576,0.2928845,-0.13229898414839522,0.4766702,0.5140014,0.28137192,0.2699702,-0.07833709763722946,0.4968293,0.4759322,0.2581314,0.29458076,-0.046778854774448216,5.049869622096287,2.7147935333174003,5.809235235820205,3.1351033366424628,8.26158034580972,3.924087677763334,8.073584318709491,3.5773224971601563,5.24575701783345,2.571137137754079,7.590740415110271,4.303402585373309,6.554015753470342,3.3174197115931134,7.405563503940458,3.9086051740354146,6.486798857670594,3.34886829257184,6.686675844674025,3.477457975927224,0.003362985463224127,0.012222463296448978,0.020105590511318435,0.025059665871121718,0.03362985463224127,0.038909380198163014,0.0417299486511897,0.047913502567440515,0.05413321761770449,0.05626672452448108,0.25403445959091187,0.054171591997146606,0.04251234978437424,0.04214388132095337,0.04050491377711296,0.04025823622941971,0.04002277925610542,0.039766620844602585,0.038632869720458984,0.03806548938155174,0.03806548938155174,0.03755432739853859,0.03717409819364548,0.03708001598715782,0.03705732151865959,0.03686834126710892,0.03662268444895744,0.03661274537444115,0.036539845168590546,0.036311905831098557,0.012687427912297506,0.011918492887309779,0.010380622837334324,0.011678200692001114,0.017301038062223873,0.009948096885778726,0.012543252595112308,0.014705882352890292,0.010380622837334324,0.010380622837334324,0.00807381776237114,0.006632064590519151,0.009803921568593528,0.007785467128000743,0.010092272202963925,0.006632064590519151,0.007208765859259948,0.010957324106075118,0.009436929852122111,0.008178672538505832,38.63721981,869.960936,135.11262,0.2407,0.2473
E1H2-2,0.9701322860686235,0.009301364200082679,0.010644894584539065,0.0047540305911533695,0.005167424555601488,0.4935744,0.49577582,0.28856105,0.28900963,-0.0007295691513442325,0.5134146,0.45800376,0.30512753,0.28450945,-0.008193222096727766,0.5185887,0.5214744,0.2813685,0.27582076,0.030010315876812455,0.47295862,0.47310245,0.25491968,0.28282693,-0.014450932805987832,0.4887805,0.5291525,0.31430158,0.25040135,0.10949840882580647,5.8696298749227305,2.8524259885759453,5.345374011361688,2.685774459192237,7.112826387023675,2.951617965480407,7.239036459674992,4.105648686321828,4.857769743472652,2.7389912594606156,8.29146151721573,4.455520834709522,7.748856621045104,3.8743743523362597,7.564516005833285,4.715337557068813,7.1881042308238685,4.00861842091286,7.301578882115479,4.153572344325984,0.003659022570010506,0.011592942796072892,0.01974423069956164,0.026156577183639458,0.03434409303336594,0.03883635836684418,0.04401695467883926,0.04742238162518567,0.05390718400173894,0.05365358837807485,0.2688411474227905,0.05031903088092804,0.041062064468860626,0.04038921371102333,0.039344437420368195,0.03906162828207016,0.038586679846048355,0.03814208507537842,0.03779051825404167,0.0376153439283371,0.037538081407547,0.03737983852624893,0.03729189932346344,0.0371573269367218,0.03700090944766998,0.03687317296862602,0.03684486448764801,0.03627980872988701,0.03627236932516098,0.0362095832824707,0.01307189542479137,0.00999615532484046,0.01081314878888992,0.01211072664355671,0.014273356401334696,0.01081314878888992,0.012975778546667904,0.012543252595112308,0.01211072664355671,0.013408304498223502,0.006920415224889549,0.010092272202963925,0.007497116493630344,0.00807381776237114,0.007497116493630344,0.011534025374815916,0.010668973471704722,0.006343713956148753,0.009122365523718041,0.006920415224889549,38.43359229,873.385175,134.54078,0.2397,0.2475
E1H2-3,0.9703389830508474,0.009611409673418768,0.010128152128978917,0.00423728813559322,0.005684167011161637,0.4940005,0.4958101,0.28870255,0.2888039,-0.0010060612427960196,0.47220033,0.4396756,0.27732205,0.26903605,0.12116574049813907,0.51381284,0.5049291,0.29486102,0.29659268,0.08237822960508173,0.50089234,0.59136003,0.28144175,0.27675855,0.08315840489615116,0.47317073,0.49491528,0.2898085,0.2694261,-0.2757542509822987,5.489560742040522,2.9809777315155497,5.624761901679343,2.582281161763018,7.261857976517567,4.921040361659647,7.031372151353084,3.815731341325842,5.051616657050511,2.653358048804582,9.018095560069286,5.684044429067138,7.001739589686187,4.113621187878258,8.680220318157291,5.189343449062798,6.760570181922794,3.7835299626885113,7.542410226881706,4.0981672487465115,0.003648424543946932,0.01238253178551686,0.021337755666113876,0.02601805785885388,0.03442049014188318,0.03829003132485719,0.044739266629813895,0.0494195688225539,0.05266261286161784,0.05041459369817579,0.25625544786453247,0.04530689865350723,0.04496689885854721,0.043483830988407135,0.041613899171352386,0.041173581033945084,0.03942245990037918,0.03851567581295967,0.03830740973353386,0.038267601281404495,0.03817709907889366,0.03795861452817917,0.037697263062000275,0.037541523575782776,0.037501558661460876,0.037027422338724136,0.03689643368124962,0.036719851195812225,0.036719851195812225,0.036446746438741684,0.012001548586872624,0.011227255129655035,0.015243902438971276,0.011324041811807234,0.010452961672437446,0.015243902438971276,0.013066202090546809,0.0069686411149582975,0.013501742160231702,0.013066202090546809,0.008130081300784681,0.008420441347241276,0.008130081300784681,0.009872241579524255,0.009291521486611063,0.008420441347241276,0.007549361207871488,0.007259001161414894,0.010452961672437446,0.007285397529274583,39.03496571,871.248715,135.89515,0.2427,0.2485
E1H2-4,0.9701322860686235,0.010231500620090947,0.009714758164530797,0.004857379082265399,0.005064076064489459,0.49445003,0.49593017,0.28885856,0.28885806,0.0025454922960699068,0.45257452,0.52028763,0.297478,0.30122924,-0.09685997106611692,0.46795538,0.4454562,0.26884633,0.26806533,-0.04667831518928387,0.5360664,0.5369636,0.25548467,0.27758756,0.0070607214301763995,0.48183176,0.47111726,0.28643703,0.25821242,-0.26522952610877093,5.13746784652167,2.29632114318156,5.039567378942415,3.2854603931262982,7.913120574562362,4.148772108284618,7.65654191694931,4.468691375413171,5.439946652311957,3.1659346228501866,8.290144938641575,4.061492228053342,8.730310737409294,4.5387064507916595,6.594022945764902,3.138255665934263,6.846483237463106,3.133234214168935,7.513673000422929,5.20147636162925,0.0029699510831586303,0.012368972746331237,0.01904262753319357,0.02620545073375262,0.033298392732355,0.03857442348008386,0.0429769392033543,0.04730957372466806,0.05419287211740042,0.05639412997903564,0.2645180821418762,0.04435206204652786,0.04170617088675499,0.04162108525633812,0.04052339121699333,0.03952007740736008,0.0388074666261673,0.038379520177841187,0.03836053982377052,0.038261402398347855,0.038132332265377045,0.03777240589261055,0.03770622983574867,0.0375579409301281,0.03736595809459686,0.03733501210808754,0.03733264282345772,0.03715439885854721,0.03694412484765053,0.03664900362491608,0.01422529796227296,0.010380622837334324,0.012975778546667904,0.010380622837334324,0.018598615916890663,0.01211072664355671,0.011678200692001114,0.01211072664355671,0.007352941176445146,0.01211072664355671,0.007208765859259948,0.008938869665482334,0.010957324106075118,0.006632064590519151,0.010092272202963925,0.007497116493630344,0.00922722029985273,0.008650519031111937,0.008807801195313972,0.006605850896485479,38.79837058,872.128182,134.44271,0.2438,0.2479
E1H3-1,0.9603141794129806,0.013745349317899959,0.016019016122364612,0.005684167011161637,0.00423728813559322,0.493157,0.49535596,0.28825438,0.28877348,-0.0018805608217444519,0.46882448,0.50669044,0.28439113,0.29029033,0.10240229545416474,0.5317073,0.52657187,0.31143877,0.28070712,-0.02910108458217233,0.5390244,0.49738058,0.29799682,0.28091595,0.0020516325289154035,0.54074955,0.43385696,0.2681657,0.28503805,0.21795537730443687,4.134505529957043,2.1494533577261787,4.299310374595033,2.236023539822748,7.160675732769977,3.7558675738020053,9.207485698771869,4.614691521501605,3.948787122122592,2.150610466109737,6.841388295668681,3.3245374182027856,7.812991958398733,4.132488041105073,6.712319548063988,3.7840401468622336,8.420741907687153,4.482310311002721,7.747591482311256,4.511833818419765,0.003756109012527477,0.014277482553300467,0.019954329129052224,0.02548178500544209,0.03491474059372132,0.03894828947649231,0.044091597840237313,0.047314168640758054,0.05143308363745012,0.05316174744435197,0.29247671365737915,0.04811929911375046,0.04643382132053375,0.042053256183862686,0.04031713306903839,0.03673628345131874,0.036542437970638275,0.03644629940390587,0.036268558353185654,0.03623439744114876,0.03609146550297737,0.035905349999666214,0.03538934141397476,0.034775473177433014,0.03469549119472504,0.03467192128300667,0.03447116166353226,0.03444582223892212,0.03405197709798813,0.03387390449643135,0.010995370370341737,0.013310185185150522,0.013997395833296882,0.009765624999974569,0.010742187499972026,0.008789062499977112,0.01269531249996694,0.012044270833301968,0.013346354166631911,0.01627604166662428,0.009331597222197922,0.005642361111096417,0.00868055555553295,0.007378472222203008,0.008246527777756302,0.009982638888862893,0.010850694444416189,0.007595486111091331,0.008759469696946886,0.00828598484846327,38.2183796,862.470603,133.18693,0.2415,0.2479
E1H3-2,0.9603141794129806,0.016019016122364612,0.013745349317899959,0.0044439851178172795,0.005477470028937578,0.49417412,0.49444664,0.28877306,0.28889295,-0.0029542594654667002,0.4815893,0.54587203,0.2781998,0.28995308,0.12521633751604358,0.47194207,0.49891677,0.28417704,0.27096614,0.09753158212878658,0.4619966,0.54710287,0.28757128,0.277676,0.058144939152653806,0.5632766,0.53038055,0.29698533,0.2773789,-0.09681153926516747,4.250829292229799,2.702710468531211,4.622743686438799,2.383877595103741,8.92820983068073,4.207811054515015,7.503496791298469,3.5287749834901163,4.797296039075867,2.6406528525462294,7.194117063515404,3.3504215910429567,6.641303570491633,3.5735845085031634,7.740936138321621,3.9368718970783476,7.578767005194072,3.410272694948898,6.775891741080641,3.6464494290661094,0.0034617397254759893,0.011250654107796966,0.020005635390250773,0.025157992190959225,0.03234311476069718,0.03793825222396651,0.043573642474741374,0.04868574648794429,0.055186571670088155,0.05572998430141287,0.28728482127189636,0.04034055024385452,0.040298741310834885,0.03956674411892891,0.039480239152908325,0.038925983011722565,0.038925983011722565,0.03872556611895561,0.03829973191022873,0.03826098144054413,0.03817756101489067,0.03796405717730522,0.03692728653550148,0.036341652274131775,0.03598221018910408,0.035748906433582306,0.03490401804447174,0.03482768312096596,0.03476627171039581,0.03425103425979614,0.013310185185150522,0.010995370370341737,0.012044270833301968,0.013671874999964397,0.011067708333304511,0.014648437499961853,0.012369791666634454,0.010742187499972026,0.013671874999964397,0.009440104166642083,0.00694444444442636,0.007812499999979655,0.006293402777761388,0.007812499999979655,0.00868055555553295,0.008246527777756302,0.010633680555527863,0.011935763888857805,0.0073390151514960405,0.008996212121188694,36.55282945,858.627541,131.19401,0.2417,0.2478
E1H3-3,0.9603141794129806,0.01322860686233981,0.01653575857792476,0.0047540305911533695,0.005167424555601488,0.49279213,0.49613118,0.28883862,0.28871405,-0.00025010560027412715,0.55421114,0.47649628,0.28293276,0.2823311,-0.022933493289962515,0.4754573,0.49650425,0.28601715,0.29372445,0.06755411579482587,0.58854717,0.47015473,0.26779136,0.27962604,-0.004582710893306429,0.51780486,0.49779662,0.26063585,0.2846237,-0.053971313579179614,4.82956699595721,2.4485904376928476,4.114309768802064,2.4233149044934104,8.678657503576556,4.497152676581472,7.7690325896007355,3.8732586567026046,4.061692591824867,2.1201039572424247,7.976131234617327,4.034819454221202,8.032814997302552,5.06879011393362,7.700724855218167,4.542035524324434,6.8911980957801235,4.048010474877305,7.285591266413428,4.369676526041562,0.003260231253670291,0.011886681651580503,0.019682886823400764,0.025535103173156753,0.03286556102302412,0.039183524694733005,0.04434724500334123,0.048012473928274915,0.05457343620274183,0.05398618957940991,0.2972438931465149,0.04449331760406494,0.04024626314640045,0.039618171751499176,0.03902915492653847,0.03887278214097023,0.03850211575627327,0.03844958543777466,0.03689127042889595,0.03679386153817177,0.03606095537543297,0.03579678386449814,0.035758230835199356,0.03526389226317406,0.035010240972042084,0.03476717695593834,0.03465653955936432,0.0342848114669323,0.034149620682001114,0.034111253917217255,0.011284722222192834,0.006655092592575261,0.013346354166631911,0.013997395833296882,0.01269531249996694,0.011393229166636997,0.014973958333294339,0.01269531249996694,0.011393229166636997,0.014322916666629368,0.00868055555553295,0.009114583333309598,0.008246527777756302,0.00802951388886798,0.009114583333309598,0.00802951388886798,0.008463541666644626,0.009548611111086245,0.008522727272705078,0.006865530303012424,37.32661875,861.81593,133.65125,0.2448,0.2499
E1H3-4,0.9606242248863167,0.014468788755684168,0.014985531211244315,0.004960727573377429,0.004960727573377429,0.49342686,0.4945633,0.2881129,0.2886488,0.0012743945932761395,0.52648085,0.56452787,0.2982625,0.28031802,-0.10894249984633726,0.50117743,0.512858,0.28835574,0.29341456,0.06706259541714255,0.5048272,0.50211865,0.34420845,0.29334104,-0.018717135929682206,0.45807928,0.4694562,0.2965311,0.268713,-0.21634995150871675,4.121286958031682,2.4114298267952896,4.395585885082084,2.480864122807348,8.19084638326269,3.525743731346029,7.758055107107602,3.430876606410524,4.6836504821280736,2.5069596591668613,7.6013673067306575,4.175344390879872,7.223766036326656,5.028070203040048,7.272533399815034,4.104654551001526,7.188401920732281,4.150111992482899,7.533306575372788,4.719123369311133,0.003576959148509237,0.013522650439486139,0.020436650744836308,0.02516957839865646,0.03496259460402626,0.037928853410107086,0.042443673798774235,0.0478527339745687,0.05402516957839865,0.05341446923597025,0.300119549036026,0.04266727343201637,0.042294278740882874,0.039554696530103683,0.0380609929561615,0.036941781640052795,0.036790914833545685,0.036734722554683685,0.036613620817661285,0.03603900223970413,0.036034632474184036,0.035900525748729706,0.03582896292209625,0.035714615136384964,0.03557740896940231,0.03530339524149895,0.03517550230026245,0.03507189825177193,0.0348321758210659,0.03474413603544235,0.014581510644464498,0.010790317876903729,0.009514435695513086,0.012795275590517598,0.010170603674513988,0.01082677165351489,0.012139107611516696,0.012795275590517598,0.015091863517020757,0.013123359580018049,0.009186351706012634,0.004593175853006317,0.00787401574801083,0.006999125109342959,0.009842519685013536,0.007655293088343861,0.010061242344680504,0.009405074365679602,0.011691720353106989,0.007635409210192319,37.27078429,860.142278,133.14975,0.2438,0.2492
E1H4-1,0.9507027697395618,0.019429516329061595,0.019946258784621744,0.004857379082265399,0.005064076064489459,0.49410063,0.4965195,0.28837335,0.28849766,0.0003111886751027477,0.4811884,0.48625135,0.29067957,0.28636295,0.000313836192624517,0.49797803,0.4782647,0.2879968,0.29179394,-0.053723670980012614,0.46004152,0.43382618,0.3146559,0.3163835,-0.06605442741953019,0.5219014,0.5185057,0.3050421,0.27823272,0.19169488759343767,3.7581346948098764,1.8127322151248324,3.485670096545036,1.9529041317995885,8.686908989493867,5.202838369761994,7.606258093359201,4.370814739917152,3.597187716940315,1.981732021664248,7.290656951959468,3.667067634859262,7.198125946973382,3.807993256131451,7.427509990521852,3.610286398550424,7.269809924723372,3.7117120933034236,7.060493534533145,3.2617162278382374,0.00408905043162199,0.01226715129486597,0.019481502898131706,0.02552558754285242,0.034226866575798875,0.03918329134140129,0.044828108435559594,0.04682444618837168,0.052675780981096744,0.05423154764363306,0.31697559356689453,0.041174937039613724,0.041157543659210205,0.040419772267341614,0.03762807697057724,0.03708413243293762,0.036852750927209854,0.03637762367725372,0.036283522844314575,0.035749901086091995,0.03447927534580231,0.03440970927476883,0.034260381013154984,0.03417307138442993,0.034029025584459305,0.034015506505966187,0.03381853178143501,0.03377256169915199,0.03367733955383301,0.03366074338555336,0.013277428371740159,0.011646866992754525,0.013888888888859773,0.010220125786142096,0.013102725366848842,0.011268343815490004,0.011792452830163957,0.012054507337500934,0.010482180293479073,0.014150943396196748,0.009084556254348529,0.010132774283696437,0.008735150244565894,0.008735150244565894,0.006638714185870079,0.008909853249457212,0.008909853249457212,0.006289308176087444,0.009338669716008628,0.00800457404229311,34.28442568,851.304049,131.75727,0.2435,0.2518
E1H4-2,0.9504960727573377,0.01767259198015709,0.021909880115750312,0.0046506821000413395,0.005270773046713518,0.49318308,0.4961603,0.28853858,0.28886217,-0.00027723581118436027,0.49030095,0.5072852,0.30023107,0.278247,-0.06653838317270726,0.49833182,0.48181164,0.28261194,0.28892487,0.021969099803227077,0.55420053,0.46101695,0.27775332,0.30396008,0.03732243472576949,0.5640842,0.47407776,0.2896266,0.2667066,0.2121206293389535,3.8505175349331737,2.2629368383197943,3.5707731743062414,1.8117940847622436,7.711592334710575,3.7025830768547103,7.640533676410449,3.2621853078534766,3.2390743323464863,1.6184895985594943,8.274377606691765,4.183250829508032,7.357758946072045,4.255466757781631,7.6355747415851125,4.2040948443163195,7.4508560221212825,4.671150842993229,6.890563045860412,3.845361826628227,0.0037974177559259702,0.012418222275519314,0.01957335678405351,0.025449361101117906,0.03509613462845265,0.039546441752941336,0.04386350614915191,0.04787411227032285,0.051791448481699115,0.05392333213414878,0.32306984066963196,0.04088471457362175,0.038111183792352676,0.03793492913246155,0.03786865994334221,0.03626953810453415,0.03619605302810669,0.03588462993502617,0.03574162721633911,0.03573153167963028,0.035087887197732925,0.03505873680114746,0.034920766949653625,0.034432124346494675,0.034326646476984024,0.03405752032995224,0.033970583230257034,0.033655546605587006,0.03349738568067551,0.033300187438726425,0.01322199025745326,0.010670378102506138,0.010177453027118628,0.011221294363233358,0.012787056367405455,0.011743215031290725,0.011743215031290725,0.016179540709778333,0.011482254697262042,0.012787056367405455,0.007654836464841361,0.009220598469013458,0.01026443980512819,0.007480862908822239,0.007828810020860482,0.010090466249109066,0.009046624912994334,0.007480862908822239,0.00664262668436647,0.008920098690434974,31.76837296,848.380894,130.67396,0.241,0.2516
E1H4-3,0.9502893757751136,0.019946258784621744,0.019842910293509715,0.005580818520049607,0.00434063662670525,0.49468562,0.49572352,0.28886193,0.28932318,-0.003212079552649402,0.48281312,0.5169492,0.27336666,0.27730057,0.06444484422424304,0.462843,0.48534605,0.28652126,0.26356757,0.12996387502710652,0.5063234,0.4613936,0.27764297,0.29905578,0.06139503590922033,0.49941927,0.49878934,0.32366017,0.28458002,-0.16241035668389445,3.7448328249104357,2.06552234407857,3.5540494569529293,1.9496215335801088,7.112950532100496,3.8608204734086344,7.982448256643052,3.933318703142741,3.7551790879063383,2.1016100334688237,7.344164235078745,3.6705010711155905,7.810581634682326,4.492364970188028,6.664121389046211,3.2340806697921862,8.349016162627153,4.35138531001227,8.50773069872325,4.550946159931427,0.003658030697288532,0.012268858970974595,0.019484355947756785,0.024386871315256877,0.033249110633430126,0.038692159746577665,0.04359467511407776,0.04778066900478938,0.05620293899511005,0.05401566290807155,0.31747326254844666,0.040052104741334915,0.03996213153004646,0.03838367760181427,0.03739804029464722,0.037254247814416885,0.03719235211610794,0.03708459064364433,0.036593396216630936,0.03621053695678711,0.03541506081819534,0.03471774980425835,0.03461191803216934,0.0344805009663105,0.03439440578222275,0.034339539706707,0.03395684063434601,0.033755186945199966,0.033419959247112274,0.03330456465482712,0.01178101178098729,0.013860013859985046,0.01299376299373598,0.01247401247398654,0.013773388773360139,0.010654885654863503,0.013773388773360139,0.010135135135114064,0.011434511434487662,0.010914760914738223,0.009182259182240093,0.006410256410243084,0.007276507276492148,0.009182259182240093,0.01022176022173897,0.00848925848924084,0.008835758835740466,0.011607761607737474,0.006615006614992862,0.006615006614992862,34.17701891,847.673824,130.09667,0.2443,0.2475
E1H4-4,0.9503927242662257,0.020566349731293922,0.019119470855725507,0.004960727573377429,0.004960727573377429,0.49366108,0.49628434,0.28865945,0.28869006,-0.0014050935673680124,0.5003677,0.49280298,0.29459155,0.2955842,0.05617703240525988,0.506526,0.47572148,0.28320462,0.291087,-0.03830368125246897,0.5050813,0.45515534,0.28034234,0.2516105,0.044163554062871806,0.4535061,0.5259534,0.2872404,0.27236682,0.17843026964492287,3.674549313753838,2.1349446944426664,4.170736460725113,2.2067673733411555,7.90257077308953,3.911441572657214,7.205192904315882,4.277093469276702,3.417100075260567,1.7769631200240448,7.580794416335412,3.9448329205464057,7.76633515847071,3.773834542083866,7.055735253298451,3.946994071128508,7.851722815656932,4.261602942192433,8.521586394950926,5.048438568513431,0.003682509404970063,0.012080750278175172,0.019710697822285805,0.025287447676575002,0.03501033222063265,0.03801727335346792,0.0439516769988873,0.04792560801144492,0.05354209717585969,0.05412494039103481,0.3166654407978058,0.043694693595170975,0.03938029333949089,0.03836945444345474,0.03820253908634186,0.03799382224678993,0.037905253469944,0.036864444613456726,0.03683137148618698,0.03614778816699982,0.03434724733233452,0.03433678299188614,0.03422731161117554,0.03382886201143265,0.03376651182770729,0.033606670796871185,0.03355548903346062,0.03348619118332863,0.0334177128970623,0.033372242003679276,0.01157407407404996,0.012731481481454957,0.012499999999973959,0.010937499999977214,0.010937499999977214,0.01380208333330458,0.011718749999975586,0.01328124999997233,0.01197916666664171,0.012499999999973959,0.007812499999983724,0.008680555555537471,0.009374999999980468,0.010590277777755714,0.007638888888872974,0.008159722222205222,0.008506944444426722,0.006597222222208478,0.009848484848464331,0.007575757575741793,33.43432866,849.9252,130.90025,0.2428,0.2523
E1H5-1,0.9408846630839189,0.025217031831335262,0.023976849937990905,0.005374121537825548,0.0045473336089293095,0.493226,0.49616113,0.28800336,0.28896108,-0.0006732694786514504,0.490004,0.519554,0.3008572,0.27729657,0.025321541462392766,0.51214254,0.46387345,0.29715946,0.2917512,-0.003495350688542286,0.5262664,0.42063233,0.30749705,0.24573478,-0.12359638851014114,0.5210643,0.53832823,0.2784968,0.29024926,0.22104930482240254,3.4329910972028927,1.8020430105221077,3.4819736918160795,1.7570048679649197,8.623606528407585,4.988327419406835,9.141850572848547,4.658250248369656,3.214541600482348,1.5239619429914963,7.076610760179021,3.43312310400882,7.565264894816201,3.9856767970167923,6.682357451619007,3.6954625848976135,7.8716314837964205,3.9192720810596855,8.011879162794038,4.067008914614761,0.0035765173900985936,0.012976829140010136,0.020617570837038947,0.025867592353520572,0.03342226812404969,0.038232397127310636,0.043750179304013544,0.04849336814221916,0.05231852043109467,0.054078090483977395,0.33923864364624023,0.042596325278282166,0.03909431770443916,0.038889508694410324,0.0370292104780674,0.03516089916229248,0.035093508660793304,0.035016413778066635,0.034366387873888016,0.034323085099458694,0.033465221524238586,0.03337526321411133,0.033341966569423676,0.03319985792040825,0.03309664875268936,0.032887764275074005,0.03283990919589996,0.03266126289963722,0.032290954142808914,0.032032907009124756,0.012237762237740844,0.012626262626240553,0.012674825174803016,0.01180069930067867,0.009178321678305632,0.012237762237740844,0.010708041958023239,0.01245629370627193,0.012893356643334103,0.015078671328644967,0.008449883449868677,0.008741258741243459,0.007575757575744331,0.009469696969680415,0.008304195804181286,0.009761072261055196,0.009324009323993023,0.006701631701619986,0.008423394787016425,0.007946598855675873,30.67120792,837.945473,129.53113,0.2445,0.2485
E1H5-2,0.940677966101695,0.024286895411326996,0.025113683340223233,0.0046506821000413395,0.005270773046713518,0.49339062,0.49645728,0.28884265,0.28908038,-0.00014892833589628027,0.51774776,0.46606562,0.29171726,0.2710585,0.08526965097184722,0.5120446,0.4890493,0.27767417,0.28354284,-0.026192976301478533,0.40975606,0.5013183,0.29915383,0.2820559,-0.014866663332116658,0.4631755,0.53572613,0.2615394,0.31174785,-0.15170243521590795,3.24144548137063,1.728192180452891,3.3440590663786103,1.7339461848897304,9.084249900266498,3.9255237972583314,7.710348774344887,4.082666878007785,3.189590685481983,1.503513821778191,7.416198324019012,3.7165532925365654,7.291439522562472,3.9584027387325618,7.321570465015269,4.161794306755442,7.254669533775201,3.687289981039406,7.652668259137598,4.375817595227096,0.003441238113542553,0.012492792619642513,0.01972305354969203,0.02569030687423922,0.03411035757758802,0.037643117981384366,0.04331749997711943,0.048580031666712424,0.05399815124973688,0.054336783723675904,0.3326706290245056,0.0465378575026989,0.040220439434051514,0.03996587172150612,0.036068640649318695,0.035370126366615295,0.035232800990343094,0.0351601280272007,0.03426150232553482,0.03394952043890953,0.03389010950922966,0.03378850594162941,0.033472150564193726,0.03322248533368111,0.03321574628353119,0.03286818042397499,0.03283241391181946,0.03266212344169617,0.032450031489133835,0.03216080367565155,0.010259388308150923,0.013162988772721939,0.012195121951198266,0.010235191637612832,0.01371951219509805,0.01371951219509805,0.011541811846669787,0.011324041811826962,0.015026132404155007,0.01088850174214131,0.00900116144017015,0.007549361207884641,0.0091463414633987,0.008275261324027396,0.009727061556312902,0.008130081300798845,0.010017421602770004,0.007549361207884641,0.00823566677223779,0.006968641114970438,30.68797253,838.103866,129.08738,0.2409,0.2481
E1H5-3,0.9405746176105829,0.023460107482430756,0.026043819760231502,0.003927242662257131,0.005994212484497726,0.49460927,0.49529293,0.28833735,0.2884012,0.004380983666723007,0.49172667,0.49776003,0.2862706,0.30047253,-0.07069091239356326,0.46626985,0.51129943,0.29737696,0.29170784,-0.0352811139060755,0.44351733,0.51516503,0.29204604,0.27405763,-0.2964800412125717,0.5445753,0.4814436,0.2935538,0.27591872,-0.015086911796576204,3.3892536444868164,1.7326126276446796,3.215200805629598,1.7502221088400285,8.825197528740368,4.615203040498944,7.7482892997219,3.605342658671404,2.9974100327831397,1.554481956357069,9.048199392868698,4.919407721300232,6.5971621635148106,3.034588756541521,8.769567495136833,4.783760914586138,6.295819718354739,3.081813542201456,6.358890681650766,3.8266769745088376,0.0036020824539186717,0.01263542985788659,0.01991463815018057,0.025880587214483372,0.03429482669668402,0.037756202804746494,0.04322498944702406,0.04715538670794053,0.05486609446086019,0.05400309553960884,0.34160497784614563,0.044185228645801544,0.037040840834379196,0.03687534108757973,0.03675462678074837,0.03634520620107651,0.03509989753365517,0.034538473933935165,0.034484319388866425,0.033363718539476395,0.03335418179631233,0.033350199460983276,0.03324643149971962,0.03318250551819801,0.03301262483000755,0.03292560204863548,0.03292464837431908,0.032671038061380386,0.032629646360874176,0.032410480082035065,0.012946859903359127,0.013526570048285655,0.012826086956499434,0.012173913043457088,0.011086956521719848,0.011304347826067297,0.013913043478236672,0.00999999999998261,0.0108695652173724,0.013043478260846881,0.009565217391287713,0.007391304347813233,0.0076811594202764975,0.0076811594202764975,0.007391304347813233,0.00869565217389792,0.009565217391287713,0.009420289855056082,0.008537549407099778,0.008853754940696065,31.86942705,837.248336,128.72086,0.2423,0.2566
E1H5-4,0.9407813145928069,0.023976849937990905,0.02532038032244729,0.0046506821000413395,0.005270773046713518,0.4933471,0.49718198,0.28853318,0.28881213,-0.005416994738189636,0.4874369,0.45419344,0.29630372,0.2861854,0.1096633295385821,0.52145344,0.49712902,0.28195536,0.28470236,0.017104848609346742,0.5135501,0.46271184,0.30287388,0.2638146,0.10183619588460763,0.47274032,0.45413756,0.2857213,0.2944883,0.2724362280525412,3.4954363853173787,1.8293659143575336,3.303027568539815,1.8250548506816369,8.918954289914275,3.6127903861724047,8.199718726386553,3.1216990509990574,3.073329594715828,1.6184252762045084,7.661820330387155,3.609607713527292,6.759448270383871,3.410738181402005,7.026210234646753,3.751968509693129,6.810102742239276,3.8404467516670504,7.856183496375354,3.5703007629534746,0.0037282480030571634,0.012107485389928138,0.020551967116852612,0.02544529262086514,0.03529718796894369,0.038596687451649285,0.04400264705608217,0.04747923831893298,0.054311252784535226,0.05181332662248693,0.3421327769756317,0.037381067872047424,0.037067461758852005,0.03670867159962654,0.03642895817756653,0.03604244813323021,0.035339660942554474,0.03491101413965225,0.03468703851103783,0.03464214876294136,0.03456145152449608,0.034343015402555466,0.03420039638876915,0.03338854759931564,0.03324541449546814,0.03317946195602417,0.03314515948295593,0.032976988703012466,0.03293929621577263,0.032679058611392975,0.012216404886540634,0.011634671320514892,0.013307155322838906,0.010034904013944093,0.011561954624761672,0.01090750436298271,0.013307155322838906,0.013743455497358214,0.013089005235579251,0.012216404886540634,0.008726003490386167,0.00974403723093122,0.008435136707373295,0.010180337405450528,0.007562536358334678,0.010325770796956965,0.00828970331586686,0.005817335660257446,0.00809138505472172,0.00745676661905727,30.60476367,837.832555,128.80118,0.2396,0.2537
E1H6-1,0.9310665564282762,0.02997106242248863,0.029040926002480365,0.004030591153369161,0.005890863993385696,0.4930341,0.49681297,0.28894567,0.289099,0.004157213649956724,0.5187132,0.4777031,0.27409258,0.28941748,-0.01795271710302345,0.48715392,0.47970322,0.28820774,0.27741945,-0.057904117488103084,0.6031895,0.48370275,0.26946762,0.25728568,0.008891104836871168,0.46341464,0.50906926,0.30720124,0.28492492,-0.25182700603947167,3.019942484305654,1.535987544322343,3.0823226183707835,1.599932966383419,8.07575708175463,4.895062281113199,7.788447901292185,3.647600796353558,2.934282684317886,1.362168260491901,8.506779659413702,5.451055876709841,6.72543257146079,3.1904390848785233,8.878545636747868,5.702334881934134,6.436982961317106,3.2129826443899403,5.527246365819908,2.8172197462587305,0.003510381554540559,0.012585515687017572,0.01997194354136333,0.026135056611551015,0.033927039910644836,0.03794935210855589,0.04419889502762431,0.0478023548809595,0.053898983452008165,0.053353810559068154,0.3621901571750641,0.037813372910022736,0.03690445423126221,0.036220893263816833,0.0359313078224659,0.0344419963657856,0.03444138914346695,0.03430509567260742,0.03363923355937004,0.033541999757289886,0.03327662870287895,0.03260713070631027,0.0325140617787838,0.032335065305233,0.032287340611219406,0.031953923404216766,0.03169911727309227,0.03158173710107803,0.03126842528581619,0.031046681106090546,0.011327669498567058,0.010994502748609204,0.010119940029969835,0.014617691154400873,0.01330584707644182,0.011619190404780181,0.011056971514226301,0.013118440779590528,0.01499250374810346,0.011056971514226301,0.008745627186393684,0.010119940029969835,0.007246376811583338,0.008495752123925294,0.007871064467754317,0.009870064967501443,0.008995502248862076,0.009495252373798857,0.007359956385432608,0.006269592476479628,29.10578929,823.822231,129.28641,0.2478,0.255
E1H6-2,0.93075651095494,0.028730880529144274,0.03059115336916081,0.005374121537825548,0.0045473336089293095,0.49391598,0.4958747,0.28852332,0.28913063,-0.0036163750526022934,0.49631515,0.47975856,0.28870103,0.286029,-0.006863826409649051,0.49699244,0.5050389,0.29038647,0.2763214,0.1258246741676285,0.4683396,0.5290091,0.28991675,0.30695927,0.07899433510276961,0.48531044,0.472265,0.29997814,0.26035503,-0.1286114858935286,3.188432247384759,1.6586639174007904,2.861870017454642,1.4573569200382441,6.487581473105761,2.8601603799517377,8.519947797207411,5.446144464927514,3.2988118659105816,1.801038465414631,7.425859019522442,4.02248167545502,7.417780155231344,4.359921062287194,8.094200003016693,4.285125982925468,7.961654934574088,4.6346838021611925,8.310458531653639,5.075746454521576,0.0033108786977659997,0.012272503523287412,0.019872015320400005,0.025455330110115373,0.0342618628581447,0.038570725358903296,0.043547158106258296,0.04726262483226455,0.054855393495573126,0.05392484103062057,0.3549811542034149,0.043275535106658936,0.041243892163038254,0.038445934653282166,0.03624504804611206,0.03479199483990669,0.03463622182607651,0.033887915313243866,0.032655268907547,0.032623838633298874,0.03249381482601166,0.03207709640264511,0.031974028795957565,0.03183729946613312,0.03179791197180748,0.031777214258909225,0.03145957365632057,0.03139014169573784,0.031206022948026657,0.031200043857097626,0.01359867330014554,0.012106135986714932,0.009514925373120127,0.011567164179087213,0.013059701492517822,0.012499999999981344,0.012873134328338996,0.012873134328338996,0.012873134328338996,0.01082089552237191,0.007711442786058143,0.008830845771131099,0.008582089552225997,0.008333333333320895,0.008333333333320895,0.008457711442773446,0.009950248756204054,0.009203980099488751,0.007462686567153041,0.007734056987776788,29.81534972,820.827415,127.83808,0.2501,0.2556
E1H6-3,0.93075651095494,0.03038445638693675,0.028937577511368336,0.004960727573377429,0.004960727573377429,0.49476093,0.49686742,0.28894967,0.28881103,0.0007744396323136487,0.47523642,0.4709155,0.2799541,0.28510153,0.007069290330964727,0.47844076,0.48810533,0.28977752,0.28525633,-0.021530416481658772,0.5017784,0.45444915,0.29604048,0.3082639,-0.1125253913679904,0.5294716,0.5266596,0.26160163,0.26963156,0.008305268233786052,2.943463779884788,1.563606252840313,3.268187406224747,1.6227251129133604,8.646095216296478,4.2050609401928005,7.294469982590681,4.0335932293366135,2.9922924497514374,1.488708810470142,6.8713956967219705,3.154994327456338,8.015798248739346,4.458658037653451,7.011246792426428,3.6208114502894597,7.915608710107283,4.48452850267794,7.6139397586079225,4.783522553407291,0.0035951084940340082,0.012181549606426678,0.01956062782870286,0.025408581045077133,0.03425807887654546,0.0382309098389958,0.043296437942221946,0.047822362519139065,0.05470230747957938,0.05427736970261101,0.366169810295105,0.039206355810165405,0.036264315247535706,0.03594432398676872,0.03426841273903847,0.034240368753671646,0.03418734297156334,0.03406115248799324,0.03333437070250511,0.03290776535868645,0.03268328681588173,0.03248755633831024,0.03243354335427284,0.03234688937664032,0.03182177618145943,0.03172251582145691,0.03171331807971001,0.03163760155439377,0.03129647672176361,0.03127288445830345,0.013432835820875474,0.01094527363182446,0.012686567164160169,0.013059701492517822,0.012499999999981344,0.014179104477590777,0.012126865671623691,0.011007462686550736,0.01082089552237191,0.011194029850729561,0.008830845771131099,0.008830845771131099,0.009452736318393851,0.007835820895510694,0.009452736318393851,0.008830845771131099,0.008208955223868344,0.007835820895510694,0.007327001356841167,0.008005427408400535,28.94720547,825.165612,127.55347,0.2411,0.2489
E1H6-4,0.9309632079371641,0.0298677139313766,0.029247622984704423,0.00423728813559322,0.005684167011161637,0.49401754,0.49637422,0.2886951,0.28867877,-0.0020380703282641558,0.4842181,0.49697965,0.28192344,0.29035318,0.04811953199590933,0.5149099,0.46478412,0.29422033,0.28603667,0.039283123543679715,0.4277216,0.5241835,0.2796964,0.27089277,0.024200958873663074,0.467184,0.5274268,0.28272867,0.29230183,-0.06787144381995848,3.0425751728504253,1.561485846127978,3.0223633896158275,1.5949184213595073,7.447720793827517,4.333054051845374,6.848608861362388,2.896112179280644,3.021339283121913,1.5583973696942321,7.984516428690321,4.461107109084995,7.166377946975355,3.9287930289540434,8.261849829290531,4.050014170766694,7.485490692583212,3.6074042588833586,6.5601856850814535,2.8649373843553323,0.003713066293989902,0.012242157688856005,0.01919559364531311,0.025484514047310766,0.0340067547663577,0.03870631837830802,0.043488090100088375,0.04771495708051599,0.05458618492714306,0.0541956964054504,0.35634690523147583,0.03665768727660179,0.036602336913347244,0.03588037192821503,0.03579098731279373,0.03505678102374077,0.035026997327804565,0.034259844571352005,0.03416333347558975,0.03416333347558975,0.034152451902627945,0.03386571258306503,0.033003758639097214,0.032478634268045425,0.03241771087050438,0.0323946438729763,0.032306160777807236,0.032237812876701355,0.03198741003870964,0.031207149848341942,0.012308715901511846,0.011976047904173689,0.011788922155670975,0.014221556886206256,0.011414670658665547,0.011414670658665547,0.012724550898184544,0.012724550898184544,0.010666167664654691,0.012724550898184544,0.008732534930126648,0.009106786427132075,0.008857285429128458,0.008982035928130266,0.007859281437113983,0.007235528942104936,0.009980039920144741,0.007360279441106747,0.008709853021217228,0.007893304300478113,29.95615558,827.276991,127.4286,0.2411,0.2551
E1H7-1,0.9210417527904092,0.034725093013642,0.03431169904919388,0.0044439851178172795,0.005477470028937578,0.49394897,0.49489832,0.28900182,0.28913286,-0.0006911352242858905,0.50036293,0.518866,0.28800407,0.28280178,0.013616900257578968,0.48640907,0.5026547,0.28600225,0.28530768,0.027070164260563277,0.51304597,0.5230588,0.24277098,0.27279118,0.0012280135043482069,0.47653013,0.42932522,0.28282255,0.26374885,-0.17986744106852343,2.7950916400411367,1.4078727147419994,2.8675556825280726,1.3010715038780039,9.074684392249013,3.833616413907257,8.104269239666019,3.528866044879189,2.7382725772140746,1.4074906605530482,7.849840375752224,4.247436916650377,6.657993564335034,3.6978504415064504,7.720423292952938,4.52142200515657,6.795272911725104,3.63660122433208,6.829966228769186,3.4239822337635246,0.003556097437069776,0.012238055322715843,0.019091163097868884,0.024694556630851683,0.034301099850135894,0.038776702481648,0.04332850720109731,0.04857629099037314,0.05377327338769083,0.05499758693388199,0.3726441264152527,0.0383741557598114,0.03540198132395744,0.03521258756518364,0.034602634608745575,0.03376629948616028,0.03358996659517288,0.03349965065717697,0.033256035298109055,0.0331713929772377,0.03308166563510895,0.03301502391695976,0.03196496516466141,0.03176330402493477,0.031272437423467636,0.03119538724422455,0.031182708218693733,0.031110497191548347,0.031084071844816208,0.030811138451099396,0.01061663757997447,0.012216404886545965,0.013907068062809022,0.013089005235584962,0.012270942408360902,0.012434554973805714,0.013089005235584962,0.00965314136124391,0.012598167539250527,0.012270942408360902,0.0071989528795717295,0.009380453752169223,0.007089877835941855,0.008289703315870476,0.008944153577649723,0.009271378708539347,0.00839877835950035,0.010034904013948472,0.007615421227976706,0.008448357924786657,27.10733668,817.48904,126.58737,0.2467,0.2494
E1H7-2,0.9214551467548574,0.033588259611409675,0.03503513848697809,0.004960727573377429,0.004960727573377429,0.4939558,0.49533212,0.28780562,0.28853577,0.0011865996403605903,0.49714825,0.50370276,0.2977072,0.28234774,-0.0914555222496951,0.48079,0.47957602,0.30087438,0.2958639,0.026945983395017355,0.5243902,0.59586865,0.29022723,0.266765,0.08835132714455148,0.5241362,0.5361935,0.28855157,0.30009425,0.046453841464622156,3.031678136857095,1.416280604762266,2.7664116286386062,1.4221402621126669,7.530435212097516,4.010512708254207,8.2193253362272,4.235881374313216,2.7624475455233046,1.3483746984659117,7.482962346117337,4.099423682249753,7.675261206612981,4.241323725999161,7.891735617750764,4.529240473192801,7.663260145365924,4.268301388937539,7.54215016662942,3.6815038861872473,0.003634074925430315,0.012434666009906139,0.020233697288126316,0.025526092548504502,0.03446350874312454,0.03877623621487015,0.04418356456776948,0.0470678378896095,0.05332348192540295,0.05369017322058944,0.371550589799881,0.03663458302617073,0.036550603806972504,0.035994913429021835,0.03591679781675339,0.03440583869814873,0.034294337034225464,0.03367209434509277,0.032305967062711716,0.032214511185884476,0.03217501938343048,0.03210904449224472,0.032027795910835266,0.03174460306763649,0.03174460306763649,0.03162052854895592,0.03156079724431038,0.031513527035713196,0.031147681176662445,0.03081609308719635,0.013304093567233955,0.013304093567233955,0.011842105263142314,0.011348684210511384,0.010690789473670144,0.010855263157880454,0.011348684210511384,0.012664473684193862,0.012664473684193862,0.013651315789455722,0.008333333333322368,0.008991228070163608,0.007894736842094876,0.007565789473674256,0.009210526315777354,0.008333333333322368,0.008442982456129242,0.008004385964901748,0.00909090909089713,0.008971291866016903,28.10187968,818.507486,126.70097,0.2468,0.2593
E1H7-3,0.9215584952459694,0.03617197188921042,0.03234807771806532,0.005374121537825548,0.0045473336089293095,0.49571112,0.4951692,0.28821114,0.28900295,-0.0018135842022187808,0.4712892,0.4840678,0.298825,0.2942985,0.009357276150363848,0.4699213,0.5245573,0.28004947,0.2712857,0.036807303099586824,0.4662289,0.5190678,0.30915034,0.2727246,-0.08528553117425326,0.51053214,0.4766949,0.3128081,0.29891863,0.17944509027312242,2.739478766831343,1.4135463306653113,2.897115361951467,1.6115638104053096,7.451089733242705,4.339056998164349,8.268076753775837,3.960348638582993,2.9791741601970925,1.4228567472567122,7.929019038941806,4.986762470505412,8.660354527356322,4.98895660754104,7.580301282782293,4.748202000611066,8.385684840107647,4.845184921026062,8.309665833669985,4.816581124899452,0.003523913415468857,0.012475402121834359,0.019726428815879535,0.025886593086926764,0.033731177275838464,0.039148057837097884,0.0437360968514716,0.048131630732375086,0.05372497433264887,0.05324905886379193,0.37492460012435913,0.03751147538423538,0.03717351332306862,0.03466108813881874,0.03465297445654869,0.034450482577085495,0.034342680126428604,0.034090254455804825,0.03307810053229332,0.03248373791575432,0.03209550678730011,0.03177530691027641,0.031689535826444626,0.031461458653211594,0.031405434012413025,0.031097445636987686,0.03100784309208393,0.03089117258787155,0.030714869499206543,0.030492518097162247,0.015371102327603815,0.012443273312822136,0.012516469038191678,0.011857707509865801,0.011363636363621392,0.013010540184436087,0.011034255599458453,0.010869565217376984,0.01218708827402874,0.010869565217376984,0.007905138339910533,0.007246376811584656,0.009112867808507976,0.009222661396562288,0.009003074220453662,0.008344312692127785,0.008014931927964847,0.009003074220453662,0.008264462809906467,0.0086237872799024,28.57441298,810.635888,125.88945,0.2435,0.2698
E1H7-4,0.9215584952459694,0.03234807771806532,0.03617197188921042,0.00423728813559322,0.005684167011161637,0.4952352,0.4952861,0.28903514,0.28842416,-0.001163797647565639,0.47272655,0.500704,0.2798667,0.29028714,0.045325150681154475,0.48010454,0.50803876,0.2849393,0.2973885,0.011884879753516915,0.48542535,0.46692848,0.2851527,0.2645014,-0.16620818557935585,0.49246117,0.48828968,0.29490554,0.27588615,-0.008683512954094893,2.82036335603846,1.325899922246486,2.759842367549562,1.4001474791682789,9.315642736231487,4.356018591773125,7.582171613296382,3.8543648208202956,2.5924275078710908,1.3273084537699817,7.709313650370011,3.8829969287709742,7.0970816079375965,3.569321903157089,7.931172102889108,4.099400017432428,6.697479423923817,3.400974347003258,6.956030367586572,3.848215622393441,0.003527757884406249,0.012556696108856529,0.02005251850083552,0.02566510172143975,0.034073366754197504,0.03899100819606907,0.042879499217527386,0.04790323864088486,0.053781066815203844,0.053903079493912626,0.3673185408115387,0.04306095466017723,0.038858186453580856,0.03568821772933006,0.03425934910774231,0.033593952655792236,0.03330127149820328,0.03323615342378616,0.03262816742062569,0.03231789916753769,0.03222759813070297,0.032031577080488205,0.03191210329532623,0.031771812587976456,0.0317559614777565,0.03140958026051521,0.0313323512673378,0.03131215646862984,0.031021054834127426,0.030963055789470673,0.012736056214300304,0.012004098960604883,0.013010540184436087,0.012681159420273147,0.013833992094843433,0.013833992094843433,0.010210803689051105,0.010540184453214045,0.01202239789194727,0.011034255599458453,0.0076855511638019075,0.009112867808507976,0.007795344751856221,0.009881422924888167,0.008014931927964847,0.008014931927964847,0.008563899868236411,0.0066974088713130904,0.009581985866558222,0.009581985866558222,28.03675271,817.903466,126.8485,0.2455,0.2644
E1H8-1,0.9119470855725507,0.03782554774700289,0.04030591153369161,0.0047540305911533695,0.005167424555601488,0.492935,0.49500015,0.28831232,0.28841364,0.0013285074113530942,0.51189524,0.4807354,0.29655355,0.28436074,-0.024552739749426036,0.50065666,0.5191221,0.2893783,0.29162017,-0.04426220164445432,0.50901383,0.56521744,0.27661622,0.32076538,0.028950730322453547,0.4663415,0.49423727,0.28873926,0.291764,0.2616514924404176,2.694220580510941,1.447883531359443,2.682714559222389,1.4007201550311825,8.357146157305609,4.917300807950115,7.799875114678408,3.990231596714718,2.604300746607203,1.2885032293482377,7.430569540428377,3.7273574663435785,7.3549608706127225,4.295144518959785,6.973110573735037,3.8452549117998704,7.755579889861036,4.560387529381348,7.085749283534322,4.284550674481186,0.00373638400109441,0.012692590502573573,0.020434685955642195,0.02588963559568392,0.03385403307170095,0.0388515535491373,0.04381059867644795,0.047666683766822274,0.053083158056738314,0.05331401015749243,0.39151713252067566,0.03566039353609085,0.034419070929288864,0.03400169685482979,0.03347319737076759,0.03331403434276581,0.03254898265004158,0.03248656541109085,0.032385241240262985,0.03213462233543396,0.031425841152668,0.03141340613365173,0.031063761562108994,0.03089737892150879,0.030782153829932213,0.03071148507297039,0.030600067228078842,0.030513571575284004,0.030472345650196075,0.030178925022482872,0.0122587376108359,0.011345852895135353,0.013204225352097178,0.01115023474177095,0.011296948356794253,0.010563380281677743,0.011296948356794253,0.015845070422516615,0.01261737089200397,0.012470657276980669,0.008215962441304911,0.008705007824715918,0.008020344287940509,0.008411580594669314,0.007726917057893904,0.008411580594669314,0.008607198748033716,0.00890062597808032,0.008856167306861139,0.008962868117787176,26.95784675,802.16994,124.12012,0.2479,0.2705
E1H8-2,0.9125671765192228,0.03844563869367507,0.03906572964034725,0.005477470028937578,0.0044439851178172795,0.4945405,0.4948836,0.28898248,0.2893003,0.004399648282680209,0.48295304,0.5030755,0.28330797,0.27971002,-0.03634625046176433,0.49293458,0.51058203,0.28691578,0.2772876,-0.04173577952640349,0.47284862,0.49648225,0.28539833,0.31658676,-0.03250151415698393,0.49205902,0.48186836,0.28316784,0.29147008,-0.20451006685296705,2.6950823962676136,1.3440324960530898,2.5852111885230906,1.2988662291034434,7.303373958939239,3.037559308348934,7.6548543210346285,3.7736473902662206,2.706011404693129,1.3370554705898188,6.993946999183881,3.803475489958402,8.126617806628778,4.74353178314136,6.9929089883002495,3.98060995670027,8.328839730850511,4.430026832031039,8.235698878125495,4.7902869323771045,0.003507155427167381,0.012293721154165422,0.019860045821296943,0.025546203141083107,0.03372264833814789,0.03815951123949928,0.043256300428329515,0.04809160939004549,0.054089052694491484,0.05480708569910682,0.396502286195755,0.037074580788612366,0.03508814796805382,0.03373638167977333,0.0336075983941555,0.033304329961538315,0.032870814204216,0.03205081820487976,0.03187890723347664,0.03136714547872543,0.03094480000436306,0.030844811350107193,0.03079976886510849,0.030580371618270874,0.03046204335987568,0.030284276232123375,0.030016867443919182,0.0298909954726696,0.029511861503124237,0.029183300212025642,0.011426319936944727,0.011951667980022647,0.01477541371156646,0.013002364066178485,0.011377068557906173,0.013888888888872472,0.010342789598096522,0.01152482269502184,0.013297872340409814,0.010490543735212186,0.0070921985815519005,0.007978723404245889,0.008865248226939876,0.009456264775402535,0.007683215130014559,0.009357762017325424,0.008766745468862766,0.008668242710785656,0.008274231678477217,0.008596604341275032,26.784252,807.448182,126.59239,0.2484,0.2613
E1H8-3,0.9112236461347665,0.04030591153369161,0.0385489871847871,0.005580818520049607,0.00434063662670525,0.49557257,0.49686468,0.28868145,0.28755006,-0.0008957024481793025,0.48617885,0.49891353,0.28032264,0.30034575,-0.010785288288818471,0.47322306,0.471759,0.29125497,0.30052522,0.03540516357897224,0.4166667,0.47190833,0.30626377,0.29332694,-0.039884789540639086,0.49796745,0.47901535,0.29065445,0.28679267,-0.06890848210533038,2.5581823963213886,1.2857444242878344,2.678999960112762,1.288184901216119,7.877387801735007,3.052397711872892,8.927585273248202,3.983672898257389,2.6235210032078915,1.3394254823058043,6.785360044795643,3.419014228291555,7.41681526113119,3.7201571648210554,6.472782062279242,3.251089095963522,7.623179911076663,3.8943482662304767,7.483031820572385,3.6823620582252268,0.0037126000842815005,0.012574799831436998,0.020391908975979773,0.025646860514117152,0.034087652760219134,0.03828908554572271,0.043341761483354405,0.047935103244837754,0.05363253265908133,0.05372102823430257,0.3889518976211548,0.03613046184182167,0.03509318456053734,0.03501176834106445,0.03417487442493439,0.03385525569319725,0.033542752265930176,0.032572343945503235,0.03196760639548302,0.03185214102268219,0.03174624592065811,0.031592272222042084,0.031143996864557266,0.031105807051062584,0.030374078080058098,0.030301865190267563,0.030249500647187233,0.03024454414844513,0.03008088655769825,0.030008485540747643,0.014357780364748517,0.011900142284296067,0.012077997671697233,0.01324214202559576,0.01105937136203602,0.013387660069833076,0.011786961583222599,0.012805587892883812,0.010768335273561387,0.01033178114084944,0.010283275126103667,0.007857974388815067,0.010283275126103667,0.008149010477289699,0.007857974388815067,0.007178890182374258,0.007372914241357346,0.007372914241357346,0.009630648745887826,0.008889829611588762,26.71478835,801.554781,124.36266,0.2436,0.2537
E1H8-4,0.9115336916081025,0.03937577511368334,0.039169078131459284,0.004960727573377429,0.004960727573377429,0.4937158,0.49588764,0.28879002,0.28901696,0.00035553121122762016,0.4897894,0.4699275,0.29548353,0.29214427,0.09274206300566114,0.50389344,0.52354544,0.28074747,0.27922782,-0.08012062549572255,0.48653454,0.47510594,0.2732841,0.25473353,-0.19375894928385526,0.48932928,0.4791667,0.28348333,0.28028074,-0.11549976601959969,2.6187606655109987,1.3202811994188193,2.6254519920255666,1.3281543291356253,7.904818998234442,4.134872421065148,9.467852268677532,3.814088805795914,2.6880390479577887,1.2528853368147328,7.744149549890616,4.8135101570884355,7.004234328937566,3.4861583283794455,7.332937699554181,4.487573390143504,7.017653613734541,3.440106386856255,6.064266880193265,3.2235591932610315,0.003480579109119858,0.012284880874505787,0.019246039092745502,0.02564355743161238,0.033917132595253086,0.039080403023084555,0.04368414773124663,0.04827554996029836,0.05382555140025425,0.05389549211521293,0.3797086477279663,0.04557301849126816,0.03536196053028107,0.03536196053028107,0.03379634767770767,0.033249013125896454,0.032798320055007935,0.031938109546899796,0.03188882768154144,0.031427137553691864,0.0313592329621315,0.03128856420516968,0.03122505359351635,0.03118530660867691,0.03118530660867691,0.03073941357433796,0.030702389776706696,0.030688876286149025,0.03046349249780178,0.030058901757001877,0.011552440290744552,0.011422637590848547,0.014602803738300698,0.012850467289704614,0.010952102803725524,0.012412383177555593,0.011828271028023566,0.01109813084110853,0.012412383177555593,0.012996495327087621,0.00798286604360438,0.008566978193136409,0.009345794392512447,0.00798286604360438,0.008372274143292401,0.008372274143292401,0.009053738317746432,0.009345794392512447,0.007858963466430922,0.007752761257425098,26.69236281,804.005096,124.85935,0.2464,0.2613
E1H9-1,0.9024390243902439,0.04330301777594047,0.04433650268706077,0.0044439851178172795,0.005477470028937578,0.49405885,0.49570933,0.288544,0.28932315,0.000632339155286803,0.47872403,0.50477326,0.2879636,0.27971682,-0.08081235829450698,0.5004264,0.4946861,0.293237,0.28224862,0.0395429298457121,0.5331821,0.43456838,0.26931334,0.27824095,-0.12745195200377635,0.50345147,0.49168533,0.2838182,0.30261633,0.3160965089734787,2.523130986913478,1.3384049920103984,2.5098345615956448,1.2540037261566925,8.778000095889059,4.7193533150126115,7.3101270539627565,4.020673580362805,2.478006218060422,1.1877701092461301,7.817625017430456,3.804815965112229,7.158540261504406,3.5630935229514678,7.400683856923554,3.9046376869292394,6.8339230738592365,3.3973888010249227,7.717168596105932,3.531085480872687,0.003483493261967512,0.012248192959069803,0.01990712945909185,0.025161200601046742,0.033671506924587626,0.03814543838762088,0.04335880658980595,0.048310997595134644,0.05426719444811902,0.05477937310688931,0.40749794244766235,0.035689253360033035,0.03377098590135574,0.03322436287999153,0.0329199954867363,0.03241347894072533,0.03217148035764694,0.03183711692690849,0.030992940068244934,0.030980583280324936,0.03072930872440338,0.030189955607056618,0.030183589085936546,0.030100781470537186,0.030074164271354675,0.030060937628149986,0.029640568420290947,0.029482193291187286,0.029041733592748642,0.02899855747818947,0.01306497175139859,0.0123587570621338,0.011255296610157568,0.012049788135580455,0.013109110169477639,0.011387711864394717,0.012844279661003342,0.011652542372869012,0.011652542372869012,0.012447033898291899,0.007680084745754576,0.007680084745754576,0.00935734463275845,0.009092514124284154,0.008474576271177463,0.008209745762703167,0.009710451977390844,0.00865112994349366,0.007800462249606528,0.007993066255769654,24.76965961,790.383724,124.54371,0.2552,0.2671
E1H9-2,0.9020256304257958,0.045783381562629184,0.04226953286482017,0.0045473336089293095,0.005374121537825548,0.492923,0.4938936,0.28854772,0.2881866,-0.0007204683414518636,0.5071574,0.5239698,0.2909004,0.29955953,0.10764451421653194,0.49886695,0.5044134,0.2896209,0.28537944,-0.08499777699365788,0.5149667,0.50693375,0.28424487,0.27661693,-0.07579345664180111,0.48850846,0.4916884,0.27923504,0.29588982,-0.16472830573991734,2.442651281164818,1.187615210379229,2.497015861282141,1.3422319490800858,9.509217419963043,4.533437634637111,8.00712271758427,3.7903502498206016,2.619921651404388,1.267988105706661,7.29641780079753,3.6138975737416974,6.948579966620586,3.4870724642211877,7.244630928022963,3.5772190750449115,6.643700972289012,3.2515732858646795,6.739664525356647,3.1744168103210963,0.0037223673841814938,0.012407891280604981,0.02006000027649897,0.026080765349149077,0.034500158986907774,0.03836077585610993,0.043818174277300816,0.04704629975253342,0.05356476297125793,0.053772137198788934,0.3990316390991211,0.03636772185564041,0.03401204198598862,0.03306344524025917,0.03295385465025902,0.03227047249674797,0.03216870501637459,0.03183761611580849,0.03157045319676399,0.03145953640341759,0.0312868133187294,0.030994625762104988,0.03057403489947319,0.030569054186344147,0.03045586496591568,0.030373424291610718,0.030306199565529823,0.030245903879404068,0.030229313299059868,0.030229240655899048,0.012892639474904355,0.010314111579923485,0.012394514767919414,0.011075949367076924,0.01173523206749817,0.012130801687750917,0.012658227848087913,0.013449367088593407,0.013581223628677657,0.011867088607582418,0.007735583684942614,0.007559774964830282,0.009317862165953603,0.007999296765111111,0.008087201125167278,0.00826300984527961,0.008175105485223443,0.007735583684942614,0.009877253548129204,0.010260836210192475,24.35287834,792.833693,123.28148,0.2433,0.2609
E1H9-3,0.9015088879702357,0.04371641174038859,0.044853245142620915,0.0033071517155849523,0.006614303431169905,0.49122867,0.4968542,0.2887087,0.2886888,0.003065060227101364,0.5271291,0.48992267,0.2853078,0.28598115,-0.05573523530497194,0.5121951,0.4816254,0.28537363,0.28372872,-0.00302042280385202,0.47903964,0.4332627,0.29319432,0.29433715,0.11945363587171634,0.52210367,0.5127119,0.30279684,0.32426676,-0.05873003616583809,2.603283847499201,1.3789126901242486,2.529711381425943,1.1695475333114218,10.423142405711255,5.941010216306969,7.0396501803050135,3.052593215436931,2.431282035063723,1.1419271822743622,8.253249285380065,4.255959428163908,6.70830324585031,3.9429850264346933,8.83636724344509,4.252318004220366,7.020904807919137,3.855331076028065,5.821264367591029,4.166879067433445,0.003711700185251822,0.01218797062625778,0.020264416989857797,0.026091852918049392,0.03384177628510122,0.03880625857955833,0.043704103527781105,0.047429131182279795,0.053556435168525846,0.05373968787067024,0.4089711904525757,0.035167135298252106,0.03480466455221176,0.03437694534659386,0.03177390992641449,0.031563177704811096,0.031443022191524506,0.031243285164237022,0.031126590445637703,0.03103627823293209,0.030430922284722328,0.030326489359140396,0.0302432868629694,0.0301810372620821,0.029944976791739464,0.029575368389487267,0.02952415496110916,0.02950642630457878,0.029416119679808617,0.029344938695430756,0.010026815902985865,0.012125451789657325,0.012067156348360895,0.010362014690440334,0.009706190975855502,0.013378803777530557,0.01573976915003595,0.012854144805862692,0.013116474291696625,0.012854144805862692,0.008656873032519772,0.008656873032519772,0.008744316194464417,0.008744316194464417,0.009968520461689435,0.007869884575017975,0.00734522560335011,0.008307100384741197,0.008203758466079344,0.008203758466079344,25.52554656,786.109214,124.04984,0.2479,0.2608
E1H9-4,0.90274906986358,0.04588673005374121,0.04144274493592393,0.0044439851178172795,0.005477470028937578,0.4933028,0.49488613,0.28853866,0.2882796,0.0022663645448010358,0.49986267,0.5097916,0.29086387,0.29387972,0.009609172667682553,0.49285322,0.4953506,0.2845822,0.29466018,-0.031001985246754387,0.4807147,0.5610958,0.297921,0.28372282,-0.20363878689071258,0.5614358,0.4728174,0.30284145,0.25411126,-0.03713642131209132,2.4313653702843103,1.2139182720914028,2.657473210542385,1.4089775304752776,7.461258771800305,3.8342809708586603,6.967554848628641,3.1263291810576614,2.5953413729155046,1.2558925993476213,7.976579392544755,4.485496259047135,7.673609884482233,4.2633932672916055,8.443880784893917,4.7179954198548275,7.403503597656865,4.1183979665827195,7.34132258565079,4.197214624056094,0.003752371533878304,0.012239043601154468,0.01980340378673905,0.026203476730036153,0.03449376299740841,0.038302244759830684,0.043341644660936415,0.04775681826949041,0.0539745329700196,0.053466034023839835,0.39198803901672363,0.035134222358465195,0.03507930412888527,0.03455823287367821,0.03433571383357048,0.03389856591820717,0.033680979162454605,0.03295661509037018,0.03273806348443031,0.03221003711223602,0.03170974925160408,0.03170974925160408,0.03166405111551285,0.030518578365445137,0.03032408282160759,0.029616855084896088,0.02959347888827324,0.02950143814086914,0.02939406968653202,0.029388196766376495,0.011807769512326571,0.01322470185380576,0.01115834218914861,0.010626992561093914,0.012088204038244328,0.011689691817203305,0.014346439957476784,0.012619553666299023,0.01182252922421698,0.012486716259285349,0.008058802692162885,0.008147360963505334,0.009032943676929826,0.007793127878135537,0.00867871059156003,0.008058802692162885,0.008590152320217582,0.008147360963505334,0.008791421118723148,0.009564293304984523,24.80138731,790.085045,124.30344,0.2456,0.2565
E1H10-1,0.8931376601901613,0.04712691194708557,0.04981397271599835,0.004857379082265399,0.005064076064489459,0.49266484,0.49369162,0.2885287,0.28854647,-0.0032505490906927065,0.4928862,0.507694,0.29230538,0.28971535,0.015836864902080566,0.5213035,0.51478654,0.28687197,0.29188964,0.03993812955029546,0.55241305,0.52019477,0.25642374,0.27410948,0.12359226360050178,0.39596814,0.5394327,0.28756836,0.26652288,-0.11145245602684355,2.2893904474739233,1.1725695924722719,2.315253050566679,1.242645414909009,7.78721465738293,3.88911883678668,6.806152713144342,3.7637854832236752,2.4092703958707036,1.158596557971077,7.586975464948049,4.176647248888128,7.765877635896546,4.184652910681885,7.070758304734044,4.19051233067568,7.896370367360933,4.176851710102495,8.417384665526612,4.0840605145093605,0.0038149532388350184,0.012561501409437202,0.019958893807087947,0.026251126688597626,0.03408771234850703,0.03844519844072039,0.04275101473737391,0.04773140892050315,0.053690658675071626,0.054040865067199434,0.4125552475452423,0.03596797585487366,0.03511108458042145,0.03351512551307678,0.03298032283782959,0.032293133437633514,0.032250307500362396,0.032211482524871826,0.030793869867920876,0.0307772234082222,0.030442973598837852,0.03001299500465393,0.02978053130209446,0.02965814247727394,0.028976527974009514,0.02880966290831566,0.02876633033156395,0.028632448986172676,0.02824518270790577,0.02821946330368519,0.011820330969255707,0.01203524607778763,0.01148452611217458,0.012330754352019023,0.010759187620879343,0.012935203094765053,0.011363636363625374,0.013056092843314259,0.014627659574453939,0.011605415860723787,0.008462282398444427,0.007172791747252895,0.008542875564143898,0.007898130238548132,0.006689232753056071,0.009187620889739664,0.010154738878133313,0.008462282398444427,0.009319500615429707,0.008967821346922927,24.76871789,781.427786,123.47563,0.2575,0.2591
E1H10-2,0.892414220752377,0.04774700289375775,0.04991732120711038,0.004857379082265399,0.005064076064489459,0.49207,0.4966357,0.2890736,0.28828326,0.004840544949095728,0.5137261,0.48541713,0.27797502,0.29494596,-0.00395949339911468,0.50318134,0.48013827,0.29123762,0.28940305,-0.06843418299314666,0.53217435,0.5342589,0.27284697,0.2846996,-0.04147820239826092,0.5017421,0.55655485,0.29112324,0.2772391,-0.0783631204022396,2.4810884563007702,1.1806708354976039,2.325471904804373,1.1421014582236086,7.921727046202276,4.454434339657327,7.575600807131809,4.098041712863795,2.303579591546077,1.1091968275328532,7.545604602062334,4.077840881431102,7.212924919595823,3.931462588777562,7.386799050108083,3.974088303894687,7.280159230954854,3.506472276310028,7.130940868163123,3.7757205025642953,0.00366463792759955,0.012492318570959568,0.01974302638483188,0.02559915146515367,0.03369446572328897,0.038405742201420394,0.04367260697179127,0.04882442568164791,0.05365916622472143,0.05357779218191869,0.4055117070674896,0.037200719118118286,0.03467940539121628,0.033225081861019135,0.032752301543951035,0.03211681544780731,0.03186578303575516,0.0318441167473793,0.03136499598622322,0.03125787153840065,0.031126338988542557,0.03096642531454563,0.029728515073657036,0.029716216027736664,0.02968178689479828,0.029666718095541,0.029393363744020462,0.029362794011831284,0.02932099997997284,0.029218023642897606,0.01195431742981027,0.008538798164150192,0.013808837656086639,0.011767531219969483,0.012487992315069656,0.012848222862619742,0.012247838616702932,0.013928914505270002,0.011887608069152846,0.012968299711803105,0.009285943003513333,0.009365994236302242,0.00784502081331299,0.008405379442835346,0.008325328210046437,0.007204610951001725,0.00856548190841316,0.009606147934668966,0.00803423281808677,0.00803423281808677,23.26367729,784.457237,122.8959,0.2494,0.2892
E1H10-3,0.892207523770153,0.05064076064489458,0.0472302604381976,0.005270773046713518,0.0046506821000413395,0.49476907,0.49465296,0.2880421,0.28795588,-0.0005505389799191019,0.47906917,0.5125216,0.2936238,0.29662704,-0.029324319025320206,0.49476972,0.4959018,0.2927129,0.2931185,0.02812657028607344,0.41104734,0.4916916,0.25792196,0.29028523,-0.11721395407591709,0.57425475,0.52937853,0.3126629,0.28139108,0.24796414600181513,2.327642443005621,1.1554833975478056,2.398112729594622,1.169280659960636,6.897903184928423,3.1228616659544253,8.275064882992902,4.503205162749442,2.4157642627156077,1.2133615670080529,7.870342047776509,4.32653909502699,8.303340731117274,4.926753500014754,7.503839715841558,4.288660436236426,8.158528135093896,4.745228475632037,7.755174113495378,4.382946000790083,0.0037860339989331847,0.012566965838725387,0.020110044296018,0.02622973631113894,0.0337177346413414,0.03859957327396275,0.043206011271133375,0.047771863911500734,0.053187110090679286,0.05415825969990027,0.41214442253112793,0.03720392659306526,0.034423843026161194,0.034168727695941925,0.03397473320364952,0.03175296261906624,0.031247928738594055,0.031187843531370163,0.03117837756872177,0.03111613169312477,0.03104018047451973,0.029508285224437714,0.02927171252667904,0.029049333184957504,0.02902650460600853,0.028983455151319504,0.028823433443903923,0.028781253844499588,0.028695181012153625,0.028421737253665924,0.012464046021081051,0.013742409715550902,0.012583892617437599,0.011505273250228662,0.011505273250228662,0.011984659635654857,0.011864813039298308,0.010786193672089371,0.012104506232011406,0.013183125599220342,0.008788750399480228,0.008229466283149668,0.0077500798977234745,0.008069670821340936,0.008628954937671497,0.007909875359532205,0.007989773090436572,0.009188239054002057,0.008803277259644658,0.009500566547537304,23.9589865,782.868757,123.27464,0.2492,0.2671
E1H10-4,0.8918974782968169,0.048470442331541956,0.04971062422488632,0.005064076064489459,0.004857379082265399,0.49280307,0.49479055,0.28932548,0.2891125,0.004046335437031066,0.50624055,0.50701094,0.28142583,0.2849911,-0.05502274009213116,0.50839204,0.4997005,0.2856771,0.28576767,-0.05366274553396356,0.47063214,0.51279837,0.2921839,0.26062608,0.22615228101312834,0.44862482,0.5039668,0.24898615,0.296612,0.10003234077568182,2.443496622290451,1.2249651458990678,2.4067477008997145,1.118581489151766,8.00237730378997,3.793485062097724,8.193281540043342,4.373266142658272,2.29158177054634,1.06716675667596,7.593931500477721,3.9823180207107742,7.112411450345704,3.5841929610285845,7.314532346483188,3.9617069237585385,6.788283025278066,3.468342641508877,7.110234788088768,3.222318539259638,0.003528505475917277,0.01230667291562293,0.01956031050848188,0.025558769817541252,0.033671638896520514,0.03795971578023068,0.04336560165058638,0.04791225603482177,0.05476186628311004,0.05470799597050061,0.4105374813079834,0.036304835230112076,0.03580665960907936,0.03549323230981827,0.0319947749376297,0.03175734728574753,0.031715378165245056,0.03156520053744316,0.03135852515697479,0.031073197722434998,0.030477702617645264,0.030008919537067413,0.029733706265687943,0.029645660892128944,0.02909212000668049,0.028927631676197052,0.028817303478717804,0.028716839849948883,0.028602220118045807,0.028371144086122513,0.011472275334597062,0.011684724877830342,0.010516252390047307,0.012667304015284257,0.01206978967494066,0.013742829827902732,0.014459847036315048,0.011233269598459624,0.01218929254300938,0.01206978967494066,0.007568514977685563,0.00812619502867292,0.007648183556398042,0.010755258126184747,0.007170172084123164,0.008922880815797717,0.008843212237085236,0.009161886551935155,0.008256561793838796,0.008256561793838796,22.57831006,782.380483,122.69879,0.2597,0.2617
E2H1-1,0.9702356345597354,0.0047540305911533695,0.005064076064489459,0.010231500620090947,0.009714758164530797,0.4946338,0.49581957,0.2888149,0.28862426,0.002609314603113414,0.45466596,0.49299926,0.25461197,0.30844533,-0.15563563252367146,0.49477354,0.49654096,0.28487384,0.32236105,-0.04234214858595212,0.47191423,0.49820238,0.27522707,0.28214735,-0.17144567696425814,0.46276596,0.48846015,0.29981458,0.27019247,0.0009662252348764219,7.900451322850627,4.390731268158055,7.284068477793213,3.362988752522787,5.066407824593143,1.895821198723034,5.6196316167041385,2.5650175361241376,6.847937650794327,3.8585435887761674,4.978810066939666,2.6363954089102135,4.792151472390999,2.7450472246686006,5.604497179165271,3.6974645396257344,5.239700746563152,2.831064082914336,5.512762357850752,3.268051140446077,0.0037962553442429606,0.012678755712811442,0.020234409553295002,0.024325519681556832,0.033908300162170134,0.039952823234556976,0.043085655314757484,0.04728733598702639,0.052779006339377856,0.055285272003538256,0.26272672414779663,0.04416029155254364,0.04280426353216171,0.041180163621902466,0.04053301364183426,0.039754718542099,0.039200931787490845,0.03918427601456642,0.038604628294706345,0.03858395293354988,0.038441821932792664,0.0383557565510273,0.03818736970424652,0.03737629950046539,0.03706678748130798,0.03702076897025108,0.036909669637680054,0.03689659386873245,0.036624759435653687,0.03638714179396629,0.013503086419706201,0.010030864197496036,0.014756944444393206,0.01649305555549829,0.01215277777773558,0.013020833333288122,0.009982638888854227,0.01171874999995931,0.008246527777749145,0.01215277777773558,0.009837962962928805,0.008391203703674568,0.007812499999972873,0.006655092592569485,0.009259259259227109,0.009548611111077956,0.008101851851823721,0.008969907407376262,0.007575757575731271,0.008522727272697681,36.57932387,873.501208,139.91537,0.2769,0.2803
E2H1-2,0.9701322860686235,0.005890863993385696,0.004030591153369161,0.009198015708970648,0.010748243075651096,0.49326,0.4954129,0.28820604,0.28888848,2.4045055015717623e-05,0.47860503,0.523937,0.29025954,0.2678021,0.18948274141480295,0.51907444,0.4915254,0.30294943,0.26670846,-0.16755928225051217,0.5320636,0.5508475,0.30333334,0.29303697,-0.13659574976277822,0.5181754,0.46634614,0.3054029,0.27660328,0.07558736457170866,7.260573814587983,3.9318578915584603,9.428912040134632,4.824427936957022,5.843334414285638,2.2811745942752117,5.169421328164197,2.2097177110867214,8.009295672323853,3.592187970059717,5.615140674302712,3.0716620075283436,5.393825369844157,2.839813834825734,5.206887184063964,2.938012184457409,5.26468830897715,2.5168112882378315,4.99249614732738,2.390696897794348,0.003078424747531629,0.01171303074670571,0.021023388519728195,0.026804820362653452,0.0319855839621579,0.04009460524833878,0.04512520178698803,0.04688966475203664,0.052107970116754894,0.05451064309043811,0.2609730064868927,0.04516514763236046,0.04335559904575348,0.04139099270105362,0.041186392307281494,0.04019622132182121,0.04006365314126015,0.039902955293655396,0.03982916474342346,0.0386071614921093,0.03776300325989723,0.037547919899225235,0.03742511570453644,0.037415336817502975,0.037386853247880936,0.03650960326194763,0.03645159304141998,0.036395613104104996,0.03634265065193176,0.03609210252761841,0.013456362937285233,0.00999615532484046,0.012543252595112308,0.01211072664355671,0.008650519031111937,0.01081314878888992,0.010380622837334324,0.013408304498223502,0.015570934256001485,0.015138408304445888,0.007497116493630344,0.006920415224889549,0.010092272202963925,0.007497116493630344,0.00951557093422313,0.00922722029985273,0.008362168396741539,0.007497116493630344,0.009751494180526184,0.008493236866909901,35.65388473,870.955628,135.15209,0.2396,0.2461
E2H1-3,0.9702356345597354,0.0047540305911533695,0.005064076064489459,0.009404712691194708,0.010541546093427036,0.49366212,0.49525177,0.28905535,0.2885234,0.0017153662920215474,0.46208906,0.54697865,0.23240711,0.32357532,0.09087414513586654,0.57192636,0.5577655,0.25745386,0.28011748,-0.2454896176379479,0.4662289,0.5097784,0.29852712,0.2658576,-0.05372182813600743,0.5175753,0.4774011,0.27122527,0.30207738,-0.058098994364804465,7.869947629771008,5.088222799876537,8.285875556649989,3.843544937721123,5.673977774676974,2.6815278475315365,5.660556157350234,2.628513721029665,8.154359610987141,4.69573184877195,6.063842041865403,2.68478687438516,4.727657677942624,2.6079545228461387,4.888933146750105,2.044496353547577,5.256815927282243,2.586970606504185,5.332066184747983,2.4105660005951552,0.0023681377825618944,0.011840688912809472,0.019268030139935416,0.02554718335127377,0.03537854323645497,0.036311445999282384,0.045604592752063154,0.047793326157158235,0.055041263006817366,0.054180121994976675,0.2597246766090393,0.045474741607904434,0.04455021396279335,0.04287654533982277,0.041251152753829956,0.04038982838392258,0.04010825604200363,0.04003392159938812,0.03893132507801056,0.038850799202919006,0.038318078964948654,0.038056328892707825,0.03748606890439987,0.03748606890439987,0.03680985048413277,0.03668295964598656,0.03642256557941437,0.03580106049776077,0.03549891337752342,0.03524665907025337,0.01080246913576496,0.010416666666630499,0.01128472222218304,0.01215277777773558,0.01736111111105083,0.01215277777773558,0.01171874999995931,0.013454861111064394,0.012586805555511851,0.010416666666630499,0.006655092592569485,0.01012731481477965,0.008101851851823721,0.007812499999972873,0.007523148148122026,0.008680555555525415,0.009548611111077956,0.006944444444420332,0.01010101010097503,0.009469696969664088,35.71133503,872.151558,136.39151,0.2429,0.2479
E2H1-4,0.9701322860686235,0.005890863993385696,0.004030591153369161,0.010851591566763125,0.009094667217858619,0.49397585,0.49573606,0.28880215,0.28862387,0.004508883945755794,0.5156183,0.46788582,0.27369165,0.26625732,-0.15260374170709934,0.5056285,0.5136897,0.32428944,0.27471235,-0.025286386227777385,0.5097561,0.49733657,0.29342434,0.28626204,-0.14188904595014973,0.44789356,0.5068374,0.25268105,0.31346262,-0.21324130805653854,6.816346648919133,3.3940940620613014,9.100355810828841,5.059029603251024,5.612292893803922,2.521767501436416,5.456937049759511,2.519293161774145,8.10291271550352,3.520715425006509,5.302402518616262,2.233783939522052,5.1838424300065284,3.0443601196404146,4.120764923399459,2.182403764125787,6.350919047835526,3.619630462317573,5.991825934029708,3.5244618738324505,0.003234834441900193,0.011957983498709702,0.02079017191872933,0.025442518082361067,0.03503798204485152,0.038636281030785445,0.04376113110166103,0.04815905208446916,0.051321193617562606,0.054992185512303275,0.2673659324645996,0.04493536427617073,0.04030267149209976,0.04020516574382782,0.04009931534528732,0.03996400535106659,0.03960217162966728,0.03960217162966728,0.03889074549078941,0.03866526111960411,0.03815184533596039,0.037795957177877426,0.03767157718539238,0.03728476166725159,0.036963701248168945,0.03691969811916351,0.03677885979413986,0.036627914756536484,0.0360923707485199,0.03608047589659691,0.00922722029985273,0.014609765474766827,0.013408304498223502,0.013840830449779098,0.012975778546667904,0.01211072664355671,0.009948096885778726,0.011245674740445516,0.012975778546667904,0.011678200692001114,0.010380622837334324,0.006920415224889549,0.008362168396741539,0.006920415224889549,0.008938869665482334,0.007208765859259948,0.011534025374815916,0.00922722029985273,0.006920415224889549,0.008178672538505832,35.56144528,873.650777,136.33845,0.2415,0.2634
E2H2-1,0.9602108309218685,0.009301364200082679,0.010541546093427036,0.010851591566763125,0.009094667217858619,0.49371934,0.49558896,0.28841192,0.28844878,0.0024804830228747628,0.5170732,0.5320151,0.31068084,0.3102533,-0.11665468633477798,0.5087279,0.5116317,0.2909661,0.29131174,-0.12127298222351836,0.45900118,0.48119453,0.2784485,0.26931605,-0.11470585205298249,0.51399666,0.4760208,0.2953588,0.30345455,0.11766404399297346,4.938213070628499,2.7794177052370097,4.996747973668815,2.673977701189768,5.368460185034063,2.6238134740232466,5.983561268348354,2.0541961495068324,5.070354524114263,3.0736070918953815,5.427180365333551,2.7368152525485576,5.258916140541381,2.8731362894691324,5.319250867909387,2.7970014771302463,4.839720307232685,2.7968205854103765,5.945460856758393,3.269493911731446,0.0037510985359998287,0.012089254710308018,0.0205774548260562,0.02638629884466165,0.03395280046299273,0.03817546567208968,0.044734529397895094,0.047113797612157844,0.05390864467451183,0.052643988596660446,0.29010218381881714,0.04317542165517807,0.04253419116139412,0.04106396064162254,0.04062716290354729,0.04019469395279884,0.03768192231655121,0.03718845173716545,0.03709489852190018,0.03700808435678482,0.03698401898145676,0.035979341715574265,0.035903312265872955,0.035490136593580246,0.035410087555646896,0.03522716090083122,0.03510022908449173,0.03463205695152283,0.03447349742054939,0.03412927687168121,0.012987012986979254,0.011544011543981561,0.012337662337630293,0.010714285714257886,0.012012987012955811,0.011363636363606848,0.011363636363606848,0.012662337662304773,0.0139610389610027,0.012987012986979254,0.00822510822508686,0.00974025974023444,0.008008658008637207,0.007359307359288245,0.008008658008637207,0.008441558441536516,0.007792207792187553,0.008441558441536516,0.010389610389583404,0.008500590318750058,32.41163561,857.249927,133.20347,0.2409,0.2471
E2H2-2,0.9602108309218685,0.010438197602315007,0.009404712691194708,0.010024803637866887,0.009921455146754857,0.49325207,0.49653393,0.2881072,0.28830063,0.0006187511951152927,0.49987927,0.45276055,0.30321687,0.29606748,-0.004896399794741007,0.46247655,0.48165393,0.29594377,0.2968941,-0.06341516566841816,0.5315564,0.46933427,0.31369817,0.30092698,0.07657052353302625,0.54230183,0.5064442,0.28404945,0.29020974,-0.07455960696940259,5.6597015090935034,2.898865707879748,5.515591727382259,3.060956825576144,5.8632909870181615,2.814389431780286,5.7046530878376345,2.850192943309487,5.127850011527437,3.2092387984097823,5.191781441191493,2.272491440707247,4.698489669170127,2.458252775832811,4.708463164758698,2.154892442628476,5.804672083244749,3.073863879363596,5.651536030538276,2.6648410100660285,0.003535989745629738,0.012928462507458728,0.021414837896970098,0.02744812040045084,0.035757696302680726,0.03924948617649009,0.043558973678976334,0.04696236380914496,0.05036575393931357,0.05211164887621826,0.29939427971839905,0.04157133027911186,0.04097798466682434,0.03946561738848686,0.03783866763114929,0.037334173917770386,0.03728663921356201,0.03727595508098602,0.03716396912932396,0.03690755367279053,0.03675685077905655,0.036074839532375336,0.03604922443628311,0.03571419417858124,0.03530992195010185,0.03515666350722313,0.03513780236244202,0.03513780236244202,0.03479195758700371,0.03465469181537628,0.010101010100983864,0.012698412698379716,0.015909090909049586,0.010714285714257886,0.00974025974023444,0.008766233766210997,0.012662337662304773,0.011363636363606848,0.0139610389610027,0.016233766233724068,0.010606060606033058,0.010822510822482713,0.005844155844140665,0.00909090909088548,0.008008658008637207,0.00822510822508686,0.008008658008637207,0.006709956709939282,0.008500590318750058,0.008972845336458394,33.38837849,860.871607,132.34734,0.2439,0.2454
E2H2-3,0.9601074824307565,0.010128152128978917,0.009818106655642828,0.010334849111202976,0.009611409673418768,0.49388537,0.4953349,0.28854698,0.28879127,0.0011997617488233299,0.5032354,0.51885164,0.2855419,0.28451532,-0.04784523721546355,0.47727856,0.48251563,0.27257988,0.2896894,0.002656492523432354,0.50463414,0.5194915,0.31239885,0.29411912,-0.11761256138528839,0.49121428,0.502187,0.29106316,0.2703848,0.06106136666371848,5.251849857140124,2.6048838778019974,5.15233812278186,2.7029693759782174,5.49707676493628,2.630997347090582,5.963306165020167,3.015774122961982,5.436761413392684,2.8108377767693677,5.121921977880138,2.492969082107748,5.129380468256726,2.6851190243882503,5.275516510535826,2.523673026971582,5.1206721730582165,2.2383689247833254,5.228203893199339,2.577961219866439,0.003299513321785037,0.011919491874948444,0.020230141054194507,0.02458137424729852,0.033283840633506555,0.03874865957271303,0.04512084467541038,0.049307102202425145,0.05221479831724821,0.054627567433803516,0.28737297654151917,0.047151632606983185,0.04528876766562462,0.03976389020681381,0.03927626460790634,0.03782230243086815,0.03781350702047348,0.0373028926551342,0.0369843989610672,0.036763258278369904,0.036554720252752304,0.03638911247253418,0.03637176752090454,0.03625403717160225,0.03545772284269333,0.03527093306183815,0.03500429168343544,0.03467229753732681,0.03433435410261154,0.03415095806121826,0.012953367875614111,0.012089810017239837,0.011981865284943053,0.013277202072504464,0.011010362694271995,0.010686528497381642,0.010686528497381642,0.014896373056956227,0.0116580310880527,0.012629533678723758,0.00734024179618133,0.007556131260774898,0.008635578583742741,0.009067357512929877,0.009499136442117015,0.008635578583742741,0.007987910189962035,0.009067357512929877,0.0070654733866986055,0.009891662741378048,32.99478951,859.803173,132.39668,0.2415,0.251
E2H2-4,0.9602108309218685,0.009301364200082679,0.010541546093427036,0.011058288548987185,0.008887970235634559,0.49396086,0.4960012,0.28832138,0.28849852,0.0018148180641670557,0.5445799,0.47146896,0.3003906,0.2832657,0.022113781858190615,0.4739359,0.49717516,0.2813133,0.29434478,-0.14267354359621895,0.46535218,0.46808174,0.30258378,0.3086578,-0.06690102081053001,0.49376065,0.52818286,0.29553312,0.2747914,0.047402082397014975,5.941490843468192,2.531757821770232,5.357815719709462,2.684320290039273,5.247760083836006,2.340877120073279,6.540880690519599,2.958337964688631,4.896340708108663,2.543676888789611,4.940782587073284,2.0789422215652746,4.89493974296741,2.5788904637128853,5.13277743457891,2.2854372137641294,5.22285272872086,2.257068539876648,5.1483404825612995,2.2957114823513693,0.003103263777421081,0.012734082397003747,0.02005350454788657,0.025896201177100054,0.03357945425361156,0.0380952380952381,0.04374531835205993,0.04723381487426431,0.055152487961476725,0.05373996789727127,0.2895422577857971,0.04981028288602829,0.04603560268878937,0.04140106216073036,0.03777381032705307,0.037723783403635025,0.03726164624094963,0.03694794699549675,0.03673078492283821,0.036646436899900436,0.036619868129491806,0.03555384650826454,0.03548140078783035,0.03529945760965347,0.03523998335003853,0.03478756919503212,0.03469688072800636,0.0344572439789772,0.03404715657234192,0.03394298627972603,0.016161616161574185,0.009523809523784786,0.00974025974023444,0.012987012986979254,0.012012987012955811,0.013636363636328218,0.010389610389583404,0.012662337662304773,0.012662337662304773,0.012012987012955811,0.009307359307335132,0.00909090909088548,0.008441558441536516,0.007575757575737898,0.007575757575737898,0.008874458874435824,0.007575757575737898,0.00865800865798617,0.010389610389583404,0.007319952774479217,32.21035321,860.706333,132.84652,0.2401,0.2562
E2H3-1,0.9501860272840017,0.015295576684580404,0.014572137246796197,0.009921455146754857,0.010024803637866887,0.4944595,0.4960623,0.28902313,0.28886008,0.0003799794000597038,0.50156564,0.5025767,0.27609804,0.2851453,0.056804051440820416,0.45191142,0.4998798,0.26753196,0.28260782,-0.08313888409726101,0.5074949,0.45171255,0.28759104,0.28787094,-0.010712567380309478,0.47699273,0.49458325,0.29739046,0.2813758,0.010912271014317168,4.09090725068846,2.371199269224897,4.48077460131035,2.5475546821956336,5.72786146688264,2.3125425436521274,5.542485356768288,2.398975380059749,4.332782231064053,2.3860457569778126,5.00527774128988,2.4607524947983266,5.327150438559995,2.4700603099276313,4.933011833012186,2.460785479749823,4.969903302178257,2.4958243490241947,5.038373360481536,2.295875406112012,0.0031474078304460943,0.012107367218732153,0.01956976965543499,0.025750364870867442,0.03429151595913446,0.03959642109270893,0.04271844660194175,0.048873659496160925,0.05285868392664509,0.054419696681261495,0.32170984148979187,0.04004306346178055,0.039116937667131424,0.03838134929537773,0.03698793053627014,0.036485638469457626,0.03621162101626396,0.03617436811327934,0.03568986430764198,0.03540761023759842,0.03538989648222923,0.03479953855276108,0.03453805670142174,0.034382086247205734,0.03438093140721321,0.03418820723891258,0.03412257507443428,0.034103862941265106,0.03409646824002266,0.03379009664058685,0.011295527893014832,0.01313969571228256,0.013744813277979783,0.012707468879641685,0.014522821576733356,0.01167012448130359,0.012188796680472638,0.00933609958504287,0.012188796680472638,0.01115145228213454,0.006915629322253979,0.009681881051155571,0.010719225449493667,0.007261410788366678,0.008644536652817475,0.008471645919761123,0.008298755186704775,0.007780082987535726,0.009807619766105643,0.007167106752154123,29.8891088,850.89553,131.6087,0.2428,0.2505
E2H3-2,0.9501860272840017,0.016122364613476645,0.013745349317899959,0.008887970235634559,0.011058288548987185,0.4935881,0.4960973,0.28869885,0.28828365,-0.0015493205192783012,0.5132896,0.48408303,0.2775713,0.2862317,0.029378950850881224,0.5143957,0.47132662,0.28685528,0.2953938,0.017178021515648706,0.47178105,0.49320063,0.28379917,0.31115267,-0.05116464323229751,0.48495552,0.51647395,0.30364043,0.29520914,0.1182550226698127,3.7677075456491287,1.9635839431357818,4.433138275557477,2.3718095451593664,5.791313631094597,2.2865100670591922,5.610178747038486,2.240808231215117,4.307429513921621,2.308823589452501,5.3006170329394,2.7268132228233,5.041162712904816,2.53756627589946,5.410304362017269,2.595404690473027,4.4432517717441105,2.043234427562226,4.961247821815285,2.556791513055136,0.0037044493658143747,0.0125494933225958,0.020414737265955305,0.025407690759009463,0.03499094020535534,0.03825246627743104,0.04405073485001006,0.04713777598818872,0.05323132675659352,0.05359371854237971,0.3188985288143158,0.043141644448041916,0.03918370231986046,0.03741597756743431,0.037024568766355515,0.03686630353331566,0.036804765462875366,0.03673214837908745,0.03541811928153038,0.03540319204330444,0.03490157052874565,0.03484273701906204,0.03484273701906204,0.034823741763830185,0.03455943241715431,0.03419516235589981,0.034156713634729385,0.03374246880412102,0.03356879949569702,0.03347773849964142,0.011526048870423298,0.012678653757465626,0.01167012448130359,0.010373443983380968,0.013226141078810734,0.011410788381719064,0.013226141078810734,0.012188796680472638,0.014522821576733356,0.01115145228213454,0.009681881051155571,0.007607192254479376,0.01020055325032462,0.007261410788366678,0.008298755186704775,0.008817427385873823,0.0070885200553103276,0.007434301521423027,0.009619011693680535,0.0088645794039801,30.32794025,848.647793,131.28407,0.2452,0.2485
E2H3-3,0.9502893757751136,0.014262091773460108,0.015502273666804465,0.009404712691194708,0.010541546093427036,0.49408746,0.49614936,0.28923354,0.28860894,0.0026081482815570774,0.45378223,0.45480227,0.27566454,0.2849323,-0.03884713759529977,0.49715447,0.5164972,0.26678222,0.29590195,-0.2142505433541344,0.52465826,0.53147703,0.26859087,0.2759159,0.019118781758456122,0.49928266,0.45397142,0.29631114,0.2890152,0.05868850484271529,4.4981748400027595,2.2063255390192227,4.237954740411345,2.3323249383876625,5.744117642487429,2.259206411146569,5.909466789280762,2.6916294197111132,4.402178087246379,2.490087997058608,5.2401620124170005,2.8330565349104186,4.779482949439874,2.4355502570988152,5.216552167526937,2.7702436986909067,4.781884316647147,2.1894251259643567,4.669637655635739,2.2475824839617373,0.00335079888737952,0.011954201436056666,0.020337667378226277,0.02679345365159454,0.033262177372404424,0.03949802703926515,0.04308169998059383,0.04724755805679539,0.054932401837117534,0.05287534769389999,0.31207558512687683,0.043337251991033554,0.040808435529470444,0.03932642191648483,0.03774302825331688,0.03737274929881096,0.03685755655169487,0.036329809576272964,0.036037199199199677,0.03586571663618088,0.03534865379333496,0.03534428030252457,0.034948933869600296,0.03458316624164581,0.03417326509952545,0.03411585092544556,0.03410331904888153,0.03410331904888153,0.033937565982341766,0.033587802201509476,0.010164010163989034,0.013398013397985544,0.01299376299373598,0.01247401247398654,0.01299376299373598,0.013773388773360139,0.011694386694362381,0.01247401247398654,0.0132536382536107,0.008835758835740466,0.00848925848924084,0.00848925848924084,0.00848925848924084,0.01022176022173897,0.008835758835740466,0.009702009701989532,0.005544005543994018,0.00848925848924084,0.006615006614992862,0.009828009827989396,30.84678679,852.387638,131.04483,0.2414,0.2468
E2H3-4,0.9504960727573377,0.016432410086812732,0.01312525837122778,0.009714758164530797,0.010231500620090947,0.4943261,0.49509788,0.2887153,0.28913006,0.003958476920881977,0.47484276,0.5220659,0.28779957,0.278133,-0.11391735909587422,0.53197616,0.48798877,0.28924558,0.28144273,0.08567882808314062,0.5127141,0.49846736,0.27934557,0.27838767,-0.11457734823440631,0.4184528,0.5226845,0.27730525,0.27711597,-0.17366622837990153,3.904264923243471,1.9447037414051158,4.543394364479157,2.674479994198912,5.169426480408661,2.4968934042446365,5.6542258204930045,2.8354596419224922,4.884829548436033,2.4430777642088066,5.058929797554719,2.5212922952335695,4.841883157351454,2.6007142596539974,5.218185068947283,3.2613933093846716,5.424871122015472,2.6701738571922315,5.382963077015963,2.8062024768840317,0.00326427633204583,0.012640942608559948,0.020196896986721807,0.024969763177402363,0.0342683989439871,0.03892421936977358,0.04354102454059537,0.04810580937146424,0.05395809761616792,0.05346390438661516,0.3234219253063202,0.0396261103451252,0.0385710746049881,0.03783651813864708,0.036962732672691345,0.036908622831106186,0.0366349034011364,0.03640151023864746,0.03579607978463173,0.03577495366334915,0.03500059247016907,0.03495289757847786,0.034874822944402695,0.034812234342098236,0.03455044701695442,0.0343223437666893,0.033559489995241165,0.03351011499762535,0.033271800726652145,0.03321085870265961,0.01345395499881209,0.012062166550659115,0.014091858037548869,0.009394572025032579,0.012004175365319407,0.013048016701434137,0.012004175365319407,0.013830897703520187,0.010960334029204676,0.010960334029204676,0.006958942240764874,0.007828810020860482,0.009394572025032579,0.007132915796783995,0.008350730688917849,0.009568545581051701,0.009220598469013458,0.009742519137070823,0.008730309356595932,0.007781362687400722,28.73508871,846.959083,130.82409,0.2415,0.2476
E2H4-1,0.940988011575031,0.020463001240181893,0.018602728400165358,0.010541546093427036,0.009404712691194708,0.49314234,0.49605358,0.28817013,0.2890204,-0.002554691811490465,0.48731214,0.49738914,0.2998873,0.27546373,-0.05054490819263222,0.49485096,0.4846516,0.30632436,0.27888066,0.07400694895833686,0.51099956,0.5126288,0.27155268,0.28132468,0.09029326653389012,0.5632538,0.46619484,0.28546855,0.30528516,0.1368948664188191,3.7012681483872587,1.8402371259140873,3.901892531169771,2.083722952282339,5.266342978686672,2.031840724288402,5.947878789115156,2.864464259230969,3.8402309022866676,2.0151197049315304,5.311113623539208,2.8522809155639934,5.514837696703807,2.9866199142756673,5.517982613632856,3.2611656212125837,5.4674167216164555,2.905286169299351,5.237627501294701,2.896685617985861,0.003244535519125683,0.012816863995142683,0.020102838494231938,0.026335761991499698,0.034418639951426834,0.03827034001214329,0.04215050091074681,0.04854470248937462,0.05397123557984213,0.05347791438979964,0.3295280635356903,0.04053938761353493,0.039313022047281265,0.03788535296916962,0.03651212155818939,0.03649848327040672,0.0360988974571228,0.03559406101703644,0.035489946603775024,0.0351698063313961,0.03504842892289162,0.03455469757318497,0.034246716648340225,0.03367478772997856,0.03351043909788132,0.03344618156552315,0.03343477100133896,0.03330028057098389,0.03308296203613281,0.03307152912020683,0.012842965557478967,0.01089706168513367,0.012259194395775379,0.01050788091066461,0.010726795096303456,0.0137915936952473,0.011164623467581148,0.011821366024497687,0.015542907180358069,0.012478108581414224,0.007443082311720766,0.008610624635127944,0.008464681844702046,0.010070052539386918,0.008756567425553842,0.008464681844702046,0.009778166958535122,0.007297139521294869,0.006846043623614822,0.008915777742382093,28.43665618,836.544629,129.17944,0.2431,0.2479
E2H4-2,0.9404712691194709,0.019842910293509715,0.019739561802397686,0.009921455146754857,0.010024803637866887,0.49435806,0.49422145,0.28871003,0.28780884,-0.0028451679112589134,0.494093,0.5312059,0.28303066,0.30996808,0.07065346320650161,0.4701826,0.50896263,0.28092358,0.298898,-0.001495696777040901,0.492251,0.50052965,0.3034985,0.30158958,0.08326869549271289,0.4991199,0.5394898,0.2923068,0.28283948,0.037045346192657515,3.790575384545251,1.8905677949793167,3.75788815983844,1.9839022660359849,5.561677960764111,2.461162650879475,5.506336254715823,2.156231252660661,3.563361000228985,1.8555547370118421,5.502428284386482,2.87940815247109,5.154124717199124,2.608599253665407,5.138442909725435,2.7217499495912048,5.385778328490946,3.0959675116199934,5.666162976514786,2.9823811164190768,0.0036891926673720938,0.012516563235812815,0.019961678153687764,0.026053135813767267,0.034642186442455265,0.038140723158025185,0.043536286594026745,0.04835988217462179,0.053002354601004754,0.05343133049255965,0.3321889638900757,0.0444527305662632,0.040753383189439774,0.039525099098682404,0.037402939051389694,0.036978330463171005,0.036863889545202255,0.03628738224506378,0.034557946026325226,0.03409833088517189,0.034087423235177994,0.03374380245804787,0.033388860523700714,0.03337693586945534,0.032684821635484695,0.032581791281700134,0.0323566235601902,0.031680479645729065,0.03157082572579384,0.03141947090625763,0.012345679012324246,0.012924382716026946,0.012369791666645192,0.011501736111091143,0.012803819444422215,0.013454861111087752,0.010633680555537095,0.012586805555533704,0.011935763888868167,0.01128472222220263,0.00911458333331751,0.007378472222209413,0.006510416666655364,0.008535879629614811,0.007812499999986437,0.007812499999986437,0.008391203703689135,0.008101851851837786,0.010416666666648582,0.011047979797960617,28.53395168,837.12908,128.61746,0.241,0.258
E2H4-3,0.9404712691194709,0.019842910293509715,0.019739561802397686,0.0086812732534105,0.011264985531211245,0.49344411,0.4957953,0.28904533,0.28856817,0.00285292759829126,0.509845,0.4912606,0.26108772,0.29229215,0.05361894701141722,0.4794407,0.50244033,0.2973403,0.29619798,-0.12031514304559676,0.5120499,0.49061742,0.28418443,0.274265,-0.12287483712523768,0.5154397,0.4932359,0.28745064,0.28750098,-0.008499771087445753,3.6276661083510597,1.8544532724375693,3.4900157562632925,1.8737367737955477,5.683932965132966,3.1701812101231095,4.92971742229282,2.3541288906069546,3.617872395675075,1.7031097034382794,5.714689188006496,3.416966610579476,4.752259866308447,2.42585575891767,5.584142402878205,2.9799632295564518,5.084037432023601,2.5118979781452295,5.0994913315111186,2.5462292508606135,0.0037202584985512013,0.012842661401632526,0.01917715560186836,0.02552079048637581,0.03383881317355417,0.037961261780056856,0.044039816820687194,0.04736702589555854,0.054185976362190476,0.0546795733128582,0.33546775579452515,0.0435405895113945,0.03745707497000694,0.036807771772146225,0.03659098222851753,0.03651369363069534,0.036192793399095535,0.03617499768733978,0.034952759742736816,0.03454502671957016,0.03441958874464035,0.0341779887676239,0.03398561477661133,0.03357034921646118,0.03300611302256584,0.03284183517098427,0.03256463259458542,0.03246239572763443,0.032398324459791183,0.03232969716191292,0.01157407407405398,0.010802469135783714,0.012369791666645192,0.011501736111091143,0.013454861111087752,0.013454861111087752,0.013454861111087752,0.01215277777775668,0.010850694444425607,0.012586805555533704,0.00940393518516886,0.006510416666655364,0.009259259259243183,0.008535879629614811,0.00940393518516886,0.008246527777763461,0.007378472222209413,0.00911458333331751,0.00804924242422845,0.008838383838368494,28.47993962,835.818057,129.47847,0.2432,0.2466
E2H4-4,0.9404712691194709,0.020152955766845806,0.019429516329061595,0.009301364200082679,0.010644894584539065,0.4940954,0.4951825,0.28894085,0.28857055,-0.001184549868946264,0.48311442,0.51877445,0.26711342,0.27995977,0.02272992222338158,0.5070706,0.48318607,0.29251775,0.29731572,0.015702664486561085,0.5,0.4997175,0.287505,0.29789993,-0.14510870115031616,0.46791378,0.5229554,0.29421315,0.28538218,0.18273250553563705,3.4300732141472956,1.742009685848285,3.7605489744867535,1.8869019768024768,6.138257377219563,2.9173078788325557,5.441034980251638,2.4979588743317622,3.7569855221268367,1.779637903782851,5.358436043814584,2.822071267929247,4.834445685173261,2.671296918128336,5.212492066640633,2.7982005745136393,5.47318763366301,2.5172942454563505,4.963007701774637,2.597370272006558,0.00352183908045977,0.012285057471264368,0.020091954022988506,0.025186206896551724,0.033370114942528735,0.03812413793103448,0.04332873563218391,0.04819310344827586,0.05501609195402299,0.05421609195402299,0.3377855718135834,0.03839913755655289,0.0381263867020607,0.0365387424826622,0.03652994707226753,0.03576130419969559,0.0355018675327301,0.03542881831526756,0.034884318709373474,0.03482021018862724,0.03461463004350662,0.03449361398816109,0.03430003672838211,0.034172963351011276,0.03391304239630699,0.033211518079042435,0.03320697695016861,0.03310767561197281,0.03286387026309967,0.032339394092559814,0.011959876543189113,0.011766975308621547,0.011501736111091143,0.011935763888868167,0.015842013888861386,0.012803819444422215,0.010633680555537095,0.013020833333310729,0.010416666666648582,0.01215277777775668,0.008246527777763461,0.007378472222209413,0.008391203703689135,0.009259259259243183,0.008246527777763461,0.008680555555540485,0.007957175925912111,0.008246527777763461,0.008364898989884469,0.010101010100992566,29.56723353,835.881766,128.55051,0.2431,0.2512
E2H5-1,0.930549813972716,0.024803637866887142,0.024700289375775113,0.008887970235634559,0.011058288548987185,0.49437514,0.49580884,0.288353,0.2884204,-0.004361454599718484,0.4796748,0.5098164,0.28495398,0.29393876,-0.028747668386020005,0.50112253,0.49510676,0.29617643,0.29279834,0.019046565338088173,0.4893647,0.47901064,0.29853758,0.27151182,0.2435469349643012,0.47355825,0.47528908,0.2952432,0.2992766,0.18501612635500697,2.9370626997556597,1.6666821425726812,3.5517062516910567,1.7798341158493791,5.370854085457439,3.0216999485011167,5.398295154313809,2.5538129980053763,3.3053004260472667,1.6595649310100586,6.009608526902694,3.4395404760973176,4.9217498942570606,2.2632302825196433,5.82103791786153,3.106619128952693,4.712334274316468,2.2655722943648273,5.010571817571662,2.315013248347919,0.0035550971291043497,0.012721334020973009,0.01979714629534124,0.025621454357916452,0.03349492865738353,0.038583462265772736,0.042723053120165035,0.04878115867285542,0.05396596183599794,0.05408973697782362,0.3532656133174896,0.042153213173151016,0.038312237709760666,0.036461398005485535,0.03610735759139061,0.03561102971434593,0.03503914922475815,0.034894514828920364,0.03481270372867584,0.034417953342199326,0.03348906710743904,0.0327688604593277,0.03213312476873398,0.03203140199184418,0.0319589339196682,0.031642064452171326,0.031540192663669586,0.031422875821590424,0.03109406866133213,0.030844351276755333,0.013227513227493545,0.01372354497352455,0.01171874999998256,0.010602678571412795,0.011904761904744189,0.012276785714267446,0.012648809523790702,0.011904761904744189,0.009858630952366281,0.013764880952360468,0.009424603174589149,0.006324404761895351,0.010292658730143414,0.00818452380951163,0.009920634920620158,0.006696428571418607,0.007316468253957367,0.009672619047604653,0.007575757575746302,0.009334415584401694,27.28030162,818.935462,128.35617,0.2517,0.258
E2H5-2,0.9311699049193882,0.026043819760231502,0.022840016535758578,0.009818106655642828,0.010128152128978917,0.4949189,0.49626875,0.2883295,0.28856954,-0.00018016202585474148,0.47439992,0.4749462,0.2928447,0.2872592,0.04074247928961317,0.47676858,0.47327247,0.30001867,0.2881563,-0.05023967769658643,0.5033376,0.5685103,0.27565715,0.28683305,-0.03424838453233669,0.4800896,0.48296437,0.29027435,0.2908153,0.02585173614153495,3.309940806639471,1.7172809209051245,3.6389896608357666,1.799275481236868,5.9978447603396665,3.0838399370236145,5.964232964881638,2.595004352520201,3.4366428248489824,1.7028809572989734,5.582306371033563,2.756766283496454,4.557655329306749,2.167948366881463,5.335196823917121,2.7285851851294827,5.051158890659899,2.2894213176924723,4.667989486107411,2.0645836714790797,0.0034873706354921143,0.012594067234246826,0.02005591088144352,0.02544933429341918,0.034217177065243486,0.0382551851694975,0.04309091165798354,0.04803958942211304,0.0545272283168848,0.05361655865700933,0.35429278016090393,0.03967738151550293,0.03695663809776306,0.036547109484672546,0.0351802222430706,0.0347287580370903,0.03453985974192619,0.03453985974192619,0.034103874117136,0.033701807260513306,0.033464327454566956,0.033382926136255264,0.03306388109922409,0.0326712392270565,0.032546814531087875,0.03229217603802681,0.03214038535952568,0.032140184193849564,0.032036080956459045,0.03199378028512001,0.014180847514159555,0.011845178511827394,0.012012012011993976,0.012575075075056194,0.012387387387368788,0.012012012011993976,0.012012012011993976,0.011448948948931758,0.010510510510494729,0.0127627627627436,0.009384384384370293,0.008383383383370795,0.008383383383370795,0.007007007006996487,0.009634634634620168,0.008883883883870545,0.008258258258245858,0.007882882882871046,0.008872508872495551,0.00805350805349596,27.62299835,827.560659,127.45112,0.2433,0.2578
E2H5-3,0.930549813972716,0.02666391070690368,0.022840016535758578,0.009611409673418768,0.010334849111202976,0.49286902,0.4952535,0.28873438,0.28843424,-0.00016605591012361045,0.5051522,0.48466036,0.29879057,0.29627103,0.017613046713627865,0.5115881,0.5,0.27997565,0.29194173,-0.008072767646892617,0.522161,0.526335,0.27390212,0.28084302,0.08215466312058582,0.49256098,0.53245765,0.2837713,0.28490224,-0.09699091422423915,3.027366746584506,1.5816817784690476,3.433333745370381,1.8346840454822575,5.636584624155247,3.0625890042813873,5.9942308707129,2.911905951192873,3.5197539673184544,1.5548419726562555,5.615508047605762,2.7578260008557187,4.885530622826864,2.4738558216768034,5.211678834981707,2.8126147818442853,5.147048362496255,2.525207206283794,4.675145236425832,2.2843567662537207,0.003391433034613171,0.012257118583682754,0.01991010989613308,0.025631012085834088,0.03416783140124421,0.03864863383485434,0.043102030748992846,0.04821316013045027,0.05409849543698101,0.05391350818054756,0.3627592623233795,0.03930940479040146,0.03885971009731293,0.03527963161468506,0.03495058789849281,0.03471503034234047,0.03340616449713707,0.033338408917188644,0.033313166350126266,0.033278726041316986,0.0329514741897583,0.03243967890739441,0.03227687254548073,0.03225395083427429,0.032218243926763535,0.032189540565013885,0.03170570358633995,0.03166062384843826,0.03159936144948006,0.031494468450546265,0.011408730158713182,0.009755291005276489,0.013392857142837214,0.013392857142837214,0.011904761904744189,0.011532738095220934,0.012090773809505817,0.012462797619029074,0.013392857142837214,0.013020833333313957,0.008556547619034887,0.0076884920634806226,0.007812499999988375,0.009052579365065894,0.007936507936496126,0.009672619047604653,0.008928571428558142,0.0070684523809418625,0.008658008657995774,0.009469696969682877,26.35333547,827.595592,127.54007,0.2527,0.2567
E2H5-4,0.93075651095494,0.023666804464654818,0.025630425795783382,0.010024803637866887,0.009921455146754857,0.49311298,0.49522918,0.28828675,0.28863358,-0.0014191383321792196,0.47885826,0.44915253,0.29422185,0.2783149,-0.030384024678302934,0.5227675,0.51452297,0.29123545,0.28647482,0.02664524328177128,0.48591903,0.5802901,0.29931992,0.30179095,0.004436182507320523,0.53734756,0.52312857,0.28378132,0.28346443,0.09008872180864895,3.470518389812922,1.7443733403465576,3.131098579868339,1.520906692409972,5.707422518664082,2.948452039725176,5.433473709822862,2.6747797625219767,3.3995431995881797,1.9350493734791068,5.511999668570138,2.7242160530076074,5.367299396322985,2.8430488712918853,5.084968139149021,2.792189970308423,5.480644725794388,3.081361947927942,5.02023948200389,2.5912779311616094,0.0035792874850282723,0.012757304810450962,0.019929806969165204,0.026043842789894432,0.034678699757666916,0.038348513968970224,0.04321606640483552,0.047930419765466144,0.05370323946408178,0.05314615191777388,0.3520907759666443,0.03939558565616608,0.038569893687963486,0.038351304829120636,0.03516203165054321,0.034992847591638565,0.034992847591638565,0.034896135330200195,0.03411870077252388,0.03395421430468559,0.0336223728954792,0.033148642629384995,0.03253635764122009,0.032477006316185,0.032413139939308167,0.03214017301797867,0.031874701380729675,0.03186473622918129,0.03175170347094536,0.03164687380194664,0.011276948590364594,0.012106135986714932,0.011753731343266039,0.012313432835802517,0.0136194029850543,0.011380597014908388,0.011380597014908388,0.01082089552237191,0.012313432835802517,0.015111940298484908,0.006965174129342839,0.010199004975109156,0.008208955223868344,0.008457711442773446,0.008830845771131099,0.007462686567153041,0.008208955223868344,0.007711442786058143,0.009362279511519269,0.009497964721831143,26.57073195,826.113413,127.99203,0.2447,0.2557
E2H6-1,0.9208350558081853,0.029557668458040514,0.029661016949152543,0.010438197602315007,0.009508061182306739,0.49523285,0.49553537,0.28853965,0.28858134,-0.002191604734115327,0.4843084,0.49013275,0.29214096,0.29123425,0.10120461340046169,0.46252233,0.52881944,0.2875815,0.2832078,-0.06437762209741874,0.4946873,0.47155565,0.28205267,0.29506966,0.07831064904180467,0.4919141,0.45873252,0.2931315,0.2889019,0.03722068834281583,3.0998640516888893,1.503819215090801,3.048414597188447,1.5561022324815659,5.661660047578448,2.172068768104903,5.7683831213662815,2.330724759440084,2.9117664061545487,1.490274167826351,5.121697999204884,2.4176709209203304,5.105905249591242,2.717402626910861,4.907158332147185,2.5436823212268633,5.307610039269984,2.560761345294824,5.077443569984185,2.6348318866398253,0.0035936209282380733,0.012427719813321128,0.019546561857107528,0.025760421763768093,0.03380529204089256,0.03819866462519533,0.044060002420301066,0.0487164512072567,0.05323083884477978,0.05399375983247307,0.3757857382297516,0.036902572959661484,0.03638690337538719,0.036152180284261703,0.035236358642578125,0.03438042476773262,0.033387526869773865,0.0332920104265213,0.033141203224658966,0.03213673457503319,0.032063379883766174,0.03184816986322403,0.031583692878484726,0.03136980161070824,0.031303007155656815,0.031176023185253143,0.03111458383500576,0.031034305691719055,0.03096640668809414,0.030738933011889458,0.013199883957046882,0.012909776617331566,0.014033942558728415,0.012728459530009494,0.01077023498693111,0.011912532637060167,0.012075718015650033,0.011422976501290571,0.009791122715391917,0.012891644908599358,0.008485639686672996,0.008268059181886507,0.008594429939066239,0.007506527415133804,0.009355961705818944,0.008376849434279751,0.008376849434279751,0.008376849434279751,0.007951578447651618,0.009494422027046708,26.01962226,815.425651,125.68293,0.2429,0.2559
E2H6-2,0.9211451012815213,0.03038445638693675,0.028524183546920216,0.009198015708970648,0.010748243075651096,0.49459136,0.49656186,0.28935277,0.28922915,-0.003492562796596478,0.49908745,0.49798226,0.27741623,0.2788428,0.07097155253898159,0.48608166,0.4975743,0.28307083,0.28059104,0.09064294418349125,0.44984928,0.44010663,0.27446523,0.28717563,-0.04036250849833735,0.47865853,0.4638201,0.2825033,0.28339735,-0.11842554081091482,2.96033329175959,1.4015412795071063,3.1285940249308304,1.6686411223756443,5.879348471251902,2.8176017339425434,5.399307835785456,2.5213270868812625,2.948254149039349,1.4597694079452914,5.335914648987718,2.717564666362356,4.866098002812659,2.7282850303101553,5.41460722499406,2.8362558840171386,5.209319678844349,2.7989288980534366,5.145407449469941,2.54334472764868,0.003388285345286029,0.012210995467092102,0.02029932386234141,0.02568310162323685,0.03458178226847983,0.03838537314188761,0.042710628276228825,0.048210894173060855,0.05313884879333485,0.05472410038238497,0.3726331889629364,0.037643905729055405,0.036627162247896194,0.036565590649843216,0.03584153577685356,0.034464891999959946,0.03378337621688843,0.032862599939107895,0.0327945202589035,0.03224034607410431,0.03186541795730591,0.031826093792915344,0.031620897352695465,0.03147938847541809,0.0314018540084362,0.0314018540084362,0.03139179199934006,0.031337108463048935,0.031147638335824013,0.031070852652192116,0.011067423911446104,0.012523663899794275,0.014252948885957729,0.013433813892511883,0.011959370904309359,0.012450851900376867,0.010484927916106834,0.012778505897755206,0.012778505897755206,0.010321100917417666,0.008628221930962916,0.008519003931836803,0.008082131935332353,0.008628221930962916,0.009065093927467368,0.00993883792047627,0.008519003931836803,0.008191349934458464,0.007863695937080126,0.00714881448825466,25.27180371,815.89352,126.33424,0.243,0.249
E2H6-3,0.9205250103348491,0.0298677139313766,0.029661016949152543,0.010128152128978917,0.009818106655642828,0.49318296,0.4965015,0.2885663,0.2891221,0.004407471265402321,0.48442906,0.49023518,0.28659576,0.29176244,-0.07822131826466548,0.51980114,0.48387763,0.28775612,0.2758638,-0.021749183716507626,0.5296167,0.45096853,0.30133834,0.27919224,0.022261956676313043,0.47509626,0.5254237,0.28544164,0.27738786,-0.10440763183366154,3.0632675384489896,1.6608011620887662,3.0390725870677486,1.487788682054585,5.875944003517083,2.45444545176602,5.535446424545973,2.5712768151112364,3.1799972681617277,1.6931792961199381,4.775752918545541,2.756270732649676,5.429918789574321,3.0920809558596094,4.899374590059652,2.6861944868902867,5.224751734809597,2.7373180443921075,5.504275159145584,2.6261821192433077,0.003598699167099938,0.012238635552701063,0.02009868387517713,0.026037047231652243,0.03408059862780479,0.03810747163348319,0.043536104229745846,0.04770570184828373,0.05430161788543291,0.05362877328195247,0.37078332901000977,0.03878745809197426,0.036380138248205185,0.034881528466939926,0.03463294357061386,0.03451240435242653,0.034169670194387436,0.03400479629635811,0.03361504524946213,0.033424146473407745,0.03317735344171524,0.032620590180158615,0.03212370350956917,0.03207383304834366,0.031519658863544464,0.031382493674755096,0.031071774661540985,0.030445387586951256,0.03024745173752308,0.030146228149533272,0.01112555989017481,0.013003901170334195,0.01202860858255913,0.011378413524042421,0.011703511053300775,0.01267880364107584,0.01267880364107584,0.011378413524042421,0.012516254876446663,0.013491547464221728,0.008994364976147818,0.007910706545286635,0.009427828348492292,0.008777633289975582,0.008127438231458872,0.009102730819233937,0.0069354139575115705,0.010728218465525711,0.007684123418833843,0.006856602435267121,24.41939917,812.785203,125.61757,0.2392,0.2498
E2H6-4,0.9209384042992972,0.03038445638693675,0.028730880529144274,0.010334849111202976,0.009611409673418768,0.4942138,0.49532002,0.28834572,0.2890809,0.002992174601999241,0.4919529,0.49227488,0.2949178,0.290434,-0.033812297343829824,0.49451655,0.5049384,0.29505745,0.2789838,0.018100237098125423,0.502439,0.49601695,0.29230666,0.28723302,-0.10730698417916651,0.45921847,0.5215054,0.27208355,0.27091452,-0.11725818020756285,3.053617614780785,1.4829797660487603,2.945736049685732,1.4527246503568942,5.567157602266195,2.465107752519087,5.729704861798005,2.4732001042835328,2.934380626782413,1.4817330347075492,5.300655658704158,3.025119651778336,4.947129886735516,2.598806849350452,5.301932272800906,3.0477524095916624,5.244487706891835,2.9361961741062124,5.492006065062535,3.099656332775674,0.003882680098641062,0.012498032425625688,0.01973345925809329,0.02568340416601081,0.0336691326932158,0.038045018101684244,0.04384805078965318,0.04724277244346503,0.05434178078598038,0.05438900257096385,0.36872294545173645,0.038802992552518845,0.03555715084075928,0.034114424139261246,0.03400197625160217,0.03395574167370796,0.03392836079001427,0.03382377326488495,0.03350648656487465,0.03338643163442612,0.03299472853541374,0.03298800066113472,0.03251473605632782,0.032500095665454865,0.032162558287382126,0.031835176050662994,0.03180389106273651,0.03158700093626976,0.031119022518396378,0.030694544315338135,0.014088598402305478,0.011328976034843579,0.012254901960768295,0.013071895424819515,0.009640522875804391,0.012254901960768295,0.011764705882337563,0.011764705882337563,0.014215686274491221,0.011437908496717076,0.007843137254891708,0.0080610021786387,0.008496732026132684,0.0072984749455242285,0.010130718954235124,0.008932461873626667,0.009912854030488132,0.0076252723311447165,0.0076054664289859,0.008793820558514947,25.18937518,813.398973,126.43458,0.2457,0.2567
E2H7-1,0.9108102521703183,0.03493178999586606,0.03431169904919388,0.010024803637866887,0.009921455146754857,0.49379382,0.4953574,0.2878832,0.28854418,-0.0037035339285471894,0.50559247,0.48726305,0.28841227,0.28529668,0.07318296201712589,0.48769468,0.48593527,0.298617,0.28912136,0.10690819672624481,0.4807644,0.5657872,0.2949312,0.29766238,-0.16905045932358204,0.49745935,0.52612996,0.31599113,0.2894843,-0.0976027671484927,2.747654622037262,1.3392495451817263,2.905851263547454,1.4412191961978102,5.69063679263412,2.9301407917141655,5.491585710314311,2.1430087228641095,2.8171671685077895,1.3872692205350534,5.530735425350218,3.085040442282043,5.351597378521065,2.700984402178216,5.326855476378432,2.823295286707678,5.16122815103465,2.6366807578375075,5.006973086807247,2.652039458886889,0.003512865712147921,0.012563461969318436,0.020151420998566955,0.025989288084579325,0.03391965640706969,0.038645750108852336,0.04316893459982499,0.04766252816422119,0.05352998617681001,0.054189441111942474,0.403199166059494,0.03519415110349655,0.03429573401808739,0.03429573401808739,0.03271828591823578,0.03184403479099274,0.03166407719254494,0.03165785223245621,0.03148607164621353,0.03140794485807419,0.030725380405783653,0.03070252761244774,0.030237218365073204,0.030236322432756424,0.030128993093967438,0.030123703181743622,0.03012082539498806,0.030050531029701233,0.02998727187514305,0.02992420457303524,0.013261233423442854,0.013647482940630512,0.011297798377738937,0.009559675550394485,0.012891077636138018,0.011297798377738937,0.012601390498247276,0.010718424101957452,0.013180764774028759,0.013180764774028759,0.00869061413672226,0.007821552723050034,0.008400926998831517,0.008304364619534604,0.009849362688285226,0.007531865585159291,0.008304364619534604,0.008400926998831517,0.007689876751281514,0.00979669229957782,24.91649747,803.894063,124.88581,0.2501,0.2571
E2H7-2,0.9109136006614303,0.03534518396031418,0.03379495659363373,0.010024803637866887,0.009921455146754857,0.49418467,0.49654537,0.28864318,0.28840783,0.0007875960024328574,0.48149335,0.4831252,0.29120338,0.2963534,0.1066829511948241,0.47628105,0.484243,0.2809949,0.2860431,-0.1341698850907218,0.5413629,0.49458325,0.28573042,0.31178737,-0.04129312198664487,0.5242632,0.50935733,0.3005923,0.26600158,6.872197892031685e-05,2.814171379004111,1.4872855801635816,2.7708910647453413,1.4253570884654099,5.721154861554195,2.1848436303978462,5.564996857246356,2.633829906967831,2.839986201620194,1.4575791073348525,4.879069398291863,2.6730084557129072,5.432077410840431,3.1055726985956795,5.081100017175789,2.6467059876146344,5.515941197978169,3.095239717436798,5.352244750839609,2.9062449367292658,0.003692648424067575,0.01263493570129097,0.019824567976786688,0.025856865120500238,0.034103918703451606,0.03875823768666192,0.04333762130162735,0.0481085064132186,0.05355380983901385,0.05346222216671455,0.3833082914352417,0.04179928079247475,0.038041096180677414,0.03635120391845703,0.03411046415567398,0.03302816301584244,0.03288010135293007,0.032796334475278854,0.03237791359424591,0.032250482589006424,0.0316489040851593,0.031195202842354774,0.030860358849167824,0.03040396422147751,0.030158886685967445,0.030073178932070732,0.030008062720298767,0.0298590250313282,0.029490957036614418,0.02935807965695858,0.011729827275057286,0.013663315287429369,0.012325986078872012,0.011600928074232481,0.012761020881655729,0.01131090487237667,0.012470997679799917,0.011600928074232481,0.011455916473304576,0.012906032482583636,0.009087393658148778,0.008507347254437152,0.00889404485691157,0.009280742459385986,0.007830626450106926,0.008507347254437152,0.007250580046395301,0.008023975251344134,0.009175279476892962,0.00822611263445576,24.17712044,803.25973,125.72767,0.2573,0.2604
E2H7-3,0.9116370400992145,0.034518396031417944,0.03389830508474576,0.009301364200082679,0.010644894584539065,0.4947437,0.49653274,0.28912097,0.2892659,0.00023247500807132174,0.471922,0.49581346,0.288165,0.27509248,0.013865114569393945,0.5001859,0.47881356,0.2798574,0.2826469,-0.017277814174657152,0.503252,0.48333332,0.29759207,0.29128787,-0.03589674853016961,0.4649538,0.4944874,0.26418003,0.29479262,0.028170274355540596,2.688289701214211,1.2811564913778104,2.9212487454593425,1.4846247489520707,5.391285517289736,2.2633889104506157,5.249520456155696,2.003833953795444,2.7672872259367844,1.3627514333316024,5.296857812572177,2.6457859968141806,5.000163743858096,2.776318312609408,5.107761828981993,2.432461029363086,5.040367224013208,2.634816734177757,5.6757352230884495,3.2313441836097656,0.0035340133570286696,0.012338616094976102,0.01968660483157647,0.02541162532155058,0.03392815119572186,0.03860229974600547,0.04382420007952545,0.04825490339281512,0.05311569329146076,0.05463722602267287,0.3846892714500427,0.03613744676113129,0.035970449447631836,0.033922549337148666,0.03387382999062538,0.03379403054714203,0.03368009626865387,0.03353133797645569,0.03295683115720749,0.03261057287454605,0.03238901495933533,0.032133638858795166,0.03196986764669418,0.030917540192604065,0.030682874843478203,0.030432220548391342,0.030405813828110695,0.029995298013091087,0.029966481029987335,0.029940804466605186,0.01299545159192762,0.011695906432734859,0.012573099415189973,0.011403508771916487,0.012865497076008344,0.012865497076008344,0.014473684210509388,0.011695906432734859,0.010380116959052187,0.01096491228068893,0.007797270955156573,0.00925925925924843,0.009746588693945716,0.007992202729035487,0.007309941520459287,0.008771929824551144,0.010721247563340287,0.008284600389853857,0.007655502392335544,0.007017543859640915,24.30891244,800.157407,124.59556,0.2478,0.2683
E2H7-4,0.9117403885903266,0.034518396031417944,0.03379495659363373,0.010128152128978917,0.009818106655642828,0.4942923,0.49579057,0.28851092,0.28861526,0.0017636689662145538,0.47973564,0.50578505,0.2958069,0.2842256,-0.11286133950660894,0.49533826,0.48665318,0.2854464,0.29607913,0.00025479532787389003,0.4956446,0.49498445,0.27951357,0.28421456,0.1381017975553358,0.5007702,0.49009812,0.29528058,0.28628427,0.10546241148453969,2.8036171237849543,1.4296582248867193,2.794201134482983,1.4755166892232487,6.0725952898667215,3.010375716699261,6.105819969058582,2.886085380101379,2.816128822752556,1.3337913225035076,4.923794032778022,2.360216850262825,4.921890153143084,2.463414397547809,4.7603347866051635,2.2987315736895293,4.963149089755719,2.246341513533902,4.814048819158259,2.1448646043148276,0.0036389178027706553,0.012465409124374825,0.019967503617761305,0.025925173694855586,0.03357536368021529,0.0386825425034062,0.043658551033706534,0.04726784973808254,0.053585180295683224,0.054566841842477176,0.3922128975391388,0.037985920906066895,0.03711974248290062,0.03303786739706993,0.03268592059612274,0.03190295398235321,0.031777407974004745,0.031693655997514725,0.03156502917408943,0.03154722973704338,0.03154653310775757,0.031448084861040115,0.030928466469049454,0.030846761539578438,0.030793197453022003,0.030756928026676178,0.030712485313415527,0.030524909496307373,0.030479947105050087,0.03043411672115326,0.012880562060874847,0.01262034868590768,0.011563231850103555,0.011416861826684523,0.012587822014036782,0.012295081967198718,0.011855971896941622,0.012880562060874847,0.012148711943779686,0.011563231850103555,0.00878220140514194,0.0082943013270785,0.008196721311465812,0.009074941451980007,0.00780640124901506,0.0082943013270785,0.008879781420754629,0.009172521467592693,0.008196721311465812,0.007983819459219946,24.19960725,801.836682,125.37659,0.2445,0.2538
E2H8-1,0.9024390243902439,0.03978916907813146,0.03782554774700289,0.010438197602315007,0.009508061182306739,0.49279213,0.49559966,0.28867212,0.28948206,5.6115565646038696e-05,0.49540702,0.5075941,0.28544557,0.28208742,0.05436366531510648,0.511662,0.48904788,0.29338965,0.2811459,-0.031195543463144407,0.47730017,0.43488842,0.2768712,0.27070862,-0.21311691286274997,0.54056203,0.55526894,0.28723675,0.27181464,0.07052109332248425,2.6607534229574084,1.331292332347967,2.7114363961914036,1.2115216880254824,5.215046330834905,2.5175276031439893,5.680488550579715,3.056263319628512,2.614902414622255,1.3887113192584222,5.435887253657073,3.358139930304064,5.276084806811273,2.9240284024523837,5.250611352551662,3.265892389845573,5.328580417872204,2.741046251963929,5.520500862731132,2.5580993344244556,0.003602441057074495,0.01233298384278302,0.01951098206844638,0.025207005941339358,0.03392074629674436,0.03850780976960507,0.043242734629136755,0.047910449767454365,0.054712073554318896,0.05438610640643063,0.39743614196777344,0.04128492251038551,0.034204449504613876,0.03354693576693535,0.03351055830717087,0.03214654326438904,0.03182564675807953,0.031525470316410065,0.031224360689520836,0.031161844730377197,0.030881665647029877,0.030848709866404533,0.03084060549736023,0.030710183084011078,0.030292628332972527,0.030070176348090172,0.030017539858818054,0.029824016615748405,0.02939785085618496,0.029249828308820724,0.009769303201496242,0.012829566854976993,0.013241525423714786,0.013109110169477639,0.010990466101683274,0.012579449152529048,0.011520127118631865,0.011917372881343308,0.012711864406766195,0.013506355932189082,0.007591807909596478,0.00812146892654507,0.008209745762703167,0.008562853107335563,0.009622175141232746,0.00873940677965176,0.010151836158181337,0.007768361581912675,0.007415254237280281,0.008474576271177463,23.12763401,785.699972,123.22788,0.2435,0.2502
E2H8-2,0.9014055394791236,0.04051260851591567,0.038135593220338986,0.010438197602315007,0.009508061182306739,0.49270838,0.4964215,0.28860447,0.28944466,-0.0041029341993752185,0.4944313,0.47457626,0.28638753,0.28513914,-0.023694303578452102,0.5117655,0.497267,0.28677395,0.27841863,0.07529861456036206,0.519802,0.4872462,0.29325014,0.27932808,0.1212694348882256,0.504772,0.52689755,0.3011595,0.27444163,0.06819897901729663,2.610677428460208,1.2750254488207833,2.7428046325881863,1.430429459466525,5.364556171297766,2.207940767214038,6.2662982942087995,2.378532894763947,2.584186255701797,1.2476679339443437,5.253107120117776,2.6820012846175842,5.213083962899906,2.6200328093912173,5.013491346437657,2.8514009144666566,5.1277391759588244,2.566524839335321,5.100677885399773,2.874075996240525,0.00366855411117314,0.012444506473137145,0.019685248690751524,0.0259091634101603,0.03400390780764016,0.038882021426482706,0.04345109923704708,0.04752505516123029,0.05363266608182471,0.05413111093388628,0.4001149833202362,0.03764895722270012,0.03729981929063797,0.03710625320672989,0.03204222768545151,0.031854048371315,0.03141763061285019,0.03124217316508293,0.031236717477440834,0.030951296910643578,0.03092902898788452,0.03057011589407921,0.030500594526529312,0.030304796993732452,0.030026037245988846,0.02978815883398056,0.029479021206498146,0.029448114335536957,0.02905716560781002,0.028982890769839287,0.010831586303273064,0.012578616352188073,0.01205450733751357,0.01139937106917044,0.012578616352188073,0.012840670859525324,0.010875262054495937,0.012185534591182195,0.01388888888887433,0.012840670859525324,0.007686932215226044,0.009521313766586806,0.008211041229900547,0.008211041229900547,0.009521313766586806,0.008735150244575052,0.008822501747020801,0.008997204751912303,0.007623403849810953,0.007242233657320405,22.20902139,788.044942,124.18429,0.2467,0.2611
E2H8-3,0.9019222819346837,0.037412153782554775,0.04071930549813973,0.008887970235634559,0.011058288548987185,0.49556467,0.49684596,0.28854182,0.28828484,0.0007889546575180245,0.4808988,0.50147486,0.28831503,0.28642362,-0.09269103066826652,0.45156,0.48352402,0.28758085,0.2896646,0.04608784522386742,0.49801472,0.47043753,0.26841423,0.2984423,0.09470802520925618,0.55493504,0.45350865,0.29907805,0.30945653,0.012619721034049524,2.6837678793568007,1.3355065761861933,2.593880175120016,1.3215161468780685,5.945212030581826,2.9080542451647085,5.615069147853384,2.493724526932942,2.666445537234774,1.3057508659895967,5.596134297089048,2.758386356837008,4.592470007727647,2.4297519145467446,5.331533561286178,2.850528250377274,5.0196983208161745,2.3876988766081197,4.897095275792889,2.309201452489381,0.003655150719404781,0.012808414027025549,0.01973918157448438,0.025315936320367636,0.034537584112916464,0.03786790852891296,0.043201898353301606,0.048279446359210026,0.053336479019640025,0.054591334318069916,0.3981524109840393,0.03673447296023369,0.03403531759977341,0.03381747007369995,0.033649951219558716,0.032996293157339096,0.03291328251361847,0.032458823174238205,0.03216373175382614,0.03182726353406906,0.03127721697092056,0.030734557658433914,0.030525971204042435,0.030239341780543327,0.030174653977155685,0.03010484017431736,0.029689954593777657,0.02966690994799137,0.02955600805580616,0.029281428083777428,0.014166959372423897,0.011474066268574726,0.012776606954675683,0.013698630136971866,0.011986301369850383,0.01145943097996685,0.011195995785025083,0.012776606954675683,0.010932560590083316,0.011327713382495967,0.008605549701431044,0.009044608359667323,0.008781173164725556,0.010186160871081644,0.007200561995074955,0.008342114506489279,0.007024938531780445,0.008078679311547512,0.00929207778521868,0.008238337005451611,23.32365826,797.546723,124.74246,0.2525,0.2619
E2H8-4,0.9011988424968995,0.042786275320380325,0.03606862339809839,0.010541546093427036,0.009404712691194708,0.49179626,0.49545172,0.28816658,0.28871614,0.0031021709220661045,0.49242958,0.5107467,0.29393184,0.28457567,-0.019390032770345265,0.5226081,0.5150551,0.2879503,0.29327428,-0.049616388215905735,0.55547583,0.4503988,0.2880665,0.2761887,-0.06502885710164086,0.5233181,0.43425217,0.29913184,0.28321633,0.08698716797142868,2.62166641889035,1.2163561126962648,2.605467540135153,1.3853791130903088,5.365164274002446,2.3471535867996836,5.5435442561020105,3.0173302629648022,2.9565627028929455,1.4413804367940148,4.956904991718723,2.440917534518604,4.911686832102475,2.529243284815824,4.753184539567273,2.516493227784133,5.146344916494093,2.47496448191117,4.730497800957502,2.3462189787640684,0.003695641855008781,0.013009337429053847,0.020237877277566436,0.0257576065802768,0.033813427724773006,0.0386754005872341,0.04319154274399712,0.04702958547782276,0.05348848248130141,0.05443443117629907,0.40022116899490356,0.03442079573869705,0.03426288813352585,0.03415354713797569,0.033721618354320526,0.03359954431653023,0.03357384353876114,0.032258450984954834,0.03197573870420456,0.0310126431286335,0.030995462089776993,0.03080027736723423,0.030476804822683334,0.030404461547732353,0.030000517144799232,0.029994139447808266,0.029863301664590836,0.02983284927904606,0.029221132397651672,0.029210863634943962,0.012552301255216995,0.010925151092503681,0.009937238493713455,0.01150627615061558,0.012552301255216995,0.011637029288690757,0.013467573221743235,0.012160041840991464,0.012552301255216995,0.014775104602495006,0.009588563458846315,0.007670850767077053,0.007583682008360268,0.006973500697342776,0.008891213389112038,0.010111576011147023,0.009065550906545608,0.0073221757322099144,0.009794598706722352,0.0077976416888469215,23.08357313,784.686152,124.78068,0.2495,0.2823
E2H9-1,0.8916907813145928,0.04392310872261265,0.0444398511781728,0.009921455146754857,0.010024803637866887,0.49227417,0.49549162,0.28765753,0.28846037,-0.001955990183236357,0.51400286,0.51455635,0.2863505,0.28926882,-0.016857567010945453,0.49781623,0.4752069,0.3066377,0.2919516,0.06730256613032662,0.50406504,0.5064442,0.31142697,0.28642923,-0.03227564131794144,0.52325875,0.51808494,0.27598345,0.28471994,-0.06879617401201478,2.4851297681742683,1.2567514284778694,2.537922680290472,1.2522982050808116,5.732066384830385,2.2073924949052857,5.776916786371644,2.8080178778099687,2.529006153625859,1.179984393557892,5.045539243090551,2.8077945467967296,5.021238668441003,2.508125125729879,5.337382195190722,2.9626791222693756,5.12911438977805,2.4474190477268882,4.876034736407631,2.4675632884851195,0.003594838532550877,0.012723497717835203,0.019718704599791803,0.02586453435830559,0.03427822963496803,0.03866810803390645,0.043478385211114544,0.047390667719093546,0.053639452280448884,0.05397691524531841,0.4191548228263855,0.033277131617069244,0.03285335749387741,0.03205319494009018,0.03146461769938469,0.03125328943133354,0.03081430122256279,0.03078983537852764,0.03065747581422329,0.03058476932346821,0.030516652390360832,0.030497396364808083,0.030366972088813782,0.0297097060829401,0.029547959566116333,0.02953590825200081,0.029438329860568047,0.029270293191075325,0.029219353571534157,0.02899467758834362,0.012192536047486246,0.012298558100073083,0.011331106870218195,0.011092557251897813,0.011331106870218195,0.011450381679378388,0.011450381679378388,0.013000954198460877,0.013358778625941451,0.014432251908383176,0.00795165394401277,0.009223918575054812,0.008110687022893024,0.008190203562333152,0.008667302798973918,0.008985368956734428,0.007792620865132513,0.008667302798973918,0.00832755031227519,0.008848022206792391,22.33817578,780.094871,123.47431,0.2521,0.2541
E2H9-2,0.892104175279041,0.041856138900372056,0.04609342703596527,0.009714758164530797,0.010231500620090947,0.49569526,0.49547014,0.28818095,0.2881906,-0.00035560043403410415,0.49003312,0.49299017,0.2894865,0.29252467,0.01782495526238092,0.46910203,0.48669907,0.29272795,0.29272237,-0.040284196819917704,0.43954334,0.5245222,0.27589774,0.29482868,0.12104437822150081,0.5167529,0.54613936,0.30798167,0.28323787,0.02206220743875833,2.5359811490104103,1.2662414908296158,2.5085273819278093,1.0771282060760878,6.372370139464892,2.7170315617938363,5.482999491888301,2.9158829087618034,2.4145120130491122,1.0885525038583759,5.070546832388892,2.859797844156096,5.160004144883061,2.7418182108471107,5.061050829436738,2.592698858682371,5.082110694627691,2.6068120901210117,5.377572089186913,3.0381992357004286,0.003660466110754757,0.012834438030076261,0.02038628750623619,0.025626113605587628,0.03383935571235122,0.038873922029791175,0.04271969211032713,0.04774000427624546,0.05373244957593899,0.05392060437602452,0.4108930230140686,0.03732249140739441,0.03525170683860779,0.03430168703198433,0.03340600058436394,0.03142580762505531,0.03098919615149498,0.030938351526856422,0.03083053231239319,0.0306805782020092,0.03058113530278206,0.029970813542604446,0.029944490641355515,0.029535120353102684,0.02913701720535755,0.029033467173576355,0.028975754976272583,0.02895412966609001,0.028935234993696213,0.028893548995256424,0.012771392081724677,0.014048531289897144,0.012332375478915391,0.013769157088109416,0.01041666666665669,0.011135057471253703,0.011853448275850715,0.012092911877383053,0.01029693486589052,0.012931034482746235,0.008939974457207274,0.007662835249034806,0.009897828863336625,0.006944444444437793,0.007982120051077924,0.008461047254142599,0.008141762452099481,0.009897828863336625,0.00853361198187967,0.00827237896202621,21.94763065,783.054735,123.43739,0.249,0.2615
E2H9-3,0.8917941298057048,0.042682926829268296,0.045576684580405126,0.010438197602315007,0.009508061182306739,0.4943229,0.49424094,0.28937137,0.28897026,0.00018951830460151413,0.5015059,0.5013543,0.28811014,0.28727654,-0.06559307903240959,0.48202533,0.51381683,0.2822192,0.28748623,0.07794936383174571,0.46582952,0.51317334,0.26995066,0.2728085,-0.1347215470208624,0.5080859,0.50773764,0.26995817,0.284599,0.06150169645027539,2.5462550447317924,1.228544392628829,2.532478625822391,1.1494546042814184,5.262652772238216,2.434799411674611,5.468832811195557,2.8919901129889225,2.4425747211644055,1.284071975422779,5.275408055525055,2.873540832826161,5.295541077778473,2.953367208031138,5.053191000655801,2.7771255361922402,5.158168154430735,2.549040933496226,5.78307286340121,2.3339146011590524,0.003526774024613773,0.01238598673300166,0.020274177358819933,0.02603484769136772,0.03377302086060923,0.03822172034564022,0.043068647988129524,0.04842017980274068,0.05361623898053591,0.054011739547874665,0.4269581437110901,0.03202151134610176,0.031791310757398605,0.031561534851789474,0.031203821301460266,0.03104945831000805,0.03101930394768715,0.030825454741716385,0.03047988936305046,0.0300382561981678,0.029574058949947357,0.029574058949947357,0.02949671819806099,0.029452376067638397,0.029348764568567276,0.029218584299087524,0.029170796275138855,0.02909119427204132,0.0290836114436388,0.029041124507784843,0.011249071420980448,0.01368990767270262,0.009551098376304154,0.013490926456529617,0.014565425023863834,0.013132760267418211,0.01110315186245358,0.011341929321861182,0.0124164278891954,0.011341929321861182,0.006924546322820512,0.007561286214574122,0.009789875835711758,0.009073543457488946,0.00811843361985853,0.008277618592796934,0.007800063673981725,0.008993950971019744,0.009898411044533395,0.008422332204559117,20.98106071,776.547293,121.81422,0.2516,0.2563
E2H9-4,0.8923108722612649,0.042062835882596114,0.045680033071517155,0.009818106655642828,0.010128152128978917,0.49399427,0.49642524,0.28788894,0.28875786,-0.0040894087282156814,0.4967639,0.5008537,0.29635128,0.29090112,0.08344537833617827,0.49324027,0.49330854,0.29937154,0.2830583,0.04232332783779065,0.450706,0.43184656,0.27622715,0.2812283,-0.21600156095806447,0.5187905,0.4892771,0.28174114,0.2959684,-0.029061688204928996,2.597654703937901,1.2778988300897196,2.5596484290844916,1.2621395721455666,5.550535004529981,2.191366578023139,5.639399967508858,2.5199661170243752,2.460011581848899,1.1182818604361695,5.7837238998485265,3.607000736378828,5.061019633081498,2.49723910022378,5.59277294313626,3.3507727671150316,5.228510442673845,2.47562959654041,5.238152861888121,2.5922286419865395,0.0035113710425297953,0.012744870039075847,0.02031025245695484,0.02655492295368608,0.033635087296186875,0.038725570418349856,0.04351745780181856,0.04764898922471339,0.05322756153512663,0.05345725056489146,0.41674667596817017,0.03430341184139252,0.03272471949458122,0.032073549926280975,0.03147014603018761,0.03142925724387169,0.03141181915998459,0.03129447624087334,0.030975181609392166,0.030729293823242188,0.030185673385858536,0.030004587024450302,0.030004587024450302,0.029851900413632393,0.02974606119096279,0.029731838032603264,0.0296969972550869,0.029325276613235474,0.029168440029025078,0.029126131907105446,0.012689272766036019,0.013968863297064862,0.011396353166975627,0.01235604606524726,0.010316698656420042,0.010916506717839811,0.012476007677531212,0.011756238003827489,0.012835892514383076,0.012955854126667029,0.009676903390905621,0.007597568777983752,0.008397312859876778,0.00879718490082329,0.00815738963530887,0.0090371081253912,0.008317338451687474,0.007757517594362357,0.009509684173782533,0.007503053568305485,21.67979992,783.454356,122.32071,0.246,0.2526
E2H10-1,0.8825961140967342,0.04805704836709384,0.049400578751550225,0.009094667217858619,0.010851591566763125,0.49530903,0.49463442,0.28931856,0.28915292,0.0047213667837157774,0.47107264,0.51149994,0.28736013,0.28645256,-0.0871150825755273,0.48627412,0.49765974,0.28496915,0.28080022,-0.01850464622876144,0.5070676,0.48555472,0.2686749,0.3017066,0.1380555200908429,0.5042974,0.5177562,0.2670756,0.27958524,-0.017894264491569133,2.288018901312225,1.0763446912280337,2.3027321119435245,1.2164915120405861,5.869492482699702,2.6932514643228416,5.073009825844344,2.0604668616212027,2.424785555150322,1.2408746311549863,5.455621592851839,3.1028359423390595,4.773164459569519,2.4691032652312326,5.519180724464606,2.974955396618558,4.781200978484136,2.3726898137549126,5.247715536108936,2.4601607148700633,0.003636968223289066,0.01213939171417817,0.019981387959441457,0.025456468376849947,0.034081278734935445,0.038653467358498846,0.043874537296820476,0.04751612389245658,0.05406497588055042,0.053928733896312926,0.4294876158237457,0.0371055081486702,0.03640907257795334,0.03358614444732666,0.03148244321346283,0.030178863555192947,0.03005681373178959,0.030018480494618416,0.029886938631534576,0.029853977262973785,0.029312754049897194,0.02922922931611538,0.02872522920370102,0.028710003942251205,0.0278253722935915,0.027797644957900047,0.027768265455961227,0.027548877522349358,0.027514152228832245,0.027502574026584625,0.013106416275418822,0.012226134585278752,0.011443661971820913,0.01177376760562344,0.013094190140833545,0.013754401408438597,0.012764084507031018,0.011443661971820913,0.012323943661960983,0.009903169014075789,0.007922535211260632,0.0077758215962372874,0.009242957746470737,0.007262323943655579,0.008802816901400702,0.00843603286384234,0.008876173708912374,0.009609741784029098,0.008882842509595255,0.007922535211260632,20.87232233,767.250862,120.98592,0.2453,0.2542
E2H10-2,0.8828028110789582,0.0472302604381976,0.05002066969822241,0.009611409673418768,0.010334849111202976,0.4956956,0.49600577,0.28874555,0.28826973,-0.0007709668838681337,0.47584996,0.5045062,0.28780267,0.2914387,-0.011921847984554522,0.49674964,0.48173764,0.28821564,0.29496908,0.0058170828682052745,0.45620248,0.514671,0.27828264,0.28080094,0.10688968681563597,0.44451222,0.485339,0.28663144,0.28293118,0.011289109716154539,2.3902191379544067,1.1040918324695,2.312643172945624,1.150290901439189,5.8384788652834825,2.389113531075759,5.0091187761886315,2.1020773263689696,2.366563200671921,1.152028016838114,5.332683536759531,3.063177308704767,5.19516426873668,2.780713735230007,5.399620552024876,3.0709729327453688,5.438360942719367,2.7304252401854385,5.38096708192042,2.885266565806696,0.0035759787927247,0.012420311368313864,0.02009575782783192,0.025806328239475842,0.033974188891040216,0.03839157445852367,0.04375076192729958,0.04774983446755923,0.05368509873382622,0.053883498626738094,0.4306282103061676,0.03390863165259361,0.031904853880405426,0.031904853880405426,0.03156585991382599,0.03137493506073952,0.03131942078471184,0.030721016228199005,0.030026210471987724,0.02965041995048523,0.029584571719169617,0.029373174533247948,0.029344692826271057,0.029322320595383644,0.028587985783815384,0.028587985783815384,0.028380893170833588,0.02806468866765499,0.02788686938583851,0.027862373739480972,0.013031550068575615,0.01312953164803859,0.012566137566126486,0.012566137566126486,0.011353615520272175,0.012345679012334793,0.012676366843022332,0.011684303350959714,0.011133156966480482,0.011243386243376329,0.009700176366834479,0.008303938859487091,0.007422104644320321,0.007201646090528628,0.009259259259251093,0.008597883597876017,0.00889182833626494,0.008597883597876017,0.008658008658001023,0.008096841430167624,21.652335,769.56628,120.82619,0.2518,0.2699
E2H10-3,0.8826994625878463,0.049503927242662255,0.04785035138486978,0.010231500620090947,0.009714758164530797,0.49554658,0.4953534,0.2879245,0.28861743,0.0037640251613957,0.47140893,0.4979477,0.28579906,0.28390417,-0.0408172070003408,0.49330983,0.49375847,0.29820526,0.2921245,-0.03148900376772479,0.48669624,0.5065913,0.30504844,0.28907707,-0.02296615097936089,0.46964195,0.5202849,0.2975707,0.2979395,0.057331327390815354,2.388143339133047,1.0794662493120069,2.5216116931211703,1.1336238259818856,5.774607509363787,3.1038212082201744,6.132873827674362,2.6020832686966524,2.3463960174346816,1.1611580178039067,4.928552570161695,2.405972049857904,4.934666613613268,2.4967211619874625,5.0555642298462855,2.5717808022855606,5.092779403220003,2.278382706165419,4.901578985195359,2.3559034419196414,0.0035502446205134867,0.012680819538853048,0.019916006407758584,0.026174635474544555,0.033804293967951586,0.03850427905499993,0.0435530347856624,0.047382295921067186,0.053499011415623965,0.054268712146358596,0.42307382822036743,0.037564195692539215,0.03261632099747658,0.03218063712120056,0.03217562660574913,0.0313371941447258,0.030759550631046295,0.030605046078562737,0.03046206571161747,0.03046206571161747,0.02968744747340679,0.029525693506002426,0.02940467558801174,0.029139546677470207,0.028903769329190254,0.02871803566813469,0.02841256931424141,0.02840712107717991,0.028363384306430817,0.028201233595609665,0.013999021047466864,0.013313754282905549,0.010903083700430923,0.01156387665197219,0.014207048458137262,0.00914096916298754,0.01233480176210367,0.013436123348005783,0.010792951541840711,0.011894273127742825,0.008076358296615498,0.00917767988251761,0.008002936857555357,0.008443465491916203,0.008590308370036484,0.008076358296615498,0.00814977973567564,0.008957415565337188,0.008329995995186894,0.008970764917893578,21.1916224,774.762072,121.28191,0.2486,0.2756
E2H10-4,0.8824927656056222,0.049607275733774284,0.04795369987598181,0.009301364200082679,0.010644894584539065,0.49467725,0.49689758,0.28798267,0.2895977,-0.00019249071868194232,0.49524897,0.48389828,0.29462123,0.28452983,0.0005976782271618945,0.49243063,0.49663937,0.28910482,0.2713094,-0.021661494198237888,0.4578591,0.49124295,0.2940919,0.29757297,-0.030131885701206763,0.46152025,0.4569689,0.3049266,0.29424095,0.10771444911752823,2.420244671660646,1.167582572082842,2.403743953398333,1.134314849993046,5.801075003909455,2.477179381455008,5.541898998817625,2.482164759775462,2.3572115770251387,1.1751823608013605,5.108127765918486,2.443262312371027,4.998748319087813,2.727944630868346,4.8959946189181585,2.5199915438706553,5.219299708420196,2.624952584510098,4.87992143717972,2.3136623421797053,0.00359005909571998,0.012427308964304487,0.020008156010814966,0.025453353982655514,0.03410674002361943,0.03840161045855167,0.04400002828674271,0.04794367166634844,0.053634021408349775,0.05376838343622636,0.41484007239341736,0.04652039706707001,0.03403999283909798,0.032258905470371246,0.032258786261081696,0.03122551180422306,0.0304650217294693,0.030154066160321236,0.030154066160321236,0.029982291162014008,0.029881829395890236,0.02975163422524929,0.02975163422524929,0.029126504436135292,0.02904813177883625,0.028216633945703506,0.02818162925541401,0.028109200298786163,0.028039323166012764,0.027994267642498016,0.012997166031455393,0.013192612137191563,0.011433597185566021,0.011433597185566021,0.01297273526823837,0.011983289357949003,0.010444151275276654,0.01363236587509795,0.010004397537370268,0.01363236587509795,0.008355321020221324,0.008208736440919195,0.008721782468476644,0.009674582233940479,0.00850190559952345,0.009088243916731966,0.00850190559952345,0.007842274992663873,0.008795074758127708,0.006956104581428279,20.33334066,770.263411,122.46437,0.2874,0.2924
E3H1-1,0.9601074824307565,0.00423728813559322,0.005684167011161637,0.014778834229020257,0.015192228193468375,0.49347055,0.49559212,0.2886865,0.2889746,0.002373797383643485,0.5172517,0.5051674,0.287796,0.31851652,-0.17819812359663242,0.51241684,0.49861327,0.2964602,0.23612837,-0.010437433874255404,0.48951048,0.49608865,0.29055598,0.286157,-0.06223473917911735,0.5120292,0.5025366,0.2807852,0.28036228,-0.0363164430211876,8.741048651064107,4.4758343211041955,7.296001022541341,4.154428741714657,4.656168786600445,1.8354953771771796,4.578637622349661,2.0089991346947484,8.295044889483624,4.270949633191256,4.104935286465211,2.258478648588005,4.2997933022892685,2.241422021739674,3.1676732031829746,1.7326886951210112,4.033534707337487,2.0279092550018314,4.183357139618725,1.6116529217865565,0.0028832292167227293,0.01261412782316194,0.019702066314271984,0.026369533877943295,0.03395803299695659,0.03840301137273747,0.043668909178279675,0.048274066954989585,0.05404052538843505,0.05341983020983502,0.2904418408870697,0.04425828903913498,0.042272016406059265,0.04064555838704109,0.04034395143389702,0.04032605513930321,0.04013599082827568,0.038275763392448425,0.037410348653793335,0.03635574132204056,0.035956498235464096,0.035777732729911804,0.03574371337890625,0.035226136445999146,0.035103004425764084,0.03465922176837921,0.03443004563450813,0.03441423177719116,0.03421403840184212,0.034009870141744614,0.011226252158865562,0.012377662636697928,0.013277202072504464,0.009067357512929877,0.012305699481833405,0.013601036269394816,0.011010362694271995,0.012629533678723758,0.015544041450736934,0.011010362694271995,0.007556131260774898,0.007987910189962035,0.009067357512929877,0.007556131260774898,0.010578583765084856,0.007987910189962035,0.007772020725368467,0.010362694300491289,0.007772020725368467,0.008007536504925087,29.86251827,858.505127,134.39474,0.2413,0.2636
E3H1-2,0.9601074824307565,0.0047540305911533695,0.005167424555601488,0.013952046300124019,0.016019016122364612,0.49318966,0.49604553,0.28880897,0.28877312,0.002720890698268797,0.52226937,0.46094325,0.27135178,0.26198867,-0.028533569606445857,0.50463414,0.46389833,0.27390894,0.254902,-0.017941975652066396,0.5050587,0.4544884,0.27962983,0.2939912,-0.11034273441083246,0.5150275,0.5353745,0.2951308,0.28880563,-0.05530804841253307,7.885135792597616,3.9118914097736925,7.263329249975439,3.8786657765849344,5.040314580731412,2.1140726102337193,4.4086849975282965,1.8322240528018678,7.408189897570171,3.8205998627315663,4.4714433932197934,1.9631658279899797,4.175352930481043,2.167224651145346,4.0997044956606565,1.8145035266595113,4.185498527123239,1.8925121081380682,3.845230772551127,1.867692260491526,0.0030866053354177943,0.012266249774517467,0.019842462870542962,0.023690698093920992,0.03273004229050168,0.03832200909947287,0.04363337542340609,0.04926542801595414,0.054556751448098934,0.05593971098150041,0.29791927337646484,0.041799146682024,0.041657060384750366,0.039157431572675705,0.03855930268764496,0.03836142271757126,0.03749800845980644,0.037427276372909546,0.03672557324171066,0.036700379103422165,0.036562975496053696,0.03610165789723396,0.036031801253557205,0.035854049026966095,0.035721633583307266,0.03532879799604416,0.03521326556801796,0.03470305725932121,0.034417301416397095,0.03426055610179901,0.010938399539407472,0.010074841681033198,0.010362694300491289,0.014896373056956227,0.012953367875614111,0.0116580310880527,0.013924870466285169,0.013277202072504464,0.010038860103600935,0.014248704663175522,0.008203799654555604,0.009283246977523446,0.007556131260774898,0.01014680483589772,0.008203799654555604,0.008203799654555604,0.00734024179618133,0.010362694300491289,0.008007536504925087,0.0073009891662552265,29.71851611,857.034135,133.43327,0.2401,0.2482
E3H1-3,0.9602108309218685,0.004030591153369161,0.005787515502273667,0.013952046300124019,0.016019016122364612,0.49322188,0.49667984,0.28904867,0.28884748,-0.002992897697316199,0.5012508,0.45501953,0.24763861,0.2565027,-0.11000220985310054,0.4832317,0.4751816,0.2883735,0.2710628,-0.08739138841268321,0.52384824,0.5072191,0.29048735,0.2819081,0.14777061818744638,0.51062155,0.44849646,0.2704963,0.29216704,0.11628035349331743,9.5146246223651,5.221761205795952,6.848159532228899,4.178498998239119,4.867078884282063,2.322288658986466,4.372803793323557,2.017953263133683,6.207940429792832,4.402789177694123,4.300351106610127,1.879526904707163,3.7182799691186292,1.670263059112481,4.529309995137374,2.0579968338043373,4.0772511728526055,1.6369466399499653,4.228289110200868,2.1350897493065255,0.0030917414828467806,0.012030045385179461,0.019917949937570605,0.0258437877796936,0.03523792536218959,0.03836930455635492,0.04429514239847791,0.04756525358225816,0.054700041619596886,0.05228214122916543,0.2872455418109894,0.041970834136009216,0.040451206266880035,0.03990064561367035,0.039121098816394806,0.03887087479233742,0.03801471367478371,0.03755149990320206,0.037383466958999634,0.03723940625786781,0.037074219435453415,0.037074219435453415,0.036661114543676376,0.03660960495471954,0.03596040606498718,0.03592259809374809,0.03587440028786659,0.035733334720134735,0.035673122853040695,0.03566775098443031,0.010101010100983864,0.009523809523784786,0.013636363636328218,0.012337662337630293,0.012662337662304773,0.017857142857096477,0.008766233766210997,0.013636363636328218,0.009415584415559959,0.014610389610351661,0.008008658008637207,0.010606060606033058,0.008874458874435824,0.008441558441536516,0.008441558441536516,0.009956709956684096,0.006709956709939282,0.008874458874435824,0.00802833530104172,0.006611570247916711,28.80807877,858.258258,134.51819,0.2444,0.2538
E3H1-4,0.9601074824307565,0.0045473336089293095,0.005374121537825548,0.014468788755684168,0.015502273666804465,0.49447608,0.49573717,0.2888078,0.28882608,-0.001087952412789077,0.4817073,0.51097846,0.2813241,0.25363037,0.15963947053964891,0.42800188,0.5371578,0.25882205,0.29016158,-0.02831471388498,0.50365853,0.48008475,0.28278375,0.28755805,0.034321666905087214,0.47569108,0.49316382,0.29297918,0.28727472,0.017917859715833998,8.031505645325847,2.766587786098601,7.021632554619923,3.770398790198787,4.743216495519979,2.239683680994458,4.596959738184678,1.925606700629456,7.853065157968593,4.0549974091651535,4.199839080657893,2.0829364905948027,4.041556392401197,1.872626769527262,4.266164580042515,2.6623863946565325,4.045669646023844,1.8651302800059706,4.248305562189702,1.942505706992031,0.0030384599698193237,0.012520902157510502,0.01914841551449896,0.026326522288837226,0.03346384436559403,0.0391940943757902,0.04374158815612382,0.04861535951710918,0.05401933194665361,0.05326481504139646,0.2884986400604248,0.04390870779752731,0.04173685610294342,0.03966927528381348,0.03911048546433449,0.03908268362283707,0.03884807229042053,0.038255322724580765,0.03700237348675728,0.03691008687019348,0.03685885667800903,0.036649156361818314,0.036496520042419434,0.03595373034477234,0.035812731832265854,0.03556358069181442,0.03542318567633629,0.03509887307882309,0.03462262824177742,0.03449816629290581,0.011514104778323654,0.013529073114530294,0.013277202072504464,0.013601036269394816,0.012629533678723758,0.012305699481833405,0.012953367875614111,0.009715025906710584,0.010362694300491289,0.011981865284943053,0.00734024179618133,0.009283246977523446,0.008419689119149172,0.006692573402400624,0.011442141623459133,0.009283246977523446,0.00734024179618133,0.007556131260774898,0.009420631182264808,0.008007536504925087,29.69315797,860.881603,133.93375,0.2422,0.2443
E3H2-1,0.9500826787928897,0.0086812732534105,0.011264985531211245,0.014882182720132286,0.015088879702356346,0.49423078,0.49607477,0.28884706,0.28894326,-0.0015016802345815602,0.47125435,0.5216909,0.2767235,0.29790837,0.09954238455970006,0.46587604,0.4930804,0.2948879,0.272805,-0.0036187501625203197,0.4905149,0.43802965,0.28172758,0.2680203,0.03403681894155941,0.5105246,0.52014166,0.28315037,0.2894508,0.006465038193145206,5.862062137509005,2.8145944257916886,4.860139529800697,2.3053901117560183,4.654260228638667,2.216810910520161,4.739377339910959,1.9699665437167158,4.6261340337566095,2.9201807016501955,4.335678646985066,2.4298707007696327,4.190389643140492,2.1630371880196915,4.169619449665413,2.664678625478501,3.857736210031785,1.9248447462360057,4.059486598279055,1.9202174942072068,0.003424880519852587,0.01254053209360472,0.0198460757119975,0.02616192001666862,0.034782721933559926,0.038337826047323255,0.04417184305452462,0.04662004662004662,0.053808389003919724,0.05363909833183576,0.31745830178260803,0.03823404759168625,0.037423331290483475,0.036988064646720886,0.03693423420190811,0.036767154932022095,0.03672202676534653,0.03663240000605583,0.03603736683726311,0.03602101653814316,0.035982415080070496,0.03567664325237274,0.035520974546670914,0.035334646701812744,0.034988243132829666,0.03492458909749985,0.03466566279530525,0.034654662013053894,0.03460242599248886,0.03443172946572304,0.012652403956725587,0.011732229123509182,0.012422360248421487,0.009834368530000344,0.01578674948236897,0.012939958592105715,0.011645962732895143,0.01138716356105303,0.012422360248421487,0.011128364389210915,0.008109040717719581,0.009661835748772267,0.007073844030351124,0.008454106280175733,0.010351966873684572,0.00897170462385996,0.008454106280175733,0.007073844030351124,0.009599096555598421,0.006964050442296894,28.11593466,847.550306,131.59327,0.2432,0.2532
E3H2-2,0.9501860272840017,0.009611409673418768,0.010231500620090947,0.014675485737908226,0.015295576684580404,0.49493572,0.49584934,0.28889173,0.2882298,-0.0008588491228089652,0.47915027,0.4616366,0.283663,0.29624307,0.017961484080475452,0.511456,0.48313645,0.269738,0.30304605,0.019348540389063442,0.42725864,0.5121747,0.2915191,0.29531908,-0.0355417578628391,0.49118325,0.5045236,0.2781487,0.29246402,0.07709445839898345,5.56888133998829,2.7412483181135436,4.6622078191437835,2.649791314177462,4.753087391639194,1.9208983284613463,4.513340011883867,2.0104537048363733,4.964055809732933,2.7810958278847973,4.150757102077933,2.0705903775995043,4.119347815745844,2.1599495769717594,4.3327348845403915,2.295171553651448,4.247791892570105,2.0662515216079083,4.075751322040967,2.010766206784395,0.003455672068636797,0.012736998199343291,0.020230907742823854,0.026334604385128694,0.03394767503442432,0.038263955089503233,0.043586484482575995,0.04753204109734139,0.05364897786251457,0.0535960173710412,0.3227132558822632,0.03917669132351875,0.03793252632021904,0.03785759583115578,0.03717751055955887,0.03710421547293663,0.03672398254275322,0.03585570678114891,0.03550676628947258,0.03529642894864082,0.035181209444999695,0.03457918390631676,0.034555770456790924,0.03455563262104988,0.03452574461698532,0.034452009946107864,0.03441072627902031,0.034236688166856766,0.03407968953251839,0.03407857567071915,0.012909174734874095,0.013600737667099492,0.012448132780057162,0.012448132780057162,0.01296680497922621,0.01115145228213454,0.01296680497922621,0.011929460580888113,0.01167012448130359,0.009595435684627396,0.00933609958504287,0.00985477178421192,0.007607192254479376,0.007434301521423027,0.007952973720592076,0.006224066390028581,0.00985477178421192,0.00933609958504287,0.009053187476405208,0.008110147114279665,28.98942224,848.117531,130.4719,0.2392,0.2509
E3H2-3,0.9500826787928897,0.010231500620090947,0.009714758164530797,0.013745349317899959,0.016225713104588674,0.49387392,0.49572262,0.2884648,0.28856695,0.001748563999495797,0.46711016,0.46849856,0.308921,0.2836827,-0.07053737037374404,0.48196682,0.45906958,0.28356612,0.30065918,-0.18166718841700374,0.48835504,0.5082197,0.2846994,0.27666846,0.009107367592501045,0.52431256,0.5267192,0.29024047,0.29593956,0.028349520892779156,5.028906156128144,2.5747416942381545,5.552694554732104,2.9458821225094503,4.901730785587083,2.2266561727493697,4.5069468936737245,1.5920312357383424,5.014859771749565,2.547065979917195,4.118917903400548,2.4667834026422932,3.9781505947667877,1.982900300804962,4.4306878752702,2.5025231214137142,4.037939562737909,2.0351541952182104,3.8509862257238514,1.8929973385801775,0.0033905146316851667,0.012700975445677767,0.020208543558694923,0.027110662630339722,0.03364951227716111,0.03860073999327279,0.04375378405650858,0.047628657921291624,0.05362933064244871,0.052660612176252945,0.3133804202079773,0.04315643385052681,0.039994847029447556,0.039782434701919556,0.03874414786696434,0.03747543692588806,0.037324804812669754,0.037172071635723114,0.036951690912246704,0.035712435841560364,0.035608768463134766,0.03537670150399208,0.03528037294745445,0.03484445810317993,0.03398153558373451,0.033310409635305405,0.0332145020365715,0.03295540437102318,0.032942719757556915,0.032790493220090866,0.011732229123509182,0.012652403956725587,0.012939958592105715,0.013457556935789943,0.011128364389210915,0.010351966873684572,0.0108695652173688,0.013198757763947829,0.013975155279474172,0.011645962732895143,0.0072463768115792,0.010179434092456497,0.007763975155263429,0.009144237405088039,0.009144237405088039,0.007763975155263429,0.007763975155263429,0.009144237405088039,0.006964050442296894,0.009599096555598421,27.52585134,847.396364,130.59134,0.2409,0.2495
E3H2-4,0.9501860272840017,0.010438197602315007,0.009404712691194708,0.014675485737908226,0.015295576684580404,0.49371544,0.49536175,0.2885488,0.289008,0.0011579920050745658,0.48538998,0.5354086,0.28921115,0.26555446,0.10406304608650994,0.40927365,0.47355187,0.2792306,0.26765618,-0.1815564859801228,0.53581244,0.50017905,0.27908114,0.3011763,0.11225609874772267,0.52315426,0.50303483,0.29727075,0.27999747,-0.16198977047913954,4.685070031429814,2.62709039606807,4.814017136702485,3.1572291887653563,4.409996104772035,2.044185637185566,4.646122453581846,2.0847010765946834,6.3858060246322905,3.3616497938604497,4.150776774678382,1.6705849714960765,4.03252687669702,2.147094342926982,4.277133343525519,2.0333966141099094,4.352625436478744,1.766518008867244,4.429807068472548,2.3489687964153947,0.003185089064527545,0.012137417587458876,0.02076206205025363,0.025270994717732947,0.03432818213990799,0.03768366691570656,0.04482717942668397,0.047422437182965675,0.053661541687966136,0.054054762560130025,0.3217514157295227,0.04215237870812416,0.0387389250099659,0.038628432899713516,0.03664396330714226,0.03634197264909744,0.03618527576327324,0.03606969118118286,0.035599056631326675,0.035599056631326675,0.03542899712920189,0.03523283079266548,0.03487083688378334,0.034548070281744,0.0342685841023922,0.034203916788101196,0.03377094864845276,0.03334494307637215,0.03334494307637215,0.03327581286430359,0.011526048870423298,0.012909174734874095,0.012188796680472638,0.013744813277979783,0.010114107883796445,0.010632780082965492,0.011929460580888113,0.011929460580888113,0.016856846472994073,0.010114107883796445,0.007952973720592076,0.007607192254479376,0.007261410788366678,0.009681881051155571,0.00933609958504287,0.008125864453648424,0.00933609958504287,0.008644536652817475,0.009053187476405208,0.007732930969429449,27.98658532,845.642616,132.10142,0.2532,0.2539
E3H3-1,0.9402645721372468,0.014468788755684168,0.015295576684580404,0.015295576684580404,0.014675485737908226,0.49363568,0.49547026,0.28871414,0.2885795,-0.00011055412115133968,0.5408536,0.50133175,0.28609723,0.2853937,0.11212055604162864,0.50840473,0.4868873,0.2889298,0.28459114,-0.036170482238660345,0.4396836,0.4864292,0.267414,0.29341704,-0.12878852297876223,0.50609756,0.52799,0.29844028,0.29434043,0.04721380231275463,4.386344262390845,2.0587752282272933,4.317246805097145,2.538200367378346,4.730279553150418,2.195541230538162,4.626576881926337,1.9236476180531799,4.215358160474114,2.0638137046486826,4.256766645592091,1.9588467479916642,4.297079741367795,2.4391374316778895,4.032313589293843,2.019476406258325,4.629379609189035,2.170423075328093,4.364864772129103,2.2137430347104567,0.0031687593299814087,0.012940626974750666,0.020459561685486898,0.02496542755355295,0.03328113122876427,0.03828154335064245,0.04371239387861637,0.0482823675943988,0.05370405985841324,0.05453746187872627,0.3330124020576477,0.039874475449323654,0.039504751563072205,0.03929108381271362,0.03775807470083237,0.03763875737786293,0.035673197358846664,0.03543207049369812,0.03522317484021187,0.0348842553794384,0.03470051288604736,0.034009899944067,0.033583469688892365,0.033427849411964417,0.033427849411964417,0.03307754173874855,0.03262775018811226,0.03229909390211105,0.03228244557976723,0.03227126970887184,0.013071895424813986,0.009996155324857753,0.012759515570912181,0.011029411764686801,0.01254325259513401,0.015787197231806598,0.01016435986157411,0.01189446366779949,0.012326989619355836,0.01254325259513401,0.008073817762385109,0.00879469434831235,0.009515570934239593,0.007352941176457867,0.007352941176457867,0.008506343713941454,0.0089388696654978,0.008362168396756004,0.009279647687936132,0.008650519031126902,25.66913266,834.997888,130.70825,0.243,0.2511
E3H3-2,0.9403679206283588,0.016432410086812732,0.01322860686233981,0.01343530384456387,0.01653575857792476,0.49374092,0.4968445,0.28886485,0.28863367,0.0035185339962373317,0.5067495,0.49243152,0.3001416,0.27889454,0.05057795885944211,0.5302973,0.44590837,0.27655387,0.28666967,-0.21130725098272374,0.49343342,0.5104954,0.2844373,0.29224733,-0.12629095881251884,0.46158534,0.46546608,0.27354613,0.29313117,0.01960060221626831,4.143594595053853,2.3937407756528044,4.670677938354698,2.4038547369104295,5.341866596558162,2.2038078312057525,4.504108534848498,2.067729746921709,4.7457339529066225,2.581993124218633,4.3065707049886095,1.8464624571599635,4.125034907073912,2.163839232237203,4.152045759220628,2.114581167356316,3.7407254516049444,1.7542193693249943,4.17540849232816,1.9146707085537942,0.003098062799555337,0.012538042388788658,0.01993694531007964,0.02647021303737722,0.03478942284912434,0.03840686676507572,0.043391103092595626,0.046962987261494726,0.05458968891804713,0.05315000091119494,0.3352425694465637,0.044396694749593735,0.041865572333335876,0.040929198265075684,0.03899254649877548,0.03623409569263458,0.036226071417331696,0.03446146845817566,0.03396683931350708,0.03355652093887329,0.03327850252389908,0.03302831947803497,0.032972946763038635,0.03282107785344124,0.03251216560602188,0.03229903429746628,0.03195500373840332,0.031879790127277374,0.03184729069471359,0.031534332782030106,0.011939148854206152,0.010976314269189526,0.011698440207951997,0.01299826689772444,0.012131715771209478,0.014081455805868143,0.012348353552838217,0.011698440207951997,0.012348353552838217,0.011915077989580736,0.009676487579417083,0.009820912767169577,0.008087810514139652,0.008376660889644639,0.008521086077397133,0.0073656845753771825,0.00880993645290212,0.008232235701892146,0.008350401764598732,0.007405073262946044,25.16431933,836.881803,127.99844,0.2395,0.2455
E3H3-3,0.9401612236461347,0.014262091773460108,0.015605622157916494,0.014158743282348077,0.015812319140140554,0.4939018,0.49640596,0.2885288,0.2885991,0.0008161176507918386,0.5039767,0.45529354,0.29169875,0.28476137,0.04091771573703275,0.49305442,0.5048827,0.29836693,0.2860489,-0.03487150638692642,0.5067652,0.493876,0.2718736,0.30575538,0.024365410356676557,0.47417507,0.48670655,0.29694587,0.27985275,-0.06936167251429677,4.236268214234334,2.0824601587353397,4.088544258925,2.151319758599025,4.864455782387646,2.045430338501546,4.46662123005377,1.8105394105535493,4.489708235758354,2.2169762574009546,4.565392310771575,2.327673218895894,3.693236257003566,1.8131580686300772,4.251449616317099,2.2723526918028556,4.002676346810886,1.7935976858557656,4.133106020718429,1.9607248457575956,0.00317442740342912,0.012706937600354355,0.01934185999298673,0.02553383902700109,0.03394976284074341,0.03816695273425244,0.043316169278186885,0.04807781038333057,0.05339313068674677,0.05567244338630198,0.3430892825126648,0.037824034690856934,0.03703412041068077,0.03693057969212532,0.03635657578706741,0.0355503112077713,0.035418663173913956,0.03536972776055336,0.034840602427721024,0.034564923495054245,0.03411724418401718,0.0340404286980629,0.03362352028489113,0.0335514061152935,0.03351230546832085,0.03321230411529541,0.03288253769278526,0.032746780663728714,0.03266942501068115,0.03266528248786926,0.013241220495083637,0.010938399539416917,0.011442141623469012,0.012305699481844031,0.012953367875625297,0.011873920552656523,0.013601036269406562,0.010362694300500238,0.012305699481844031,0.012953367875625297,0.009643062751854387,0.007484168105916837,0.009355210132396048,0.010074841681041898,0.008203799654562688,0.0066206102475418185,0.007628094415646008,0.009499136442125218,0.00847856806404565,0.007693515465522903,25.80686014,839.644545,129.06949,0.2402,0.2451
E3H3-4,0.9403679206283588,0.014882182720132286,0.014778834229020257,0.014778834229020257,0.015192228193468375,0.4938133,0.4974415,0.28873774,0.28899908,8.812497924277465e-05,0.5278624,0.46192324,0.2843265,0.28542954,-0.021434797315645602,0.49232474,0.4579827,0.2922195,0.2615976,-0.02798657263703211,0.4763773,0.4939552,0.29080504,0.27774748,-0.033971020083298456,0.48473534,0.46350744,0.27928898,0.2999501,0.08057229377199458,4.331209081571825,2.2709677581102747,4.451679562733291,2.4510658693551184,5.0281431155459915,1.9533762841525337,4.710263239397689,1.7967710488466104,4.4759021928340434,2.3675279193860193,4.1295930950953545,2.1671319454386664,3.8824223655996724,2.0623252565927457,3.834309844298618,1.8691902561587734,4.064592966927922,1.9279124074921856,4.122608499697836,2.0201540127282964,0.003220087557436955,0.012645175295777706,0.019510474329751438,0.026113462860450812,0.03509533630015557,0.037935525887333114,0.04384203480589023,0.04718875502008032,0.053438981149824524,0.05434350012663266,0.3403383791446686,0.042167190462350845,0.03682665899395943,0.03619721159338951,0.03601120784878731,0.03584134951233864,0.035389214754104614,0.03477061912417412,0.034412283450365067,0.034245073795318604,0.034195564687252045,0.03394000604748726,0.03379528596997261,0.03350676968693733,0.03350202739238739,0.03327735513448715,0.03301354870200157,0.03294207900762558,0.03283219411969185,0.03279603645205498,0.012709416522219451,0.011361448103196177,0.012348353552838217,0.011265164644694514,0.010831889081437033,0.01299826689772444,0.01343154246098192,0.013214904679353181,0.013864818024239403,0.009965337954922071,0.009243212016159602,0.009387637203912096,0.008665511265149627,0.008232235701892146,0.009532062391664589,0.010254188330427058,0.008376660889644639,0.006210283073357233,0.007877737513772388,0.006774854261844254,25.62426532,836.733195,128.91017,0.2409,0.254
E3H4-1,0.930343116990492,0.019429516329061595,0.020256304257957835,0.015295576684580404,0.014675485737908226,0.49389565,0.49553582,0.28900945,0.28859603,0.0005689401660275746,0.50142705,0.4875135,0.2862048,0.29532388,-0.04733235933381225,0.47336984,0.46406952,0.27074674,0.28493717,0.001697579784101463,0.5097231,0.53315395,0.28707045,0.2843909,0.08404017784118832,0.4962212,0.5258415,0.29327345,0.28697708,-0.07777509956506404,3.802561747855268,1.961895713855802,3.753471813864909,2.0893853103663607,4.865805896466158,1.757113112872557,4.886717220432018,2.189988845990165,3.76038953234792,1.9699612079309767,4.124810977684032,1.8755930507427043,4.000459312983999,2.1066121253951127,3.8168555374027338,2.0361482070035564,4.3365819701901005,1.8790400500520734,4.40094454462472,1.8444395857300893,0.0032521636295221204,0.01241735203999355,0.02044697091866903,0.025405848519056064,0.03485324947589098,0.03841450303714455,0.04332634521313767,0.04809036176960705,0.05393619308713648,0.05319034564317583,0.365199476480484,0.040415436029434204,0.03743518143892288,0.03476152569055557,0.03468266874551773,0.03411150351166725,0.03379615396261215,0.03357475996017456,0.03355631232261658,0.03330574929714203,0.0328228622674942,0.032584741711616516,0.03230604901909828,0.03209926560521126,0.031827256083488464,0.031646739691495895,0.03156288340687752,0.03150510415434837,0.03143472597002983,0.031371552497148514,0.01121002307944265,0.012858555885243038,0.012240356083067894,0.013538575667635699,0.00964391691393228,0.013909495548940788,0.012425816023720436,0.01261127596437298,0.011869436201762805,0.01168397626111026,0.0076656775469718125,0.00964391691393228,0.007542037586536782,0.008407517309581988,0.009149357072192162,0.008160237388711928,0.008531157270017017,0.007789317507406841,0.008632317237645676,0.009306717021836745,24.00969435,825.656938,126.92016,0.2399,0.2519
E3H4-2,0.930653162463828,0.019636213311285657,0.019739561802397686,0.014778834229020257,0.015192228193468375,0.4943622,0.4957246,0.28949645,0.28876254,-0.002414398322003157,0.4767009,0.4719447,0.28040615,0.27395904,-0.08927881799397379,0.49297664,0.5128228,0.26520827,0.28964525,0.10523997430532708,0.4913014,0.555707,0.28491753,0.29865357,0.05239139937420803,0.49170402,0.4484031,0.2794416,0.27797434,0.07630942968820621,3.491792614512027,1.8459101649970036,3.744603078494503,2.100595810324176,4.740472155398492,2.094770537321794,4.618129645118712,1.9004352372758713,3.6126860563301655,1.6705103177039922,4.2142482151261875,2.0946313285058955,3.9871256539766358,1.8659518717862031,4.204832742704223,2.305243155024701,4.00316027186829,1.8759558778224092,4.347099773915856,2.172120662165278,0.0032328988109177007,0.012385189810839642,0.019839721073036193,0.025759113262040435,0.03383810787604402,0.03863216506647933,0.043536804308797125,0.04772591262716935,0.054393359873025786,0.05399006062498374,0.3497626483440399,0.042388156056404114,0.03784818574786186,0.0376783087849617,0.036523301154375076,0.03590626269578934,0.034041628241539,0.03380687162280083,0.033613547682762146,0.033577531576156616,0.033422715961933136,0.03333383798599243,0.03328030928969383,0.03297197073698044,0.032546427100896835,0.03228282555937767,0.032016754150390625,0.031905319541692734,0.031649570912122726,0.03144386410713196,0.01126014240766661,0.01142573273719112,0.014157973174345518,0.014157973174345518,0.01080476900147421,0.01285394932934001,0.01434426229506059,0.011363636363619428,0.012108792846479718,0.009687034277183775,0.00782414307003305,0.00869349230003672,0.009438648782897012,0.008320914058606575,0.006830601092885994,0.00931445603575363,0.009066070541466865,0.008445106805749959,0.009212843788090863,0.007587047825486593,24.88155417,822.295165,127.81165,0.2419,0.2529
E3H4-3,0.9309632079371641,0.019739561802397686,0.019326167837949566,0.014985531211244315,0.014985531211244315,0.49339342,0.4961343,0.28854057,0.28841746,-0.0004883120186051704,0.48173922,0.5094063,0.2956893,0.28851816,-0.006574372713972104,0.49217424,0.5118735,0.28852174,0.30505383,0.10626448670492049,0.5220353,0.48655754,0.28104234,0.29335454,-0.060337940166253066,0.51564336,0.44313267,0.2914035,0.271263,-0.027256565512150444,3.649913336638649,1.8326922565664505,3.5866718369215866,1.9490733024982936,4.395530750565509,1.8317127203244845,4.551455562555545,1.783480862308345,3.918461264118535,1.9846548916323112,4.562486193986107,2.447448151074758,4.2382669635604255,2.27907025087414,4.304533427383036,2.4188160568606856,4.093271320916065,2.2358757989998503,3.9754993829197716,2.0432119325297853,0.003634486463107521,0.012375391526972633,0.02029313075082491,0.026152955374645098,0.033868391129341674,0.03804002818296605,0.04290926340609282,0.047492483379723616,0.05388248261236562,0.05468472050729339,0.3556938171386719,0.03683236986398697,0.036430589854717255,0.03605692833662033,0.035936642438173294,0.03558553010225296,0.03543467074632645,0.0348864421248436,0.03456941246986389,0.034430984407663345,0.03423372283577919,0.0341140516102314,0.03311489522457123,0.03215556964278221,0.03214559331536293,0.03197691962122917,0.03188058361411095,0.03187562897801399,0.03134363144636154,0.03130205348134041,0.012641383898850006,0.010479041916151977,0.011788922155670975,0.01160179640716826,0.013285928143692685,0.014034431137703541,0.011414670658665547,0.011227544910162833,0.011976047904173689,0.013660179640698114,0.009481037924137504,0.008732534930126648,0.00823353293411941,0.007235528942104936,0.008857285429128458,0.00848303393212303,0.00860778443112484,0.007859281437113983,0.009662493195412862,0.007621121393565074,25.0955399,824.845985,129.64424,0.2468,0.254
E3H4-4,0.9304464654816039,0.018396031417941296,0.0211864406779661,0.014572137246796197,0.015398925175692435,0.4942973,0.49503464,0.2884789,0.28861138,0.003745034262878243,0.4712935,0.5070939,0.3001896,0.29395956,0.04489101494678931,0.5165973,0.45758578,0.2849174,0.2894197,-0.14271568940062018,0.49152398,0.53251594,0.2891988,0.26930472,-0.08345831051422167,0.46807986,0.5439654,0.28626814,0.29211846,0.01928691115441762,3.5743015048550553,1.870735056406248,3.7004105131045035,2.220664828020677,4.792502306194986,1.9848735636194716,4.642282516130081,2.0772541617513975,3.5817391873382345,1.808941123804548,4.398374555526591,2.2851076560270283,4.050512882802167,1.8277134341820744,4.084031076570748,2.1089142784610893,4.427099779972692,1.9768926656084476,3.904099168063991,1.7562035248438106,0.003371251432951439,0.012453959015893043,0.020878695997232452,0.025342042964801963,0.03382104556276836,0.03844040617814045,0.043195430835080005,0.048282832393859845,0.05423170061659307,0.053315968336012695,0.3498912751674652,0.04688897728919983,0.038458991795778275,0.03771013766527176,0.03596663102507591,0.03572433069348335,0.03478892892599106,0.03407684713602066,0.03284396976232529,0.03277149423956871,0.03255412355065346,0.032552462071180344,0.03249708190560341,0.03245973587036133,0.03218694403767586,0.0320299006998539,0.03191487491130829,0.031694721430540085,0.03161727637052536,0.03137124702334404,0.012877662208995229,0.012052171041751944,0.013744427934600676,0.012258543833562766,0.010215453194635639,0.012815750371451983,0.010772659732524855,0.01188707280830329,0.013558692421970938,0.011701337295673549,0.0076770678553625404,0.008296186230795003,0.009658246656746422,0.008296186230795003,0.00718177315501657,0.007429420505189555,0.009162951956400453,0.009162951956400453,0.00932054572469235,0.00864514386058421,24.78245308,821.907078,128.88155,0.2461,0.2528
E3H5-1,0.9208350558081853,0.024803637866887142,0.024390243902439025,0.015088879702356346,0.014882182720132286,0.4948537,0.49619833,0.28860447,0.28832823,0.00490104275829848,0.46143293,0.5064266,0.28347284,0.29098994,-0.10964099042373018,0.48077717,0.47888538,0.29162562,0.2962668,-0.12114765622063813,0.50434345,0.49854887,0.28560442,0.28012913,-0.10194350729338646,0.50008464,0.475871,0.29448932,0.29943055,0.17628335701191508,3.233120350995445,1.6959066786370507,3.3299075325858047,1.5973560445006916,4.893328570737408,1.9304321732496403,4.523847985312377,1.979076514495988,3.167467144962396,1.7140551971617184,4.128122902838884,1.8360559084780246,4.270497889730233,2.2324159798619423,4.045946415946631,2.185036703558726,4.383764560460143,2.165499466513588,4.292243023803446,2.289330335765131,0.00349492790073776,0.012690727699530517,0.019911133467471497,0.025784917840375586,0.035185068745808186,0.03885814889336016,0.043343393695506376,0.04732038061703555,0.05367622401073105,0.05306841046277666,0.37000322341918945,0.04139040783047676,0.03848908469080925,0.03720397502183914,0.03442157432436943,0.03415048122406006,0.03293868154287338,0.032837990671396255,0.03278019279241562,0.032602522522211075,0.03244698420166969,0.032072003930807114,0.03167928755283356,0.03164612501859665,0.03137936815619469,0.031346872448921204,0.03130435198545456,0.031101137399673462,0.030248627066612244,0.029957091435790062,0.013344937626904538,0.011749347258470301,0.01387075718013855,0.011912532637060167,0.012238903394239897,0.01109660574411084,0.011912532637060167,0.012075718015650033,0.013381201044368954,0.010280678851161514,0.009355961705818944,0.00957354221060543,0.007832898172313535,0.007615317667527047,0.008376849434279751,0.0068537859007743425,0.0092471714534257,0.00957354221060543,0.008782340375018205,0.007476857346299283,23.66545697,816.925916,125.82871,0.243,0.2485
E3H5-2,0.9205250103348491,0.026043819760231502,0.023460107482430756,0.015812319140140554,0.014158743282348077,0.49383464,0.49558052,0.28911796,0.28861928,0.0028385316576217006,0.5067751,0.46993545,0.29034692,0.28110763,-0.020306656577238784,0.48828837,0.52613306,0.28008768,0.29049078,0.019261667772316558,0.47831976,0.51384735,0.27957392,0.2989373,-0.08387470820450847,0.50133526,0.4845973,0.27789897,0.28498217,-0.07359001532353103,3.4366911641728115,1.8480650200377151,3.566895876279518,1.7140731487664178,4.581415718130017,1.9514137538170266,4.845765017412822,1.940808228161621,3.287558161242366,1.5110364581036941,4.2175012521138076,1.909246676298837,3.9831299425332394,2.0294833936305405,3.904370372103319,2.049591646681513,4.122320599604002,1.8976792485739415,4.093637277313052,1.7969590831090583,0.0033854446336611384,0.012253059429383819,0.02026664211963609,0.025907345187503518,0.03405389096004459,0.03852349611082984,0.04380622164945818,0.04784625376515651,0.05361480595060933,0.053676173527050314,0.37288591265678406,0.046888675540685654,0.037044037133455276,0.036356888711452484,0.03380817174911499,0.0337892509996891,0.03358357399702072,0.0324861966073513,0.03170226514339447,0.03151789307594299,0.0314691923558712,0.031312618404626846,0.031256694346666336,0.03103765845298767,0.03103765845298767,0.031021807342767715,0.030944805592298508,0.030810214579105377,0.030692370608448982,0.030354177579283714,0.011847998844082266,0.010981072099393321,0.013003901170334195,0.01332899869959255,0.01202860858255913,0.013491547464221728,0.012841352405705019,0.011703511053300775,0.011053315994784065,0.011866059817929953,0.008560901603803345,0.008777633289975582,0.0076939748591143995,0.00758560901602828,0.008452535760717228,0.009102730819233937,0.009536194191578409,0.007477243172942162,0.009930251802800659,0.007684123418833843,23.29028281,814.517508,125.02833,0.2426,0.253
E3H5-3,0.9205250103348491,0.025217031831335262,0.024286895411326996,0.015088879702356346,0.014882182720132286,0.4928297,0.49435884,0.2885677,0.28881925,-0.0028979907371808633,0.50084966,0.5046888,0.27530038,0.28880715,0.03844961923875447,0.5082512,0.5272268,0.2949053,0.2930873,0.03692529697683969,0.50167054,0.5092292,0.29725736,0.27223092,0.011216142523567686,0.5171917,0.50247175,0.2949481,0.28410354,0.029041597661727505,3.341462395456934,1.695763151594168,3.177425703633193,1.728893368854723,4.645896816138057,2.040151493459253,4.77068993283511,2.221477438370729,3.438351374812623,1.5893710954531195,4.1382348709545855,1.9264157719936723,4.2477059586255885,2.339527202594495,3.8602604754215366,2.043277956270057,4.497780224238392,2.2802982893675536,4.592928780312667,2.4426725229944437,0.003271627945500476,0.0126723816623183,0.019681533937963305,0.025349939951132643,0.03402078933200811,0.03834844908270179,0.04327659750693668,0.047785439184991924,0.05418374953410362,0.054742825195676484,0.37777093052864075,0.036471281200647354,0.035064008086919785,0.03414090350270271,0.03410971164703369,0.03373883292078972,0.03346630558371544,0.03322918713092804,0.032868191599845886,0.03266308456659317,0.03225449472665787,0.032198142260313034,0.032146159559488297,0.031942177563905716,0.031798750162124634,0.03136193007230759,0.03129302337765694,0.03120942786335945,0.031198827549815178,0.031074583530426025,0.011414535471737795,0.011414535471737795,0.011378413524042421,0.012353706111817485,0.013003901170334195,0.012516254876446663,0.011053315994784065,0.012516254876446663,0.013003901170334195,0.013491547464221728,0.008019072388372754,0.007152145643683807,0.007802340702200517,0.009319462505406174,0.008019072388372754,0.008452535760717228,0.0088859991330617,0.009536194191578409,0.008748078969133913,0.008866296252500587,23.39436055,813.92242,126.96149,0.2419,0.2659
E3H5-4,0.9209384042992972,0.024493592393551054,0.024596940884663084,0.015708970649028525,0.014262091773460108,0.49621737,0.4946448,0.2885201,0.28859967,0.0006775381608723895,0.45754862,0.51104915,0.28479072,0.2864956,0.025422111678732078,0.47996515,0.5126051,0.27935,0.2828483,0.012214638137929017,0.4724807,0.49453613,0.30206177,0.30412057,-0.04234498393657274,0.45448923,0.5140014,0.29577625,0.2867626,-0.027929059412224153,3.1129590173611787,1.6152597980824808,3.375188081815373,1.6535282980764272,4.428599445440845,1.9123921653118918,4.988252867996772,2.066278596405977,3.306056816598117,1.6077177171116137,3.8299998901652486,1.7447581523267208,3.9076101656599613,2.24562220334382,4.003708482725209,1.9304457791822613,4.151496108460239,2.201116079222675,4.255063351656988,2.152040422168868,0.0035170908634144043,0.012472064773090069,0.019815038703700796,0.026137428231981452,0.03456902552507759,0.03834257093061596,0.043864194235529945,0.046857908482364825,0.053860687612198865,0.05389732397535943,0.3694644570350647,0.03882504999637604,0.037674788385629654,0.03551876172423363,0.03516145795583725,0.034995075315237045,0.03499237447977066,0.034689761698246,0.03439462557435036,0.03428710252046585,0.03335212171077728,0.03212358057498932,0.03127172216773033,0.03127172216773033,0.031126633286476135,0.030709853395819664,0.030353911221027374,0.030013250187039375,0.02989816665649414,0.029875461012125015,0.013071895424819515,0.013652868554811492,0.013562091503250245,0.015849673202593662,0.011601307189527319,0.010294117647045367,0.01127450980390683,0.00996732026142488,0.010294117647045367,0.01209150326795805,0.0077342047930182125,0.00838779956425919,0.007407407407397725,0.008823529411753172,0.0080610021786387,0.009586056644867643,0.00838779956425919,0.00838779956425919,0.008318478906703326,0.009744503862138182,23.75645779,806.459378,126.41855,0.2441,0.2642
E3H6-1,0.9111202976436544,0.029247622984704423,0.029661016949152543,0.015502273666804465,0.014468788755684168,0.4938402,0.49435255,0.2886707,0.28811312,0.004489348222612282,0.48746017,0.50592923,0.28644875,0.29738197,0.006197313323458492,0.49711055,0.52506936,0.28763413,0.29442483,-0.07166062414201751,0.4817073,0.49124295,0.28428936,0.28032693,-0.16846950593434745,0.5173345,0.5087772,0.297214,0.2982425,0.020494154188296747,3.205763889777487,1.5508245166959709,3.1558856485854228,1.4775800878157868,4.449641049031282,1.9028122699772008,4.364294402653723,2.3074581119478537,2.8927117682536947,1.383800613590727,4.251294888576063,1.9546060225091983,4.194729429285598,2.1444326300534517,4.014864180805649,2.0085257564227046,4.607728527769754,2.010994564492552,4.319247479716058,1.9124420363241912,0.0033697483558889074,0.012529945189328852,0.019854757992700273,0.02528565515684381,0.03403613072616823,0.0387562869219481,0.043233955022639194,0.04807535526596345,0.054296429153758353,0.05389506954809417,0.39660540223121643,0.036570385098457336,0.03647330403327942,0.035041168332099915,0.032059844583272934,0.03195366635918617,0.0317583791911602,0.03167187049984932,0.031130408868193626,0.03110034018754959,0.031004739925265312,0.030911549925804138,0.030826440081000328,0.030775999650359154,0.0306079238653183,0.030385704711079597,0.030347399413585663,0.03029106929898262,0.03026384487748146,0.03022053651511669,0.012273901808771257,0.011498708010322546,0.012209302325567198,0.013372093023240265,0.011773255813939799,0.012354651162776332,0.011918604651148933,0.011337209302312398,0.012645348837194599,0.012645348837194599,0.00862403100774191,0.007364341085262754,0.008333333333323643,0.00852713178293582,0.00852713178293582,0.008139534883711465,0.007558139534874933,0.008817829457354088,0.009408033826627539,0.00961945031711355,22.71117585,801.01219,126.20571,0.2616,0.2702
E3H6-2,0.9109136006614303,0.027490698635799917,0.03162463828028111,0.016122364613476645,0.013848697809011988,0.4938125,0.49539158,0.2893433,0.28875214,0.0010385636999536126,0.4920686,0.49101567,0.28332636,0.27666813,-0.06415914181125351,0.49457997,0.4989199,0.27852777,0.29593366,-0.014412303351026792,0.4840525,0.51999134,0.29483008,0.28992268,0.15553733200872683,0.51337826,0.49418166,0.26752573,0.28663135,-0.1069973684526339,3.2217652261702834,1.696946470481772,2.955496262032501,1.5017449595531487,4.810857722753909,1.9405938219203622,5.1880499436009995,2.1687648023186585,2.9158119244728606,1.4554523602583405,4.087323914218065,1.8879777307983363,3.9678845485293706,2.023422366735015,3.6326668937138202,1.8611453350745701,4.130964073872647,1.8700875176422844,4.0779892183525845,1.8754838928756432,0.0034130382915397895,0.012358110212020849,0.02000509529413192,0.02550073396498805,0.0337664333345465,0.03831580309518899,0.04307949872011064,0.04760864905959472,0.05393328399794571,0.055352687363266165,0.39602240920066833,0.036417536437511444,0.03612884506583214,0.033782050013542175,0.033641744405031204,0.03345736116170883,0.033436357975006104,0.03299201279878616,0.03276520594954491,0.03240421786904335,0.03093058615922928,0.0307460967451334,0.03044304810464382,0.030403096228837967,0.030299030244350433,0.029432522132992744,0.029364584013819695,0.029338855296373367,0.02903844602406025,0.028955955058336258,0.01108533127093326,0.01185872647588209,0.012470997679799917,0.0120359628770162,0.012470997679799917,0.01421113689093479,0.012906032482583636,0.01131090487237667,0.014066125290006884,0.009715777262169703,0.008700696055674362,0.007830626450106926,0.007637277648869717,0.009474091260623192,0.007540603248251113,0.009764114462479006,0.008990719257530174,0.008120649651962738,0.00780426070448367,0.008858890529413896,23.32370689,807.22896,123.89225,0.2399,0.2507
E3H6-3,0.9118437370814386,0.028524183546920216,0.029661016949152543,0.015192228193468375,0.014778834229020257,0.49331707,0.49625593,0.28869492,0.28895622,0.0032591813888104243,0.5201926,0.49490297,0.29863372,0.2918826,0.05794597927840818,0.48364067,0.4934152,0.271532,0.27693236,-0.03047668541666426,0.5010785,0.4827626,0.2900751,0.2904365,-0.18731601505051867,0.49249533,0.4850658,0.2955011,0.28509888,-0.06656157074766215,3.0864093751004646,1.5671506715255468,3.3182026594243252,1.664337380421225,4.6870103992015935,2.0631101070215543,4.720664590105328,1.9670210933215329,3.0622151303831937,1.513111087104615,4.254698891671853,2.298960308623574,4.232347385336292,2.2369403828675734,4.288092000753692,2.3237305005239377,3.9229975625228146,1.8175450243063636,4.087115539408477,1.8725306195806921,0.003599811239596253,0.012190080056126987,0.020003591459009342,0.025620466305015098,0.03390587871726448,0.0390800853597932,0.043669635884522065,0.04777893316962962,0.05364219880813675,0.05384265233423956,0.37943941354751587,0.039472546428442,0.03575718775391579,0.03575718775391579,0.034153711050748825,0.033149734139442444,0.03311913460493088,0.03311913460493088,0.0330183282494545,0.0330183282494545,0.032749153673648834,0.031730033457279205,0.03160158544778824,0.03141694515943527,0.03092815726995468,0.03054807521402836,0.030420130118727684,0.030249813571572304,0.030244512483477592,0.030106866732239723,0.010550996482988803,0.013025921583936794,0.011283704572085248,0.014654161781928894,0.011869871043362403,0.010550996482988803,0.011576787807723825,0.013921453692832448,0.012895662368097426,0.011723329425543114,0.007815552950362077,0.008890191481036862,0.008597108245398284,0.009280969128554965,0.008792497069157336,0.008987885892916388,0.007815552950362077,0.0076201641266030245,0.009165512096333707,0.007780027709678613,22.00249906,804.464956,125.14145,0.2574,0.2693
E3H6-4,0.9111202976436544,0.029661016949152543,0.029247622984704423,0.016432410086812732,0.013538652335675899,0.49308494,0.49695373,0.28876844,0.2887986,0.0010333267883994653,0.4978754,0.50437015,0.29278144,0.29880682,0.02472053899603064,0.5180557,0.45987305,0.28138536,0.28449407,-0.04803669420501165,0.50797665,0.48385036,0.28899086,0.28298825,-0.003646604624850018,0.47095513,0.4887437,0.28321454,0.26629746,0.0004977895252549581,3.207545007579615,1.487749032810922,3.031898122977681,1.5473093452981406,4.428405623583303,1.6746097971283966,4.855985996571553,1.9922395241816864,3.135770348662059,1.6495306269035874,4.1496431996878576,2.093620971362849,4.4041782521459165,2.3678467526177513,3.814066257447392,1.99395756767317,4.456660654338727,2.308460208216112,4.606291309501396,2.5295123192563786,0.0034689920076739563,0.01235440776988055,0.01978441806522036,0.024890741223119447,0.03419789379674767,0.038737766531462804,0.0429468652964355,0.04823511413769293,0.053825194226340356,0.05489194027875976,0.3879936635494232,0.03550243750214577,0.035083871334791183,0.03506134822964668,0.03486250340938568,0.03474472835659981,0.032829951494932175,0.03267117217183113,0.03212819620966911,0.03201843053102493,0.03146377578377724,0.031276099383831024,0.0310286246240139,0.030714500695466995,0.0306814294308424,0.030621010810136795,0.030468828976154327,0.030369387939572334,0.03025956265628338,0.030220508575439453,0.011757105943138783,0.010465116279057598,0.012063953488358065,0.014825581395331598,0.010610465116266732,0.012936046511612865,0.011773255813939799,0.012790697674403733,0.011337209302312398,0.013662790697658531,0.008817829457354088,0.008720930232547998,0.008914728682160178,0.008817829457354088,0.007558139534874933,0.009205426356578443,0.009883720930221065,0.007073643410844488,0.007716701902739442,0.007928118393225454,22.34960212,803.323542,125.28613,0.2481,0.2593
E3H7-1,0.9010954940057875,0.034621744522529974,0.03431169904919388,0.015502273666804465,0.014468788755684168,0.493843,0.49567765,0.2884325,0.2883424,0.0005915874852133573,0.49373865,0.48287377,0.2831725,0.29265252,-0.026280625094335774,0.47869527,0.5129926,0.29289922,0.29314783,-0.0049370675970560225,0.49788618,0.48717514,0.3018541,0.28553453,0.010725005052710826,0.52979094,0.5002421,0.28759098,0.28966078,0.03185940250635117,2.649809609781832,1.4840450225389996,2.787392385419034,1.346019684444773,4.621436463676657,1.931059729492192,4.843990345220795,2.2136041312062638,2.8308398498632914,1.5331421489554018,4.203292605684788,1.8865834046331962,4.128570369857336,2.10180714346018,4.0345714875425465,1.8357078398684548,4.233197560615351,1.972379115853659,4.352892755181218,1.8971007692153663,0.003518056757077672,0.012559157294794157,0.019849710786558783,0.02553898868590233,0.03360303970959917,0.03844418435024511,0.043146235136464636,0.04797720217800621,0.05476566078062185,0.053931097654063405,0.3943937122821808,0.03490324690937996,0.03394553065299988,0.033142536878585815,0.033142536878585815,0.03313719853758812,0.03302769735455513,0.03259439021348953,0.03248611465096474,0.032289497554302216,0.03168554604053497,0.03155233711004257,0.031113089993596077,0.030962171033024788,0.030881665647029877,0.030432675033807755,0.030387625098228455,0.030030807480216026,0.030014432966709137,0.02987710013985634,0.011610356437930512,0.013932427725516616,0.012147335423184798,0.011886102403331362,0.01136363636362449,0.011886102403331362,0.013845350052232136,0.010449320794137462,0.011102403343771054,0.0135841170323787,0.008533611981878927,0.007836990595603097,0.009578544061292672,0.007836990595603097,0.008794845001732363,0.007924068268887575,0.008620689655163405,0.008185301288741011,0.008549444286112469,0.008929419587717466,21.75697181,792.255927,123.45716,0.2452,0.254
E3H7-2,0.9004754030591153,0.037412153782554775,0.03214138073584126,0.014262091773460108,0.015708970649028525,0.4948101,0.49423325,0.28881422,0.28895104,0.005269677236036543,0.4786417,0.5011705,0.29076177,0.2913957,-0.007673975617898382,0.4909027,0.5285029,0.27844638,0.2765509,-0.149995491509943,0.48223755,0.4814542,0.29395095,0.28799206,-0.05257337760201063,0.49494544,0.5165589,0.28878057,0.28534645,0.052388048068774964,2.583921778660082,1.4064296549642303,2.8393760074262993,1.5127545086908278,4.584086221153084,1.9819643040533512,4.462962747489408,1.8271678800510416,3.260842529600157,1.925992583997908,4.401769308844764,2.3292771247938657,4.107072625605714,1.982497664421486,4.2829672355422,2.0216477998094966,4.06212092338408,2.1074382055710315,4.443361402527349,2.0771399714566536,0.003524407007120475,0.01243314375802112,0.020299542022527543,0.025918397925746413,0.03428967889460004,0.03889225477358454,0.04340036872723956,0.04724724920358825,0.05370974781923245,0.053618543201672954,0.3965107500553131,0.03498974069952965,0.03433408960700035,0.03422168269753456,0.0332484133541584,0.03247018903493881,0.03229379653930664,0.032142605632543564,0.032129865139722824,0.03197767958045006,0.03157482296228409,0.03157205879688263,0.030930252745747566,0.03089529275894165,0.030408235266804695,0.030237779021263123,0.030225295573472977,0.030051015317440033,0.029972229152917862,0.02981421910226345,0.011884158301591443,0.013384100611501044,0.012850467289706282,0.012461059190018213,0.011812045690538097,0.012461059190018213,0.01233125649012219,0.010384215991681845,0.012850467289706282,0.011422637590850028,0.006663205261329183,0.008999653859457597,0.00822083766008146,0.008480443059873506,0.008134302526817445,0.008307372793345475,0.00917272412598563,0.010038075458625782,0.00821297082978473,0.008496176720466963,21.35109434,784.585815,123.93291,0.2662,0.2745
E3H7-3,0.9015088879702357,0.03513848697809012,0.03338156262918562,0.013538652335675899,0.016432410086812732,0.49387237,0.49642187,0.28824446,0.28889626,0.00042333480964891,0.47672164,0.48614156,0.28924796,0.28400758,-0.03398005175318764,0.49867854,0.47866926,0.29599237,0.2774955,0.07912926863632533,0.5250419,0.49055508,0.2894507,0.29551974,-0.04302707300726033,0.49693206,0.51918775,0.29147232,0.29975936,-0.07164449391269788,2.81141278190539,1.4365254012938746,2.925235656429942,1.501379986940947,5.261608973633715,2.077371177372297,4.531803953541748,1.7583184422263907,2.884547895664335,1.4862016021806521,4.448818576113514,2.3643955290948675,3.7364513617897663,1.8328991942476034,4.194686825528443,2.2804096277671326,4.174563983032674,1.9586151858655683,3.93487157946425,1.7749291364401172,0.0035896550206066516,0.012397855689095237,0.019522982258299383,0.025205473885259726,0.033515863904664184,0.038219666568459126,0.043224864795305004,0.04843325104218522,0.05429861188717647,0.054925108282282344,0.403568297624588,0.04041501507163048,0.03593426197767258,0.032187238335609436,0.03153806924819946,0.03152645379304886,0.031337834894657135,0.03128238022327423,0.03110484592616558,0.030963687226176262,0.03091363236308098,0.030600951984524727,0.030091580003499985,0.030041543766856194,0.029908543452620506,0.02989095449447632,0.029846597462892532,0.02975674904882908,0.029727939516305923,0.02936340868473053,0.012824997085214477,0.011192724728914452,0.012329485834194827,0.013116474291696625,0.01193599160544393,0.011017838405025165,0.013247639034613592,0.011411332633776064,0.011017838405025165,0.013903462749198422,0.008569429870575128,0.007694998251128686,0.0104931794333573,0.008219657222796552,0.00839454354668584,0.008044770898907264,0.008919202518353705,0.008132214060851907,0.00839454354668584,0.00782218830486635,21.68124544,790.602369,123.71614,0.2506,0.2619
E3H7-4,0.9015088879702357,0.032864820173625464,0.03565522943365027,0.015605622157916494,0.014365440264572137,0.49475735,0.49576125,0.28893283,0.2889949,0.0023484687088243792,0.4935573,0.49464342,0.27312243,0.28811204,-0.005547473762493587,0.47741252,0.49000245,0.2915684,0.28606653,0.018489704851492327,0.49216604,0.5125716,0.29182136,0.28017136,-0.09940021065668359,0.4838568,0.4944519,0.29350144,0.28398988,-0.07827915633443949,2.727019747953347,1.3248347797531335,2.719193825390675,1.3232204941690975,4.42533742913814,1.7715086629494095,4.924407183705399,1.80980489146918,2.7816931996466394,1.3989823074287824,4.23331496749083,1.9256103457418854,3.939443618709576,1.9537814520641221,4.030846738321395,2.0355782765567776,4.2572023887716055,2.0929824765449654,4.322211500437494,2.2685462999512014,0.003583870580226645,0.012383374043967485,0.020111720658310975,0.025117126496616345,0.03412352006834047,0.03807445374337618,0.04392076776251685,0.04836223120970648,0.05373803708004645,0.05391823169022544,0.39170023798942566,0.036256249994039536,0.03607733175158501,0.035726409405469894,0.034943852573633194,0.033657465130090714,0.03362676501274109,0.03337054327130318,0.03196302056312561,0.03181471675634384,0.03114328160881996,0.031025730073451996,0.0308572668582201,0.030488545075058937,0.029960131272673607,0.029955992475152016,0.029600581154227257,0.029364654794335365,0.029360873624682426,0.02910618856549263,0.01270840620262162,0.012358633554843044,0.012854144805862692,0.010624344176274267,0.012854144805862692,0.01298530954877966,0.011673662119609997,0.013509968520447524,0.0108866736621082,0.011411332633776064,0.008044770898907264,0.008656873032519772,0.007694998251128686,0.009618747813910858,0.008744316194464417,0.009268975166132282,0.00734522560335011,0.008307100384741197,0.008299151006382592,0.008776113707898832,21.56608184,784.972627,124.5695,0.2527,0.2551
E3H8-1,0.8915874328234807,0.041236047953699874,0.037205456800330716,0.014262091773460108,0.015708970649028525,0.49439934,0.49591252,0.28806844,0.2878278,0.013051274685825854,0.4911975,0.48525974,0.2910906,0.3002183,-0.08409794346239098,0.48275748,0.5024011,0.30347326,0.29820096,-0.11365909458850763,0.52386,0.5117293,0.2799989,0.2804087,-0.07184060372006353,0.47199938,0.48461196,0.2843088,0.28829363,-0.1613671947344864,2.656455617624224,1.2923082427189034,2.628931227380263,1.4813089337678547,4.616017057175695,1.8621892617839952,4.743860297208423,1.8872146020667127,2.71037015259988,1.3926980726668612,4.53201695085836,2.3438011457388144,3.981270433030047,2.0572293275174838,4.406363645933021,2.209968194295986,3.909708357415573,1.8043966378325722,4.007318791669156,1.880318856068295,0.003559986774748891,0.01296017603265269,0.020148556053402652,0.02641344871224818,0.03428019290624893,0.03868956003237906,0.04341815735768604,0.04719761489436901,0.05347675890139207,0.05318888166820581,0.3980964124202728,0.036020003259181976,0.03504084050655365,0.03470197692513466,0.03468555957078934,0.03345393389463425,0.03287102282047272,0.03223960101604462,0.03217191621661186,0.031537119299173355,0.031160535290837288,0.030654698610305786,0.03046194650232792,0.029876697808504105,0.029718104749917984,0.029703957960009575,0.02963896282017231,0.029625531286001205,0.029251638799905777,0.029089469462633133,0.012710517953594493,0.012604596970647872,0.01251191611056958,0.012631077216384528,0.01096282173497525,0.012154432793124734,0.011558627264049992,0.011916110581494837,0.011796949475679889,0.012988560533829373,0.009215125516356006,0.00897680330472611,0.008500158881466317,0.007705751509366662,0.0072291070861068675,0.008738481093096214,0.008817921830306179,0.007705751509366662,0.008752924863498025,0.009186237975552384,21.08181855,781.520118,123.66699,0.2675,0.2758
E3H8-2,0.8911740388590327,0.03885903265812319,0.03999586606035552,0.015398925175692435,0.014572137246796197,0.4943642,0.49645904,0.2881541,0.2887974,-0.0022068541921374907,0.48355606,0.483727,0.29485425,0.2910481,0.048064241888194185,0.49722695,0.49054,0.2991669,0.28718397,-0.012946689231721332,0.5111311,0.49266294,0.28252098,0.29123813,0.05271800966283151,0.46592283,0.502885,0.27678573,0.27417108,-0.017751497369953923,2.670020967195638,1.2949282213950932,2.660622230075311,1.2944540596921044,4.745875738040323,1.826396419664906,4.690304119148797,2.0750932048712705,2.651008663500484,1.2939400007805026,4.019182623306201,1.9887718807608303,4.050164598242645,2.0389548646078333,4.0211182816685715,1.9827715346527568,4.223093696490312,2.043481232597073,4.51416954445038,2.088187816628019,0.003499254943325464,0.012331106534733035,0.01987654941093085,0.025460288758294685,0.033697769294735495,0.037925338065977976,0.04335839179377277,0.04812173165681629,0.054241242095981156,0.05482166077876561,0.41617104411125183,0.03895321115851402,0.03431456908583641,0.03425917401909828,0.033085934817790985,0.03244207799434662,0.031246008351445198,0.03050866909325123,0.030398691073060036,0.030128590762615204,0.02982732653617859,0.02956121601164341,0.02943042293190956,0.029176749289035797,0.0290695633739233,0.02893282286822796,0.028272677212953568,0.028146902099251747,0.028058620169758797,0.02801561914384365,0.013400865252704378,0.010657381027741277,0.012701804368458972,0.013414055080709008,0.01175213675212559,0.01210826210825061,0.0125830959164173,0.011039886039875556,0.010208926875583847,0.014126305792959044,0.008784425451083775,0.00807217473883374,0.009338398227278248,0.008547008547000431,0.007834757834750395,0.009813232035444939,0.007518201962639267,0.008467869578972649,0.008374341707667089,0.007942674609333733,20.44498925,773.991674,122.91131,0.2576,0.2616
E3H8-3,0.8915874328234807,0.03896238114923522,0.03947912360479537,0.014985531211244315,0.014985531211244315,0.49396956,0.49378085,0.28883404,0.288792,-0.0001850729725294897,0.48670503,0.52863824,0.28627595,0.28251618,0.03749081884494768,0.5180692,0.5011314,0.29134795,0.2846604,-0.025671574339687652,0.4527334,0.5061952,0.26731178,0.29201037,0.021063839854887332,0.4861228,0.5036236,0.29154396,0.2981645,-0.02563465015772853,2.643629883547266,1.242729873097774,2.674029872138187,1.2559111967062437,4.6619751200888135,2.218368858748698,4.410461471637534,1.8670191862119783,2.548757394663389,1.3099760817131858,4.391189608374252,2.2605368317289285,4.1610593759922185,2.1902033478677305,4.340941214295913,2.72456328258923,4.357921804397147,2.0125611452857375,4.251421401522853,2.18487801232527,0.003473391195815508,0.012098021343975212,0.020027425831191544,0.025646710405666913,0.03367465081333191,0.038656189013792294,0.04320800111674043,0.04815395690148324,0.05365280868429912,0.05474217802703717,0.40669170022010803,0.03595238924026489,0.03562827408313751,0.03548486903309822,0.035475391894578934,0.03310667350888252,0.032070063054561615,0.031355854123830795,0.031137675046920776,0.030751483514904976,0.030658554285764694,0.030615326017141342,0.0301668643951416,0.029624955728650093,0.02949223853647709,0.0286585483700037,0.02846202440559864,0.028382478281855583,0.02831224724650383,0.027972454205155373,0.011969071072968147,0.011863150090021526,0.012631077216384528,0.01322688274545927,0.012035271687309786,0.011558627264049992,0.011916110581494837,0.01239275500475463,0.012273593898939682,0.012154432793124734,0.007785192246576626,0.007467429297736764,0.008182395932626456,0.008579599618676282,0.008817921830306179,0.007864632983786592,0.007864632983786592,0.010168414362875593,0.009272900597963254,0.008839587485908898,20.21198505,773.714126,122.6621,0.2566,0.26
E3H8-4,0.8913807358412568,0.038135593220338986,0.04051260851591567,0.014778834229020257,0.015192228193468375,0.49303925,0.4972115,0.28795427,0.28874293,-0.002002465106667697,0.5034041,0.48447478,0.28881,0.28589088,0.0009148210776889587,0.5032666,0.48447767,0.2945944,0.28541303,0.11175670216339374,0.5081017,0.502252,0.30405977,0.28794548,-0.00971774889435937,0.4819147,0.4628733,0.2962914,0.29691115,-0.16494185226732766,2.7437108758102746,1.288038236963141,2.694092683617697,1.4373044924143008,4.616707270158671,2.0536510202886484,4.728645625324553,1.6984724046279458,2.551070666390071,1.295774025439166,4.261775428202661,2.1608443996158595,4.003041450060611,2.0823286852542466,4.419107574605429,2.3172068159183343,4.110862068860262,1.8326118279740566,4.1669784378062475,1.9269701024616037,0.0035381734876959183,0.012425462571537793,0.020174285738203065,0.025696403508037625,0.03443301327931201,0.038119075721935285,0.04327007592563139,0.04766767956649003,0.054052017847127466,0.053957145687362755,0.40591639280319214,0.03882984817028046,0.03621259331703186,0.0343252457678318,0.03315380960702896,0.03253661096096039,0.03198666498064995,0.03157617151737213,0.03102918714284897,0.030841603875160217,0.030765051022171974,0.030006341636180878,0.02998974919319153,0.029921915382146835,0.0297361072152853,0.02927667275071144,0.028858479112386703,0.028460294008255005,0.02841414138674736,0.028163066133856773,0.012157733375609535,0.011946294534294586,0.012844909609883116,0.011536631779246872,0.011536631779246872,0.012369172216924483,0.01106089438628824,0.01094196003804858,0.01415318744051936,0.01343958135108141,0.008880431335227834,0.00856327307325541,0.009831906121145102,0.008246114811282988,0.008325404376776094,0.007770377418324354,0.008166825245789882,0.009435458293679573,0.008044286826391448,0.007352305163906161,20.57311778,779.839902,124.13951,0.2726,0.2761
E3H9-1,0.8822860686233981,0.04226953286482017,0.0454733360892931,0.014262091773460108,0.015708970649028525,0.49465024,0.49704775,0.28881723,0.28842083,-0.003519353279239696,0.48613513,0.47395468,0.28734064,0.2909332,-0.013357496929404284,0.49162972,0.4902735,0.28878054,0.29487258,0.060055834781319456,0.47799575,0.49797347,0.2762792,0.27927846,0.05549352184600981,0.4938222,0.49615297,0.29282662,0.28387642,0.0031903371702656056,2.5089413544536954,1.185107498744118,2.512409020476821,1.200977255559886,4.768451530643809,2.1164265411888366,4.556650457574726,1.8064474520333327,2.24512152749149,1.0837842271410199,4.24878518654527,2.1023099388958513,4.012400014307737,2.0401617134714627,4.237434460623286,2.0727812038888644,4.060662487519607,1.9181245998716807,4.220960101522437,1.9896879504576266,0.0036938293955273314,0.012467558183116819,0.02010037221165383,0.02574365719754562,0.03441602372348375,0.03873924204600904,0.04369420655743115,0.047538900714486076,0.053453270818747775,0.053486272485331936,0.4352395832538605,0.03542361781001091,0.03254568949341774,0.03169374540448189,0.030794445425271988,0.030649671331048012,0.029937690123915672,0.029551055282354355,0.02947399951517582,0.029247645288705826,0.029006488621234894,0.028966855257749557,0.0289009939879179,0.02883334457874298,0.02867688611149788,0.028393350541591644,0.02828121930360794,0.028176790103316307,0.028110912069678307,0.0280959140509367,0.011901277924094516,0.013852307091978865,0.012510974539058375,0.01141352063212343,0.011633011413510419,0.012291483757671386,0.011852502194897408,0.012181738366977892,0.013718173836686815,0.010425812115881979,0.008633304067888236,0.009511267193436193,0.009218612818253539,0.00775534094234028,0.008486976880296909,0.00804799531752293,0.007828504536135941,0.008925958443070887,0.008061297789122143,0.00822092744831268,19.07999594,774.606508,121.19609,0.2489,0.2769
E3H9-2,0.8815626291856139,0.04433650268706077,0.04412980570483671,0.014365440264572137,0.015605622157916494,0.4954436,0.4958104,0.2884469,0.28882203,0.001721828448453986,0.4810393,0.46612144,0.2888114,0.29305625,-0.006741319289489371,0.48046494,0.5151828,0.29659703,0.27980876,-0.009640378428548056,0.4719249,0.4963419,0.28583875,0.28790247,-0.05181625856619493,0.5016152,0.52183187,0.27663454,0.28519797,-0.010562132217285405,2.4943338681406884,1.2010970895735178,2.55668670268252,1.1980192234809488,5.036553827624157,2.00360188297806,4.980788198240844,2.151472755342249,2.5042782799809147,1.2276583706270283,4.135935305685009,1.9194397457065546,3.8920976924804607,2.0678051108435467,4.1483292568860195,2.0290123973371355,4.1825134156565715,2.2956584175367567,4.170430494017228,2.3204499373693483,0.0035560965486042613,0.012365888522785836,0.01992113627195161,0.025844077408643296,0.03369780408123291,0.03837319659267654,0.04311854510179764,0.04790120347634671,0.054043340072427774,0.05451204525686676,0.4338163733482361,0.033162303268909454,0.03174859657883644,0.030962655320763588,0.030779018998146057,0.030646201223134995,0.029954513534903526,0.029830746352672577,0.029830746352672577,0.0298208836466074,0.029705854132771492,0.029549721628427505,0.02949642203748226,0.028915127739310265,0.028827203437685966,0.028751928359270096,0.02865014038980007,0.028645509853959084,0.028521334752440453,0.028384625911712646,0.0133798720186038,0.012216404886551294,0.01254363001744106,0.01254363001744106,0.011889179755661528,0.011561954624771761,0.01341623036648044,0.010798429319362306,0.010907504362992227,0.01254363001744106,0.007998836532860966,0.008944153577653626,0.009016870273406908,0.007562536358341278,0.008216986620120811,0.009016870273406908,0.009307737056420034,0.008071553228614248,0.00840869427256128,0.008170712359186904,19.23397066,768.221145,120.69025,0.2625,0.2709
E3H9-3,0.882079371641174,0.04226953286482017,0.045680033071517155,0.014572137246796197,0.015398925175692435,0.49276865,0.49589625,0.2884362,0.28904566,0.00026640598373843695,0.49168107,0.49283078,0.29529187,0.28539336,-0.05725997758175276,0.5179064,0.49629954,0.28830934,0.2896331,0.09326993539972817,0.5186819,0.50246423,0.27085376,0.2807064,-0.10023004304439205,0.47028974,0.4882266,0.29486868,0.27996457,-0.05210376112457155,2.5490263574621874,1.2736832533801516,2.421026493060299,1.2532986143504383,4.353928705878885,1.9169012749441938,4.6204115354062925,1.730340753342846,2.495336674176995,1.262858176886,4.362265987504182,2.1422458685581875,3.881328880063545,2.1224910544861926,4.289464925522964,2.362708425768393,4.170148292942826,2.2569949292795566,3.9949997095108607,1.941770783308074,0.00363947159568523,0.012876685310153421,0.020460874506323286,0.02592947408461419,0.03414059161371823,0.0385877910990265,0.04304203472290707,0.047428185007255465,0.05339926647037001,0.05382895892327994,0.4204352796077728,0.03572467342019081,0.03369026258587837,0.033146992325782776,0.032351505011320114,0.0321892686188221,0.03215382620692253,0.03150203451514244,0.03062460385262966,0.03006637468934059,0.029775161296129227,0.029510337859392166,0.02907712198793888,0.028990132734179497,0.028965160250663757,0.028812134638428688,0.028616376221179962,0.028414186090230942,0.02802290953695774,0.027931606397032738,0.011588275391946217,0.012562080046731615,0.012160385626632637,0.011941279579305923,0.011064855389999066,0.011174408413662424,0.01281770376861278,0.012050832602969281,0.01435144609989978,0.012269938650295995,0.00803388840197952,0.00861817119485076,0.00861817119485076,0.008837277242177474,0.009129418638613091,0.007668711656434997,0.008910312591286378,0.008252994449306234,0.008445542187866075,0.008206517408964204,19.44479256,764.145807,121.8789,0.2575,0.2797
E3H9-4,0.88187267465895,0.04247622984704423,0.045680033071517155,0.014572137246796197,0.015398925175692435,0.4924897,0.49305886,0.28837365,0.28876904,-0.0034099577485696988,0.500267,0.5092169,0.29482678,0.27955973,0.0352623640568646,0.51302284,0.52762866,0.28865218,0.2862252,-0.011911267601237889,0.50181633,0.5007212,0.27898124,0.29539183,-0.03792338390100165,0.49304307,0.51427597,0.29405153,0.30049554,0.13397334655717458,2.47440809107818,1.281130308144624,2.438635896674713,1.1857470809241353,4.813148042754783,1.9597699143285578,4.514788946509432,2.2223475019634,2.5189006168374344,1.2520177481250339,4.245081994621279,2.0572603679341697,3.9334871246674923,1.8885466582704171,4.07890385856837,2.0231936494871903,4.300328209439923,1.9606839019825255,4.118623478689223,1.8007260756858992,0.003755152747190694,0.012870103713742542,0.019733374743539065,0.025789617332053382,0.0342245938976415,0.03835855591318915,0.0432524893180492,0.04756291527848363,0.05358386507802059,0.05420266531142357,0.4312874972820282,0.036018528044223785,0.032343342900276184,0.032089993357658386,0.03120918944478035,0.031154396012425423,0.03064756654202938,0.03013068437576294,0.0295895766466856,0.029435668140649796,0.029397213831543922,0.029223782941699028,0.028908884152770042,0.028813796117901802,0.028684066608548164,0.028664838522672653,0.0282707791775465,0.028161093592643738,0.028110720217227936,0.027858339250087738,0.011276368231738944,0.013123359580041013,0.012029746281704261,0.009951881014864434,0.011264216972868535,0.014216972878377762,0.01049868766403281,0.011920384951870587,0.015419947506548189,0.012248468941371611,0.0069991251093552065,0.008238553514136857,0.007946923301247058,0.007728200641579708,0.008967629046361359,0.008748906386694007,0.008457276173804207,0.009550889472140958,0.00851029984887508,0.00970333253796972,19.7577114,761.672923,120.93566,0.2436,0.258
E3H10-1,0.8736047953699876,0.047540305911533694,0.04888383629599008,0.014572137246796197,0.015398925175692435,0.49459708,0.49766606,0.28815645,0.288132,-0.0037907255190508474,0.48512724,0.4704127,0.29381567,0.29681143,0.032997794635791014,0.48579383,0.4936396,0.29535273,0.28251356,0.02133199948053384,0.50873554,0.5039067,0.28994688,0.29495877,0.017093311224889867,0.4932886,0.46507794,0.2765852,0.30083993,0.011871132963630779,2.465026073967226,1.1968049577252078,2.4137843361229883,1.2398715829970741,4.531366096850143,2.050441403405461,4.790213103475973,1.9713125547177326,2.2758517228682487,1.1510198788920118,4.249925781292122,1.9362335651273932,4.03325322761277,2.319163766503827,4.310439718333064,1.9913723860873744,4.1066264134321075,2.0905242894885228,4.408644697528597,2.4473217699858356,0.003654425892797986,0.012758397932816537,0.02000099383820314,0.026108957795004304,0.03420873915059961,0.038763830914993705,0.04385311071357583,0.04764625985556218,0.053251093222023455,0.05308752401775657,0.44371548295021057,0.031689777970314026,0.031344007700681686,0.031023884192109108,0.030431022867560387,0.03027116321027279,0.029994869604706764,0.02959483116865158,0.0295773446559906,0.028965871781110764,0.028624866157770157,0.028599975630640984,0.02858644351363182,0.028577610850334167,0.028483912348747253,0.028434772044420242,0.028257034718990326,0.028014153242111206,0.027967730537056923,0.027845246717333794,0.012537476151529678,0.012355773598608958,0.013798037612417173,0.011753883892059072,0.012162714636130693,0.010527391659844213,0.012264922322148599,0.012469337694184408,0.011140637775951643,0.012878168438256028,0.009811937857718878,0.008517307168158747,0.008857999454885098,0.00838103025346821,0.008789860997539829,0.007699645680015508,0.008108476424087128,0.008176614881432398,0.008027949156315446,0.008325280606549352,18.88458779,757.784595,121.85445,0.2711,0.274
E3H10-2,0.8726746589499793,0.04867713931376602,0.04867713931376602,0.014365440264572137,0.015605622157916494,0.4941855,0.49578178,0.28868768,0.28843108,0.0043952813129442695,0.48630315,0.49201122,0.2920148,0.28813756,-0.06964372727819301,0.50007766,0.5026989,0.2859231,0.28983203,0.013946158461602434,0.47034565,0.50335324,0.282493,0.3018047,0.021049721489681487,0.5041997,0.47777528,0.28869858,0.28635356,-0.08851642287862109,2.423123785392334,1.2238863804529743,2.3823908072039117,1.2030612171793593,4.908959538037929,2.2383096128487665,4.32538723206247,1.8574083261528582,2.372403773912564,1.1116740662134088,4.254763832171014,1.9475499383002777,4.06146941188493,2.160543489405836,4.147970794764648,2.126135681338579,4.323171555875779,2.1430272088303495,4.423961649960042,2.141690150553483,0.003495127512313073,0.012515923825288251,0.020268899653530018,0.025654601072677558,0.03404250139967382,0.038491029916506415,0.043156609300325374,0.04774510519867254,0.053725160861063104,0.054238374593283185,0.446203351020813,0.042152710258960724,0.03212549164891243,0.03106970340013504,0.02960100583732128,0.029593314975500107,0.02927248552441597,0.029149934649467468,0.02896902523934841,0.028843699023127556,0.028335535898804665,0.02802981436252594,0.027939237654209137,0.027333049103617668,0.027049455791711807,0.026996223255991936,0.026882855221629143,0.026829754933714867,0.02682218886911869,0.026801174506545067,0.011634199134189692,0.012987012987002446,0.013291396103885316,0.01197240259739288,0.012175324675314793,0.011769480519470967,0.012784090909080533,0.009943181818173748,0.012479707792197663,0.01288555194804149,0.008252164502157804,0.008455086580079717,0.009131493506486095,0.008793290043282907,0.007711038961032702,0.008793290043282907,0.008184523809517166,0.007981601731595253,0.008707201889013003,0.008780991735530062,19.34967992,755.636696,120.83787,0.254,0.2679
E3H10-3,0.8731914014055395,0.04692021496486151,0.04991732120711038,0.014055394791236048,0.015915667631252583,0.4945556,0.49669403,0.2882967,0.28940493,-0.00225414512108298,0.4935801,0.48056823,0.2791093,0.27804482,0.03717975831967999,0.47768015,0.4975436,0.2989326,0.28848615,-0.03126843890043521,0.47283,0.4871012,0.28483227,0.2810905,0.0175003807358902,0.52850807,0.4915254,0.30190897,0.2844444,0.10550571990612376,2.420320414485097,1.226084243191674,2.400171441140571,1.0724505294041888,4.722993525808913,2.0974304537000186,4.579528328409063,1.753104342232209,2.3329376748549535,1.1205532966820098,4.224858049291981,1.9267196143038878,3.810338874398553,1.8258533812264761,4.101418463904798,2.0052472883563452,3.9292186599997225,1.7879741295543201,4.03605300840281,1.8582042869894992,0.003555378691041812,0.012410663322319498,0.019585735073037007,0.025353930009888333,0.033907741038194696,0.03852631663571538,0.043526758796999736,0.047580573844954135,0.054064266132857405,0.05482196978832534,0.44362780451774597,0.0338151641190052,0.03147858753800392,0.03131885454058647,0.030676886439323425,0.029563995078206062,0.029190760105848312,0.02917063795030117,0.029109256342053413,0.029073845595121384,0.028844106942415237,0.02852483093738556,0.028522836044430733,0.02844870276749134,0.028440386056900024,0.028293855488300323,0.02825058624148369,0.028199847787618637,0.027868133038282394,0.0275808684527874,0.012496604183635565,0.012496604183635565,0.011817440912785806,0.013753056234707618,0.011308068459648485,0.012428687856550588,0.010594947025256238,0.012530562347178052,0.012428687856550588,0.012021189894040732,0.007742461287687252,0.008625373539791939,0.009168704156471745,0.009372453137726673,0.009304536810641697,0.007402879652262373,0.009372453137726673,0.007878293941857203,0.007705416018368174,0.00807586871155895,19.20427513,761.65778,123.08038,0.266,0.2713
E3H10-4,0.8724679619677552,0.04909053327821414,0.048470442331541956,0.015708970649028525,0.014262091773460108,0.49555936,0.49606287,0.28800663,0.28956842,0.0010182841493381054,0.4989217,0.49750224,0.2804919,0.28451756,0.02654813835114903,0.47204745,0.48417115,0.29345062,0.27707356,-0.05227944317928133,0.4811457,0.481657,0.3161239,0.29038233,-0.020106992061407536,0.46359137,0.5263449,0.30227587,0.2812618,0.04468451541338682,2.4133516896003284,1.212629566029339,2.4366482255118287,1.1947179452992571,4.404052572668127,1.9430320555138039,4.76431970896706,2.047574677166652,2.3668330454727324,1.1653760486891225,4.08614963304229,1.9276962300465614,4.09842974281086,1.962471578361044,3.891513766837305,1.9269829941280197,4.382704651964644,2.270324488084344,4.3780918857485265,2.169633941461764,0.0035170575287263085,0.012463923121448645,0.019876582525671916,0.025897240231452828,0.034321354107206166,0.038228973263552984,0.04309997776803043,0.04791490162854184,0.05381939228610742,0.054193930872594796,0.4330206513404846,0.037515465170145035,0.0321776382625103,0.03157592564821243,0.03128908574581146,0.030976442620158195,0.030506890267133713,0.0305009875446558,0.030178101733326912,0.030018577352166176,0.029283860698342323,0.02882363647222519,0.028543362393975258,0.028542406857013702,0.02848387509584427,0.028098322451114655,0.02798161283135414,0.027669299393892288,0.027438417077064514,0.02737538143992424,0.014046461372219843,0.012245632991166017,0.012358184764981881,0.01154781199350766,0.012358184764981881,0.01195299837924477,0.011649108589941937,0.01154781199350766,0.012662074554284714,0.011345218800639104,0.007495948136136551,0.008711507293347884,0.009049162614795476,0.00884656942192692,0.008981631550505959,0.008373851971900291,0.007833603457584144,0.009184224743374514,0.009135111242073045,0.007072344187411389,17.89629766,749.149886,120.64484,0.2549,0.259
E4H1-1,0.9500826787928897,0.004960727573377429,0.004960727573377429,0.019429516329061595,0.020566349731293922,0.4940132,0.4953124,0.28869757,0.2880317,0.0015532232185821704,0.46468496,0.42831922,0.3183141,0.2730173,-0.06564701024520828,0.45223576,0.40625,0.31133243,0.3101259,-0.14193249790567183,0.5083679,0.53313196,0.2821504,0.30456808,0.007719122649378622,0.49221718,0.51912105,0.27786028,0.2922273,-0.04625187262942087,7.8140913131743135,4.328006887245029,7.4921089188189685,3.882864571664404,4.2579605185272245,1.7266946314629412,3.9199327387350995,1.2605162407281674,6.385023641017823,3.461426455038948,3.8107770969668855,1.682897674815465,3.748736310723949,1.8340236474283709,3.282413328056528,1.6760358221500522,4.46967786991027,2.6341310532889333,3.7076596005965543,2.0087745467625826,0.002892855193493805,0.013181594891108563,0.020891326892636865,0.026526936302603568,0.03385459308989684,0.03965394902024998,0.042819715081054525,0.047118061241198626,0.05282189836799301,0.05357240325309754,0.31290745735168457,0.040318913757801056,0.03886321559548378,0.03763733059167862,0.03748975321650505,0.0371113084256649,0.03702385723590851,0.036864086985588074,0.03588799759745598,0.035832569003105164,0.035652849823236465,0.03549015149474144,0.03542228415608406,0.03533809259533882,0.03529481217265129,0.03493943810462952,0.03479895368218422,0.03475044667720795,0.034305233508348465,0.03407133370637894,0.011502185415205078,0.011502185415205078,0.013457556935789943,0.013198757763947829,0.013198757763947829,0.013457556935789943,0.009316770186316114,0.011645962732895143,0.013975155279474172,0.0108695652173688,0.010351966873684572,0.0075914423740353525,0.007936507936491505,0.0075914423740353525,0.007418909592807277,0.008799171842631886,0.007418909592807277,0.008109040717719581,0.010728402032727647,0.009034443817033807,26.76795761,849.634794,131.3827,0.2412,0.2478
E4H1-2,0.9500826787928897,0.004960727573377429,0.004960727573377429,0.02108309218685407,0.018912773873501446,0.49423343,0.49502385,0.2888358,0.28846627,-0.0007868298997679091,0.46417683,0.5347811,0.306079,0.29493698,0.04757458726159937,0.53226626,0.5266596,0.2878528,0.2891619,0.2470970412376553,0.49061453,0.49879527,0.26875445,0.2980269,-0.02387902045761556,0.4786752,0.5111605,0.2948524,0.28460234,-0.010065128747800701,8.34430292406907,5.417727879659427,8.40262417487615,4.8627057258060455,4.072313480213601,1.4617972342854904,4.288384629031364,1.5812867089813902,7.477897687803629,3.442655879415553,3.813157395755565,1.8823294102063992,3.2045087970776187,1.6589022583580644,3.4334979055893484,1.8378680036880304,3.8191850812801214,1.9357579002191077,3.734941205344659,1.654233569488451,0.0028230783371412066,0.01298616035084955,0.019498936421649727,0.02507944011134746,0.034743559442212246,0.03918170120013656,0.0437774101210641,0.04724388770713516,0.05307387273825468,0.05492528690354263,0.31860435009002686,0.04100405052304268,0.04084846377372742,0.038947317749261856,0.03761538490653038,0.0370459221303463,0.036334890872240067,0.03620170056819916,0.03596440330147743,0.03567797690629959,0.035250045359134674,0.03520885854959488,0.035145070403814316,0.03488815575838089,0.03472375124692917,0.034252773970365524,0.03372098505496979,0.03299487754702568,0.03294628858566284,0.03262469917535782,0.011272141706900978,0.0147227973314625,0.012422360248421487,0.012163561076579371,0.011128364389210915,0.010351966873684572,0.014233954451316286,0.0126811594202636,0.012939958592105715,0.009834368530000344,0.008626639061403811,0.007073844030351124,0.008626639061403811,0.008799171842631886,0.008281573498947658,0.008109040717719581,0.008109040717719581,0.008454106280175733,0.009222661396555344,0.009599096555598421,26.93776063,848.720033,132.87634,0.2452,0.2543
E4H1-3,0.9500826787928897,0.0044439851178172795,0.005477470028937578,0.019429516329061595,0.020566349731293922,0.49366033,0.49601114,0.28889033,0.28881103,-0.00208773257842321,0.5524674,0.5407962,0.29549995,0.29480705,-0.026805234589538058,0.44914865,0.4320435,0.29480112,0.30120248,0.1063944969401005,0.4676959,0.49463576,0.2761688,0.27517164,0.03251442510154677,0.529109,0.49259007,0.28050673,0.28694063,0.030540926973558508,8.086182005143929,4.623970419471956,6.9882577348998005,4.997556861640506,4.248175220292557,1.6343476998715005,3.9879903703613833,1.5188772439821419,7.0246929103973965,3.56699550833373,3.7763455257041976,2.291471661939251,3.9201237353913077,2.525235819826205,3.2403888275226773,1.8657471216480284,3.540011667173354,1.7146473425996616,3.5652789780817202,1.7749613900330736,0.0032626427406199023,0.012157228307309873,0.019977213288795672,0.025013594344752584,0.03384344493643025,0.03961780470752738,0.04421398793340065,0.04763199461405008,0.054442113985344,0.05317330847510293,0.3209560811519623,0.0416434183716774,0.041446488350629807,0.03915811702609062,0.037784330546855927,0.03745276480913162,0.03732086718082428,0.03585192933678627,0.03552217781543732,0.03487169370055199,0.034593939781188965,0.034490037709474564,0.03442089259624481,0.03422986716032028,0.03379169851541519,0.03352206200361252,0.03336014971137047,0.03324180468916893,0.03319604694843292,0.03314564749598503,0.011502185415205078,0.011272141706900978,0.012422360248421487,0.0126811594202636,0.014751552795000514,0.009316770186316114,0.011904761904737257,0.015010351966842628,0.013457556935789943,0.009834368530000344,0.009144237405088039,0.008626639061403811,0.006728778467894971,0.00948930296754419,0.008626639061403811,0.008281573498947658,0.010179434092456497,0.007763975155263429,0.00809335591942612,0.007716920760383044,25.76447521,847.569323,133.19456,0.2444,0.2506
E4H1-4,0.9500826787928897,0.005994212484497726,0.003927242662257131,0.019119470855725507,0.020876395204630013,0.49399593,0.49610704,0.28876197,0.2891808,-0.0010483686501370016,0.52649283,0.4519287,0.2990969,0.295918,0.025864421124838867,0.47336328,0.42350578,0.2278899,0.2673576,0.2769247782366106,0.4810811,0.5192854,0.28262174,0.2720846,-0.02783779858884197,0.49589473,0.484729,0.29535365,0.27769762,0.030980303511100708,6.514726401686352,3.4824280937891863,8.89827487688567,5.291967001191628,4.254819082128483,1.8215751974532803,3.9732522421129284,1.546442511807913,8.749215061669299,3.9787618865027152,3.6847993352950255,2.0656915173414045,3.4400865450536937,1.7985466576605456,3.988886009258136,2.504595562453246,3.6140860939109536,1.8684253489895808,3.4797761814816925,1.5419611581616373,0.0028486767642084115,0.011852530108224284,0.020017041191357318,0.0258288504826218,0.03359912504927956,0.03888952475423804,0.04456144366868872,0.047524576195744794,0.05469713733419811,0.0535144277847723,0.31742483377456665,0.04133956506848335,0.04025191813707352,0.039258018136024475,0.039258018136024475,0.03820590302348137,0.03560462221503258,0.035454172641038895,0.03520934283733368,0.0350751169025898,0.03503313288092613,0.034982744604349136,0.03495071455836296,0.03434976190328598,0.03424790874123573,0.03421507775783539,0.0340973362326622,0.033755067735910416,0.03367098048329353,0.033615704625844955,0.012422360248421487,0.011732229123509182,0.01138716356105303,0.012939958592105715,0.012163561076579371,0.013457556935789943,0.012163561076579371,0.01138716356105303,0.013198757763947829,0.011128364389210915,0.008281573498947658,0.008799171842631886,0.0075914423740353525,0.008799171842631886,0.009144237405088039,0.008626639061403811,0.010179434092456497,0.008109040717719581,0.009034443817033807,0.006022962544689206,25.62980472,844.373709,132.12353,0.2436,0.2489
E4H2-1,0.9401612236461347,0.010748243075651096,0.009094667217858619,0.019119470855725507,0.020876395204630013,0.4936082,0.4952443,0.28825393,0.28873333,0.0012445176802942587,0.47818953,0.5277053,0.28210783,0.27933544,-0.16916784272331056,0.4747783,0.49441448,0.3066732,0.29133794,-0.020715352515395156,0.50777847,0.49720567,0.3050543,0.30090722,0.08750207211846417,0.51086694,0.5019298,0.2851032,0.2764217,-0.05372123706920769,4.813340444041575,2.5372274238867276,5.765450563470133,2.8936510093337593,4.222507955884115,1.462188130871987,3.9948782620517256,1.672833946917877,5.077841561929889,2.662803986766098,4.055921554703125,1.768169510826851,3.628117033396042,1.839794476309358,3.588050681606482,1.5885904377625262,3.586493594417148,1.7388005445042853,3.662328645334243,1.9307743094688183,0.0031816706089698994,0.012689578405454292,0.01979500023190019,0.02480404433931636,0.03403367190761097,0.03873660776401837,0.04346737164324475,0.04853207179629887,0.053930708223180746,0.0541626084133389,0.3407660126686096,0.0424206517636776,0.04077131301164627,0.038190580904483795,0.03508338704705238,0.034848034381866455,0.034026023000478745,0.03400959447026253,0.03393605351448059,0.033914487808942795,0.033884625881910324,0.03387821465730667,0.033872295171022415,0.03371787443757057,0.03322505205869675,0.032982174307107925,0.032956503331661224,0.03258682042360306,0.03248503431677818,0.03244524821639061,0.012281711763555836,0.011897908270944717,0.013169257340219051,0.012305699481844031,0.010146804835906482,0.011442141623469012,0.012953367875625297,0.012089810017250277,0.011226252158875258,0.014464594127781581,0.008635578583750197,0.007052389176729327,0.008923431203208538,0.007484168105916837,0.008203799654562688,0.009786989061583559,0.008347725964291857,0.008779504893479367,0.009263620662568393,0.0083215575443411,24.68156675,835.912175,129.2163,0.2435,0.2463
E4H2-2,0.9401612236461347,0.010231500620090947,0.009611409673418768,0.019429516329061595,0.020566349731293922,0.4945734,0.4949378,0.28900862,0.28886226,-0.00043288474091255307,0.4913772,0.49743193,0.2840099,0.27838695,0.09922094120485393,0.5011802,0.51430655,0.28310707,0.2980244,-0.15597349077536088,0.4891671,0.49341866,0.281041,0.28426382,0.05039897553223409,0.4655595,0.5261903,0.28280145,0.28231928,0.011421217904405088,5.175264019986939,2.6427862363621855,5.7855469448629435,2.8606573592937856,4.09281874808361,1.6499208922413422,3.8885723534651953,1.6023255795628524,4.948982173093408,2.8127594732653662,3.9100080513561544,1.8922272345088245,3.625207448754638,1.4768558754076893,3.7488067445419104,1.7659249708947915,3.6158972284754016,1.8695399718171828,3.67517631097846,1.6433276884825476,0.0029107831687723395,0.012280142973422515,0.019641150865272322,0.02549810666383551,0.03367307215911102,0.03937962274834554,0.04352903705276569,0.047625367165658065,0.054659022543086674,0.05413702799306367,0.3333190679550171,0.04263167455792427,0.03886064887046814,0.03801710158586502,0.03633526712656021,0.035449910908937454,0.03539035841822624,0.03528686612844467,0.03517932444810867,0.03514339029788971,0.034941233694553375,0.034856900572776794,0.034295350313186646,0.03342743590474129,0.03330249339342117,0.033296678215265274,0.033221807330846786,0.03249410539865494,0.03230781853199005,0.03224257752299309,0.011706006524639156,0.011706006524639156,0.01403281519859407,0.014464594127781581,0.012089810017250277,0.012305699481844031,0.012521588946437786,0.010578583765093992,0.010794473229687747,0.011873920552656523,0.007628094415646008,0.007628094415646008,0.008203799654562688,0.007915947035104348,0.009499136442125218,0.008923431203208538,0.008491652274021029,0.009355210132396048,0.0083215575443411,0.008792589103454746,25.03444936,833.209269,130.50141,0.2458,0.2488
E4H2-3,0.9401612236461347,0.009714758164530797,0.010128152128978917,0.020773046713517984,0.019222819346837536,0.49427176,0.49542224,0.28860754,0.28820798,-0.0035085334655600006,0.48222625,0.4979264,0.2923945,0.2934083,-0.015141756266101541,0.52837235,0.5180733,0.29230303,0.31585917,0.06106049941681833,0.47803664,0.4868876,0.2886175,0.27861446,0.09831550867449462,0.48072383,0.509158,0.28510112,0.30295983,0.03535981629350271,5.8308259398933995,2.942965057004817,4.959910763117021,2.708885514768023,4.0361671757642466,1.4117140712040461,4.358851849889344,1.6689388207107467,5.6436542731898545,3.0822443567136504,3.5863719371431713,1.893342240354403,3.5450124644319283,1.7675904471127908,3.4420520949996134,1.9164251977507707,3.559821564152672,1.4572538552841643,3.630119893112395,1.588622705031967,0.0033257450137245534,0.012422360248447204,0.02001067985722717,0.02550986949963932,0.03404438698556345,0.038569273863391505,0.04346889257375191,0.047956306268326726,0.05409254002604386,0.053933278997217615,0.3388385772705078,0.04113297909498215,0.03848719969391823,0.037466879934072495,0.0369635671377182,0.036669548600912094,0.03524839133024216,0.03456474468111992,0.034410230815410614,0.03410917893052101,0.0338195264339447,0.033732201904058456,0.033368878066539764,0.0332532674074173,0.03321685269474983,0.033184461295604706,0.0331408716738224,0.03283832594752312,0.03278791531920433,0.03276649862527847,0.013816925734000316,0.010554596046805797,0.012521588946437786,0.011658031088062766,0.011873920552656523,0.013385146804812807,0.012089810017250277,0.012737478411031542,0.012089810017250277,0.011226252158875258,0.010362694300500238,0.007484168105916837,0.0071963154864584985,0.008347725964291857,0.0071963154864584985,0.008923431203208538,0.008635578583750197,0.008779504893479367,0.00847856806404565,0.009420631182272942,25.27506044,836.693524,130.39701,0.2474,0.2521
E4H2-4,0.9403679206283588,0.009921455146754857,0.009714758164530797,0.01715584952459694,0.022840016535758578,0.49348626,0.4954465,0.2889274,0.28891072,0.0017768748834262429,0.50838417,0.48799434,0.29870433,0.29397961,-0.049130105616602665,0.48443174,0.45861882,0.28856954,0.2764043,-0.11112749862924008,0.51777846,0.49172965,0.27966124,0.27459973,-0.040623140960749426,0.49083984,0.530984,0.27844623,0.28837675,0.02434319602070376,5.09565480416319,3.08101208211554,4.9836170111467855,2.9179830904231805,4.4440760433379385,1.9628035458455935,4.083494755641311,1.4642660637796618,5.424027616539969,3.925972204224715,4.335527448829926,2.3529842910176004,2.9970714170484523,1.427724152084189,3.929263644704291,2.2018449656954378,3.314711125570776,1.509518996510421,3.5114125655168094,1.589151811966889,0.0031492378844319674,0.012138062588853499,0.019714229156544118,0.02567978549191096,0.03412874084471558,0.03913153016969893,0.04334251111231082,0.04744551818459933,0.05434684806276881,0.054256869837499326,0.3357003331184387,0.04076714068651199,0.03989432752132416,0.03884422034025192,0.036628901958465576,0.03654978424310684,0.03501001000404358,0.03488585725426674,0.034575533121824265,0.03437596559524536,0.03414849564433098,0.03414153680205345,0.0337454155087471,0.033355750143527985,0.033173445612192154,0.033081214874982834,0.03304023668169975,0.03302546963095665,0.03262363374233246,0.03243266046047211,0.011168881186192853,0.012131715771209478,0.010831889081437033,0.012564991334466959,0.011265164644694514,0.014948006932383106,0.012564991334466959,0.01299826689772444,0.009965337954922071,0.013648180242610662,0.007798960138634664,0.009098786828407108,0.008376660889644639,0.007654534950882171,0.008376660889644639,0.00880993645290212,0.009098786828407108,0.00880993645290212,0.008665511265149627,0.008035292264047837,23.87108215,833.229736,128.59107,0.2389,0.249
E4H3-1,0.9301364200082679,0.015088879702356346,0.014778834229020257,0.018396031417941296,0.02159983464241422,0.49394175,0.4957599,0.28899673,0.2889163,0.0025456773965945954,0.5180421,0.5116671,0.27483895,0.2767811,0.02403248833022184,0.48951048,0.50693375,0.29088512,0.2862902,0.039041014888900494,0.48067963,0.47533804,0.28721255,0.27341834,-0.0300669982164576,0.48961374,0.494526,0.2818865,0.29896468,-0.13187514779553788,4.510586718149237,2.3181426919513557,4.222860803476988,2.38870428745779,4.291581251176867,1.8491644102763247,3.93462915464789,1.464748331205067,4.134637019864954,1.963881745035277,3.8099771493853063,1.8738920410300552,3.2122599125027405,1.4488597149848463,3.678022216767744,1.8081358826608371,3.5924612270402667,1.585497635379115,3.554316971675223,1.620264741069684,0.0032011299658766144,0.011939884759321229,0.019648997749308623,0.025496835171507963,0.03448640014784601,0.03828155423110178,0.04322515494129062,0.04828096020698441,0.05421460111280518,0.054557815047290924,0.36138811707496643,0.03874453902244568,0.03755618631839752,0.03531179577112198,0.03436688706278801,0.03429609164595604,0.034217510372400284,0.03421647846698761,0.03370419144630432,0.033701591193675995,0.03349178284406662,0.03319081664085388,0.03297954425215721,0.032582592219114304,0.03248097002506256,0.03180602937936783,0.031567271798849106,0.031537026166915894,0.03144825994968414,0.03141232579946518,0.011341222879667642,0.012491781722532475,0.011649408284006436,0.013313609467435927,0.012758875739626096,0.012019230769212989,0.013868343195245757,0.012019230769212989,0.010355029585783498,0.012204142011816266,0.008259368836279694,0.008136094674544177,0.007766272189337624,0.009368836291899356,0.009492110453634874,0.008505917159750732,0.008382642998015213,0.008382642998015213,0.008337816030111389,0.00806885422268844,23.55192978,823.464086,127.68346,0.2493,0.2539
E4H3-2,0.93023976849938,0.014055394791236048,0.015708970649028525,0.02128978916907813,0.018706076891277387,0.49324465,0.4936344,0.28898087,0.28919002,0.0018748246226852835,0.4773135,0.5191924,0.2824001,0.2943193,-0.04582423483282352,0.5109917,0.550959,0.2779922,0.26941568,0.0030521044902146934,0.4886337,0.50218034,0.29658026,0.28565255,-0.06243751124047793,0.53072363,0.5303399,0.2730152,0.26890168,-0.012339387316372312,4.412463449996587,2.3343701397813996,4.161219328228102,2.1336997808999385,3.8854351499679396,1.370810654588525,4.27393493616331,1.9941349212364394,4.27999957028012,2.4936656520641134,3.6652992330400855,1.8188536475206816,3.9324657848702844,2.2878466431536113,3.213135676238798,1.7104850557901528,3.7110329026355906,1.681344404362885,3.9355877296039754,1.9033653637774108,0.0031705360147009343,0.012720966948779668,0.019599088956181898,0.0255325206408365,0.03316768900276937,0.03841524963118254,0.04329399280482439,0.04794626912027331,0.054824391127675544,0.05466262908610917,0.3569043278694153,0.04049522802233696,0.03679121658205986,0.03607278689742088,0.035457052290439606,0.034575238823890686,0.033627405762672424,0.0334213525056839,0.033372607082128525,0.03321853280067444,0.033110152930021286,0.033027224242687225,0.03296207636594772,0.032831840217113495,0.032806262373924255,0.03265145421028137,0.03235199674963951,0.032323431223630905,0.03207869455218315,0.03192106634378433,0.010534979423852705,0.011522633744838896,0.012407407407389026,0.01314814814812867,0.010555555555539917,0.014259259259238134,0.012777777777758847,0.013333333333313581,0.011851851851834294,0.011851851851834294,0.007037037037026612,0.006419753086410242,0.007407407407396434,0.00950617283949209,0.00827160493825935,0.009135802469122269,0.009876543209861912,0.008148148148136077,0.010235690235675072,0.00888888888887572,22.75372027,827.551197,129.827,0.2463,0.2578
E4H3-3,0.9304464654816039,0.015605622157916494,0.013952046300124019,0.020773046713517984,0.019222819346837536,0.49385297,0.49602863,0.28839508,0.28873166,-0.00010664826288304225,0.52285576,0.48378044,0.27279705,0.28855613,0.09527394002234765,0.4971093,0.4940364,0.2952955,0.28060785,0.017853735181564693,0.4661449,0.52124965,0.30129424,0.28752872,-0.007423972818531855,0.50045896,0.46632951,0.2921206,0.28957716,-0.05666748575021803,4.43439583603944,2.631641606075191,4.315603341127609,2.339201594207841,3.9945450207471347,1.5124123682883712,3.9983911482882784,1.5732875823217414,4.404228540090946,2.1714865295703136,3.7844751761256834,2.003870251702775,3.6000987054047853,1.9998885498959798,3.1614621114978094,1.6232026821051782,3.712462303985283,1.7937735758696745,3.7198121768566006,1.7143852460559819,0.0034263138176492624,0.012261162766935731,0.020128742209052825,0.02567351248254487,0.03384080923674262,0.038288886618303195,0.0435203160655291,0.04804332277510984,0.053785634004291406,0.05436463335717449,0.3599279522895813,0.0391157865524292,0.03790443018078804,0.03763318806886673,0.03586961328983307,0.033634252846241,0.033512309193611145,0.03317425027489662,0.033136844635009766,0.03289425000548363,0.03286167234182358,0.03284832090139389,0.03265194967389107,0.032523930072784424,0.03227744996547699,0.03221149742603302,0.032163169234991074,0.032155465334653854,0.031997717916965485,0.03150593861937523,0.013207858675892543,0.012052171041751944,0.010958395245154594,0.010215453194635639,0.014487369985119633,0.013001485884081721,0.013001485884081721,0.009286775631486943,0.011701337295673549,0.013930163447230417,0.008296186230795003,0.008915304606227466,0.009162951956400453,0.00718177315501657,0.008420009905881496,0.007305596830103063,0.010401188707265377,0.0100297176820059,0.007294340132367927,0.007564500878011184,24.03194157,822.178355,128.89249,0.2411,0.2538
E4H3-4,0.93023976849938,0.014572137246796197,0.015192228193468375,0.02252997106242249,0.01746589499793303,0.49400744,0.49492052,0.28867197,0.28850085,0.0024194290371964307,0.47586924,0.50859475,0.28227198,0.3032813,-0.029564705264655038,0.50846195,0.5112418,0.2891343,0.28511712,-0.03834597108263961,0.47326022,0.49346915,0.2845013,0.28867278,-0.09641299121619916,0.51731855,0.51940626,0.2950802,0.28629258,0.0441597428464038,4.687395129933338,1.892489996073673,4.645917562731972,2.3285731084479697,3.850956913493577,1.3273560071367732,4.515289037010771,1.9253154205125338,3.955484142434293,1.9423143193785353,3.065742360321113,1.301315627237686,3.9099983644395033,1.8630024257384532,2.9389017167459826,1.4482922967614436,3.8687056950638024,1.6636736827070144,3.9088394697242776,1.650927362390282,0.0031812789819907258,0.012145476113447642,0.020186293540386067,0.02560525180631942,0.0341785290628707,0.03774398792192386,0.043560606060606064,0.04850776447751537,0.054405262590315966,0.05381888277795751,0.34521251916885376,0.04106598719954491,0.039050981402397156,0.037879619747400284,0.03692616894841194,0.03646828979253769,0.03646436706185341,0.03588559105992317,0.03379924222826958,0.03376945108175278,0.03334840387105942,0.03284880518913269,0.03258831426501274,0.03258471563458443,0.03239624202251434,0.03224877268075943,0.032170917838811874,0.032064761966466904,0.031786512583494186,0.03144034743309021,0.013004115226318185,0.011522633744838896,0.011851851851834294,0.011851851851834294,0.011666666666649382,0.012407407407389026,0.014074074074053224,0.011851851851834294,0.012037037037019204,0.011666666666649382,0.008024691358012804,0.008024691358012804,0.008395061728382626,0.008024691358012804,0.008024691358012804,0.008148148148136077,0.009135802469122269,0.010246913580231734,0.007003367003356628,0.009696969696955332,23.05498948,826.554794,128.94184,0.2444,0.2532
E4H4-1,0.9206283588259612,0.017775940471269118,0.02159983464241422,0.020256304257957835,0.019739561802397686,0.49430904,0.49593586,0.2884913,0.28879392,0.0010600504827978827,0.49085367,0.49788135,0.2979506,0.28066275,-0.07412565666503024,0.46714905,0.49472874,0.28709412,0.27861717,0.1127267205681563,0.49396464,0.48819613,0.29251304,0.28895262,-0.08780674739264291,0.50689566,0.49467567,0.28371158,0.29991916,-0.009412265895880536,3.6497616164841715,1.9317260996927585,3.716669104070405,1.8300410368857336,4.165393835298923,1.7117553685476432,4.1138821649319155,1.528971431311631,3.325130752381735,1.5687406860378155,3.5721695529473134,1.4769783851202647,3.4729281191861125,1.8275483768327683,3.4849517340964806,1.8736632043572898,3.783600710647713,1.8091109443031974,3.784998380860945,1.8613445633226102,0.003379580220562078,0.012880071986105007,0.02054429028815368,0.02571829158557767,0.034486366585054516,0.03891748801975432,0.044086257768849266,0.047183334379643005,0.052608449996861074,0.05352920250277272,0.37676408886909485,0.037246476858854294,0.03682279959321022,0.03546305373311043,0.03544404357671738,0.03516263887286186,0.03508777543902397,0.03397396206855774,0.03336362540721893,0.03228134289383888,0.03216489776968956,0.03170613944530487,0.03133882209658623,0.03133288770914078,0.030708694830536842,0.03038194589316845,0.030372895300388336,0.030288295820355415,0.030139461159706116,0.029956113547086716,0.012442129629613429,0.013020833333316379,0.01204427083331765,0.013671874999982198,0.009765624999987284,0.012369791666650561,0.011230468749985378,0.013509114583315744,0.011881510416651196,0.011881510416651196,0.008680555555544252,0.009006076388877163,0.007703993055545525,0.007378472222212615,0.009982638888875892,0.00889756944443286,0.0075954861111012205,0.008463541666655647,0.009588068181805697,0.007457386363626654,22.08347397,817.702155,127.00028,0.2494,0.2543
E4H4-2,0.920318313352625,0.019326167837949566,0.020359652749069864,0.019946258784621744,0.020049607275733773,0.49338135,0.49595731,0.2890336,0.28882676,-0.0031188971440558847,0.4995435,0.505121,0.28278887,0.28565285,0.07942644014140776,0.52067596,0.48481458,0.28154188,0.27289805,0.03382931678700007,0.48154932,0.49525774,0.29318565,0.29485142,0.02707335347216862,0.49748555,0.48942864,0.27755317,0.2930038,0.013121585198583842,3.7118449956413158,1.8766118322589345,3.722991454247788,1.8296055473814865,4.183556809358394,1.6304828071859707,4.15164682593804,1.4380376712794418,3.3256322868314565,1.7162509974846514,3.6092245403820575,1.608872735531313,3.2833107079804082,1.7010783598367958,3.376282690896519,1.7369395055599666,3.60644768504227,1.5734575296433393,3.4327224091447737,1.5248688966303758,0.0034551515243763224,0.012298512914960653,0.01973140128972029,0.025489987163680828,0.033399798068971115,0.038184244306103086,0.04319193087667494,0.048559846167115686,0.05412563357128723,0.05489682745044318,0.3762686550617218,0.037146516144275665,0.03580603003501892,0.03548109531402588,0.03465528413653374,0.03444292023777962,0.033366523683071136,0.03317943587899208,0.032886654138565063,0.032510872930288315,0.032367996871471405,0.03230016678571701,0.032039180397987366,0.03149145841598511,0.03148176148533821,0.03144613280892372,0.03134949877858162,0.031278811395168304,0.030306359753012657,0.030194679275155067,0.01080847384347928,0.012105490704696794,0.011835278858609811,0.012808041504522947,0.013294422827479514,0.013294422827479514,0.012808041504522947,0.011024643320348866,0.009565499351479163,0.014591439688697028,0.008971033290087803,0.007890185905739875,0.00853869433634863,0.008754863813218217,0.007349762213565911,0.01005188067443573,0.00929528750539218,0.007133592736696325,0.008489564909787362,0.008253743662293268,22.23620677,815.031736,127.1453,0.2431,0.2515
E4H4-3,0.920111616370401,0.019636213311285657,0.020256304257957835,0.018912773873501446,0.02108309218685407,0.4939278,0.49560043,0.2892796,0.2888458,0.008465546443142142,0.5096919,0.5061552,0.27593985,0.28846452,-0.17662344928942067,0.46453458,0.4930387,0.2754106,0.29972836,-0.06455472945769755,0.48827136,0.49638787,0.28726935,0.27080178,-0.07149984698221012,0.5113582,0.4952227,0.28410718,0.28543502,-0.09721804608182805,3.8985964909750908,2.0172670753245066,3.8449308648001237,2.159973665752457,4.0303274368583955,1.6202818306463955,3.881701859141873,1.5068596387361952,3.3983771016972493,1.710180483219862,3.674925746834552,1.9235862115193192,3.4727725880181928,1.9160974660172816,3.6038410418270175,2.062068297513567,3.915867416702194,1.8742788347309174,3.855787644878031,1.9534486803843971,0.0033651066605393065,0.01215095048203547,0.01978544356651892,0.025181473630114987,0.03371036363905896,0.03843930207391375,0.044067578852701225,0.04791694462151198,0.05413819173695836,0.05457797806998038,0.36518457531929016,0.038039542734622955,0.038027532398700714,0.038027532398700714,0.0364694707095623,0.03545541688799858,0.03317306190729141,0.033046551048755646,0.03292537108063698,0.03279123082756996,0.03264973312616348,0.03206637129187584,0.031918711960315704,0.031918711960315704,0.03166290372610092,0.03143161162734032,0.031336087733507156,0.031321071088314056,0.03130623698234558,0.031248196959495544,0.011211729193603434,0.011499209429336856,0.012613195342803864,0.012289780077603766,0.013098318240604014,0.01374514877100421,0.013260025873204063,0.01067270375160327,0.012613195342803864,0.011157826649403419,0.008085381630002476,0.008085381630002476,0.009163432514002806,0.008300991806802544,0.007654161276402345,0.009055627425602774,0.009163432514002806,0.008840017248802708,0.007761966364802378,0.008585205221675357,22.52616205,808.794589,126.53785,0.2453,0.2517
E4H4-4,0.920214964861513,0.020152955766845806,0.019636213311285657,0.02170318313352625,0.018292682926829267,0.49412844,0.49605587,0.2892922,0.28882453,-0.0025656445975204977,0.5009381,0.481834,0.27747086,0.27488378,-0.005564832865617329,0.50879335,0.49928635,0.27564073,0.28943706,0.021275624266895644,0.48867598,0.498184,0.29215974,0.28893763,0.054271697962052036,0.46499932,0.489706,0.27574614,0.29376954,0.047925531494582035,3.705970634177831,2.05666823350635,3.7128339832841446,1.974607388542387,4.027526834978553,1.6221616892001216,4.36331184785533,1.6692418864345127,3.6085281064172245,1.7625918510540233,3.501260644435819,1.686338638082213,3.4583978206809562,1.8901898971379956,3.1063174722885103,1.6329670036590858,4.19354246829073,1.9757720644984893,3.8407246879203956,1.8493951559975903,0.003262455857228955,0.012128366431072526,0.01982377757522327,0.024998879309056678,0.03414371740657173,0.03819812819708222,0.04419008910738212,0.04884220173433149,0.05371347170130847,0.05403224601407588,0.37667760252952576,0.03805038332939148,0.03635193035006523,0.03549417480826378,0.03492329269647598,0.03405626490712166,0.03405088186264038,0.03273935988545418,0.03273272141814232,0.032041389495134354,0.032041389495134354,0.031941480934619904,0.03160151466727257,0.031596146523952484,0.03158225864171982,0.03147181496024132,0.030828285962343216,0.03065883368253708,0.030595887452363968,0.03056430257856846,0.010506620610233943,0.01295336787563089,0.01376295336785782,0.01295336787563089,0.0116580310880678,0.011496113989622414,0.013601036269412434,0.013115284974076276,0.01084844559584087,0.011172279792731643,0.00874352331605085,0.008095854922269306,0.008527633851457002,0.0089594127806447,0.00820379965456623,0.008311744386863154,0.00949913644212932,0.00820379965456623,0.008243052284492383,0.007889778615156997,22.31889471,817.542532,126.69102,0.2431,0.2605
E4H5-1,0.9103968582058702,0.024596940884663084,0.025010334849111204,0.020463001240181893,0.019532864820173624,0.49431154,0.49462703,0.28841734,0.2883174,0.0014949309534397857,0.49902645,0.506801,0.2745382,0.29049268,0.06618945064851987,0.52076197,0.4939067,0.29502165,0.28626987,-0.027997262073768472,0.45657796,0.5277778,0.29483685,0.29514134,0.008426591933398505,0.4730933,0.50363195,0.2971401,0.2962841,-0.09941138395703732,3.620161896319904,1.92383744986657,3.3459228456310357,1.6448789491525828,4.056859486880619,1.6257002198181623,4.174481321942741,1.5161046855738292,3.5368831875960764,1.9356548861583303,3.691741625473995,1.725133556438268,3.4166348776188133,1.692460114475108,3.4115540831775704,1.8277411141979745,3.6170183541868,1.6287158793228662,3.5023169472332243,1.5703818750374632,0.003439537316086038,0.01265022137887413,0.02045945934772813,0.026276080746445742,0.034267217323361986,0.03885188905838532,0.04372181088332445,0.04712827572521735,0.053312828399333594,0.05322601315457661,0.3923453092575073,0.04070289060473442,0.03717057779431343,0.03404762223362923,0.03399518132209778,0.03281787037849426,0.032352399080991745,0.03217460215091705,0.03203056752681732,0.030946392565965652,0.03094586171209812,0.030840862542390823,0.03056977316737175,0.030364573001861572,0.030093448236584663,0.030016975477337837,0.02972215786576271,0.02972215786576271,0.02967914752662182,0.02946152538061142,0.012174804562333772,0.013712674612312776,0.011534025374842521,0.011966551326399117,0.012975778546697837,0.011245674740471459,0.009948096885801675,0.01412918108418209,0.01239907727795571,0.011678200692028053,0.007785467128018702,0.008842752787379267,0.008746635909255578,0.007689350249895015,0.00788158400614239,0.00826605151863714,0.008554402153008204,0.008650519031131891,0.00880780119533429,0.009646639404413744,20.61466899,805.299042,125.95762,0.2429,0.267
E4H5-2,0.9103968582058702,0.023770152955766847,0.02583712277800744,0.020979743695742042,0.019016122364613478,0.49345458,0.49675316,0.2890274,0.28875086,-0.0007968544229761855,0.46760342,0.4705232,0.3060126,0.29958576,0.11869495942524046,0.50741464,0.49915254,0.2701175,0.28822657,-0.08375026923554951,0.51147425,0.50091845,0.27668557,0.28163552,-0.06552727841780245,0.5104719,0.46960208,0.28263268,0.27588153,0.04536553361722402,3.1960125757183966,1.7688928392413787,3.2804413649599233,1.762584594015242,3.9810577096410023,1.5783158715353687,4.208718657924829,1.8248741105361177,3.496948962464479,1.9194768641948965,3.7221343514252756,1.8562639548135236,3.6551625696568304,1.8570089503159615,3.5466957960824286,2.047669145651032,3.584794793758451,1.6288788434510113,3.592229889902222,1.6073484834214105,0.0034199316013679725,0.0124677506449871,0.019635607287854243,0.025775484490310193,0.03407131857362853,0.03860322793544129,0.04352312953740925,0.047803043939121215,0.05390692186156276,0.05412691746165077,0.3914683759212494,0.03597371652722359,0.035373203456401825,0.035031214356422424,0.03393051028251648,0.03345228731632233,0.03344802185893059,0.03320622444152832,0.032523319125175476,0.03230432793498039,0.03187190741300583,0.03131759911775589,0.031159745529294014,0.030628783628344536,0.030103763565421104,0.029856808483600616,0.029830586165189743,0.02952374890446663,0.029505548998713493,0.029490312561392784,0.011918492887337272,0.011277713699846021,0.011966551326399117,0.01412918108418209,0.010524798154543802,0.011678200692028053,0.013840830449811025,0.013696655132625494,0.010524798154543802,0.012543252595141241,0.009323337177997706,0.008554402153008204,0.008362168396760829,0.009419454056121391,0.007497116493647639,0.008073817762389765,0.009323337177997706,0.00826605151863714,0.009017510747604153,0.006815560448770581,21.3142626,804.074621,126.06748,0.2458,0.2511
E4H5-3,0.9106035551880942,0.023873501446878876,0.025527077304671353,0.020359652749069864,0.019636213311285657,0.4941924,0.49509856,0.2887745,0.2887169,0.0011609565395745449,0.47708794,0.51691246,0.2924129,0.29335445,-0.06051057203317359,0.49313718,0.52525216,0.2787196,0.28651893,-0.016911994247364052,0.5035904,0.47474834,0.29524195,0.2890842,0.01541460107506561,0.4918485,0.48429975,0.28340575,0.27871454,0.03635739639979876,3.2199921414482366,1.7016814840271555,3.340437206924028,1.5981332465989968,4.032887364134923,1.601009267841246,4.235926997703875,1.572485912117387,3.3817777643538327,1.6252695870052059,3.6162015896679853,1.5739118834913506,3.4575634178061816,1.7831024496779677,3.5411910326942024,1.639111563542717,3.4746307298695527,1.5150453272683833,3.620864047878941,1.918651015522772,0.0032487119285201853,0.011939118241700908,0.019871355899041283,0.025357888214961193,0.03457004500097828,0.03873182025696211,0.04359877388638884,0.048221156981673514,0.05387888867149286,0.05391557425161417,0.39135032892227173,0.04146982356905937,0.03459196165204048,0.034578826278448105,0.032698504626750946,0.03244635462760925,0.03217343986034393,0.032142188400030136,0.031711649149656296,0.031205495819449425,0.031205495819449425,0.031125757843255997,0.030946681275963783,0.03070664592087269,0.03056677058339119,0.030354421585798264,0.030324174091219902,0.03027532435953617,0.030122989788651466,0.030003203079104424,0.012459858702618865,0.011303789338458353,0.012716763005765646,0.012572254335245581,0.013728323699406094,0.012283236994205454,0.010260115606924554,0.012572254335245581,0.01112716763004494,0.013005780346805773,0.007899807321763506,0.008574181117523807,0.00799614643544355,0.008574181117523807,0.008092485549123592,0.008477842003843763,0.009248554913284105,0.00905587668592402,0.007777193904352544,0.00903836048343674,20.37452456,801.768355,125.38645,0.2424,0.2478
E4H5-4,0.9110169491525424,0.02583712277800744,0.02315006200909467,0.019842910293509715,0.020152955766845806,0.49348253,0.49388564,0.2892839,0.288124,0.0004681281553808492,0.49917072,0.51267797,0.2788562,0.3022032,-0.0034906091777956116,0.50457317,0.5209216,0.2676888,0.28988937,-0.03698963185428115,0.47751525,0.50370765,0.29343268,0.28649473,0.0979638214437629,0.51000625,0.52220774,0.28973225,0.2925273,-0.08205076008791204,3.3048815696606115,1.8148712930997641,3.5234257966697995,1.797996686296506,4.088303002178793,1.6423266714357392,4.06624516109769,1.5587664526644713,3.5113672852288804,1.8958638633151805,3.8582682251136045,1.8808950802952076,3.4125586831646384,1.6451271178719375,3.624833646195237,1.9200192432769518,3.6224493240687843,1.6712389015284974,3.7229411739865683,1.7938322148505168,0.0032041064874982626,0.012133918573191764,0.020221835331813015,0.025947540930008256,0.03419484563890047,0.03850240716673615,0.04386029441815224,0.04786951439804484,0.05398755956613782,0.053411310822850507,0.3860366940498352,0.03847214952111244,0.03766397014260292,0.034494221210479736,0.034259308129549026,0.034195173531770706,0.03259287774562836,0.032310519367456436,0.032079290598630905,0.032061345875263214,0.031997621059417725,0.03187958151102066,0.031460441648960114,0.031446781009435654,0.031446050852537155,0.029702171683311462,0.029607271775603294,0.029466770589351654,0.029463037848472595,0.02936467155814171,0.010840108401071422,0.012130597496437067,0.012775842044119889,0.011469221835062172,0.011904761904748078,0.012630662020891253,0.014372822299634875,0.012485481997662619,0.012195121951205349,0.011324041811833538,0.008130081300803565,0.008033294618651142,0.008033294618651142,0.007742934572193872,0.007936507936498718,0.008226867982955988,0.008033294618651142,0.009678668215242341,0.009397106958071656,0.009713863372388675,21.1035255,797.895239,125.88965,0.2409,0.2669
E4H6-1,0.9008887970235635,0.029040926002480365,0.03007441091360066,0.019532864820173624,0.020463001240181893,0.49379963,0.4942738,0.28815454,0.288338,-0.0009264726961208067,0.510112,0.5001508,0.28884205,0.2840174,0.05288818300094717,0.49803036,0.5259771,0.30275044,0.29883376,-0.11414195192726627,0.50993675,0.50134516,0.29599062,0.29939646,-0.01896457266569775,0.45405272,0.5053501,0.27796096,0.2810919,0.17941703395903333,3.1483690162927163,1.6816616961742652,2.9730187349615558,1.6785460940598977,4.0652879867015415,1.706630312731369,4.421125800550647,1.6799802154764396,3.0694260187843763,1.52510815225137,3.6742978254698717,1.703429106556567,3.5190128241870537,2.048565331539192,3.4362388763034315,1.8172033515046586,3.6409331175269313,2.0037673759510763,3.648945209214939,2.065722498826483,0.0035287344644248024,0.012391208642351588,0.02024111890006434,0.025764502692268616,0.034342510752141966,0.03892783365505097,0.04296454333028548,0.04762098276270784,0.053882623861288906,0.053669274272748826,0.4059978723526001,0.03494704142212868,0.033634722232818604,0.03303762897849083,0.03289516270160675,0.03281470760703087,0.03212529793381691,0.03193372115492821,0.031890738755464554,0.03182933107018471,0.03158293291926384,0.03135516867041588,0.030012408271431923,0.030008144676685333,0.029892032966017723,0.02951994352042675,0.029409635812044144,0.02909284271299839,0.029043391346931458,0.028977248817682266,0.011933727262181972,0.01355578727840088,0.011470281543262283,0.012122002085493095,0.011600625651708446,0.010427528675692984,0.012773722627723907,0.012773722627723907,0.013034410844616231,0.012122002085493095,0.008168230795959505,0.008342022940554387,0.007733750434472298,0.008255126868256947,0.007646854362174855,0.009297879735826244,0.008168230795959505,0.009384775808123686,0.008342022940554387,0.00947957152335726,19.89569851,786.017926,124.11395,0.2581,0.2703
E4H6-2,0.9013021909880116,0.02997106242248863,0.028730880529144274,0.020049607275733773,0.019946258784621744,0.49475893,0.4972004,0.2888068,0.28865907,0.00017311539584950674,0.46837676,0.47618353,0.28057003,0.27865613,-0.026083918233370827,0.48433936,0.4927753,0.2835141,0.28227547,0.06808883180387922,0.5316822,0.49038965,0.29577643,0.28898394,-0.053696167326479555,0.4693542,0.46992186,0.28828764,0.3093506,-0.02356351425970296,3.040477392163539,1.6200193656199868,3.1593618420436953,1.579003766595622,3.9840060192751157,1.5693143677324182,4.123588028469735,1.67151106266186,2.995881806403022,1.4313735127833855,3.841523972901266,1.7423538716060927,3.525031321272501,1.8574219372596423,3.528820414699281,1.769225902407952,3.710252388273535,1.6381903134496656,3.5500095918921275,1.6669958597557955,0.003462717297208769,0.012396929010953016,0.019629863597014578,0.025679591693489358,0.03446005341141159,0.0383539391751647,0.04351793360005615,0.047712634573026234,0.053545107240622086,0.054574563734386856,0.40343087911605835,0.03774707764387131,0.036740146577358246,0.03372941166162491,0.03292712941765785,0.032495271414518356,0.03198344260454178,0.031734898686409,0.03128597140312195,0.031165190041065216,0.03102562017738819,0.03024202398955822,0.029680881649255753,0.029654493555426598,0.029595492407679558,0.02942422777414322,0.029390692710876465,0.0293365977704525,0.029280109331011772,0.02913038060069084,0.011867364746933473,0.013030831878985774,0.011649214659673666,0.013743455497367808,0.013612565445011925,0.011518324607317783,0.012041884816741318,0.010078534031403059,0.01243455497380897,0.011910994764385433,0.009249563699815794,0.008638743455488337,0.008987783595104028,0.008900523560200104,0.007678883071545187,0.008813263525296182,0.008900523560200104,0.00741710296683342,0.007996192289377634,0.008091385054727368,20.79347871,793.421166,124.79916,0.2455,0.2615
E4H6-3,0.9007854485324515,0.03079785035138487,0.028420835055808186,0.019326167837949566,0.02066969822240595,0.49256903,0.49562755,0.28860667,0.28827056,0.0015892284888000066,0.48968732,0.49385735,0.2826104,0.28348076,-0.05104908212639298,0.5183592,0.512604,0.29991326,0.29786208,0.0053817376585577675,0.49158734,0.50117826,0.2954927,0.29011905,0.004344682916035511,0.5268293,0.47627118,0.27346727,0.2977412,-0.007495140094650419,3.008976720899226,1.4515966790365336,3.2269655941481536,1.5705709325541626,4.204585148039736,1.6709434365584561,3.9300919613234213,1.4139933435278327,3.1091145529328905,1.4486225760638465,3.7786199826445985,1.6840798634537721,3.3322101165438496,1.8200228355032146,3.6188303718112067,1.7253388110119232,3.8193094063392015,1.8853895725995398,3.57307189919017,1.6263215884627216,0.003354149879129734,0.012526860059092131,0.01984286865431104,0.025681573999462796,0.0342566478646253,0.03812449637389202,0.04360394842868654,0.048166800966962124,0.05355560032232071,0.05422038678485093,0.39951640367507935,0.03564881160855293,0.034607358276844025,0.03425700217485428,0.03419877961277962,0.03320980817079544,0.03218452259898186,0.03207604959607124,0.03192543983459473,0.031545232981443405,0.0309849064797163,0.03062676265835762,0.030395997688174248,0.030283987522125244,0.03027048334479332,0.030201293528079987,0.029783781617879868,0.02948356233537197,0.029469896107912064,0.029329951852560043,0.011574074074062017,0.011921296296283879,0.010026041666656223,0.014062499999985352,0.011979166666654188,0.012239583333320585,0.011718749999987793,0.012369791666653782,0.012369791666653782,0.013802083333318955,0.009895833333323025,0.007291666666659071,0.008246527777769188,0.007465277777770002,0.008506944444435583,0.008246527777769188,0.0094618055555457,0.008333333333324653,0.009280303030293362,0.00804924242423404,20.32179409,791.567831,123.31084,0.2416,0.2501
E4H6-4,0.9006821000413394,0.031107895824720958,0.028214138073584125,0.018602728400165358,0.021393137660190163,0.4934232,0.49737546,0.2884321,0.28876722,0.004355713116027525,0.5083462,0.46170956,0.29212958,0.28951728,-0.0034922487840172638,0.4765032,0.5031663,0.2888747,0.2908409,-0.07928704091074566,0.48617885,0.49543315,0.28990152,0.280206,-0.04589987646188337,0.52274066,0.46790305,0.2887513,0.28283733,-0.01344336242217131,2.8979647669414326,1.4514763512611584,3.260043137030231,1.8213109810674928,4.466228014248164,1.7927404820151787,4.139938721154189,1.4382756528869056,2.9677612545917,1.4443271247835425,3.6962491495379424,1.5770998337675397,3.6279042612005075,1.9387048388793209,3.491982505223626,1.6784061469743063,3.476167745689188,1.702334510463537,3.512789099003563,1.8133092741447918,0.003530855085328998,0.012554151414503105,0.019871865202458965,0.02519474560887302,0.03395871359844669,0.038839405938618975,0.04308840104130302,0.04797574282608045,0.054485549094511886,0.05383390352320822,0.3868456184864044,0.03742007911205292,0.03609506040811539,0.03513199836015701,0.03508732467889786,0.03415513411164284,0.03392723202705383,0.03366396203637123,0.03366396203637123,0.032921481877565384,0.031765472143888474,0.031716302037239075,0.031283047050237656,0.031045764684677124,0.03096972219645977,0.029998373240232468,0.029062457382678986,0.02851814404129982,0.028463371098041534,0.028265556320548058,0.011677650595432408,0.013065094230533288,0.011966701352745092,0.01053590010404731,0.013137356919861459,0.011836628511954385,0.012877211238280045,0.012226847034326508,0.010926118626419432,0.01365764828302429,0.009278529309737136,0.009365244536930942,0.007630939993054841,0.007284079084279621,0.009972251127287578,0.009018383628155721,0.009018383628155721,0.008151231356217672,0.007189480654613652,0.007662472802943497,19.88920723,787.346203,122.12171,0.2415,0.2667
E4H7-1,0.892414220752377,0.03379495659363373,0.03379495659363373,0.019739561802397686,0.020256304257957835,0.49439323,0.49662197,0.28946576,0.28776544,-0.0032477402065490676,0.47385696,0.4815736,0.2782863,0.29595566,0.0615436003934743,0.4943313,0.5019437,0.28573793,0.3008796,-0.02501317612982363,0.5135998,0.4703168,0.28400034,0.29357034,-0.00796276516039456,0.48581383,0.49606538,0.27696344,0.2884335,0.09626331683798624,2.9467707048387783,1.4542034076148525,2.7633983788222545,1.3061918102570067,4.252818318576838,1.8125297508919331,3.878685621258302,1.4988709677536325,2.9199448162791795,1.3713679661675515,3.8018614111341162,1.9024311566892904,3.37635042065038,1.917475015837856,3.5599983105393562,1.9034306172235025,3.919454577637052,1.9328049930236328,3.6528863140167758,1.794955877743781,0.0035455255127386275,0.012569725356610603,0.020353417074728552,0.02559648002270953,0.034226101767085376,0.038421687602015475,0.043122560499609684,0.047840465545383584,0.05356326733375914,0.05409410261869278,0.40749263763427734,0.037207793444395065,0.034972913563251495,0.034824274480342865,0.03420459106564522,0.033294569700956345,0.032206226140260696,0.031893178820610046,0.03115939348936081,0.03019706904888153,0.02968147024512291,0.029680363833904266,0.029604624956846237,0.029331810772418976,0.029206518083810806,0.02916463278234005,0.029104795306921005,0.02897336706519127,0.02894205041229725,0.028857694938778877,0.011207172590447127,0.012914932223277166,0.010806916426502586,0.012848222862619742,0.015249759846286985,0.013208453410169829,0.011167146974052673,0.012007684918336209,0.01092699327568595,0.011647454370786122,0.009606147934668966,0.009205891770724426,0.007604867114946266,0.00864553314120207,0.00856548190841316,0.007604867114946266,0.00864553314120207,0.0068043547870571845,0.009169504846729468,0.008994847611553667,19.81891613,779.881841,122.68979,0.2516,0.2711
E4H7-2,0.8915874328234807,0.033484911120297646,0.03493178999586606,0.020256304257957835,0.019739561802397686,0.4922973,0.49529463,0.2879866,0.28850982,-0.00025901855660185864,0.51908314,0.5117441,0.3008341,0.28707308,-0.06039485222265873,0.49971133,0.47407484,0.2901689,0.2909721,0.057833200342470206,0.50727975,0.5266776,0.29084316,0.28274578,0.048222608279975,0.4996808,0.49645042,0.29015914,0.29625723,-0.04435208122750149,2.782933211591349,1.457961971449266,2.8341335851470335,1.4463565177960815,3.9839677686463766,1.7292326958353506,4.305987628183013,1.527355916501799,2.8511029154117296,1.3980506067607386,3.778464131569493,2.0369424960878786,3.58362017545498,1.7865097411869797,3.440818365419608,1.8432187517285306,3.775431580360033,1.878079197152649,3.6013427089285552,1.8041121053763554,0.0035241343809572293,0.012662559890485968,0.020511254037481406,0.025947358596229233,0.03428535872067699,0.03860143341196169,0.04389894841640222,0.04799158280584452,0.05277999332507453,0.053130709748219554,0.41426998376846313,0.03579901531338692,0.03432198613882065,0.03378976136445999,0.03351711854338646,0.03229345753788948,0.03135610371828079,0.03096991777420044,0.030815063044428825,0.03070122003555298,0.03045501932501793,0.029486248269677162,0.02927999012172222,0.029274065047502518,0.02913888916373253,0.028968390077352524,0.028968390077352524,0.02892788127064705,0.028846517205238342,0.028820909559726715,0.013346043851274218,0.011651308124128285,0.010486177311715457,0.011320305052420095,0.009056244041936076,0.012631077216384528,0.012631077216384528,0.013822688274534011,0.015610104861758237,0.011320305052420095,0.007626310772156696,0.00953288846519587,0.008341277407046386,0.008023514458206524,0.008817921830306179,0.008817921830306179,0.008023514458206524,0.007944073720996559,0.008059623884211053,0.009619551087606742,19.53524973,779.729184,124.35294,0.2714,0.2731
E4H7-3,0.8912773873501447,0.03234807771806532,0.036378668871434476,0.01849937990905333,0.02149648615130219,0.4945628,0.4967346,0.28851777,0.28857914,-0.0032135100365387748,0.49228552,0.4480695,0.28525466,0.2806708,0.062911989368193,0.4881167,0.5006741,0.293449,0.29183775,-5.882766583570562e-06,0.49979565,0.51988447,0.2949606,0.30589283,0.005433073143716137,0.47367495,0.49816656,0.28478056,0.27619565,0.03718121335192434,2.9268328070773104,1.4093847502963948,2.6992638283674855,1.2806682429510268,4.161808668234789,1.5419703730461711,3.849251790447847,1.6129258769401884,2.720223778224965,1.4846603861470111,3.9032450236413374,1.8783653958108144,3.145835671422251,1.5525550533179282,3.534987560158497,1.9161097530904414,3.5357784470241014,1.6431601623135768,3.568451152225158,1.5972077433133933,0.0035880129888840864,0.012556660127893962,0.019865678092894905,0.026033181500814576,0.034539127350910435,0.03820471899901364,0.043311057175471845,0.047605590096530016,0.05385067216366881,0.05377863483725106,0.4084671139717102,0.03906376287341118,0.035072870552539825,0.03439919278025627,0.03418661653995514,0.03342385217547417,0.032281287014484406,0.03188718110322952,0.030784493312239647,0.03078165464103222,0.03023466095328331,0.02992652915418148,0.02911626175045967,0.029068855568766594,0.02893098257482052,0.028759222477674484,0.028520453721284866,0.028484094887971878,0.028408318758010864,0.028202638030052185,0.013307984790861874,0.012251795521745852,0.011525665399228589,0.01211977186310635,0.01259505703420856,0.01164448669200414,0.012713878326984113,0.012000950570330798,0.011288022813677483,0.012357414448657456,0.008475918884656075,0.0096641318124116,0.008555133079839777,0.008317490494288671,0.008634347275023478,0.008159062103921269,0.007921419518370163,0.008159062103921269,0.008555133079839777,0.008295886622874935,18.87559669,776.782507,122.89257,0.2638,0.2694
E4H7-4,0.8918974782968169,0.03234807771806532,0.0357585779247623,0.020463001240181893,0.019532864820173624,0.4957748,0.49557024,0.28868264,0.28892788,-0.00478424133209617,0.46544066,0.49485567,0.2965402,0.27737474,0.05588527247789569,0.48593685,0.50169003,0.28050533,0.28202656,-0.03902721060327384,0.4878049,0.49263826,0.29568803,0.2940251,0.0386759952335813,0.4765131,0.4984755,0.277739,0.3009148,0.153457613524425,2.9999994360330766,1.480438000909207,2.7592314732293066,1.4750115315418024,3.931366640010988,1.502157632850137,4.124380489880878,1.5702471305117696,2.7866324759326457,1.3140366142654503,3.6302582723511665,1.7079436528742205,3.3928211977638982,1.6026966414380441,3.6076542541181493,1.7117001746642235,3.6048581495513217,1.6558961142736577,3.6356855793244143,1.5517902546913753,0.0034067674825708333,0.012439694944501317,0.019636075115339054,0.025736630240887313,0.0338956719072072,0.038659043053440194,0.04308118260329191,0.04775855229027434,0.05392568919072627,0.05479402650509489,0.4101581871509552,0.03948245942592621,0.03904779627919197,0.03304971382021904,0.032600048929452896,0.032245222479104996,0.031409475952386856,0.030759837478399277,0.02995150163769722,0.029803462326526642,0.02978675439953804,0.02965399995446205,0.029584312811493874,0.029337583109736443,0.029254311695694923,0.029172774404287338,0.02883925661444664,0.028666744008660316,0.028606491163372993,0.028589921072125435,0.012534523050763456,0.014659018483096248,0.01003824091777243,0.013623326959834012,0.01410133843210889,0.010874760994253467,0.01206978967494066,0.010516252390047307,0.012786806883352977,0.010396749521978589,0.008285532186097878,0.008763543658372756,0.007887189292535481,0.009241555130647634,0.007329509241548124,0.009002549394510194,0.00844486934352284,0.009878903760347472,0.007822005909952542,0.007995828263507044,19.51290511,769.02314,123.04337,0.2507,0.2669
E4H8-1,0.8811492352211657,0.0413393964448119,0.037515502273666804,0.018602728400165358,0.021393137660190163,0.49459043,0.49592173,0.28915644,0.28909606,-0.0027678643535048513,0.49256098,0.5071398,0.29058903,0.28428543,0.01985262010430159,0.482396,0.48111314,0.2901817,0.28717062,0.04328488313689406,0.48326558,0.4900659,0.27944317,0.27762747,0.02606885101105255,0.49758455,0.4978711,0.26799378,0.29016638,-0.02641544488094574,2.675611070151788,1.2633706507914455,2.736945758777755,1.3512706321170311,4.2784848138318505,1.6499531737561572,3.9203511432634253,1.5535300477188467,2.659138959544785,1.3449832689781231,3.67792625122481,1.751530328184875,3.5309512187353898,1.78462418758434,3.6649521812322923,1.8743076296456462,3.617085797369341,1.7781646149414503,3.651892273516815,1.6938826341230786,0.0033895075004764367,0.012233081956204114,0.019522564954216694,0.025686749612044323,0.03416732460319621,0.0386730554572432,0.043480529616218816,0.04791139183069705,0.05429791366057735,0.053971214142459145,0.42172741889953613,0.035428810864686966,0.03343548998236656,0.031758274883031845,0.03141588345170021,0.03137803077697754,0.031036224216222763,0.030997110530734062,0.030997110530734062,0.030196495354175568,0.030196495354175568,0.029675355181097984,0.02928655780851841,0.029240546748042107,0.02916276454925537,0.029162731021642685,0.02892027050256729,0.028824705630540848,0.028593577444553375,0.028566166758537292,0.011497584541052803,0.012850241545882546,0.013152173913032042,0.012391304347815312,0.0117391304347724,0.011956521739120037,0.012826086956510586,0.013804347826074953,0.01032608695651276,0.011413043478250945,0.00804347826086257,0.008623188405789602,0.00811594202897845,0.009347826086948393,0.008405797101441966,0.009130434782600757,0.00811594202897845,0.008623188405789602,0.008063241106712356,0.008221343873510638,18.54225199,762.444134,122.04054,0.264,0.2909
E4H8-2,0.8814592806945019,0.040202563042579575,0.038342290202563044,0.020359652749069864,0.019636213311285657,0.49242184,0.49691978,0.28886664,0.28840882,0.00535321083546603,0.5115995,0.49507645,0.28706312,0.29441154,-0.04585214785473926,0.50042737,0.4940838,0.2855595,0.28301305,-0.0492040684905982,0.51789033,0.47027445,0.2849737,0.2991388,-0.06799168503875529,0.48652118,0.47493312,0.28958285,0.28609213,0.02765967153231557,2.6440205993102444,1.403778707315382,2.7161512957757425,1.243804824055023,4.0173217138846775,1.6288045983909514,3.9360233867339245,1.4999417196149671,2.640349826221776,1.4643203300862149,3.5189951795543486,1.4988305366808947,3.381559576803315,1.9258799800154685,3.373695647478097,1.6849931563503313,3.799066033298948,1.8729116592246229,3.8298854546408396,1.8086082214638906,0.0035960847801410523,0.012588622787919388,0.020264612292748282,0.025814585310482148,0.033816222854909844,0.03863581384097211,0.04367870633990212,0.04777024135171849,0.05343884329816335,0.053729600476376566,0.4267710745334625,0.03455513343214989,0.03301512822508812,0.03280019387602806,0.0315195769071579,0.031021511182188988,0.030651535838842392,0.03059118613600731,0.03035484254360199,0.030307399109005928,0.030086146667599678,0.029959654435515404,0.029609784483909607,0.02857731468975544,0.028483012691140175,0.028416361659765244,0.02840489335358143,0.02832244522869587,0.028276408091187477,0.028276408091187477,0.01133391455971113,0.011818269882775708,0.012096774193537841,0.012096774193537841,0.01187881429815878,0.01155187445509019,0.01242371403660643,0.013949433304259852,0.01285963382736455,0.012096774193537841,0.009735541993598022,0.008718395815162408,0.007337983144428359,0.008936355710541468,0.008427782621323661,0.008137169427484915,0.009009009009001156,0.007846556233646168,0.008559879527614,0.008005072521194574,18.32369237,771.407015,122.11237,0.2678,0.2791
E4H8-3,0.8815626291856139,0.04030591153369161,0.038135593220338986,0.018602728400165358,0.021393137660190163,0.49408546,0.49710393,0.28824794,0.2884988,-0.0017807955319749146,0.500469,0.49141678,0.28356686,0.29035592,0.10666810958360329,0.48360765,0.47427773,0.29038197,0.28604975,-0.0104778947113496,0.5009485,0.49171373,0.29610536,0.29146597,-0.04915216860626736,0.4862142,0.4905019,0.30414248,0.29278213,-0.06255610890537416,2.5562346816937067,1.3229813440565432,2.6013279164780014,1.2591253289436486,4.468198305516731,1.7924791994205094,4.271685688563534,1.644503633129924,2.7302903502665035,1.2907468472765822,3.557336643950402,1.4611979986816563,3.3365620676488397,1.6826931190295709,3.497475918029584,1.6431407502999682,3.645627046840295,1.6261496809765097,3.463332183756867,1.4394432436260065,0.0034805246254191484,0.012672316623985436,0.020199304838306523,0.025099393030461666,0.03341397963562963,0.0384414040945684,0.043395728104057306,0.048109528054066035,0.05397642864217094,0.05454472568466824,0.42395517230033875,0.0394979864358902,0.03322133794426918,0.03223755210638046,0.03208744525909424,0.03184505179524422,0.031134305521845818,0.030825354158878326,0.029712684452533722,0.029336337000131607,0.02932036854326725,0.02926998771727085,0.029006365686655045,0.02872907929122448,0.028643354773521423,0.02848920039832592,0.028324920684099197,0.02826751209795475,0.02813933975994587,0.027956528589129448,0.0133798720186038,0.010859026565823373,0.012325479930181217,0.014288830715519818,0.00959860383943316,0.012216404886551294,0.011889179755661528,0.013089005235590673,0.01199825479929145,0.012325479930181217,0.009380453752173315,0.008289703315874093,0.009307737056420034,0.008871436881900344,0.007707969749847841,0.008216986620120811,0.00908958696916019,0.007489819662587997,0.007139457401231276,0.009201967317142533,18.22655514,761.903267,121.40312,0.2452,0.2659
E4H8-4,0.8809425382389418,0.03978916907813146,0.03927242662257131,0.020773046713517984,0.019222819346837536,0.49362347,0.49641293,0.2881954,0.28823486,0.005927410796448044,0.5085207,0.49194366,0.29913762,0.29584792,-0.0644992172068746,0.49512193,0.4856378,0.2881639,0.28928334,0.006555772967691541,0.49089915,0.4860022,0.28486305,0.28122342,-0.034214459501181155,0.4771833,0.505103,0.2913205,0.29900783,-0.09907807919605133,2.5553455505762677,1.3103291051882031,2.696506139814179,1.3168590645316494,3.870432095427861,1.3875258669653028,4.262563990176372,1.5545319987147357,2.7183369015355217,1.3329959699804153,3.58814457414083,1.9246919998494565,3.4282034831994386,1.6897375789072835,3.6139805682271295,1.972758482791059,3.616609610009784,1.596584572519079,3.3655933300763623,1.540867961202041,0.0037017961001789747,0.01270699131465502,0.020289323352124532,0.02581614726281106,0.03390882857203333,0.03812802946385104,0.04336557705921227,0.047692962589281726,0.05380069097058083,0.05392298664860454,0.4187263548374176,0.03421962633728981,0.03306758403778076,0.032995373010635376,0.03151075914502144,0.03102131560444832,0.030995406210422516,0.030824217945337296,0.03081064485013485,0.030774258077144623,0.03052504174411297,0.03010745719075203,0.03010745719075203,0.029984209686517715,0.029616355895996094,0.029415514320135117,0.029262755066156387,0.029099183157086372,0.028675731271505356,0.02826075069606304,0.013213734567889764,0.01147762345678016,0.01236979166665593,0.011176215277768076,0.01291232638887768,0.010959201388879377,0.012586805555544629,0.010742187499990676,0.013780381944432483,0.01269531249998898,0.009186921296288323,0.008391203703696419,0.00882523148147382,0.00868055555554802,0.008246527777770619,0.008101851851844819,0.008391203703696419,0.00788483796295612,0.007654671717165073,0.009390782828274677,19.00328836,769.741234,121.96069,0.2529,0.2724
E4H9-1,0.8720545680033072,0.04536998759818107,0.04257957833815626,0.019636213311285657,0.020359652749069864,0.49347174,0.49806467,0.2887426,0.28903353,0.003965500660617262,0.48647144,0.48805067,0.29061344,0.2882015,0.03321313729620529,0.49464244,0.47700346,0.2780393,0.2851552,-0.04427261727628734,0.49756098,0.46694914,0.2983176,0.2882596,-0.1104806703856021,0.5238331,0.48137313,0.29096335,0.2777265,-0.04200218454685568,2.3558738244460127,1.227520318157942,2.6243925766706506,1.358518793485702,4.1662261117034305,1.7697552571954809,3.8964280634227952,1.695194947498094,2.510792752203318,1.2486975197389452,3.884647383978849,1.8188314818997036,3.412367050747806,1.7288749272748973,3.4415912297580507,1.7790892459673138,3.684196379228316,1.7178384335964663,3.74131126841262,1.7036989149637776,0.003643052306373556,0.012276451317828535,0.019967339520172708,0.02533667478218079,0.03337480380893421,0.038597305808049244,0.043379308018485115,0.04854823571897701,0.054360055002946585,0.05385010704938559,0.443592369556427,0.03312353789806366,0.03279396891593933,0.03218362107872963,0.031200967729091644,0.030317852273583412,0.029768401756882668,0.029663365334272385,0.029452357441186905,0.029323171824216843,0.028454430401325226,0.02841731533408165,0.028343066573143005,0.028335507959127426,0.028095966205000877,0.02771027758717537,0.027631960809230804,0.027364755049347878,0.027199391275644302,0.02702774666249752,0.01238556812061466,0.011218811703455307,0.011409531502414047,0.013327948303704904,0.01221728594506283,0.011106623586420753,0.01443861066234698,0.012318255250393928,0.010904684975758559,0.012722132471718318,0.009423801830902457,0.00875067312869514,0.009154550350019532,0.007740980075384162,0.008952611739357335,0.008952611739357335,0.008616047388253676,0.007942918686046357,0.00734322220589802,0.007710383316192919,16.90569611,749.998453,122.60236,0.273,0.2771
E4H9-2,0.8719512195121951,0.04350971475816453,0.04454319966928483,0.019636213311285657,0.020359652749069864,0.49551916,0.49553722,0.288172,0.28817794,0.0053032848764590565,0.49246857,0.49617538,0.28934073,0.28785196,-0.04950896012939122,0.4797691,0.50798297,0.29205555,0.29285118,-0.04617924952736607,0.46206674,0.49879572,0.2861633,0.29916903,0.037016182905878596,0.4893525,0.47487742,0.29979774,0.29034555,-0.04678016544822777,2.562629121421321,1.2186831081581044,2.522807943710354,1.1659065103964745,4.283608681530446,1.6425787909776557,3.998480654050689,1.4202917310589254,2.4905786803850956,1.1130242865564262,3.4179972185474226,1.4986781197570962,3.508678723174536,1.7868230362602997,3.3886858826995145,1.6802001337796355,3.6625659844822693,1.7562603213948664,3.5489794153454786,1.6605350608768954,0.003587142903361481,0.012504448542495715,0.01987689669675499,0.0257914361512828,0.034300284706719725,0.03873265068426672,0.04377972435213045,0.04776521401533534,0.053548319259762535,0.05344721602122359,0.43525442481040955,0.03591034188866615,0.03181083872914314,0.03139999136328697,0.03109869174659252,0.030966348946094513,0.030252642929553986,0.029614074155688286,0.02942279912531376,0.029406197369098663,0.029270431026816368,0.02921769581735134,0.029118532314896584,0.028653200715780258,0.02841806598007679,0.028338074684143066,0.028294526040554047,0.028154341503977776,0.027712682262063026,0.027686093002557755,0.013272352255392389,0.013362030311172071,0.011602098466495882,0.013115415657777954,0.011198547215487329,0.011904761904752297,0.011097659402735192,0.012510088781265125,0.011602098466495882,0.012005649717504435,0.008205542103840566,0.009348937315031464,0.009214420231361946,0.0069276298089801505,0.00854183481301436,0.008340059187510084,0.00854183481301436,0.008340059187510084,0.008291143884357532,0.009024873431645809,18.25974994,756.782053,121.10921,0.2583,0.2771
E4H9-3,0.8723646134766433,0.044956593633732944,0.042682926829268296,0.019119470855725507,0.020876395204630013,0.4943424,0.49406046,0.28893423,0.2877561,0.007187853403017962,0.48301092,0.5241964,0.2940161,0.29595566,0.00425178362143435,0.47744048,0.5053556,0.29130706,0.29509047,-0.0626140446380727,0.510613,0.50480986,0.27252445,0.28956115,-0.08024586716157528,0.5173267,0.47776473,0.2708181,0.29230532,-0.09677776696987614,2.581005851119167,1.233822046514665,2.4991944340704535,1.2807129764028948,4.310948052952029,1.4517640223676158,3.94955648420176,1.6915672075633856,2.562081311291798,1.2332059137036546,3.8829612446358577,1.9683333332001935,3.432451191995313,1.7166870555677478,3.6523765842903186,1.8343243363127704,3.6744770330745316,1.78557866604442,3.476203787614006,1.618242852504142,0.003373311085543555,0.01263184526140149,0.02021777935734408,0.025914257660729238,0.03414473512480247,0.038419603756422845,0.04322657205332241,0.04794920757308339,0.05379828804462409,0.05365773341605977,0.4439018666744232,0.03250359371304512,0.03192516788840294,0.03179764002561569,0.030743086710572243,0.03067062981426716,0.02996537834405899,0.029535571113228798,0.029064498841762543,0.028937604278326035,0.02876446396112442,0.028743678703904152,0.0285793486982584,0.028338776901364326,0.02826259471476078,0.028073322027921677,0.02783108688890934,0.02782767079770565,0.027344627305865288,0.02718948945403099,0.011695906432739068,0.012415654520907626,0.01194331983804701,0.014777327935210707,0.011842105263148306,0.011740890688249602,0.011842105263148306,0.011133603238857382,0.01285425101213534,0.011740890688249602,0.008974358974351709,0.008029689608630475,0.008232118758427881,0.007354925775972453,0.007152496626175045,0.008299595141693684,0.009784075573541336,0.008502024291491092,0.009201324990791224,0.009348546190643884,17.98511572,758.658889,119.59516,0.2472,0.2548
E4H9-4,0.8725713104588673,0.042889623811492354,0.04454319966928483,0.019842910293509715,0.020152955766845806,0.49306828,0.49536574,0.28812876,0.2885415,0.0007162560677943097,0.5038201,0.4868695,0.28808793,0.29017007,-0.04562592837549629,0.49629337,0.5073931,0.3033555,0.30103746,-0.005707652237794853,0.51035315,0.5019862,0.29566443,0.27292326,0.027247944318887694,0.48742965,0.50004345,0.27072608,0.2767685,0.06092264076829742,2.5904050393718885,1.3481515402098607,2.602971765398437,1.1981965112158433,4.12643731302959,1.5657847132680167,4.252424624271351,1.6606957746427562,2.3355179698474386,1.1078282914617557,3.577839000168995,1.612909708391621,3.4252938790245637,1.718050986354726,3.5864267479201692,1.7369207033801517,3.6439917620521474,1.754603266491562,3.6738129421946897,1.982468612386115,0.0035879912130827433,0.012582377349279961,0.02014888943129119,0.02574241314783175,0.034100154584655436,0.038375640712716624,0.04383491986006021,0.048096167927752016,0.05347205272150354,0.05339272638515987,0.44018664956092834,0.04028819873929024,0.03170657902956009,0.03159651160240173,0.03074524737894535,0.02961239404976368,0.029075317084789276,0.028712451457977295,0.028649967163801193,0.028423994779586792,0.02835070714354515,0.02828272059559822,0.028262322768568993,0.02817380614578724,0.02816501446068287,0.028071114793419838,0.028071114793419838,0.0280087161809206,0.02790583297610283,0.027711380273103714,0.012255564566990151,0.011985221230953604,0.011557177615562403,0.01226682887265834,0.012875101378740572,0.009732360097315708,0.013077858880767982,0.012976480129754277,0.012875101378740572,0.012368207623672045,0.009259259259251749,0.007772370911050739,0.00817788591510556,0.007839956745059875,0.008110300081096424,0.008718572587178655,0.008718572587178655,0.010002703433352255,0.007815380078147463,0.008257760082570903,17.93105509,757.365515,121.54474,0.2558,0.2815
E4H10-1,0.8623398098387763,0.04919388176932617,0.048470442331541956,0.01849937990905333,0.02149648615130219,0.4938206,0.497533,0.28897557,0.2886589,0.0067801704673259924,0.48736936,0.48075417,0.2822414,0.29835188,-0.06092363614496521,0.50088406,0.49877128,0.29420313,0.28543916,-0.06439675177381181,0.5088568,0.47845846,0.286517,0.27296668,-0.10295749771565439,0.4835249,0.46720174,0.27838117,0.2836863,0.09922187152614659,2.3561151908489806,1.1744758304700165,2.427163712744756,1.159978484939397,4.315045622015078,1.6239964655601846,3.9621628515465264,1.5138197228234647,2.3430324711817163,1.1475720143257808,3.7730251081516273,2.0680634843433134,3.365177195920747,1.7305808768004503,3.633391013297553,1.9440370312908544,3.483982400410343,1.6605387745218967,3.4167960940972866,1.5377290387493259,0.0036689139192633397,0.012320493847460878,0.020230411904957658,0.02589992874564937,0.034200375455616765,0.03800117843733728,0.04352339061086903,0.047807215873276875,0.053644591520732275,0.05403683301816986,0.4458203613758087,0.032794609665870667,0.03252261504530907,0.031681694090366364,0.031240196898579597,0.03040463663637638,0.029990918934345245,0.02964467741549015,0.029348228126764297,0.029285557568073273,0.028947047889232635,0.028357092291116714,0.028096308931708336,0.027941014617681503,0.027868784964084625,0.027630524709820747,0.027556592598557472,0.027371423318982124,0.026802608743309975,0.026695026084780693,0.011678345011669578,0.013013013013003243,0.01135510510509658,0.013607357357347142,0.011730480480471674,0.012012012012002995,0.011730480480471674,0.012668918918909408,0.012012012012002995,0.012105855855846767,0.009134134134127276,0.00894644644643973,0.008571071071064636,0.008320820820814574,0.008008008008001995,0.008320820820814574,0.009446946946939856,0.008258258258252058,0.00819000819000204,0.007439257439251854,17.00407877,739.528619,121.11574,0.2854,0.2872
E4H10-2,0.8617197188921042,0.04991732120711038,0.04836709384042993,0.02159983464241422,0.018396031417941296,0.494271,0.4968665,0.28861895,0.28795245,-0.0034626512588224107,0.48288137,0.4981577,0.28400457,0.29411045,0.0249828530986249,0.4893944,0.4898957,0.282843,0.29153284,-0.013811637740122425,0.52158946,0.48524046,0.29688194,0.29498437,0.013937694168954896,0.48588654,0.46533993,0.30529377,0.28988108,0.1068957134873768,2.269769789859509,1.1552867800270636,2.3684796296066777,1.1347863858780267,3.943438972156524,1.497847604425377,4.436703107352398,1.7565103069888013,2.373969440270559,1.1356649748807117,3.6703378857070286,1.728654717963134,3.4889691398226317,1.7806683131825438,3.3343680591671543,1.7275861045313978,3.6925200698994742,1.6466479221568373,3.7879984757624134,1.722456681982406,0.0036047354767924605,0.0126382060427342,0.020027654187671214,0.025735007813432874,0.03447082379367692,0.038650101842862605,0.04342641961336054,0.047664536359719026,0.05329401523922257,0.05382183296386093,0.4543524980545044,0.03333733230829239,0.03301307186484337,0.0326043963432312,0.03036576323211193,0.029699519276618958,0.029202323406934738,0.028906207531690598,0.0284385085105896,0.028047874569892883,0.027977215126156807,0.027718177065253258,0.027673538774251938,0.02748573012650013,0.02735135518014431,0.02723659947514534,0.02705579251050949,0.026526402682065964,0.026508277282118797,0.026499370113015175,0.012954658694559326,0.012622487958801396,0.01149103139012594,0.01102391629296635,0.011584454409557859,0.01420029895365157,0.01251868460387704,0.011210762331830186,0.01251868460387704,0.011677877428989777,0.009404583956146434,0.008657199800691089,0.00840807174887264,0.008345789735918027,0.0087194818136457,0.0075361235675080705,0.007411559541598845,0.009404583956146434,0.009512161978522582,0.00733795352628885,17.512378,743.999955,119.92638,0.2669,0.3024
E4H10-3,0.8617197188921042,0.04630012401818934,0.05198429102935097,0.020773046713517984,0.019222819346837536,0.49268997,0.49550965,0.2876629,0.28776816,0.0023601925840801173,0.49588957,0.5053723,0.30027235,0.29607734,-0.021304114201847225,0.5067643,0.49312598,0.29534292,0.2865164,0.010397713259258728,0.50376165,0.4729741,0.28141466,0.30236775,-0.08916067515962806,0.49803305,0.515719,0.29272276,0.29906887,0.020733159317378708,2.429601175493552,1.1577312725623852,2.3103801751044597,1.101289821769904,4.313261540315473,1.838708653294769,4.302275790720182,1.7308377638210506,2.394156639547109,1.178367387361943,3.6023111362438995,1.618436474054612,3.498651473813333,1.7507830922796703,3.362978066157288,1.7555707407987202,3.6453567370831634,1.7671743192203015,3.7329134138363735,1.666373376788684,0.0036770889211098895,0.012950363725526645,0.02025851156680812,0.025860008604069406,0.03421268338972008,0.03863687463375168,0.04323987472758206,0.04743391596692213,0.05300177569580543,0.05406223610203789,0.4482687711715698,0.03394700959324837,0.03211398050189018,0.03191579878330231,0.029881788417696953,0.029846452176570892,0.0292811319231987,0.028749048709869385,0.028749048709869385,0.02869439497590065,0.028637386858463287,0.028525250032544136,0.02809140831232071,0.027989352121949196,0.027835574001073837,0.0277231577783823,0.027698514983057976,0.027685418725013733,0.027227915823459625,0.027138613164424896,0.01361900016607519,0.011542933067588117,0.01102391629296635,0.010650224215238677,0.011958146487285532,0.011584454409557859,0.012425261584445122,0.012985799701036633,0.013359491778764306,0.012705530642740877,0.009466865969101046,0.007660687593417294,0.008345789735918027,0.008594917787736476,0.007722969606371906,0.008594917787736476,0.008844045839554926,0.007411559541598845,0.009036553879596454,0.009172441907861062,17.61449773,748.988306,119.51361,0.2545,0.2701
E4H10-4,0.8631665977676726,0.05002066969822241,0.04681686647374948,0.019946258784621744,0.020049607275733773,0.49365857,0.4950372,0.28880638,0.28845933,-0.004565050333526551,0.49382684,0.48751575,0.28597033,0.29418713,0.05566142978616811,0.49781942,0.50362927,0.291565,0.28075355,-0.0378462682028837,0.4969038,0.5134803,0.26674667,0.2865639,-0.022543432522241755,0.49245661,0.5115761,0.3024593,0.3020329,0.14807911381985442,2.2912172951223164,1.1464610300002511,2.44467909420992,1.2185699732697342,4.06037393415331,1.7035153510073826,4.0892935197068905,1.5955311801392784,2.435119771202097,1.172139372329549,3.8972978988756948,2.010076598141051,3.4470906698644836,1.769753859623021,3.5024064813394142,1.933278006523943,3.685655563459569,1.690397637034637,3.641438165078584,1.591437778833578,0.0035675824741638264,0.012467339340974663,0.019932383490680477,0.025796902626292247,0.03431616390632827,0.03881054985103074,0.043170540565542107,0.04754623981345244,0.053665586268647335,0.054060044996221225,0.44136881828308105,0.0354299433529377,0.03217175602912903,0.03064361959695816,0.03041347861289978,0.030309684574604034,0.030096856877207756,0.030065003782510757,0.02944425866007805,0.029413064941763878,0.029413064941763878,0.028909889981150627,0.0285648200660944,0.02805814892053604,0.027927668765187263,0.027631955221295357,0.027613520622253418,0.02755284309387207,0.027516279369592667,0.027455268427729607,0.012420275260145032,0.011413225914727869,0.0118013595166074,0.012462235649537415,0.012745468277935993,0.011612537764341683,0.011518126888208823,0.01416163141992888,0.01312311178246743,0.01076283987914595,0.007930513595160173,0.008245216515603037,0.009441087613285921,0.008434038267868755,0.008056394763337318,0.008434038267868755,0.007930513595160173,0.008685800604223047,0.008926119198015779,0.008720131831907722,17.31661765,737.053374,120.26431,0.2869,0.2916
E5H1-1,0.9401612236461347,0.005374121537825548,0.0045473336089293095,0.025527077304671353,0.024390243902439025,0.49470073,0.4946425,0.2884877,0.28847545,-0.0024953011920146205,0.51547843,0.5837679,0.24944587,0.28156406,0.07857113088960328,0.47256097,0.42584747,0.3250128,0.30518702,0.09660919428504765,0.47610348,0.49320662,0.29252818,0.2887149,0.020366644553937545,0.48098388,0.5352629,0.29057625,0.28694597,0.036009642285128464,7.165962302873679,4.546230861166658,7.532145975962934,4.780971249410987,3.67188321817907,1.2721981791190007,3.7808675560547806,1.4400293717035626,8.092565800994826,4.560574557556373,3.1611472184606146,1.2509358780173454,3.136155467468359,1.49071163930541,2.992112877779503,1.3490692344551234,3.622677736363546,1.880238529428329,3.413100732602094,1.7292829445962208,0.0030880511893170122,0.012843696388000186,0.020763203041684056,0.02515880743728845,0.033885102239532616,0.03861455000695507,0.043464552325311816,0.04817545323874438,0.05291417443316177,0.05442574303333797,0.33558976650238037,0.03951529413461685,0.03897390887141228,0.03825155645608902,0.03824230283498764,0.03599311783909798,0.03599311783909798,0.035603366792201996,0.035128477960824966,0.03416037932038307,0.034094877541065216,0.03399236872792244,0.03388475254178047,0.03347334638237953,0.03325619921088219,0.03318789228796959,0.033141981810331345,0.032591477036476135,0.03250744938850403,0.03241840377449989,0.014200729226611435,0.011130301285722477,0.013169257340219051,0.011873920552656523,0.012521588946437786,0.011658031088062766,0.012521588946437786,0.012089810017250277,0.011226252158875258,0.011442141623469012,0.009211283822666876,0.006908462867000158,0.0066206102475418185,0.007915947035104348,0.009930915371312727,0.007052389176729327,0.009499136442125218,0.009643062751854387,0.008792589103454746,0.009263620662568393,23.31796675,836.440304,131.03968,0.2398,0.2506
E5H1-2,0.9401612236461347,0.003823894171145101,0.006097560975609756,0.024390243902439025,0.025527077304671353,0.49285614,0.49654105,0.28882512,0.28843257,0.0005359347462677343,0.52537906,0.44983968,0.305298,0.25257036,-0.36456685445015774,0.5279041,0.48218903,0.28164965,0.2860908,-0.14178748434371388,0.520618,0.49608588,0.27938974,0.2946919,0.12054143625278999,0.49407527,0.47690934,0.28814632,0.29571196,-0.04500941355225666,9.452071408693628,5.48550622252759,7.364772310719839,3.4045025019568786,3.81305060630286,1.4360849518839849,3.8287382539838277,1.2791833102356065,5.7558200623164595,3.3458720439609873,3.3852184593318193,1.3851622146801006,2.8710910223923904,1.8009227711438112,3.287027824932859,1.331059451924607,3.052676318943671,1.2965983540636319,3.2257577620622087,1.3843846137546076,0.0025935025935025936,0.012767312767312768,0.019628719628719628,0.02546182546182546,0.03435253435253435,0.039175539175539176,0.04395304395304395,0.047647647647647645,0.05357175357175357,0.05418145418145418,0.3341735005378723,0.03969227522611618,0.03969227522611618,0.03708437830209732,0.036666881293058395,0.03614744916558266,0.035547319799661636,0.035443563014268875,0.03539011999964714,0.03520653396844864,0.03485507518053055,0.03485507518053055,0.033984992653131485,0.033975936472415924,0.03359479457139969,0.032996587455272675,0.03296741843223572,0.03289229795336723,0.03263482823967934,0.03219866380095482,0.011322203032028036,0.010554596046805797,0.012953367875625297,0.010146804835906482,0.013169257340219051,0.012089810017250277,0.013816925734000316,0.014248704663187827,0.011010362694281501,0.012953367875625297,0.007915947035104348,0.010362694300500238,0.009211283822666876,0.008635578583750197,0.008923431203208538,0.007915947035104348,0.0066206102475418185,0.007484168105916837,0.009106610142863845,0.008635578583750197,23.20516002,836.107217,129.82905,0.2419,0.2602
E5H1-3,0.9401612236461347,0.004960727573377429,0.004960727573377429,0.025010334849111204,0.024906986357999174,0.49465784,0.49531323,0.2886708,0.28810507,-0.0015408342684969571,0.5,0.5102401,0.3009194,0.30363926,0.10403643565429481,0.5005081,0.5210099,0.2637381,0.27543995,0.3250814125417171,0.47918767,0.52587897,0.29926315,0.30605125,-0.010494966126006063,0.47763383,0.47457626,0.27832597,0.28863883,-0.009111966600322999,8.322206031942645,4.068585351433278,7.1266040132697155,4.201073105534822,3.69292970257368,1.5715305368900712,3.6628008648094075,1.3430587616331573,7.518313079233388,4.945112244357537,2.958108900827437,1.2160421035112876,2.9381760885775683,1.2798260060822169,3.2015084052759626,1.5344414611232418,3.106103137351686,1.5131501247840604,3.3589741038362253,1.5897202034098732,0.0032460546871345853,0.012974864124079739,0.020290180450705807,0.025996501370452483,0.03431276251414887,0.03847557039822636,0.04365803234829138,0.04783019485682747,0.05294717443568228,0.05360199814778436,0.3365679383277893,0.04200829938054085,0.03872189298272133,0.038423001766204834,0.03618103638291359,0.03615003824234009,0.036143913865089417,0.03476223722100258,0.03458096832036972,0.03438134863972664,0.03433460742235184,0.033885657787323,0.03375960513949394,0.03366631641983986,0.03336359187960625,0.03288344666361809,0.03281550854444504,0.03262097015976906,0.03255973011255264,0.03218991681933403,0.014776434465528116,0.011130301285722477,0.011010362694281501,0.011442141623469012,0.014896373056969092,0.011658031088062766,0.012521588946437786,0.011873920552656523,0.010794473229687747,0.011658031088062766,0.009355210132396048,0.009355210132396048,0.007484168105916837,0.006476683937812648,0.008347725964291857,0.007772020725375178,0.008779504893479367,0.008635578583750197,0.009420631182272942,0.009263620662568393,23.40918977,834.775531,130.52618,0.2434,0.2536
E5H1-4,0.9402645721372468,0.005167424555601488,0.0046506821000413395,0.02583712277800744,0.024080198429102934,0.49316117,0.49588564,0.28843784,0.2886527,0.0011007723828652858,0.5292683,0.389322,0.32341686,0.26064473,-0.038908522105087065,0.57859075,0.5193973,0.30421668,0.27944478,0.08378099054664745,0.50282925,0.49888137,0.28812975,0.28199372,0.024018117777955712,0.48932272,0.5058922,0.28351218,0.29890844,-0.06965565826134819,6.673613084759411,3.1941960482925857,9.014318788283292,4.274972528161574,3.944849014782478,1.4107325226880225,3.9015120495232027,1.4506495045103025,7.628059877441967,4.182427824381439,2.919679413715558,1.2710122427127024,2.943764996361131,1.5278244814765052,2.7894938818253032,1.289638836148961,3.485904548560282,1.3758320837846372,3.2485617954628805,1.535853593627656,0.0030846185910796166,0.012440368672131908,0.020267704135982587,0.02645546755592608,0.034532907229864296,0.03840489092677504,0.04413876152100412,0.04733453753878931,0.0531610393219397,0.053513037839840676,0.3309173882007599,0.04138433188199997,0.03833073005080223,0.03833073005080223,0.037869859486818314,0.037676647305488586,0.03618822619318962,0.036094408482313156,0.03486811742186546,0.03475010022521019,0.034481603652238846,0.03441919386386871,0.034107934683561325,0.033852167427539825,0.033783018589019775,0.03318164497613907,0.03253773972392082,0.03252542391419411,0.03238162398338318,0.032319165766239166,0.01153402537483587,0.011341791618588604,0.012759515570912181,0.012110726643577664,0.011678200692021318,0.012110726643577664,0.008866782006905076,0.014705882352915735,0.014705882352915735,0.012326989619355836,0.008217993079570557,0.0089388696654978,0.009083044982683247,0.008217993079570557,0.007785467128014212,0.009083044982683247,0.007785467128014212,0.0089388696654978,0.008021390374317674,0.008650519031126902,22.94964366,836.211639,131.66937,0.2466,0.2516
E5H2-1,0.93023976849938,0.010024803637866887,0.009818106655642828,0.02532038032244729,0.024596940884663084,0.49341673,0.49621606,0.2886338,0.28840423,-0.0009236705746492742,0.47083226,0.49178755,0.27269435,0.29339755,0.015463136670885827,0.5011553,0.47002676,0.29576933,0.3106072,-0.07837069918266733,0.512892,0.48612937,0.292512,0.28519502,0.03884887628332104,0.4992314,0.5004273,0.28773493,0.2903366,0.025739021501021246,4.984821419539563,2.4843860352208966,4.6591046644178915,2.5809232415225036,3.8093899006062975,1.3289468031365685,3.8317238224129913,1.4903871622134253,5.333256267344247,2.8100860791798405,3.3161464471210906,1.4548452849364564,3.1738545755431886,1.5494753749018644,3.0382441704921366,1.5629320429874303,3.786885015888634,1.5446092275756425,3.2182768690576986,1.2975015686382767,0.0029208039035042823,0.012317876275292591,0.02049339748183028,0.025795884942163987,0.035022349609308355,0.038857610809704166,0.04328658682226089,0.04776333299211792,0.053393387245368004,0.053482103251782855,0.3552199602127075,0.038744259625673294,0.03797832876443863,0.037787873297929764,0.037108030170202255,0.036526236683130264,0.03631315752863884,0.03544073551893234,0.03457988053560257,0.034265704452991486,0.034029245376586914,0.032043736428022385,0.03197573870420456,0.03191628307104111,0.03166789561510086,0.03143720701336861,0.031137293204665184,0.03069951757788658,0.030622681602835655,0.03050624579191208,0.01218106995882969,0.011522633744838896,0.012592592592573938,0.010925925925909739,0.012592592592573938,0.011666666666649382,0.011851851851834294,0.013518518518498491,0.014629629629607956,0.010555555555539917,0.008765432098752447,0.00950617283949209,0.007654320987642982,0.008395061728382626,0.008765432098752447,0.008148148148136077,0.008395061728382626,0.00888888888887572,0.007676767676756304,0.008484848484835916,22.33935374,822.943294,129.22217,0.2442,0.2524
E5H2-2,0.93023976849938,0.009508061182306739,0.010334849111202976,0.023976849937990905,0.02594047126911947,0.49385703,0.49643448,0.28900704,0.28869358,0.0007385014112617796,0.47468185,0.5003685,0.29754293,0.29642302,0.006639664489993948,0.5071951,0.4570339,0.2907921,0.3051536,-0.031875509894367514,0.5033642,0.4738457,0.27917325,0.28301385,0.0261581731788175,0.48853368,0.5056722,0.27974227,0.2810483,-0.03464890053435017,5.310869992067715,2.8857007161185013,5.152787648151018,2.8703274121713527,3.8992868173629267,1.3654771448768641,3.643260140254856,1.2032335967212562,5.245431599183692,2.79491221593934,3.5185133807687268,1.4296771078917387,3.01655395557589,1.4848400786570957,3.0123625006007297,1.6448927518153023,3.096576924923239,1.3679222741197445,3.124567112861019,1.34228742437719,0.003080312384570735,0.01270381510210543,0.019662550788876576,0.025598912986122106,0.03418025434014036,0.03816421297029181,0.04348055511582503,0.047853675267795895,0.053888976834995515,0.05472006754260989,0.3559655249118805,0.04072249308228493,0.0401768796145916,0.03604710474610329,0.03544476255774498,0.03494981303811073,0.03380182012915611,0.03318387269973755,0.032953694462776184,0.03294871002435684,0.0329485721886158,0.03282575681805611,0.03276751562952995,0.03260360285639763,0.032449495047330856,0.03234051540493965,0.03203398734331131,0.03201824054121971,0.03193482756614685,0.03188282623887062,0.011687242798336595,0.012510288065825088,0.011666666666649382,0.011481481481464472,0.013518518518498491,0.013518518518498491,0.01111111111109465,0.01296296296294376,0.011481481481464472,0.012037037037019204,0.008641975308629172,0.008148148148136077,0.009629629629615364,0.009999999999985186,0.007901234567889529,0.0077777777777662555,0.0077777777777662555,0.008641975308629172,0.00861952861951585,0.0075420875420763684,22.19654172,823.365792,129.12944,0.2444,0.2514
E5H2-3,0.930343116990492,0.010128152128978917,0.009611409673418768,0.026043819760231502,0.023873501446878876,0.4940406,0.4953871,0.28855497,0.289582,-0.0004317550205095786,0.4977601,0.5289692,0.295235,0.27996722,-0.06359485052000101,0.48583794,0.4803171,0.28973013,0.28972363,0.018470048263199382,0.4877565,0.5139561,0.28909495,0.2767659,0.09248061989547711,0.49683246,0.482684,0.2886165,0.26598412,-0.06516571047836976,5.01797459266872,2.873796530294946,5.62317269633532,3.230122639784621,3.6488399603359847,1.4514137468310717,3.8905691274314846,1.4807012506516455,5.156073573945547,2.436249877029385,3.158412185535225,1.196910912127016,3.1819473582037805,1.8204358049170704,3.320372787763446,1.8656100595692622,3.2084422760788214,1.5050043009959762,3.305743642627999,1.662087590862996,0.0032088433102165645,0.012272188496624165,0.019868633884075625,0.02580171967806788,0.03493710012245994,0.03824417332992803,0.04417071046410352,0.0480213224363634,0.05302449853637453,0.053784143075119674,0.3581576943397522,0.038842834532260895,0.03748574107885361,0.03503759205341339,0.03454826772212982,0.034177813678979874,0.034131210297346115,0.034004244953393936,0.03390485420823097,0.03371819108724594,0.03362105041742325,0.0332544706761837,0.033036742359399796,0.03302263841032982,0.03286070376634598,0.03263939544558525,0.032570816576480865,0.03221040219068527,0.03148385509848595,0.03129151836037636,0.012363996043502922,0.013188262446403117,0.013167655786330612,0.010571216617194998,0.011313056379805174,0.011869436201762805,0.010571216617194998,0.014651335311550962,0.012425816023720436,0.01168397626111026,0.007542037586536782,0.007418397626101753,0.008160237388711928,0.008902077151322104,0.008654797230452045,0.010138476755672395,0.009767556874367308,0.009149357072192162,0.007823037496616394,0.007013757755587113,21.07518631,817.475723,128.21851,0.2434,0.2551
E5H2-4,0.930343116990492,0.010644894584539065,0.009094667217858619,0.024700289375775113,0.025217031831335262,0.4953154,0.49522895,0.28856212,0.28890905,0.00021471627131618027,0.46590102,0.4926773,0.30731612,0.30207142,0.07686196731087945,0.5374168,0.53640217,0.28399545,0.2696629,-0.013460804733113936,0.4756608,0.50751716,0.27980363,0.27462187,-0.010663531741582117,0.4557677,0.49058765,0.28913265,0.2925425,-0.03702572649843768,5.155552786846219,2.6093342017850634,4.868688120215915,3.1820467379681703,3.9170821588809512,1.3427251674191927,3.697886597691507,1.4392832764809689,6.238682972069836,3.0879030835856125,3.3145767011607354,1.4661185566725172,3.0929447215874126,1.6210699264640362,3.1972930674664894,1.6834890028001102,3.426637868079989,1.598001084635042,3.29884386945409,1.665692916072931,0.0030919229356572843,0.012207419279441719,0.01993388760893519,0.02595078299776286,0.03428495108350863,0.039079768940532236,0.043928010951951646,0.047634311663160706,0.0533974423186083,0.05382483555377475,0.3510564863681793,0.04071494936943054,0.03791993856430054,0.03668386489152908,0.0362127348780632,0.03571402654051781,0.035130877047777176,0.034420982003211975,0.03397555649280548,0.03374817222356796,0.03361937403678894,0.0330723337829113,0.032943274825811386,0.032906536012887955,0.03231833502650261,0.03201698139309883,0.03197268396615982,0.03195928782224655,0.031872525811195374,0.031741056591272354,0.012858555885243038,0.013353115726983156,0.013167655786330612,0.013538575667635699,0.011869436201762805,0.009829376854584824,0.012240356083067894,0.013538575667635699,0.011498516320457718,0.009829376854584824,0.0080365974282769,0.0076656775469718125,0.008654797230452045,0.008902077151322104,0.0076656775469718125,0.008902077151322104,0.009025717111757132,0.008902077151322104,0.00876719719448389,0.008227677367131037,21.18623991,824.916112,127.33167,0.2431,0.246
E5H3-1,0.920318313352625,0.016225713104588674,0.013538652335675899,0.024493592393551054,0.025423728813559324,0.4930253,0.49676433,0.28831276,0.28871012,-0.0008377489512637666,0.48384342,0.48202527,0.28675255,0.29358095,0.0027510582181073766,0.50167567,0.45820934,0.2881868,0.27800295,-0.038691680776820475,0.49732426,0.48923692,0.30095825,0.29023066,0.043817767587074175,0.5246381,0.49455696,0.28846657,0.28626242,0.006024742000113391,4.324084487600032,2.1122331814661415,4.607517363672661,2.3990657698117435,3.556453570486664,1.4057420015110595,3.551517905040598,1.3824293161237857,4.451407061645875,2.4843985827612394,3.238541649371409,1.5338227787123593,3.000787604991867,1.5294517953545186,3.388604666653428,1.9375240990781655,3.1356229428342477,1.3758850242902372,3.1470006264549606,1.4435126702748347,0.003573940748096657,0.012619993379675605,0.019933382985766305,0.026600256537570338,0.03411535915259847,0.03772033267130089,0.04334243627937769,0.04822492552135055,0.0539556438265475,0.053247062231049316,0.37232881784439087,0.040598347783088684,0.03822716698050499,0.0373414009809494,0.0360037125647068,0.03333769738674164,0.03322082757949829,0.03275364637374878,0.03267849609255791,0.03192770481109619,0.03183480352163315,0.03171287477016449,0.03160383179783821,0.031259242445230484,0.031247928738594055,0.031213469803333282,0.03114491142332554,0.030821094289422035,0.030413256958127022,0.030330762267112732,0.011673151750957622,0.012105490704696794,0.010538261997392297,0.013618677042783894,0.011835278858609811,0.011673151750957622,0.010376134889740108,0.01232166018156638,0.015077821011653596,0.012808041504522947,0.008862948551653009,0.00929528750539218,0.00929528750539218,0.008322524859479047,0.006917423259826739,0.009079118028522595,0.008214440121044253,0.009187202766957388,0.007900011791052129,0.007546279919810988,20.98466596,813.108569,126.87084,0.2423,0.246
E5H3-2,0.920111616370401,0.015088879702356346,0.014882182720132286,0.02687060768912774,0.023046713517982636,0.49433872,0.49583933,0.28831482,0.288713,0.0054797309176004535,0.46734047,0.4846761,0.30507156,0.30014855,-0.059618503737016895,0.48501015,0.49270245,0.28515005,0.2731008,-0.08081944429858655,0.4796904,0.5042373,0.29013696,0.28728738,-0.12402039787456946,0.51618725,0.49205744,0.28946275,0.29012895,0.0177606102860456,4.104658036598294,2.265222827313808,4.218653731894004,2.5072482971796246,3.5101708805148135,1.330792276012133,3.964043904946339,1.4684383121563018,4.483814214210048,2.3433524070030174,3.36689880751728,1.62164911266163,3.5537226371324757,1.8154098580152032,3.1905977746578813,1.7835910269619797,3.3672583473240554,1.2423830596160417,3.457663156403717,1.6095711674238362,0.0032275860646651506,0.012570055632034564,0.019937819987316516,0.02517620248204462,0.03411651276340144,0.038014364304754245,0.04331977334715111,0.04780024026439395,0.054600856908632506,0.05456992157893923,0.36666712164878845,0.04242726042866707,0.03828000649809837,0.03685988485813141,0.035740774124860764,0.034242670983076096,0.034051887691020966,0.03332117944955826,0.03312325477600098,0.033075667917728424,0.03268611803650856,0.032661061733961105,0.03170115128159523,0.03139583393931389,0.03106519766151905,0.03058093599975109,0.0305769219994545,0.03053418919444084,0.030531136319041252,0.030477745458483696,0.013080350725870674,0.011930429782936987,0.011481241914603518,0.013583441138404161,0.012936610608003963,0.010349288486403171,0.012289780077603766,0.011319534282003468,0.010996119016803368,0.01390685640360426,0.008300991806802544,0.007977576541602444,0.008732212160402675,0.009271237602402841,0.007977576541602444,0.008408796895202577,0.009379042690802874,0.00819318671840251,0.008349994119711648,0.00811478301774794,20.89923474,812.643621,127.64912,0.2428,0.2509
E5H3-3,0.9205250103348491,0.013952046300124019,0.015605622157916494,0.02645721372467962,0.023460107482430756,0.49576107,0.496198,0.28911504,0.2885775,5.535387094513198e-05,0.4514002,0.50979286,0.27790526,0.29430073,-0.08148292520635746,0.46583754,0.5143675,0.2745953,0.28348437,-0.052735290733242846,0.48623285,0.48891023,0.29097566,0.2889769,0.040059836866896764,0.4735683,0.46569103,0.2793182,0.2894942,0.033558069060995996,4.443621519633037,2.6180580188861695,4.083443027735882,2.358792834324734,3.7023011993119987,1.336096302507022,3.854053328606263,1.3211328029347622,4.00798509299618,2.009915221601177,3.1108145731126493,1.257812367155462,2.9831245407682583,1.4798164964464537,2.948156948080058,1.4318143957203089,3.3743939762567803,1.4365919458321377,3.294661922174594,1.4390914038284046,0.0033139719516067897,0.012502945183728244,0.01985822141635166,0.026173719741438478,0.034548285646967235,0.039219603142895194,0.043363348597068134,0.04785539403997255,0.05308501592960242,0.05341282768370263,0.3739957809448242,0.037456903606653214,0.036120183765888214,0.03574017435312271,0.03568122163414955,0.03533348813652992,0.03444938361644745,0.03388188034296036,0.033420491963624954,0.03245680779218674,0.032170940190553665,0.03164547681808472,0.031519565731287,0.031246282160282135,0.03112587332725525,0.03108074888586998,0.03079177625477314,0.030688773840665817,0.030660875141620636,0.03053334727883339,0.012570437797989721,0.014015315705804634,0.013166449934963373,0.012841352405705019,0.010890767230154889,0.013003901170334195,0.013003901170334195,0.01267880364107584,0.009427828348492292,0.010078023407009001,0.009319462505406174,0.0088859991330617,0.0076939748591143995,0.008019072388372754,0.009427828348492292,0.008019072388372754,0.008777633289975582,0.007368877329856045,0.009339165385967286,0.007920557985567192,19.86543828,813.416548,126.88443,0.25,0.2608
E5H3-4,0.920214964861513,0.01705250103348491,0.012815212897891691,0.024493592393551054,0.025423728813559324,0.49439412,0.4972265,0.28834358,0.288353,0.0005576291783565438,0.511456,0.47781202,0.31425118,0.29271483,0.05543276786591043,0.51121163,0.46432474,0.26998428,0.30635646,-0.0734498052214256,0.48415148,0.49781877,0.29169685,0.29638752,0.02386117766946061,0.465001,0.46868542,0.28584644,0.27761585,-0.054527916245870355,3.8907763842075176,2.146465390717404,4.578706067325659,2.6387250906212087,3.8224819451632217,1.414371282546685,3.774656198939881,1.5288349922288116,5.369033128687209,3.0941045979506305,3.2282791496826686,1.3425558297391467,3.0293386284690733,1.7299723823697544,3.047408845883637,1.4381022340944958,3.1588648720901693,1.5231414302844466,3.151410418304969,1.5606732467092002,0.0033018253782256595,0.012707340572351119,0.020540061974324925,0.026138582923209124,0.03388797750175768,0.039179230789261256,0.04306434393146369,0.04764211129338854,0.05271983959586491,0.054152019373486446,0.3639906048774719,0.04398538917303085,0.037796664983034134,0.03689657896757126,0.03587044030427933,0.03579816222190857,0.034650929272174835,0.033718641847372055,0.03309226408600807,0.032886337488889694,0.0325322188436985,0.03144482895731926,0.03135468438267708,0.03133607283234596,0.031244643032550812,0.03093501552939415,0.030908619984984398,0.030576635152101517,0.030506374314427376,0.030474824830889702,0.013816925734006282,0.01295336787563089,0.010524611398950098,0.011172279792731643,0.011981865284958574,0.01376295336785782,0.011172279792731643,0.01295336787563089,0.011819948186513187,0.011496113989622414,0.009175302245238546,0.00949913644212932,0.009175302245238546,0.008419689119160079,0.008527633851457002,0.007556131260784685,0.006908462867003141,0.008851468048347775,0.009067357512941623,0.007536504945821609,20.21564622,812.403291,126.94912,0.2414,0.2481
E5H4-1,0.9106035551880942,0.019842910293509715,0.019636213311285657,0.026560562215791648,0.023356758991318727,0.49312946,0.49487257,0.2879549,0.28805804,0.003232814945679939,0.52127796,0.49443856,0.29037735,0.2980439,-0.07977309865887403,0.5121309,0.50432646,0.29259598,0.30026513,0.021251476464599472,0.5001898,0.5247313,0.3075831,0.29028997,-0.03713214130539972,0.47830778,0.49145043,0.28669375,0.29054084,-0.03349738704184609,3.738626273932471,1.8754906692725708,3.6665584984653297,1.9757826799484552,3.6918663083995553,1.4604003133734005,3.652791969369608,1.2821218710503748,3.827726494024583,2.0154531881462634,3.0413962392015943,1.306997417558172,3.364318898956425,1.6611692707622026,3.1202319624503474,1.4385463699158234,3.4979436311508274,1.6846585896904094,3.4370281696067533,1.5569815178520148,0.0033636271324126725,0.012912943406444626,0.020406004603303548,0.025555104251286216,0.03424553208773355,0.0384638166802058,0.04396831844029245,0.04779735310046033,0.053665718927701056,0.052954914703493096,0.38376373052597046,0.039202503859996796,0.038379769772291183,0.0376792810857296,0.034833040088415146,0.03317888826131821,0.0328289195895195,0.032211050391197205,0.03176569193601608,0.03129759058356285,0.03115551918745041,0.031068403273820877,0.030949190258979797,0.03068433329463005,0.030559401959180832,0.03045235201716423,0.03044706955552101,0.029962770640850067,0.029828909784555435,0.029751451686024666,0.012845215157339036,0.012588310854192255,0.012427745664725516,0.009826589595364362,0.010260115606924554,0.013005780346805773,0.010838150289004811,0.014884393063566608,0.011416184971085068,0.013728323699406094,0.008959537572243978,0.007899807321763506,0.008959537572243978,0.006647398843922951,0.008381502890163721,0.008477842003843763,0.00828516377648368,0.008766859344883892,0.008933263268513058,0.009563846558055155,20.77120763,799.778726,126.54765,0.2514,0.2677
E5H4-2,0.9106035551880942,0.019532864820173624,0.019946258784621744,0.02625051674245556,0.023666804464654818,0.49340764,0.49554583,0.28842622,0.28883603,0.00032800033661556735,0.51032394,0.55609363,0.2788694,0.29221645,0.09403672176732879,0.4918489,0.47584966,0.3043921,0.27696663,-0.045449911448672525,0.5046572,0.5012345,0.29692328,0.2870224,-0.07525803072976757,0.48918948,0.4650285,0.281657,0.28306642,0.02384395497870585,3.7954997988799897,1.9083501576809763,3.7534053940479843,1.8880671833555436,3.8303297087462767,1.349333282235205,3.7925585259070163,1.2295106075671791,3.7366784399152264,1.8786425228702235,3.1268612261249746,1.2850331906716057,3.225893131809094,1.6153905156400827,2.7794281053566894,1.4234025235121963,3.4283354082068054,1.834580963951013,3.2803209622066376,1.7273068265646083,0.0033846355575224136,0.01246906295586042,0.020057858418973628,0.025745357394568194,0.03421923915359525,0.038161151267804165,0.04293078297356215,0.04823310550556457,0.05349445182016358,0.05463768828571897,0.39641642570495605,0.03808671608567238,0.0338723361492157,0.032532770186662674,0.03226476535201073,0.03223216161131859,0.032085757702589035,0.03170694410800934,0.03168275207281113,0.03166115656495094,0.031530845910310745,0.03125361353158951,0.03121170774102211,0.03095526434481144,0.03090624511241913,0.030632827430963516,0.03059542551636696,0.03035481460392475,0.030170904472470284,0.029846634715795517,0.011432241490031742,0.012588310854192255,0.012572254335245581,0.011849710982645261,0.011849710982645261,0.011994219653165324,0.011416184971085068,0.012427745664725516,0.013294797687845902,0.012572254335245581,0.008092485549123592,0.008477842003843763,0.008188824662803636,0.008959537572243978,0.008959537572243978,0.007707129094403422,0.010019267822724448,0.007129094412323165,0.008828166053589374,0.008407777193894642,19.72751785,801.473782,125.13135,0.2459,0.2603
E5H4-3,0.9105002066969822,0.019119470855725507,0.020463001240181893,0.024596940884663084,0.02532038032244729,0.49416408,0.4959801,0.28834066,0.28836393,0.0018850603356998406,0.5168095,0.4859368,0.2930885,0.2812698,0.015451701717366012,0.47573295,0.51181304,0.29676566,0.3057921,-0.06189322809814653,0.4944661,0.49148983,0.28413883,0.28444704,-0.047626335363092125,0.481334,0.48654446,0.2927752,0.29408538,0.022887331589488295,3.9026803405655115,2.023217853738887,3.5957856128875183,1.8814948301412107,3.947085452331466,1.4980139664762848,3.7898862302121685,1.3462067323148525,3.8290622373003402,2.1353931732826483,3.31157595174432,1.4671004174042126,2.9048176370860115,1.54040426709512,3.1246484679912547,1.4665310653447876,3.2198408566450114,1.458620702180323,3.3317825748380483,1.433417963777311,0.0033347850432402164,0.012567660051017233,0.020394450320413114,0.025641344698148032,0.03380410211742259,0.03861548352309256,0.0435222630083577,0.04762438043095046,0.05367178912876666,0.05415707501192476,0.39449039101600647,0.03986138850450516,0.03658999502658844,0.03494510427117348,0.033456236124038696,0.03282391279935837,0.0314481258392334,0.031444624066352844,0.03132237121462822,0.031217949464917183,0.030736450105905533,0.030443310737609863,0.030437499284744263,0.030311640352010727,0.03027508594095707,0.030208097770810127,0.030140208080410957,0.030124898999929428,0.030064085498452187,0.02965868078172207,0.012445470875017706,0.012830382345379077,0.012702078521925286,0.012702078521925286,0.010825635103913597,0.012413394919154257,0.011691685912226683,0.010825635103913597,0.012124711316383228,0.013279445727467344,0.008468052347950191,0.00933410315626328,0.008083140877588818,0.009141647421082593,0.007313317936866074,0.00875673595072122,0.007890685142408132,0.00817936874517916,0.009342851144226038,0.008293092588695022,19.61311651,797.114933,126.05215,0.2443,0.2552
E5H4-4,0.9107069036792063,0.019842910293509715,0.019532864820173624,0.02315006200909467,0.02676725919801571,0.4934416,0.49569348,0.2891236,0.28890195,-0.0023830563036367327,0.51803863,0.47607696,0.29379755,0.28381792,0.01275374765086948,0.49116012,0.49018025,0.28549108,0.28751856,-0.04327925701356226,0.4800196,0.5028753,0.27439472,0.2904509,0.011094825639949856,0.50569737,0.5106341,0.28174552,0.28237462,0.10133071580442354,3.8377790172903707,2.0680088364847697,3.6317465327177354,1.9206051130827442,3.854465383839599,1.4700182813963218,3.679228953643737,1.2080617959395155,3.639054841714223,1.7888510816525802,3.6282727830800128,1.877002027585697,3.1562324546477747,1.5517694283928751,3.2782525535870084,1.8138625173748133,3.1101158159216,1.3546645782225315,3.2537087318468565,1.4370682665027559,0.0032773519641912975,0.012173021581281961,0.019716581705756756,0.025641646586831664,0.03376641198574432,0.038303042044551,0.04306166022901103,0.04867594173417124,0.05427407864837484,0.05444359685341922,0.39371395111083984,0.03570374846458435,0.03541892394423485,0.03466981649398804,0.03373722732067108,0.03321678563952446,0.03282470256090164,0.0321674719452858,0.03192642703652382,0.03168686106801033,0.03168686106801033,0.03132113069295883,0.031184058636426926,0.031137615442276,0.030865836888551712,0.030146488919854164,0.02974926494061947,0.02968808263540268,0.02959228865802288,0.029562389478087425,0.011574074074060678,0.010030864197519253,0.014612268518501606,0.012152777777763713,0.011718749999986436,0.013599537037021298,0.012876157407392504,0.011284722222209161,0.011574074074060678,0.012876157407392504,0.00848765432097783,0.008294753086410154,0.007908950617274797,0.00848765432097783,0.009741512345667737,0.007908950617274797,0.008969907407397025,0.008005401234558637,0.008943602693592343,0.007996632996623742,20.3167406,803.630522,126.09169,0.2489,0.2741
E5H5-1,0.9009921455146754,0.024183546920214963,0.024906986357999174,0.024803637866887142,0.025113683340223233,0.493957,0.49550706,0.2880007,0.28813118,0.000300669139365339,0.4941109,0.51763725,0.28948027,0.29857972,0.04464574048881129,0.47464833,0.4977143,0.3040922,0.28564546,-0.007129500296740433,0.489939,0.51599574,0.301603,0.292164,-0.0545387853957156,0.5147546,0.46195158,0.28093833,0.2940421,0.01897194776925441,3.2240488901815865,1.5657785922258376,3.3178147727948755,1.6001780725014778,3.8322142113655246,1.4338064391244651,3.8385466990833033,1.3751631329587266,3.2172556545938726,1.7710012818073397,3.232259521130402,1.3305814916834602,2.988903527832644,1.4727592484427579,3.0792891835010976,1.3570665336140684,3.1909921341980385,1.3995170730150175,3.239147976916214,1.459024919928693,0.0034369924770724105,0.01275567138094306,0.02039190641491813,0.026156851838499123,0.03468237863227614,0.038727111037861854,0.04386028162050247,0.047204568006784714,0.052495682299660416,0.05362188962481502,0.40170642733573914,0.04517047107219696,0.03412363678216934,0.03240640088915825,0.03239592909812927,0.0322461873292923,0.031859952956438065,0.031164931133389473,0.031129097566008568,0.030817437916994095,0.03068763203918934,0.030485155060887337,0.029957018792629242,0.02979935333132744,0.029754076153039932,0.029572827741503716,0.02949744649231434,0.029240524396300316,0.02904508262872696,0.028940288349986076,0.012062166550671705,0.014033866852223811,0.012004175365331937,0.012004175365331937,0.010568893528172684,0.011612734864288505,0.010177453027129251,0.013569937369505668,0.012656576200404326,0.013048016701447758,0.008524704244945868,0.00913361169101343,0.008350730688926566,0.007654836464849351,0.008524704244945868,0.008437717466936218,0.007306889352810745,0.008785664578974823,0.009109888024283525,0.009014993357363906,18.34251876,792.875513,124.53679,0.2587,0.271
E5H5-2,0.9007854485324515,0.024390243902439025,0.024906986357999174,0.024700289375775113,0.025217031831335262,0.49386188,0.49510154,0.28824356,0.28868225,-0.004699961161742984,0.5119367,0.527686,0.29080033,0.2774708,0.04649708312079624,0.48567957,0.48611015,0.29119974,0.2791686,0.10465327319996713,0.48193693,0.4907099,0.2881962,0.28954774,-0.0038039383020493987,0.4977509,0.50298697,0.29804897,0.30455157,0.01681176496911103,3.27813285297558,1.7356035188122223,3.31449275062813,1.7751245777732017,3.8405310344921655,1.4860956795975289,3.7059519443928535,1.2897523674943894,3.256274216351922,1.6072084201769785,3.145424770125553,1.3198091664402087,2.858676965674025,1.5188086005967905,3.0358968698363795,1.3539286269364428,3.203512086625957,1.4064758125386823,3.2813368172572868,1.633393747761532,0.003525421911234434,0.012536695218562753,0.01996957145346577,0.02589442500770767,0.03421871020495704,0.03847133416442139,0.04371590193160949,0.04802884679830029,0.05330022385758904,0.05367220278548545,0.3938315510749817,0.03732026368379593,0.036594439297914505,0.035194460302591324,0.03254705294966698,0.03253898397088051,0.032260362058877945,0.0320281907916069,0.031753599643707275,0.03159450739622116,0.03133425489068031,0.031232576817274094,0.031155893579125404,0.031084688380360603,0.031030889600515366,0.03024977445602417,0.03002517856657505,0.029742421582341194,0.02947777323424816,0.029003100469708443,0.0131944444444307,0.011921296296283879,0.01249999999998698,0.01015624999998942,0.012760416666653375,0.010677083333322212,0.012890624999986573,0.012369791666653782,0.013281249999986165,0.012109374999987385,0.008854166666657443,0.008246527777769188,0.007465277777770002,0.008506944444435583,0.008159722222213723,0.008593749999991048,0.00842013888888012,0.009374999999990235,0.008806818181809008,0.008333333333324653,19.52762435,791.993055,123.35823,0.246,0.2601
E5H5-3,0.9003720545680033,0.025113683340223233,0.024596940884663084,0.024183546920214963,0.02573377428689541,0.49372748,0.49592322,0.288726,0.28853348,-0.0003607844259950603,0.5042658,0.47283253,0.28068006,0.29827884,-0.062349459999127436,0.47345766,0.53507334,0.2914812,0.2845899,0.04080929693114647,0.49166143,0.4925395,0.28584602,0.27962184,-0.032771949913907306,0.5115584,0.47797972,0.29226053,0.29191855,0.07829660250157182,3.299960259807377,1.7460051227388487,3.393523738146552,1.776588175745543,3.8651822598609327,1.4037886266503017,3.630016021788057,1.350179129435056,3.41339888737246,1.6477145322286184,3.2745344012800817,1.4954170627148837,3.0302966653592796,1.58776755969384,3.0994068096330674,1.480539346363771,3.306069295735425,1.5127436024500167,3.180845816408633,1.6177956073863085,0.0034432604114102527,0.012651673312423112,0.019811939934235044,0.025210998644463575,0.033723503550450035,0.0386740149273914,0.04392795538273291,0.048047334936230424,0.05397079824934615,0.05387185398465045,0.4066047966480255,0.041784729808568954,0.04126248136162758,0.03673698008060455,0.03426221013069153,0.03307850658893585,0.030356712639331818,0.029712721705436707,0.02964683622121811,0.029492033645510674,0.029106097295880318,0.028812097385525703,0.028812097385525703,0.02876390516757965,0.02871975675225258,0.028686920180916786,0.02854743041098118,0.02854743041098118,0.028533194214105606,0.028533194214105606,0.012332872291365723,0.010373443983391729,0.013226141078824454,0.012188796680485281,0.013355809128616851,0.012837136929447265,0.011021784232353712,0.012448132780070075,0.012059128630692886,0.012318464730277678,0.008212309820185119,0.008817427385882969,0.008903872752411234,0.008298755186713382,0.008385200553241648,0.008903872752411234,0.007866528354072061,0.008471645919769911,0.0076386269332248185,0.009241795548839903,18.94749454,787.522737,123.28109,0.2416,0.2623
E5H5-4,0.9009921455146754,0.025113683340223233,0.023976849937990905,0.025113683340223233,0.024803637866887142,0.49502853,0.4963926,0.2883645,0.28826013,-0.008439277600122929,0.4838402,0.48026085,0.2971358,0.2990309,0.1039935652911223,0.46730447,0.49298656,0.2819676,0.2823353,0.15108430459706715,0.49563384,0.5008021,0.28952283,0.29792744,0.02260820764143553,0.48714432,0.48615816,0.2943616,0.28852776,0.025861849888053068,3.176594651708891,1.7188699509987377,3.4312191224521382,1.7818561097315757,3.8953775585692005,1.4152697300181842,3.6613032373277017,1.236200605754189,3.3822836564421745,1.8236198524170506,3.1360364399127763,1.3304937877134697,3.300760415223872,1.748026877722922,2.875366421545369,1.351700975828706,3.2341779853744885,1.3900842198332293,3.3585950190455955,1.5381580000187045,0.0034299243190740215,0.01236728857231508,0.020097265503797535,0.026066750306905716,0.034343086864435365,0.03882188676190862,0.04363120050723757,0.04755352300781092,0.053509517449782135,0.053512890040066374,0.40658169984817505,0.03613027185201645,0.03460950404405594,0.033704861998558044,0.03338109329342842,0.03330264613032341,0.031536657363176346,0.0309328343719244,0.030464455485343933,0.030326081439852715,0.030288424342870712,0.030228372663259506,0.030218999832868576,0.03007136657834053,0.029989879578351974,0.029916860163211823,0.029813028872013092,0.029761124402284622,0.029427312314510345,0.029314635321497917,0.012526096033389847,0.013569937369505668,0.012917536534433281,0.010960334029216116,0.011482254697274027,0.013048016701447758,0.01239561586637537,0.012004175365331937,0.010046972860114774,0.012787056367418803,0.008524704244945868,0.009220598469023083,0.008785664578974823,0.008872651356984475,0.007915796798878307,0.0075678496868396995,0.007741823242859003,0.009307585247032733,0.008920098690444285,0.007876257354328465,17.67700433,787.438801,123.63811,0.2411,0.244
E5H6-1,0.8906572964034725,0.027904092600248037,0.03152128978916908,0.023563455973542785,0.02635386523356759,0.49324018,0.4957519,0.28860357,0.28820983,0.0021220119159150457,0.48626918,0.4988387,0.27565223,0.30056813,0.052982996085124585,0.5187525,0.5020006,0.29831466,0.2867713,-0.03973463538420024,0.5054022,0.4984389,0.288033,0.2971334,-0.024455276976270576,0.48436156,0.48301762,0.29082555,0.28532884,-0.06008574997149221,3.224407891242253,1.4830677823993688,3.06457391066332,1.422947711163231,3.9935193573302157,1.4045838437800036,3.482636357999439,1.1966738535064156,2.992638435612615,1.4968004175541831,3.3457053146415325,1.3913610520670163,3.0211441691255656,1.5148960794657895,3.072274847864887,1.5118589296330565,3.341037462719972,1.712469164661018,3.3744519513514817,2.0194024632851,0.0034251712585629283,0.012545071698029346,0.01992321838314138,0.025612391730697646,0.034232267168914005,0.038940835930685425,0.04346606219199849,0.047619047619047616,0.05371935263429838,0.05384991471795812,0.4057507812976837,0.0356995090842247,0.03480640798807144,0.034326497465372086,0.03359231352806091,0.03285645321011543,0.03222157061100006,0.031880516558885574,0.031562261283397675,0.03125866502523422,0.030680954456329346,0.030341777950525284,0.03001278266310692,0.029925452545285225,0.02982715517282486,0.029451820999383926,0.029451820999383926,0.029090994969010353,0.02872847579419613,0.028533725067973137,0.012812434362516771,0.010501995379112106,0.012169187145546155,0.013114366729666243,0.012169187145546155,0.010869565217381031,0.011578449905471098,0.014059546313786333,0.012169187145546155,0.0126417769376062,0.009136735979827533,0.008112791430364103,0.008585381222424148,0.0077977315689907395,0.008427851291737466,0.008585381222424148,0.008270321361050784,0.008506616257080806,0.007991063756651668,0.009365870424462706,18.18173365,781.138658,122.50903,0.2422,0.2759
E5H6-2,0.8913807358412568,0.03038445638693675,0.028317486564696154,0.024596940884663084,0.02532038032244729,0.4944164,0.49344733,0.28778806,0.28831378,0.0014798835292499446,0.47697857,0.53164995,0.3060086,0.28739932,0.008832458099488799,0.49621683,0.5312693,0.29427773,0.2847161,-0.009847048886295038,0.5011785,0.4814485,0.2914428,0.29310837,0.0480897762271765,0.48646095,0.5084054,0.2877467,0.29639414,-0.08733836233841603,3.0418207282922687,1.6326953187506439,3.0337633786393576,1.5032576000345863,3.691851277983114,1.2283686756993295,3.835451124612291,1.3535774132156067,3.135309479897503,1.7102445749310762,3.524836438060014,1.6885017882744535,2.9222184132051643,1.449170565474477,3.056731747131221,1.6575982329842538,3.2351480828073154,1.3726550352553266,3.31553077684766,1.403367571851911,0.0034754624995051216,0.0128131168309664,0.020273059934053875,0.026013652996702694,0.0342229838641261,0.03824422688633626,0.043456006696415944,0.04765540605505313,0.053557188183993076,0.05362222938618073,0.413501501083374,0.03471493721008301,0.034054234623909,0.03324577584862709,0.032887257635593414,0.03194385766983032,0.03104979731142521,0.031036917120218277,0.030518418177962303,0.03048575110733509,0.0303132813423872,0.03010019101202488,0.03008134663105011,0.02980746515095234,0.029651226475834846,0.029522228986024857,0.029506288468837738,0.029450125992298126,0.029206285253167152,0.028923142701387405,0.013743524685471646,0.012263452796267008,0.012131303520445166,0.012963843958122775,0.010347288296850289,0.011536631779246872,0.012012369172205507,0.01106089438628824,0.013082778306362433,0.012607040913403799,0.007611798287338143,0.008087535680296777,0.008959720900720938,0.0072153504598726145,0.008166825245789882,0.008246114811282988,0.008246114811282988,0.008801141769734728,0.010466222645089947,0.009168757027930036,17.97815019,781.066739,123.72347,0.2547,0.268
E5H6-3,0.8912773873501447,0.029557668458040514,0.029247622984704423,0.027594047126911946,0.02232327408019843,0.49201038,0.49553275,0.2887541,0.28892016,0.005286078543636326,0.5045625,0.50432616,0.29130185,0.2791368,-0.10527314819592033,0.502801,0.49317244,0.28919688,0.28419116,-0.0491332712926298,0.51758474,0.50019044,0.28074074,0.28278622,0.007241982844333351,0.514397,0.4915254,0.28743696,0.3032505,-0.021155242838673666,3.0294866819561173,1.4473899670019097,3.003397708028468,1.6972513891821466,3.6513610488571002,1.3494889934058882,3.74526972330463,1.2804770073548086,3.051479763864568,1.5097616837216827,3.042454767769311,1.5071300587705814,3.2841374429277006,1.7574319702583598,3.1620894978582923,1.9601478022913421,3.401536539155516,1.600091004368151,3.4480240015366057,1.7262804935772738,0.0035182531559194816,0.01248447628795633,0.019840327533265097,0.025760491299897645,0.034014329580348,0.038138519276697376,0.04356192425793245,0.04783077447969976,0.05356533606277721,0.054618901398839986,0.4163709282875061,0.03736521303653717,0.03678453713655472,0.03522766754031181,0.03390009328722954,0.033022359013557434,0.03176034986972809,0.03165733814239502,0.029255662113428116,0.029255365952849388,0.029239900410175323,0.029040561988949776,0.02888704277575016,0.0288247037678957,0.028494942933321,0.028474168851971626,0.028440222144126892,0.028186582028865814,0.028058525174856186,0.027753779664635658,0.011089987325718227,0.011829319814099444,0.011050380228126377,0.011525665399228589,0.012832699619759665,0.011406844106453035,0.013664448669188532,0.012476235741433007,0.013426806083637426,0.012832699619759665,0.008396704689472375,0.007446134347267953,0.008871989860574584,0.009268060836493092,0.007921419518370163,0.008475918884656075,0.008713561470207179,0.009347275031676794,0.0078638091946002,0.008382302108529882,18.5374173,778.495443,123.11222,0.2512,0.2639
E5H6-4,0.8904505994212485,0.03038445638693675,0.029247622984704423,0.024390243902439025,0.025527077304671353,0.4935486,0.4971879,0.28842425,0.28877082,-0.0052271572068821465,0.4897544,0.49720395,0.28909668,0.29157284,0.12039015231697782,0.501896,0.46861714,0.28925964,0.2885585,0.011585214452082474,0.4848078,0.49303362,0.29330426,0.2812347,0.00815618648185561,0.51071393,0.47804156,0.2901502,0.28646046,0.02291141593156013,3.1122335999961295,1.552172707624131,3.118263280058986,1.5169604802261425,3.9126185465020527,1.3199483198956241,3.7370326813893944,1.3625157196912372,2.959154335731753,1.3881927411954447,3.419235246428217,1.5026010519827624,3.1417394122099247,1.5320445622098497,3.1654782296684436,1.5997665072905156,3.083752344145978,1.28294524893945,3.2294499860262658,1.4810584538387253,0.003273108143493061,0.012590555991969975,0.01993322859387274,0.025410229553984465,0.03396667975909924,0.038917255826132494,0.04336595531116348,0.04815833115126124,0.05336530068953479,0.054352688312821855,0.4107300639152527,0.03666101396083832,0.03386938199400902,0.033533353358507156,0.033109117299318314,0.032240431755781174,0.03184084966778755,0.03173690289258957,0.030854666605591774,0.030547969043254852,0.030426522716879845,0.030244627967476845,0.029901882633566856,0.029734715819358826,0.02968839555978775,0.029632477089762688,0.02895444817841053,0.02889854833483696,0.02883622795343399,0.028558339923620224,0.012578616352189391,0.012159329140449746,0.0106132075471598,0.014150943396213065,0.01167452830187578,0.010377358490556248,0.01297169811319531,0.012264150943384657,0.01320754716979886,0.01191037735847933,0.009040880503136126,0.009198113207538492,0.008411949685526655,0.008018867924520737,0.009198113207538492,0.008805031446532574,0.008333333333325473,0.007547169811313635,0.00814751286448631,0.007975986277865546,18.0406548,778.743376,123.55799,0.2487,0.2634
E5H7-1,0.8811492352211657,0.03586192641587433,0.03307151715584952,0.024390243902439025,0.025527077304671353,0.49578047,0.49662447,0.288662,0.2890445,-0.00618789423137166,0.4889998,0.4957505,0.28064793,0.28881243,0.0585972509777077,0.47214177,0.48855934,0.29095584,0.2855453,0.04895769412986369,0.4677036,0.494865,0.29351693,0.28801852,0.1108143194501786,0.48918733,0.47622314,0.2892695,0.2789915,-0.04268693402857634,2.832314286441884,1.4216973828924533,2.7301849206479316,1.4380421756911885,3.8830521501411894,1.40454742067009,3.6426223041713297,1.2987564576155488,2.9716400106644487,1.5200546114064335,3.2511324087589624,1.4457110443755838,3.0368880034103687,1.475766791745316,2.9447392273573767,1.4481922810396006,3.358366602952956,1.5081441443609496,3.2945952560613616,1.4326275718954038,0.0034855573800150687,0.012687245653931329,0.020082031974607187,0.02577526170306807,0.0337379969266636,0.038966332996686205,0.04297174683219629,0.04746266537504094,0.05415209580015527,0.05401239869096938,0.43210896849632263,0.03334560617804527,0.03262916952371597,0.032460544258356094,0.03183356299996376,0.03155609592795372,0.030584705993533134,0.02994696982204914,0.02962171845138073,0.029613442718982697,0.029613442718982697,0.02930826134979725,0.029219262301921844,0.029132205992937088,0.028578471392393112,0.028358738869428635,0.0282033309340477,0.028030233457684517,0.027931416407227516,0.0279238224029541,0.013429951690809579,0.012946859903370385,0.011956521739120037,0.011630434782598582,0.012282608695641493,0.012499999999989131,0.013152173913032042,0.009782608695643668,0.012934782608684404,0.01108695652172949,0.008188405797094329,0.008768115942021362,0.009130434782600757,0.008333333333326087,0.009275362318832513,0.008260869565210207,0.00804347826086257,0.008333333333326087,0.008221343873510638,0.008142292490111497,17.38619937,769.540076,121.93103,0.2552,0.2773
E5H7-2,0.8812525837122778,0.037308805291442745,0.03152128978916908,0.023356758991318727,0.026560562215791648,0.4938817,0.49659207,0.28904235,0.28875932,-0.00041129590947300797,0.501858,0.48866144,0.28929546,0.28452846,0.014404440925343959,0.49088368,0.48321757,0.28633285,0.28988075,-0.02315329548672054,0.4799266,0.489838,0.2845751,0.28743005,-0.005009669089442961,0.49928823,0.49831825,0.2805158,0.29037735,0.025326215952613886,2.736694209262431,1.372758545348031,3.013469328821335,1.5568945491072856,3.960428256075999,1.260691997143102,3.509817791559621,1.3115218549029666,2.820729173923907,1.4516193849394177,3.1898436051663084,1.3992361357180843,3.1869500414678402,1.6353514496694754,3.2090519006144866,1.522622521108072,3.1034671497432056,1.4041974002929132,3.290674533036103,1.5252305970786164,0.003438730896259573,0.01227064563785923,0.0200193140515487,0.02542171701457312,0.03408077329959136,0.03811874684533317,0.04366404613246489,0.0480039457823689,0.05394566712992733,0.05436974654340706,0.42604154348373413,0.03675589710474014,0.03235895186662674,0.03153747320175171,0.03146090358495712,0.030914554372429848,0.030545758083462715,0.030303077772259712,0.030247371643781662,0.030140915885567665,0.029963813722133636,0.029576638713479042,0.02928059920668602,0.029257429763674736,0.028842847794294357,0.028754478320479393,0.028754478320479393,0.02869877591729164,0.028483625501394272,0.028080889955163002,0.011217483802330437,0.013151532733766718,0.011640557006082124,0.011422976501295541,0.013163620539588196,0.012837249782408322,0.012837249782408322,0.011966927763261996,0.011966927763261996,0.011749347258475415,0.00892080069624985,0.00855816652160555,0.008050478677103524,0.00870322019146327,0.009065854366107571,0.008630693356534408,0.007977951842174664,0.009065854366107571,0.0073581770709644015,0.008307619273669485,17.40437945,760.92697,123.688,0.2696,0.2711
E5H7-3,0.8812525837122778,0.03606862339809839,0.032761471682513435,0.023873501446878876,0.026043819760231502,0.49317518,0.49454874,0.28804305,0.28894052,-0.006562768324947339,0.5157942,0.5132339,0.28479797,0.29065987,0.0844501439053896,0.48576596,0.5112816,0.30320778,0.28728053,0.06550882222221262,0.4848485,0.50062364,0.2954442,0.27287436,0.004628957109601544,0.5067267,0.48866692,0.2877889,0.290895,0.012075079331644104,2.759057842431315,1.4022825620119654,2.811191000103892,1.4804872120047663,3.802613185231991,1.4855300838981595,3.745789808601412,1.3645203745767016,3.0155016050420906,1.5964284765929304,3.398666349371569,1.630409795140655,2.8758146507980817,1.4259786192723474,3.2283862858488495,1.6490839351910564,3.140831847701059,1.3253778361537876,3.23416954565483,1.4635159553931871,0.003492103295672485,0.01289338404313119,0.020109778353603322,0.026355627998123923,0.03439861058868874,0.03891233984852073,0.04393920396762374,0.04742201975453114,0.052681071592761315,0.05312919389067673,0.4232032001018524,0.035074714571237564,0.0340583510696888,0.03376111388206482,0.03363867104053497,0.03323198854923248,0.03179654851555824,0.029947299510240555,0.029848679900169373,0.029704324901103973,0.02940913289785385,0.029408162459731102,0.029042640700936317,0.028814611956477165,0.028801916167140007,0.028515590354800224,0.028275053948163986,0.028159894049167633,0.027899356558918953,0.027408668771386147,0.012861425394051277,0.012281210714620391,0.011640557006082124,0.01131418624890225,0.01131418624890225,0.011749347258475415,0.012293298520441868,0.012728459530015031,0.012837249782408322,0.012837249782408322,0.007035102988099477,0.00870322019146327,0.00855816652160555,0.00877574702639213,0.009283434870894154,0.00870322019146327,0.006454888308668592,0.008993327531178713,0.009257061476374569,0.009098821109257055,17.14031317,766.897318,122.1536,0.2467,0.2611
E5H7-4,0.8816659776767259,0.03772219925589086,0.03069450186027284,0.023976849937990905,0.02594047126911947,0.49441493,0.49610198,0.28895068,0.28798825,0.00789122228102915,0.48433012,0.51980495,0.2936644,0.28414434,-0.07748901275796659,0.50078017,0.48379275,0.2916733,0.30284283,-0.12438233487950946,0.47366488,0.4804208,0.2740853,0.29603854,-0.030796753526856267,0.50097173,0.47761497,0.2795074,0.2913469,0.032682593289673725,2.7045649439248476,1.27692362478922,2.9409494238184157,1.7166176285072121,3.8786568008735456,1.412379030036083,3.806651047490817,1.2856259555009697,3.0716883201839478,1.545764664459662,3.1784692156599927,1.4214855315249002,2.9966365718578065,1.5110205011297602,3.1449197771121953,1.4183922228655528,3.2529151233769857,1.6115192765078759,3.1076969648946884,1.565240618906242,0.0034880406696664286,0.012421910408986202,0.02008952559843377,0.025754963390758678,0.03412579374535668,0.03868851539830948,0.04401285879159132,0.04753827966937206,0.05336725587219707,0.05384618978866165,0.4232008159160614,0.035039450973272324,0.03402292728424072,0.03315519541501999,0.03287547826766968,0.032122548669576645,0.03179776668548584,0.030863655731081963,0.030110575258731842,0.02999372035264969,0.02951064333319664,0.029414737597107887,0.028913546353578568,0.028849638998508453,0.028618790209293365,0.02854076959192753,0.02843569777905941,0.028275487944483757,0.028197724372148514,0.02806074544787407,0.01348859776806197,0.01106259097524507,0.01179039301309014,0.011244541484706336,0.01386462882094859,0.013100436681211266,0.01179039301309014,0.012554585152827463,0.01168122270741338,0.011353711790383096,0.0093158660844169,0.009097525473063379,0.008078602620080281,0.008151382823864788,0.007496360989804225,0.007423580786019717,0.009461426491985916,0.008515283842787323,0.009368797141714723,0.00786026200872676,17.12266052,766.59147,122.06449,0.2455,0.2532
E5H8-1,0.8718478710210831,0.03761885076477883,0.0406159570070277,0.024596940884663084,0.02532038032244729,0.4944836,0.4961967,0.28905395,0.28845257,-0.0018941771618447775,0.4867998,0.4792559,0.2841216,0.28686255,-0.00869650526538097,0.48088503,0.47966534,0.29104823,0.2874486,-0.028003965727930822,0.510453,0.5053767,0.28184256,0.2979061,0.01255489977125127,0.48924837,0.5218264,0.2830499,0.28869858,0.10613534321163293,2.662323428286079,1.362750493763992,2.6590168495713082,1.4163210340733026,3.6571032725077903,1.496342551812276,3.674988759083545,1.2586713387445254,2.6787220923232815,1.329193606818387,3.3791081425715275,1.509778248157324,3.100305466600364,1.6618460781294615,3.2063930580500783,1.6334481846837199,3.452518595382009,1.6114139098149183,3.214361487621434,1.4922143801437793,0.0034486449203838697,0.012381428056113815,0.019988266679351337,0.025712224455252838,0.03423077380456886,0.0387338319994609,0.04383743008566117,0.04780733570378122,0.05372156354425563,0.05347183408450369,0.4349401891231537,0.03555336967110634,0.03262975066900253,0.03237835690379143,0.03197256848216057,0.03156662359833717,0.030785512179136276,0.030421683564782143,0.030263010412454605,0.030053064227104187,0.029478996992111206,0.029177280142903328,0.02800026535987854,0.027907637879252434,0.02779972366988659,0.027774319052696228,0.027546893805265427,0.027414845302700996,0.027173928916454315,0.02716207131743431,0.012634408602140348,0.011827956989237772,0.013306451612892494,0.010987903225797591,0.011693548387087345,0.013709677419343782,0.0114919354838617,0.01310483870966685,0.01249999999998992,0.010685483870959125,0.009475806451605262,0.00799731182795054,0.008602150537627471,0.007930107526875325,0.00786290322580011,0.008669354838702686,0.00887096774192833,0.008669354838702686,0.0086510263929549,0.00799120234603461,17.05999499,753.525735,120.59585,0.2529,0.273
E5H8-2,0.871641174038859,0.03937577511368334,0.03906572964034725,0.025010334849111204,0.024906986357999174,0.4936248,0.4935843,0.28861952,0.28827348,-0.0021785263161445026,0.48969334,0.5099426,0.29081103,0.28960335,0.0901432355495403,0.48806298,0.5165904,0.2902381,0.29391634,-0.009649304614585312,0.50503933,0.5044474,0.2792765,0.28975242,0.024506128889714842,0.50824815,0.50819325,0.29245383,0.28904107,-0.07536334083452408,2.662433374218157,1.2499468640785987,2.6503608093807527,1.301984754010323,3.8785509701807936,1.367503386542605,3.6655824079328556,1.2586709254685957,2.621400643764458,1.2999763285912294,3.2294629966187927,1.3538965784250336,3.163409990713913,1.5473887791376182,3.0115828971474827,1.4389510394104508,3.289490883349927,1.3644740418554688,3.2946899104242626,1.4375346943480536,0.0034436170170242197,0.012675228741710736,0.020084101801553324,0.025708209918736236,0.03393851454793283,0.03879315513664544,0.043765714125824924,0.04792683463043574,0.053644877744600736,0.053353079668869145,0.43639683723449707,0.03359239548444748,0.033040761947631836,0.031788043677806854,0.031155318021774292,0.030766118317842484,0.030506368726491928,0.029980402439832687,0.02961599826812744,0.029412494972348213,0.029255535453557968,0.02887888066470623,0.02857731096446514,0.028490794822573662,0.028418663889169693,0.0281414445489645,0.02806721068918705,0.027977323159575462,0.027976535260677338,0.027961598709225655,0.012077294685980615,0.012256217570217363,0.013385668276961847,0.009359903381634976,0.013083735909812332,0.01237922705313013,0.012177938808363787,0.012781803542662817,0.012580515297896474,0.011876006441214271,0.008387010198597649,0.008252818035420086,0.0071792807299995865,0.008051529790653742,0.008118625872242524,0.008722490606541556,0.008856682769719118,0.008856682769719118,0.008929878495088698,0.009515444298045333,16.74404972,762.401028,122.0607,0.2581,0.2588
E5H8-3,0.871744522529971,0.04330301777594047,0.03503513848697809,0.023046713517982636,0.02687060768912774,0.49363425,0.4970884,0.28829092,0.28815767,-0.003427148748633327,0.483148,0.49817967,0.29530936,0.29279172,0.011635061323498154,0.5001439,0.4736513,0.28308228,0.28643394,0.0029343022377182073,0.49704692,0.4751083,0.2984803,0.29157394,0.056827150407278294,0.5090994,0.49540415,0.28735504,0.29682454,0.03936637296561294,2.577293052841934,1.1682124910765626,2.809191941139322,1.413964672495402,3.9073846390225513,1.4948536500932046,3.7801178467405445,1.3753102542782327,2.792885311409188,1.4775267149533111,3.436361565572575,1.6041448705882513,2.9153033838746407,1.4433797428663888,3.1896592340479932,1.5294928267028758,3.1792797909698884,1.366960566611733,3.0675583443884404,1.3268343495767656,0.0035522360870753255,0.012599811761848377,0.019882401756889417,0.025906022608818854,0.034184453147928874,0.038366173806559996,0.04367125117648845,0.047824634909068825,0.053356407687403226,0.05398994039125199,0.4344237744808197,0.03338809311389923,0.031593773514032364,0.031500060111284256,0.03044656291604042,0.030012097209692,0.029766811057925224,0.029672157019376755,0.02950732596218586,0.029458848759531975,0.029352879151701927,0.02927381359040737,0.029207535088062286,0.029118133708834648,0.02907746657729149,0.02907584048807621,0.029053952544927597,0.028704266995191574,0.028698649257421494,0.028667854145169258,0.012087026591448762,0.012266093652062817,0.012187751813044169,0.012288477034639575,0.012590652699425794,0.011381950040280918,0.012288477034639575,0.011381950040280918,0.012389202256234981,0.013094278807402824,0.009401020682237925,0.008460918614014133,0.0089981197958563,0.00812516787536278,0.008796669352665487,0.008528068761744405,0.008326618318553592,0.00678216492075736,0.008717310087166077,0.008644055380551236,16.46074245,757.989115,120.71134,0.2646,0.2653
E5H8-4,0.8720545680033072,0.03875568416701116,0.03927242662257131,0.024596940884663084,0.02532038032244729,0.49482742,0.49428633,0.28854477,0.2878947,0.003736150154626616,0.4944065,0.51618075,0.29172957,0.29691088,-0.01588838031177424,0.48202828,0.5016726,0.28580162,0.30286518,0.015205804753667158,0.5077885,0.5090087,0.28755343,0.27489325,-0.04005038448325527,0.4662021,0.49332413,0.2910453,0.29119635,-0.09032203904735253,2.5719887364869702,1.3869176637604788,2.7665146860143808,1.3215129556938714,3.7408738477047097,1.3633796360623671,3.813009409043516,1.3611744859640482,2.645317605357273,1.2316498826588382,3.3918257940808045,1.617256251373949,3.0361510373638128,1.4896711756787058,3.2641225150170183,1.5838756585337808,3.347951720775324,1.5420964239050376,3.174406864418444,1.3499261916855352,0.0034433628623485803,0.012618232596222637,0.019918405068370715,0.026160640274982622,0.03397154108221713,0.03863092379000959,0.0435578308637997,0.04767405804062722,0.053415698410864736,0.05394264034389041,0.43888816237449646,0.033040955662727356,0.0329592190682888,0.031059371307492256,0.031051941215991974,0.030952563509345055,0.030249936506152153,0.030158689245581627,0.029583150520920753,0.029513249173760414,0.02935149520635605,0.028884829953312874,0.02870364300906658,0.028525492176413536,0.028406426310539246,0.028271401301026344,0.027893081307411194,0.027705106884241104,0.02751675806939602,0.027284571900963783,0.01238556812061466,0.012744570095125229,0.011611470113076243,0.013630856219698197,0.013025040387711611,0.011106623586420753,0.011005654281089657,0.012419224555725025,0.011611470113076243,0.012318255250393928,0.008683360258474408,0.008144857296708554,0.008212170166929284,0.00801023155626709,0.007606354334942698,0.008548734518032945,0.008683360258474408,0.008212170166929284,0.009839917755903345,0.008958731091195583,17.31425591,750.678309,119.83978,0.247,0.2705
E5H9-1,0.8616163704009921,0.042682926829268296,0.045783381562629184,0.025217031831335262,0.024700289375775113,0.4948496,0.49602243,0.28875518,0.2896372,-0.0053812575905466,0.47673184,0.49019164,0.2886981,0.28438163,0.02448416589123196,0.48538235,0.49234802,0.2808643,0.2768463,0.09335906906415695,0.512545,0.49367878,0.29335976,0.2832689,0.03745389695112628,0.48729464,0.5047869,0.29254848,0.2886653,-0.053710899756238155,2.4518870681412817,1.2546737510390673,2.3421874443895914,1.1220868810264855,3.7017567417933903,1.2536296057933565,3.786227473747693,1.4080032488731422,2.537982917375073,1.324676797978521,3.3533431615888096,1.5141399892247067,3.1394874616807757,1.5570774382320807,3.1465621851200134,1.5533564197780776,3.340535753591246,1.4732250286610569,3.347477252336521,1.51742965780988,0.003457505199665478,0.012568023020984692,0.019791410035312474,0.02567067723862149,0.033874500773455475,0.03838450876778403,0.04344925947713404,0.04785368200002346,0.05433461879454911,0.05394914802580308,0.44389429688453674,0.03455793112516403,0.03336605429649353,0.03242051228880882,0.03237763047218323,0.03192315250635147,0.03172730654478073,0.030584905296564102,0.028522450476884842,0.028302688151597977,0.027947446331381798,0.02789754793047905,0.027604272589087486,0.027320753782987595,0.0273045152425766,0.026984471827745438,0.02695666439831257,0.026876281946897507,0.02684105560183525,0.026590075343847275,0.011949215832702054,0.013276906480780061,0.011762509335316085,0.013442867811789811,0.012602688573552947,0.010175504107535344,0.01204256908139504,0.012882748319631902,0.012509335324859963,0.011202389843158175,0.008401792382368631,0.00790390838933938,0.008650734378883258,0.008650734378883258,0.008899676375397883,0.008837440876269228,0.008961911874526541,0.008526263380625945,0.008215085884982662,0.007604046438992216,16.26101673,742.699447,120.38728,0.2559,0.2808
E5H9-2,0.8620297643654402,0.04361306324927656,0.0444398511781728,0.024390243902439025,0.025527077304671353,0.49355522,0.49653333,0.28810206,0.28842062,-0.001408089743454959,0.50398797,0.4845369,0.29040122,0.28930655,-0.018842986196644467,0.504793,0.49659047,0.29370368,0.29246652,0.06526369975266419,0.49762297,0.50833094,0.28139293,0.29657114,-0.08012248160219951,0.4658833,0.47546834,0.2999793,0.27997288,0.03403541661582314,2.5373628938974315,1.2354126925751439,2.445008847494731,1.2634675857827347,3.855650813280498,1.5926390610966423,3.7426989516760685,1.3271907648690249,2.5833397148734716,1.247482960790513,3.278517229443891,1.5239471196970449,3.0200507814383903,1.5432637317645397,3.1537744330871256,1.633297374509024,3.21611756797917,1.4062425187334826,3.2207256702510474,1.4511167135375331,0.0035288706051848184,0.012426554187170742,0.020307062080697096,0.025786965917671257,0.03436873486604004,0.03867697728712648,0.043703838709957386,0.047907933449631575,0.05334791400873105,0.053278482221122886,0.43973737955093384,0.03486056625843048,0.03419473394751549,0.031179800629615784,0.030823182314634323,0.030723636969923973,0.0303924772888422,0.029560836032032967,0.029102424159646034,0.02894272468984127,0.02856147289276123,0.02833419293165207,0.028254874050617218,0.02823103964328766,0.028136519715189934,0.027995239943265915,0.027927126735448837,0.02773941308259964,0.027653126046061516,0.027649225667119026,0.012317935913432304,0.013066999583843728,0.01161048689137707,0.011423220973774215,0.0117041198501785,0.011048689138568503,0.012172284644185639,0.0140449438202142,0.01207865168538421,0.012359550561788495,0.009238451935074228,0.008489388264662804,0.008052434456922808,0.008676654182265662,0.008239700374525663,0.008052434456922808,0.008739076154799946,0.008676654182265662,0.008920667347626957,0.007626830098734498,16.59532543,744.373313,120.20889,0.2587,0.2722
E5H9-3,0.8621331128565523,0.042786275320380325,0.04516329061595701,0.02635386523356759,0.023563455973542785,0.49458662,0.49674305,0.28794998,0.28886557,0.0030099753223788266,0.4808825,0.47684845,0.28472802,0.2832908,-0.016671992133764867,0.47957247,0.47380057,0.30168718,0.2818005,-0.04918758338669712,0.50731707,0.49312064,0.28676385,0.2844331,0.020159782054676875,0.5049743,0.5392878,0.29610735,0.30227733,-0.023012655166172888,2.487283315025163,1.2935706754715606,2.515917518159814,1.3038049415343622,3.7114081822180074,1.30682908069177,3.8297511724889426,1.4432622619675086,2.4185688802805507,1.2181370631713893,3.3384687768258745,1.4553045215051517,3.1916000452473052,1.6468879366292897,2.834546668840186,1.3871392326716487,3.4309838212415773,1.5462281249089833,3.462947724788858,1.5211427968211417,0.0036765983472682668,0.012619628448114093,0.020229978524217592,0.025859552553116075,0.034460290652822086,0.03877282236261407,0.04352668487590612,0.04772454007770202,0.05298575926273431,0.053477478228838714,0.44666287302970886,0.03167519345879555,0.03125697374343872,0.031145168468356133,0.031136412173509598,0.030566392466425896,0.029923317953944206,0.029769524931907654,0.029441913589835167,0.029004743322730064,0.028735054656863213,0.02854805439710617,0.028326330706477165,0.027990063652396202,0.027969518676400185,0.027943935245275497,0.027534369379281998,0.027518466114997864,0.027492716908454895,0.027358930557966232,0.012327169748449862,0.014242878560708964,0.011900299850066041,0.011994002998491758,0.012462518740620343,0.011244377811086025,0.009932533733125987,0.011525487256363175,0.012649925037471777,0.013399550224877512,0.007808595702143072,0.009495252373805975,0.008620689655165952,0.009120439780103108,0.008245877061463083,0.008308345827080229,0.008808095952017385,0.007996001998994506,0.007087365408199676,0.009199945481797657,16.65865447,745.353681,119.95714,0.2614,0.2759
E5H9-4,0.8623398098387763,0.04319966928482844,0.04454319966928483,0.02594047126911947,0.023976849937990905,0.4933339,0.4943916,0.2879872,0.28904572,-0.0008010318645421848,0.5039678,0.49507338,0.29547632,0.28870976,-0.04860724931622403,0.49671778,0.50827795,0.2897436,0.2800786,0.06906423491272859,0.4920319,0.5016882,0.29502678,0.2872435,-0.06419456255025034,0.49300882,0.51665694,0.29078084,0.2906695,0.06261559468592827,2.5182729337051613,1.1730323016227202,2.4514140571085847,1.2486050601565255,3.6157221157301613,1.23133870891918,4.017129746602665,1.4886627807606658,2.413681668239056,1.243923850576683,3.316901330550093,1.5843381223347064,3.0168309273589387,1.5191517583248604,3.13529999499149,1.6357549955428792,3.0210716744441544,1.3106004355547487,3.270400459793685,1.4440766346025953,0.0036373883864503367,0.012491671928789989,0.020067389969436196,0.025738306344294207,0.0341037777696599,0.038410890942711565,0.043777386960023514,0.04757481347729807,0.05380064467534004,0.05373106287932951,0.44472864270210266,0.03417348116636276,0.031902413815259933,0.031780362129211426,0.030642395839095116,0.03034275770187378,0.030284510925412178,0.030084406957030296,0.02937709167599678,0.028769437223672867,0.028552258387207985,0.028487496078014374,0.028259962797164917,0.028077352792024612,0.027593383565545082,0.02759254351258278,0.027555687353014946,0.027430789545178413,0.027248051017522812,0.027116933837532997,0.012595929262586474,0.013096429763086597,0.010416666666658846,0.012387387387378088,0.011167417417409033,0.011542792792784128,0.01276276276275318,0.012668918918909408,0.012668918918909408,0.012481231231221862,0.008445945945939606,0.007257257257251809,0.007945445445439481,0.008821321321314699,0.009697197197189917,0.008633633633627152,0.008070570570564511,0.008571071071064636,0.00846300846300211,0.008872508872502212,16.22013277,748.292995,119.56186,0.244,0.2706
E5H10-1,0.8528317486564696,0.04805704836709384,0.04919388176932617,0.02573377428689541,0.024183546920214963,0.49576303,0.49609032,0.2895236,0.28856966,0.004378416192622501,0.4846315,0.4920722,0.27988538,0.29690972,-0.029206324025789397,0.4946198,0.49747187,0.28470203,0.28020635,-0.03016555498484195,0.48290724,0.4908107,0.2836522,0.2878959,-0.07257619869547767,0.45695224,0.49333623,0.28523135,0.29301924,0.03452025665056603,2.4197721616004544,1.1285986638340402,2.4083793406688216,1.1605032421191348,3.767257666447194,1.4425193392370004,3.8534225562920317,1.4282939093718336,2.2534066649630393,1.0774358819528471,3.1871443953525747,1.379248221654141,3.1429895720765417,1.5537341046967101,3.2082859656813523,1.467064863485108,3.2447395682750546,1.4242148093408664,3.359835426253473,1.5224754879154505,0.0035080500281031634,0.012450372199188063,0.01956785236670379,0.025483680038405173,0.03370292347441568,0.03841560776631288,0.04366202852657426,0.04796919237323386,0.05431141286603065,0.0542622136943658,0.46407559514045715,0.033913809806108475,0.030839690938591957,0.03023792803287506,0.029871460050344467,0.029345761984586716,0.02906148135662079,0.028239287436008453,0.028219416737556458,0.02729044109582901,0.027279475703835487,0.027178466320037842,0.02716737613081932,0.027118457481265068,0.027099955826997757,0.02689504064619541,0.026664787903428078,0.026552502065896988,0.026486890390515327,0.026462147012352943,0.01271847690386123,0.011860174781514767,0.01264044943819337,0.013167134831451427,0.012201544943811655,0.013606039325833142,0.012464887640440684,0.011323735955048228,0.01079705056179017,0.011148174157295541,0.008544007490630704,0.008485486891379809,0.008309925093627124,0.009129213483139657,0.008426966292128914,0.007724719101118171,0.009421816479394132,0.0077832397003690665,0.007916241062302919,0.009001532175683159,15.29602009,731.919681,120.73228,0.2879,0.29
E5H10-2,0.853968582058702,0.04816039685820587,0.04795369987598181,0.02594047126911947,0.023976849937990905,0.49432528,0.49610063,0.28804028,0.28933382,0.0031128696720316915,0.5031665,0.50149125,0.28873608,0.29094008,-0.048622734594412756,0.48231182,0.49360755,0.29518056,0.2777595,0.013749781871880395,0.4902342,0.47258422,0.28886017,0.28529295,-0.008030346551617974,0.48738438,0.50160724,0.29592156,0.28400385,-0.03319417218847615,2.404108633169994,1.1512653449616987,2.402984081133998,1.1677322211446217,3.5889086827079995,1.3829545012190738,3.902763457103726,1.4176800443825812,2.4204993524708494,1.2104615728936408,3.3140141107010037,1.4802466742282867,2.9469646499090936,1.4531127593005182,3.020135680526612,1.5254692174144386,3.2764174893698375,1.384956922337573,3.290283476063388,1.4458109518532525,0.003560351630604342,0.01253005193708822,0.020202854398747146,0.025627496681287356,0.03424850275590792,0.038640826588852796,0.04357913217958365,0.04788122373323056,0.05327833752378156,0.053784555904249784,0.4466342031955719,0.03392885997891426,0.03369443491101265,0.032083746045827866,0.03142768144607544,0.030709970742464066,0.030626138672232628,0.029990367591381073,0.0299747996032238,0.029035106301307678,0.028709135949611664,0.02809186279773712,0.027551136910915375,0.02744321897625923,0.027194399386644363,0.026758084073662758,0.02660653367638588,0.026589829474687576,0.026484787464141846,0.026465605944395065,0.01297475819767895,0.01297475819767895,0.011677282377911057,0.012473460721859538,0.010261854210891534,0.012119603680104658,0.012031139419665937,0.013092710544930579,0.011942675159227216,0.012208067940543377,0.008197688133988065,0.008728473696620387,0.008433592828491317,0.007843831092233185,0.008964378391123639,0.008846426043872013,0.008433592828491317,0.008964378391123639,0.009007270153760594,0.007270153766963909,15.55942904,738.144233,119.64436,0.249,0.2675
E5H10-3,0.8525217031831335,0.050330715171558495,0.0472302604381976,0.024906986357999174,0.025010334849111204,0.49475768,0.49473178,0.2890633,0.28908598,0.0035688313529037316,0.49055943,0.49944314,0.29415,0.28431618,-0.020550572615993655,0.49396914,0.51589215,0.281119,0.28334355,-0.07464679518237691,0.47348446,0.4793586,0.29250017,0.2928714,-0.007089880821226258,0.49168512,0.501821,0.272437,0.28674942,0.06219092934353913,2.3877350507303143,1.1846704690004333,2.459583575312472,1.2667736950527606,3.9009180671333996,1.4427728235014037,3.8372951907821253,1.3959653784419725,2.388139838957716,1.2095918918797732,3.1981958245391353,1.439927608312916,3.132146065276664,1.7487836309817089,3.0296590676051296,1.4897702463910558,3.243220270428462,1.5451311833504688,3.3588641392927596,1.8333535449400002,0.0035543776800496846,0.01249812868981607,0.019823289029601534,0.025516518666411723,0.033723603409712435,0.038512675254683465,0.043489989787463636,0.04791443406392248,0.05371734841646397,0.05458296833520835,0.45101097226142883,0.03547922521829605,0.03060796856880188,0.030270209535956383,0.02966812252998352,0.029445607215166092,0.029282433912158012,0.028975868597626686,0.02884923294186592,0.028456300497055054,0.02840290032327175,0.02839754894375801,0.02838735654950142,0.027919016778469086,0.027897335588932037,0.027717474848031998,0.027674661949276924,0.02759738452732563,0.027006305754184723,0.026954147964715958,0.012458148407684177,0.011679514132203916,0.012964260686746346,0.011825508058856465,0.012876664330754817,0.012876664330754817,0.012351086194805641,0.011913104414847994,0.011299929922907289,0.011737911702864935,0.007883672039237642,0.00829245503386478,0.00829245503386478,0.008642840457830897,0.008058864751220701,0.009402008876424152,0.008409250175186818,0.008759635599152937,0.00815442441230237,0.008855195260234604,15.57276521,724.918324,118.30691,0.2559,0.2597
E5H10-4,0.8532451426209178,0.049607275733774284,0.0472302604381976,0.023666804464654818,0.02625051674245556,0.49359667,0.4966537,0.2883705,0.2891832,-0.004717477360235306,0.50406504,0.49020126,0.28121075,0.2859995,0.001442960495945008,0.49108714,0.4878537,0.29290405,0.28741977,0.04191967039497832,0.4786985,0.4866035,0.3041746,0.28032455,0.06067486859457193,0.50340885,0.49979982,0.28877905,0.28594378,0.01774716022604286,2.3426928082672656,1.1749640020412682,2.433408742758331,1.1533269391299679,3.8681150819679857,1.4517419565077636,3.6743313139548714,1.3701248670089101,2.4254730739711134,1.2806236894996836,3.4076621941342475,1.5593551137146926,3.08328247690018,1.4866189270646855,3.4094548951509656,1.7018827997549648,3.25046831000172,1.3817712009913232,3.021143078146775,1.2725641014092475,0.003437205252847711,0.012346126871266535,0.020024668069360808,0.025748808919199978,0.03399114851628818,0.038398752085902925,0.043480495296137754,0.04789565648504196,0.053940240392754364,0.05407023144453312,0.46317794919013977,0.032629989087581635,0.030308855697512627,0.030258512124419212,0.02941124141216278,0.028911445289850235,0.028593234717845917,0.028338011354207993,0.02830919809639454,0.027997860684990883,0.02767363376915455,0.027529967948794365,0.027460703626275063,0.02730681374669075,0.027240710332989693,0.027234403416514397,0.027090484276413918,0.026900403201580048,0.026868272572755814,0.026758305728435516,0.01205007824725286,0.01205007824725286,0.012764084507033265,0.011971830985907062,0.012764084507033265,0.01188380281689304,0.010915492957738792,0.011795774647879018,0.01294014084506131,0.012852112676047288,0.008274647887318116,0.008450704225346162,0.009037558685439645,0.00815727699529942,0.009037558685439645,0.009096244131448992,0.008039906103280722,0.008450704225346162,0.008194622279123551,0.00793854033290094,15.02115962,742.28988,119.79937,0.272,0.291
E6H1-1,0.9301364200082679,0.005477470028937578,0.0044439851178172795,0.028730880529144274,0.031211244315832987,0.4935515,0.49665067,0.2888646,0.2885988,0.00558154406980739,0.45766222,0.479693,0.24707559,0.27943724,-0.07266712639875125,0.5300624,0.55577457,0.28865337,0.2616718,0.22431201689233649,0.49793825,0.48033777,0.28742188,0.285975,-0.038313208971885275,0.5018575,0.47777528,0.2894029,0.29630333,-0.1481192455864276,8.08988812964621,4.5315386046332025,6.944060289590656,3.2726532435731186,3.5585659842195065,1.2730988955404678,3.4931685529784633,1.167903517438518,8.595425681062956,4.342177612434482,2.8905220228785105,1.388488855979355,2.623721250844908,1.2896730629060953,2.5591878284834753,1.3586414154409316,2.92404657258501,1.3411893418366327,2.8879940202154164,1.1955227776424289,0.0028980872624068117,0.012611676293646193,0.01996682189754762,0.025383247056942417,0.034130807000712866,0.038541229455226214,0.04321814269248963,0.04800165224285305,0.054190900672223,0.05439076875928554,0.361064076423645,0.03977586701512337,0.03614550828933716,0.03612837195396423,0.03551238030195236,0.035158414393663406,0.03509454429149628,0.034726448357105255,0.03362860530614853,0.03324964642524719,0.03306232765316963,0.03300052881240845,0.03192116320133209,0.03179054334759712,0.03174493461847305,0.03173912689089775,0.03159342706203461,0.03158839792013168,0.03158016875386238,0.031495511531829834,0.01084812623272557,0.011834319526609714,0.014238165680452311,0.010355029585783498,0.01257396449702282,0.01312869822483265,0.011094674556196605,0.014053254437849034,0.013498520710039203,0.010539940828386775,0.008999013806692801,0.008382642998015213,0.008752465483221767,0.009245562130163839,0.008752465483221767,0.008259368836279694,0.00801282051280866,0.008629191321486249,0.0064550833781507515,0.009144701452380232,20.96802669,826.664768,128.25909,0.2378,0.2576
E6H1-2,0.9301364200082679,0.005167424555601488,0.0047540305911533695,0.03152128978916908,0.028420835055808186,0.49431163,0.49616572,0.28839627,0.2881996,-9.427429126250088e-05,0.43560976,0.47101697,0.28564754,0.30602536,-0.017944003307969896,0.50318134,0.4760501,0.28153977,0.27279544,-0.1678266432561552,0.49232307,0.4756877,0.29143003,0.30215502,-0.01274018394304819,0.4913082,0.5126348,0.29451782,0.28630286,0.044039735371030696,7.67508615889741,3.783259501210747,7.725417023649631,3.9935406086971437,3.397881435178554,1.0252429292340137,3.7375778027235453,1.2539259748511533,8.215103272922505,4.774104964830364,2.8763222383063822,1.0893899124850401,2.738172583550344,1.3047646924611482,2.4276086477611964,1.1412135765176028,2.9815022798960236,1.335873196996283,2.950900315732774,1.17643130071277,0.003025302530253025,0.012472497249724972,0.020262651265126514,0.02552255225522552,0.034282178217821785,0.03881325632563257,0.043275577557755775,0.047731023102310234,0.05317656765676568,0.05477172717271728,0.3639375567436218,0.04521048814058304,0.03649534657597542,0.03605561703443527,0.034776292741298676,0.03413046896457672,0.034019529819488525,0.033859338611364365,0.03245769441127777,0.032399822026491165,0.032348617911338806,0.03231840953230858,0.03217465430498123,0.03167412057518959,0.03167412057518959,0.03159641474485397,0.03133770823478699,0.03127498924732208,0.0311902929097414,0.031068556010723114,0.01413543721233938,0.01084812623272557,0.01146449704140316,0.011834319526609714,0.014238165680452311,0.013498520710039203,0.010539940828386775,0.009800295857973668,0.01257396449702282,0.012943786982229373,0.00912228796842832,0.009492110453634874,0.00801282051280866,0.008505917159750732,0.007642998027602106,0.0075197238658665875,0.008875739644957284,0.007766272189337624,0.009951586874649077,0.007934373318976966,20.55221843,819.669885,130.5565,0.2453,0.2504
E6H1-3,0.9301364200082679,0.0044439851178172795,0.005477470028937578,0.029557668458040514,0.03038445638693675,0.49321002,0.49571374,0.2888664,0.28875035,-0.00012465443666895789,0.46710154,0.55419785,0.27698913,0.29354027,-0.16805303776225597,0.4466176,0.50191873,0.31984195,0.27263483,-0.08874313556156947,0.5075473,0.4748726,0.27697244,0.2910645,0.02732396548438934,0.5142691,0.5079269,0.28707564,0.28388295,0.023056197365448738,7.560435997758867,5.085574042106298,6.478372689070512,3.8745089207507344,3.5202628352768777,1.207228197243068,3.489009952551504,1.2108944352458948,7.276921888987536,3.586134591722147,2.9495323795513397,1.662941676983284,2.9267513955574924,1.4993597823652471,2.7102683507455056,1.1791075114471172,2.8506112924450924,1.3410978939925737,3.0948578558642237,1.4211815330553654,0.002939657569618242,0.012288298309034811,0.02026642301937261,0.025827937340271983,0.03439531773460983,0.038626041128722574,0.0435982997656219,0.04778267720706047,0.054171797825712735,0.05343688343330818,0.3510410487651825,0.040094807744026184,0.03992827609181404,0.036810360848903656,0.03574047610163689,0.035589274019002914,0.03508584946393967,0.034924011677503586,0.0344008170068264,0.03431166708469391,0.03384266421198845,0.03273004665970802,0.03261033445596695,0.03238730505108833,0.03219340369105339,0.03204255923628807,0.03177467733621597,0.031576696783304214,0.03146518021821976,0.031450554728507996,0.012656147271513164,0.01019066403680281,0.012389053254419543,0.011094674556196605,0.01146449704140316,0.013868343195245757,0.012389053254419543,0.013868343195245757,0.012943786982229373,0.011279585798799882,0.008505917159750732,0.009245562130163839,0.007273175542395553,0.007889546351073142,0.008259368836279694,0.008875739644957284,0.008629191321486249,0.009861932938841429,0.008606777837534337,0.0075309306078425444,19.45686493,819.870758,129.38863,0.2439,0.2573
E6H1-4,0.93023976849938,0.00423728813559322,0.005580818520049607,0.0298677139313766,0.03007441091360066,0.4935725,0.49443284,0.28810728,0.28858075,0.001716097363556495,0.45300418,0.48470443,0.29185838,0.2801724,0.0773998242841314,0.5121951,0.5869429,0.3310451,0.2833564,-0.06959401866943422,0.5069626,0.5219342,0.2967052,0.2836346,-0.11157103624169366,0.49350432,0.4955443,0.28771526,0.2943389,0.05319540416940477,9.824884780859508,4.924644844830262,6.626321851722064,4.203086103265643,3.4458546980389757,1.2204127167932504,3.493861480168594,1.1793515598514377,8.448039578538141,4.3219680432943965,3.1848949961861543,1.5231081699651996,2.4257730966932964,1.165987702500934,3.085778687100845,1.5975118053736743,3.1071304494400738,1.4251054541147177,3.0243268597669526,1.3965431817315754,0.003048550739530455,0.01266689958964452,0.02060683286406204,0.025922957299737617,0.03406156017291106,0.03893924135615979,0.04360455158901425,0.04785882127271855,0.05332566057641586,0.05329825787313919,0.35413047671318054,0.039674311876297,0.038044750690460205,0.0374412015080452,0.03738797828555107,0.03502658009529114,0.03502658009529114,0.034249503165483475,0.03347369283437729,0.033320993185043335,0.03330511972308159,0.03274781256914139,0.03259006142616272,0.03217683359980583,0.03213036060333252,0.03205627575516701,0.03197867050766945,0.0318124033510685,0.03181234374642372,0.03161401301622391,0.011687242798336595,0.013827160493806678,0.012777777777758847,0.010925925925909739,0.011481481481464472,0.010370370370355007,0.012407407407389026,0.010740740740724829,0.014814814814792868,0.012777777777758847,0.0077777777777662555,0.0071604938271498855,0.008641975308629172,0.009753086419738637,0.0072839506172731605,0.006913580246903339,0.010123456790108459,0.0077777777777662555,0.009966329966315203,0.009562289562275396,20.92319845,822.580911,128.83084,0.2394,0.2499
E6H2-1,0.920111616370401,0.009198015708970648,0.010748243075651096,0.03234807771806532,0.027594047126911946,0.49413738,0.49528345,0.28805223,0.2885017,-0.0023314805043958818,0.4568375,0.47686157,0.28980875,0.28994963,0.18668159252047867,0.48862568,0.46936116,0.30645123,0.28974956,-0.08731231353436622,0.49688303,0.51833004,0.29624218,0.290195,-0.0030149020080070506,0.49698547,0.50187266,0.29128048,0.28965878,0.049467233546805094,5.7166616386119635,3.132756251624803,4.77005728126251,2.94605598065733,3.370970377578233,1.1792168264207004,3.563913851461015,1.3221029693679338,4.970149046655,2.6616038976464886,3.063116120172933,1.212951861619571,2.9257940820327644,1.4958214460726307,2.5712064028320687,1.2343066955383335,3.2144069551896854,1.2801334979532477,3.133909706373672,1.4520063403307795,0.003177066016476412,0.012850757060000105,0.020613986478998116,0.02617121324868194,0.03432497902186476,0.03884781220478882,0.04350258334520775,0.04812041185752812,0.05239520168036183,0.05332932241942549,0.37288734316825867,0.038253337144851685,0.03824712336063385,0.03517599776387215,0.03517599776387215,0.03453890606760979,0.03453890606760979,0.033923543989658356,0.03371850401163101,0.03361444175243378,0.03311678767204285,0.03224293887615204,0.031149044632911682,0.030970444902777672,0.030938535928726196,0.030489368364214897,0.030417200177907944,0.030392402783036232,0.030207360163331032,0.030001860111951828,0.012649130372270542,0.014086531550937649,0.011966364812403665,0.011157826649403419,0.01067270375160327,0.010834411384203319,0.011319534282003468,0.01423027166880436,0.012613195342803864,0.012128072445003716,0.00894782233720274,0.00819318671840251,0.007007330746002147,0.008624407072002642,0.00894782233720274,0.00851660198360261,0.00894782233720274,0.007977576541602444,0.00811478301774794,0.00952604962953019,19.65247199,812.540486,127.21008,0.2415,0.2507
E6H2-2,0.9205250103348491,0.009508061182306739,0.010024803637866887,0.03048780487804878,0.02945431996692848,0.49356768,0.49597347,0.28806058,0.28833318,5.843655632085813e-06,0.53645283,0.5114223,0.29133493,0.31858152,-0.14074487242059902,0.5264018,0.48235193,0.3036444,0.27662957,-0.2015631200785755,0.47751138,0.4905774,0.2908417,0.28254688,0.061590969552643156,0.49653402,0.49405292,0.29654947,0.2986678,0.05167819679759002,5.269526297083021,2.6050797359077995,4.756212398223647,2.720121721483194,3.3950987390746263,1.2067955085230908,3.458085269060977,1.0676571949547102,5.40375436038909,2.6815561080092984,3.477616322663365,1.8038876903238341,3.0205857687474436,1.5129788801901005,2.6788247472010926,1.5125526435652408,3.0054271605429057,1.3653991354786519,3.0455829112064,1.3450540857822093,0.003199459789703849,0.012792479929686913,0.020515129103829705,0.02656569878988606,0.03456166864958144,0.03846854668424494,0.043093561422125046,0.04698436176940309,0.053597650513950074,0.05355477668092221,0.37465474009513855,0.04507184773683548,0.03558225557208061,0.03374311327934265,0.03342956304550171,0.033330176025629044,0.0327894426882267,0.032118573784828186,0.03208329156041145,0.03194255009293556,0.03188108652830124,0.03176277130842209,0.031672295182943344,0.03164276108145714,0.03157147020101547,0.03148654103279114,0.031360749155282974,0.031331855803728104,0.03129217401146889,0.03125259652733803,0.012859413379552705,0.013148388961115686,0.010890767230154889,0.011053315994784065,0.011703511053300775,0.01267880364107584,0.011378413524042421,0.010728218465525711,0.01397919375810926,0.01332899869959255,0.008669267446889464,0.008560901603803345,0.008777633289975582,0.009427828348492292,0.0072605114867699255,0.008019072388372754,0.007910706545286635,0.008127438231458872,0.009693817236067308,0.008393427119033889,19.67244009,812.204114,126.84772,0.2406,0.252
E6H2-3,0.920111616370401,0.009611409673418768,0.010334849111202976,0.029557668458040514,0.03038445638693675,0.49368942,0.49628386,0.28872094,0.28847155,0.001694919540863494,0.5074744,0.48742482,0.2833892,0.2936195,-0.1522424237039014,0.51878047,0.4761017,0.2884677,0.2989169,-0.08569303100888168,0.48712265,0.4919699,0.2886353,0.28475004,0.04953229524296222,0.4941928,0.4929955,0.28780055,0.29281896,-0.01819378935559649,5.392152586361093,2.739586765680125,5.173711191155755,2.40472711768086,3.6235756405662083,1.189602506112753,3.639230932805222,1.1282752414347856,5.077159948235769,2.3865383172286285,2.9524211919611814,1.1562752899369297,2.452374024076984,1.297993211544366,2.514215800607645,1.1570302104849546,2.8081451122374146,1.238677128479056,2.861715124831026,1.171974234891879,0.0030938200943615127,0.012560909583107743,0.02005311057828654,0.02581277232062289,0.03422280661046227,0.03835821280325882,0.04419522004795421,0.04813984066826514,0.053110578286539305,0.0537860623404749,0.3660295903682709,0.03756389394402504,0.03685004264116287,0.03657367080450058,0.035201262682676315,0.03505033999681473,0.0338168703019619,0.03370533138513565,0.03361118212342262,0.03339184820652008,0.03336166590452194,0.0324898436665535,0.03237081319093704,0.03232724592089653,0.03205057606101036,0.03188569098711014,0.031427331268787384,0.030838463455438614,0.030733942985534668,0.030720453709363937,0.011067989075736724,0.01221791001867041,0.01439197930140441,0.011319534282003468,0.013421733505804112,0.009864165588603022,0.012774902975403913,0.012289780077603766,0.012613195342803864,0.012128072445003716,0.009055627425602774,0.00894782233720274,0.007761966364802378,0.00894782233720274,0.008300991806802544,0.007761966364802378,0.008624407072002642,0.009163432514002806,0.00752675526283867,0.008585205221675357,19.080847,814.026142,127.1324,0.2438,0.2628
E6H2-4,0.920111616370401,0.010438197602315007,0.009508061182306739,0.03059115336916081,0.029350971475816452,0.49363053,0.49552903,0.28838807,0.28889063,0.00019601173090954594,0.4768172,0.49572074,0.29020983,0.285574,-0.019964052769136983,0.5173648,0.5231208,0.29400128,0.27416128,-0.003670965698109339,0.5061388,0.50458086,0.29132533,0.2884232,0.04492086279464264,0.4881484,0.48505014,0.2910446,0.28673816,-0.049679197605870196,4.918631793248304,3.0998453962200725,5.058411971633817,2.9616150960929386,3.5239991805768365,1.1856450141665964,3.485218170815888,1.2338024097568454,5.1722871454295705,2.5211815833678344,2.7608990725436318,1.0860094425222615,2.5759539541585226,1.2420463146909022,2.892339319978731,1.3923796480098132,3.2744502464815533,1.5413635749794468,3.0061822412865227,1.3618958198281654,0.003304502448826465,0.01229295467743842,0.019827014692958788,0.02613280707975517,0.034083141898315884,0.03872383507295087,0.04386303017221443,0.04796924705652601,0.053200947667576305,0.053935852566771,0.3692898452281952,0.03870563581585884,0.03763001784682274,0.035687293857336044,0.03381091728806496,0.0337240993976593,0.03356429934501648,0.03318058326840401,0.03317607566714287,0.03300083428621292,0.03237910196185112,0.03236522525548935,0.032311663031578064,0.03220017999410629,0.0316619798541069,0.03157176449894905,0.0315634086728096,0.03150087967514992,0.03136355057358742,0.031312622129917145,0.01250539025440383,0.011499209429336856,0.013583441138404161,0.011319534282003468,0.010025873221203071,0.012451487710203815,0.011966364812403665,0.013583441138404161,0.012774902975403913,0.012289780077603766,0.008085381630002476,0.00819318671840251,0.008624407072002642,0.009163432514002806,0.007654161276402345,0.008732212160402675,0.008408796895202577,0.009271237602402841,0.008467599670693503,0.00811478301774794,19.51377664,811.450239,127.22629,0.2425,0.2607
E6H3-1,0.9106035551880942,0.014985531211244315,0.014468788755684168,0.02945431996692848,0.03048780487804878,0.49532458,0.4963268,0.2884786,0.28825065,0.004490814948757941,0.51665264,0.4722969,0.3070814,0.28989604,0.004885981257567805,0.4345819,0.4727603,0.29783934,0.30777794,-0.1001865220433217,0.48592213,0.4819209,0.28591996,0.28354377,-0.051205812731261034,0.4761058,0.5147371,0.27846068,0.29403564,-0.03879497719556939,4.27308841681295,2.1614231110214446,4.263612643264049,2.2087892804298472,3.491013845676955,1.1677754588422622,3.501703119282517,1.1999042377045466,4.732805394743913,2.8015761559436285,2.9500910923811734,1.2402990998134624,2.9258229011560806,1.373985521444671,2.9220186615391017,1.3775054364072477,3.0154870643508342,1.352133993419794,2.7599839209873203,1.2607562412104516,0.003276298404098894,0.012599873255712813,0.020067845471376914,0.026425769681606752,0.03409669843557787,0.03883925427969068,0.04326287842074961,0.04793916274214993,0.05295508861745178,0.05387046402491809,0.3861270844936371,0.03614015132188797,0.034860335290431976,0.03367080166935921,0.03339720144867897,0.032803814858198166,0.03270745277404785,0.032503288239240646,0.032290782779455185,0.032243601977825165,0.032171059399843216,0.03209006041288376,0.03200990706682205,0.032001789659261703,0.03187590837478638,0.031382184475660324,0.031029455363750458,0.030783899128437042,0.030105791985988617,0.029805360361933708,0.013487475915205986,0.012588310854192255,0.013005780346805773,0.013005780346805773,0.012138728323685389,0.011271676300565005,0.01112716763004494,0.011560693641605132,0.012427745664725516,0.01112716763004494,0.009441233140644191,0.008092485549123592,0.00828516377648368,0.009730250481684318,0.007418111753363293,0.007514450867043336,0.00828516377648368,0.008959537572243978,0.00935365212820779,0.007672096689428861,18.64839467,802.742756,125.61341,0.2452,0.2611
E6H3-2,0.9100868127325341,0.015502273666804465,0.014468788755684168,0.03245142620917735,0.027490698635799917,0.4926505,0.49698105,0.28849766,0.28844878,-0.0017260126997303265,0.4898374,0.47485876,0.2840265,0.29645583,-0.021224430849739667,0.4891986,0.4596247,0.29580247,0.29330328,-0.08133162152053845,0.506952,0.48699126,0.29212976,0.29307595,0.11720063560402809,0.5247112,0.49659106,0.28634173,0.281707,-0.02907868066306344,4.310263333111682,2.45390097584091,4.452578926752945,2.1703122325485493,3.411393120066395,1.0968871006506822,3.665833998809961,1.267585845268028,4.289218468084105,3.0880314548883048,3.1207009774438053,1.390884158625229,2.8308877305870586,1.411644899922896,2.7097027849516833,1.2678764992005696,2.9726508508206257,1.4138816091984854,3.0520113214801428,1.4543600652140858,0.0032873510038595936,0.012248426332899078,0.020203004070633402,0.025961956014431877,0.034151924317874664,0.03901801549519276,0.04377452830571553,0.047467725112520745,0.05379891963847256,0.05342148304173313,0.3812902867794037,0.03754828870296478,0.035061176866292953,0.033272963017225266,0.033133573830127716,0.03299853578209877,0.03281635418534279,0.0327402763068676,0.03259618952870369,0.03236476704478264,0.03231504186987877,0.03226615861058235,0.0321066677570343,0.031769733875989914,0.03163989633321762,0.03153061121702194,0.03150143846869469,0.031310759484767914,0.031176088377833366,0.03056126832962036,0.010472541507012227,0.013282247764991118,0.012068965517227507,0.011494252873550007,0.010775862068953132,0.011350574712630632,0.012643678160905008,0.014080459770098759,0.013074712643663132,0.012787356321824383,0.009003831417614171,0.009578544061291673,0.00909961685822709,0.008237547892710839,0.007471264367807504,0.008524904214549588,0.008524904214549588,0.007758620689646255,0.00794148380354364,0.008568443051191824,18.71255909,799.363915,123.72637,0.2367,0.2637
E6H3-3,0.9102935097147582,0.015295576684580404,0.014468788755684168,0.03028110789582472,0.029661016949152543,0.4929983,0.49481693,0.2889409,0.28899363,-0.0021170151192574124,0.50206,0.51654834,0.27502266,0.27792275,-0.045494956664479135,0.47439027,0.5054479,0.28469166,0.29278943,-0.0019660700015185265,0.52772,0.5054665,0.28684464,0.2898434,0.056720245878378234,0.49243647,0.49943897,0.2880065,0.2799359,0.026455675130065977,4.170462997218044,1.899273121179545,4.4553325545527285,2.1990284477598157,3.517123686887295,1.3744914101824481,3.4867491908000545,1.2266217780467268,4.176604721477525,2.2828443674366086,3.065144964053178,1.2426083608798995,2.8059669955196735,1.2911583019114414,2.908786087827313,1.361340960064006,3.131595252589229,1.5024636062967773,3.0200129831244724,1.429455878072806,0.003136179155236858,0.012251953093668288,0.01988786755859281,0.025654908000064168,0.03426536406949324,0.03832795931790108,0.043577650512536696,0.04839421210517029,0.053439369876638276,0.05439786964403163,0.3912174105644226,0.03522337228059769,0.03407282382249832,0.033215638250112534,0.032888807356357574,0.032856352627277374,0.03284115716814995,0.03282551094889641,0.03208277001976967,0.032060958445072174,0.03191719949245453,0.03149723634123802,0.031193647533655167,0.03110906295478344,0.031046710908412933,0.030992431566119194,0.03088839165866375,0.030722571536898613,0.030700650066137314,0.030647296458482742,0.01164874551969984,0.010880696364554797,0.012528801843303539,0.011952764976944755,0.01353686635943141,0.011232718893996275,0.012672811059893234,0.012672811059893234,0.012384792626713843,0.012672811059893234,0.008256528417809229,0.0072964669738779225,0.007968509984629836,0.008256528417809229,0.009408602150526794,0.009504608294919926,0.008064516129022967,0.00854454685098862,0.008797653958934146,0.00869291998323255,18.80495798,798.822954,125.21109,0.2478,0.259
E6H3-4,0.9101901612236462,0.014882182720132286,0.014985531211244315,0.032038032244729224,0.027904092600248037,0.49398896,0.49435446,0.28846055,0.28868282,0.004065102749044433,0.48899052,0.54154897,0.2915527,0.28603584,0.07192391890102427,0.5000841,0.50461715,0.29608515,0.28019625,-0.058133200137426184,0.4854052,0.5098688,0.29720882,0.29103667,-0.07399644354179784,0.50013554,0.49632767,0.27895477,0.2887011,-0.05057887828098215,4.50327699548596,2.299987118740318,4.452001311809335,2.4775602937775565,3.465570109185237,1.112749259759815,3.753685462811845,1.2407558486280266,4.208529105398098,1.9711684329958488,2.9120330953446665,1.1453077832111447,2.988857850660531,1.4781015878823993,2.350376969768776,1.19476032655574,2.8965328915845396,1.2358554071084733,3.013009358464339,1.3316859648701422,0.003164389203560754,0.012788047090678508,0.020075113465373183,0.025743284848039998,0.03433117616595101,0.03819287278421394,0.04320859278470328,0.04841597037870725,0.05354179154993904,0.053872095062166385,0.39402836561203003,0.03639382869005203,0.0360083281993866,0.03518059849739075,0.03332382068037987,0.0324290469288826,0.032049164175987244,0.03195184841752052,0.03182606399059296,0.03127416968345642,0.03125965595245361,0.031208079308271408,0.031109711155295372,0.03100646659731865,0.030941419303417206,0.030497301369905472,0.0302423182874918,0.029814383015036583,0.029784636572003365,0.029670774936676025,0.01278608873544111,0.011891062523960234,0.011939010356718138,0.012226697353265563,0.012370540851539274,0.011795166858444424,0.011795166858444424,0.013089758342907837,0.010500575373981013,0.013521288837728974,0.007575757575748858,0.008151131568843707,0.0077675489067804745,0.008918296892970174,0.008822401227454367,0.0077675489067804745,0.0092059838895176,0.008151131568843707,0.009310597342807573,0.0092059838895176,18.15376231,804.023601,125.78572,0.2401,0.2643
E6H4-1,0.9011988424968995,0.019532864820173624,0.019326167837949566,0.03038445638693675,0.029557668458040514,0.49326473,0.49578896,0.2884699,0.28909853,-0.0033473991919950223,0.48322365,0.5026903,0.29629594,0.2877984,-0.007031065646606811,0.51402116,0.51314235,0.2922013,0.27888906,0.0778868180044683,0.4910403,0.49443674,0.2760003,0.28134367,0.020331663375633212,0.510191,0.48038402,0.2982804,0.28890488,0.03715793972437634,3.9597104440984925,1.8723990985050434,3.90867484390758,2.170614147525599,3.433729404087691,1.1467103192935617,3.5240761588342666,1.3010670000518927,3.5647335432729914,1.9684220450591805,3.01879435935248,1.2840503797929488,2.8279353978763835,1.4263686119596752,2.6601235635716804,1.192085915418541,3.0664323546552588,1.3276927413347277,2.9441791569846467,1.2502406202743448,0.003244873100501208,0.012410391581301543,0.019772093425720692,0.025972297103909157,0.034478856739684635,0.03860899778350207,0.04344801879696746,0.047538222941086415,0.05378169159394823,0.05407789026671193,0.40893009305000305,0.03373877331614494,0.03262113779783249,0.03262018784880638,0.032574091106653214,0.03254227340221405,0.032077860087156296,0.031975604593753815,0.03163678199052811,0.03114103153347969,0.031085247173905373,0.030741842463612556,0.03034929558634758,0.030346745625138283,0.03021099790930748,0.029923783615231514,0.029791144654154778,0.02930266037583351,0.02930266037583351,0.029087811708450317,0.011738726173860337,0.013017201301706515,0.011375523012540403,0.010852510460239695,0.010983263598314872,0.014252092050194298,0.01150627615061558,0.013075313807517704,0.012944560669442527,0.012160041840991464,0.006537656903758852,0.009762900976279886,0.009152719665262392,0.009065550906545608,0.008891213389112038,0.008193863319377761,0.008019525801944191,0.008281032078094545,0.008653480410793536,0.008178014454156527,17.7657757,793.516786,124.32454,0.2451,0.2555
E6H4-2,0.9004754030591153,0.018189334435717238,0.021393137660190163,0.029557668458040514,0.03038445638693675,0.49179104,0.49586436,0.28861514,0.2886353,0.003806245150518633,0.53014135,0.4983147,0.28959453,0.29122058,-0.06809189147923883,0.5290444,0.48972407,0.28899333,0.2894455,-0.010840384504418082,0.49927512,0.5043558,0.28888103,0.29093587,-0.016515656118445857,0.5048117,0.48711517,0.28540096,0.28490233,-0.046987278997984286,4.022970952691002,1.9865514168997171,3.4883698946820854,1.7938084925173563,3.5016339203575857,1.1680898996546847,3.5075504107497855,1.1880133965299904,3.5663196705485727,1.7475958572237442,3.1742055918322323,1.3872342487053102,2.7706526227282664,1.387716387249825,2.6586985515612045,1.2034243742282855,3.0684617925002917,1.260703432945391,3.0197094682276955,1.3419892499854194,0.0032347171098819627,0.012417245700713214,0.019723244690274196,0.025881017525211766,0.03459113306956938,0.0381768793181505,0.04331765184470733,0.04825830495574408,0.05404208412889003,0.05369105499019086,0.4025619328022003,0.03591056913137436,0.0350801944732666,0.03324776142835617,0.03298698365688324,0.03270702809095383,0.031547706574201584,0.03137108311057091,0.031296439468860626,0.03095594234764576,0.030930830165743828,0.030905641615390778,0.030460378155112267,0.030248984694480896,0.03008188307285309,0.030065417289733887,0.0300303865224123,0.029995769262313843,0.029927534982562065,0.029687389731407166,0.011538017768535382,0.01084573670242326,0.010903426791265936,0.011163032191057982,0.013629283489082421,0.011163032191057982,0.013499480789186398,0.01272066458981026,0.014408099688458558,0.01233125649012219,0.007961232260289414,0.00934579439251366,0.00874004845966555,0.008307372793345475,0.008307372793345475,0.008047767393553429,0.008307372793345475,0.00951886465904169,0.007268951194177291,0.008873784574709939,17.8883914,795.128177,124.25781,0.2423,0.2706
E6H4-3,0.9006821000413394,0.019016122364613478,0.020359652749069864,0.029247622984704423,0.03069450186027284,0.4927893,0.49679786,0.28863385,0.288792,0.0029538789457907748,0.52266705,0.48866987,0.29671785,0.2844279,0.045657247627982504,0.4981429,0.45440075,0.27980933,0.27326247,-0.08006543317115081,0.4904766,0.4770917,0.28615934,0.30152,-0.01648293635745934,0.50919765,0.5150088,0.2909077,0.28157982,-0.052190492060403854,3.6866974423214556,1.9450609164703392,3.7393211987735224,2.0195025818222434,3.720489617637237,1.2883026777531068,3.4263855482431302,1.1651288222483056,3.451739527001458,1.7917852097100682,3.066281445199121,1.2576222608563745,2.7604859768642482,1.272339422606424,2.7570835204360358,1.3088969682609777,3.022930898437544,1.1101563668718486,3.0028554426836362,1.218452286631512,0.003128772469448165,0.012435712986390169,0.01986075970299813,0.02567842436870566,0.03433381290205222,0.03845810388450662,0.042969357212548166,0.04824792049081378,0.0538902945213408,0.05433017479452961,0.39988869428634644,0.03699084743857384,0.03498236462473869,0.03406447917222977,0.03291444852948189,0.032762546092271805,0.03231916204094887,0.03210362046957016,0.03138343244791031,0.03113321214914322,0.031130341812968254,0.0311296209692955,0.03101055696606636,0.03037329763174057,0.030236676335334778,0.029968107119202614,0.029896939173340797,0.029612919315695763,0.02908129245042801,0.029017461463809013,0.011793270898357482,0.011908891201282556,0.010275754422465894,0.012877211238280045,0.011706555671163677,0.012747138397489336,0.01261706555669863,0.012356919875117214,0.013137356919861459,0.01261706555669863,0.008584807492186696,0.008931668400961917,0.008844953173768112,0.008498092264992891,0.008758237946574305,0.008498092264992891,0.007804370447442452,0.008671522719380502,0.00860845709960319,0.007473275943611559,17.63928675,791.771031,123.28002,0.239,0.2547
E6H4-4,0.9004754030591153,0.019636213311285657,0.019946258784621744,0.03069450186027284,0.029247622984704423,0.4933629,0.4942206,0.28895104,0.28810376,-0.0013407513105413848,0.47394097,0.5297948,0.29370868,0.2912524,0.015403237052554442,0.51061547,0.5421972,0.27369502,0.28610986,0.01952659453800098,0.5109222,0.48812988,0.2892338,0.28912225,0.039113398427191255,0.49465653,0.49673593,0.28402406,0.30103645,-0.02206793669570172,3.7577891075632635,1.9453236699772165,3.643084123526066,1.8694323863543885,3.544463880978615,1.1687894274551534,3.6005548043749354,1.180209964394694,3.566397030944386,1.7219241400209413,2.863006943129214,1.2022048522410016,2.704521718953555,1.2675231371803262,2.517130945499032,1.1699209441865646,2.909676236194279,1.295709041696301,2.9876677086206453,1.3973652141274098,0.0032976985017620537,0.012797038962061701,0.01993713044448382,0.02626674279264203,0.03449950452490173,0.03839767947026821,0.0434804008426358,0.04752295263783068,0.05385584627803044,0.05327833887871688,0.3933373689651489,0.036801278591156006,0.03430962190032005,0.033414993435144424,0.033318664878606796,0.03311888501048088,0.03311546519398689,0.03293473646044731,0.032743848860263824,0.032159868627786636,0.03135102987289429,0.03125805780291557,0.030995316803455353,0.030950399115681648,0.030549852177500725,0.03033541515469551,0.03020522929728031,0.02997608110308647,0.02965807542204857,0.029465779662132263,0.012345679012332859,0.011538017768535382,0.01194184839043412,0.011033229491161959,0.012461059190018213,0.01233125649012219,0.013369678089290375,0.013369678089290375,0.01194184839043412,0.011682242990642074,0.008047767393553429,0.007961232260289414,0.008999653859457597,0.008480443059873506,0.007355486327441306,0.0069228106611212295,0.009259259259249643,0.008999653859457597,0.009440196356074404,0.009440196356074404,18.16626685,785.908139,123.73752,0.245,0.2609
E6H5-1,0.8910706903679206,0.025423728813559324,0.023563455973542785,0.03100454733360893,0.028937577511368336,0.4937681,0.49665028,0.28884813,0.28822702,-0.00041516371976703484,0.4830954,0.49286893,0.2884471,0.29443622,0.01993037444770976,0.5165811,0.49490783,0.28210464,0.29136252,0.09498744759524788,0.5022764,0.48985875,0.2857578,0.29431695,-0.017371463677604164,0.48009583,0.47799638,0.28983727,0.28802225,-0.0648697702584721,3.256245684620569,1.6099645935887643,3.1924415943329434,1.6427621690207979,3.491479847822296,1.1674338549074756,3.5910392469958565,1.2250982401277069,3.5085722947846185,1.6756511066244024,2.9609067764132058,1.2252851685698263,2.972555846459729,1.3378819080325022,2.8845520809354896,1.3408133147468058,3.0435680512560155,1.2353813992383824,2.96717108507009,1.2816249133777984,0.0031994380934999146,0.012371898038304767,0.019561646563023675,0.025565086581163965,0.03399921465823807,0.03864489832036413,0.04371367103029096,0.047648675703627505,0.05434067240740433,0.054288131937416,0.4017360508441925,0.03505897894501686,0.03505897894501686,0.03416356071829796,0.03347770497202873,0.03329319506883621,0.03281556814908981,0.03199145942926407,0.03117692843079567,0.03107789158821106,0.03103143349289894,0.03040401265025139,0.03026721067726612,0.030100569128990173,0.029851235449314117,0.02984766475856304,0.02984766475856304,0.029660822823643684,0.02959657646715641,0.029542455449700356,0.012650221378862129,0.011174362217994881,0.012926944971524737,0.011503795066402749,0.012452561669817407,0.012926944971524737,0.012215370018963743,0.011859582542683246,0.011266603415549083,0.01304554079695157,0.009566729917764485,0.007985452245406718,0.009013282732439266,0.008617963314349825,0.007590132827317277,0.008222643896260384,0.008064516129024606,0.009171410499675042,0.008538899430731937,0.007935138864922607,16.84937582,777.30571,123.70384,0.252,0.2682
E6H5-2,0.8905539479123605,0.027697395618023975,0.02180653162463828,0.029557668458040514,0.03038445638693675,0.4936583,0.49560484,0.28751042,0.28838873,0.002604704459621128,0.50109214,0.46777764,0.29678357,0.29429024,-0.06715457410275308,0.5375101,0.5427344,0.30368716,0.29092565,-0.10435054836717546,0.5021747,0.51715654,0.2993529,0.28753832,-0.01435454754979969,0.45516008,0.4713767,0.2877434,0.28523642,0.05398216195347977,3.097098669284506,1.402740647893778,3.3867391648629144,1.9162927552882882,3.5917585244018344,1.2437134516998685,3.42757473524291,1.1324061458780845,3.8203554859613673,2.05021740885484,2.9398220155143244,1.3366192407373292,2.7912942321401197,1.4220089118715795,2.643537402524404,1.333972455976086,3.0746357562558178,1.4609218635750842,3.0647649727743844,1.4013775430977133,0.003442078133478025,0.01273964550551637,0.020262479652740098,0.02580428196780611,0.034180570627599924,0.038815224272020256,0.04351770211611503,0.04803648941942485,0.053485033459938505,0.05304982817869416,0.4150635898113251,0.03589551895856857,0.03533526882529259,0.03264618292450905,0.03237169235944748,0.03187687322497368,0.03161357715725899,0.03126334771513939,0.030584679916501045,0.030578549951314926,0.029796699061989784,0.029729533940553665,0.029581492766737938,0.029334085062146187,0.029157154262065887,0.02915334142744541,0.02915192022919655,0.0290908832103014,0.028949322178959846,0.028826255351305008,0.013639702024958268,0.011226523974388728,0.012865911237003903,0.013338054768637074,0.009560906515571708,0.010151085930113171,0.012629839471187319,0.012511803588279026,0.012511803588279026,0.013456090651545367,0.008892036512424716,0.00865596474660813,0.007396915328919676,0.008577274158002603,0.00865596474660813,0.008026440037763904,0.008419892980791545,0.008577274158002603,0.009099493518748383,0.008498583569397073,17.35294758,782.349284,122.31829,0.2454,0.2536
E6H5-3,0.8907606448945845,0.02263331955353452,0.02666391070690368,0.03162463828028111,0.028317486564696154,0.49519637,0.49627253,0.28844646,0.2887416,-0.002099268247953793,0.4680922,0.5126151,0.29061735,0.29589936,0.05657849816444227,0.44890338,0.47569308,0.2921977,0.29872993,0.0353474564660523,0.49497846,0.4891437,0.29618084,0.2757428,0.00561835790262907,0.5149991,0.49254608,0.2763711,0.28364825,-0.028756373859306926,3.331839820804964,1.7990950369219914,3.4004323311385476,1.5979170914396976,3.48407380545549,1.1383629654089753,3.794242828975875,1.2721320273112902,3.0414780122574925,1.4336483439161682,2.8110990231442634,1.161405973201784,2.8178376324279717,1.568954289101817,2.5865962693148923,1.268057314150027,3.127326378757431,1.5360223320150217,3.111206732917719,1.4211752426341413,0.003307467943426339,0.012354851136426174,0.020045677177920863,0.025840625171977327,0.03411479830499147,0.03843486874690441,0.04332177645699191,0.048175664520389634,0.05379725936932475,0.05394034450498046,0.4161178171634674,0.03599656745791435,0.03468170017004013,0.032577551901340485,0.03142727166414261,0.031248724088072777,0.03114493377506733,0.03101574070751667,0.030604178085923195,0.030205778777599335,0.03020407259464264,0.030088908970355988,0.029932277277112007,0.029740070924162865,0.029522104188799858,0.029336459934711456,0.029200010001659393,0.029059186577796936,0.02896307036280632,0.028933649882674217,0.013560391043821923,0.012298959318815233,0.011471144749279592,0.012062440870376478,0.012890255439912119,0.011825922421937723,0.014072847682105892,0.010052034058647066,0.012298959318815233,0.011234626300840838,0.008435824660982243,0.00906654052348559,0.008278145695356407,0.008435824660982243,0.009145380006298507,0.008356985178169326,0.007253232418788471,0.00898770104067267,0.008686677560841528,0.008084630601179244,17.55036749,785.860464,123.22203,0.2433,0.2563
E6H5-4,0.8907606448945845,0.024493592393551054,0.024803637866887142,0.03007441091360066,0.0298677139313766,0.49314475,0.49695587,0.2884605,0.28826374,0.002784198736105918,0.49197286,0.45884287,0.2849715,0.2853802,-0.05854078065322104,0.50457317,0.4875706,0.28555238,0.2892942,0.02363984602197871,0.50616044,0.49775758,0.2903572,0.29277688,-0.03405321850173245,0.4968774,0.49524954,0.2976388,0.29638478,-0.019147982067478798,3.4099630231337095,1.6486793933455486,3.342467088481238,1.7579572697934827,3.6344767172874084,1.178353569954977,3.4564574966019364,1.1227261602597862,3.2007110928328157,1.4568929637457584,2.784774808463906,1.1195838890901444,2.9611109424771067,1.5411949590996437,2.803926671854079,1.2782130308358766,3.0323846044840397,1.360322367610526,3.1481985616883446,1.4583026103894423,0.003407556513035498,0.012224505017065509,0.020032217906168815,0.02591850145146935,0.03401456737340886,0.03873357566078593,0.04371043810252614,0.048204863739328856,0.053386900454433284,0.05370020711511109,0.42219310998916626,0.03533307835459709,0.0327417217195034,0.03228019177913666,0.03157292678952217,0.031439803540706635,0.030952688306570053,0.030694078654050827,0.030401719734072685,0.03002833016216755,0.029633723199367523,0.02956431917846203,0.029527978971600533,0.029364123940467834,0.029254546388983727,0.029249563813209534,0.029245389625430107,0.029147325083613396,0.02873232774436474,0.02864307165145874,0.011668243456311888,0.012824555870901354,0.012771996215692742,0.010761589403963328,0.011471144749279592,0.012062440870376478,0.012535477767253988,0.012771996215692742,0.01241721854303461,0.012653736991473364,0.00906654052348559,0.009145380006298507,0.00906654052348559,0.008278145695356407,0.007962787764104733,0.008041627246917652,0.008514664143795161,0.008041627246917652,0.00825664401822561,0.008342650726748795,16.89560721,771.903657,123.24688,0.2685,0.27
E6H6-1,0.8813559322033898,0.028420835055808186,0.03028110789582472,0.03214138073584126,0.027800744109136008,0.49376804,0.49421448,0.28939465,0.289011,-0.007145645416969239,0.50093126,0.53158706,0.27893952,0.2953703,0.09577823941413233,0.49142596,0.5043674,0.2886325,0.28516462,0.03679979422797459,0.48133478,0.48833725,0.2796122,0.28020793,0.024569999655697915,0.50820565,0.50743496,0.28440675,0.28118333,0.06051486035014685,2.9702810721119515,1.5348003683982148,3.0096950885517684,1.488211348098609,3.48032241454554,1.1509365430733696,3.726420182392333,1.2885111663257256,2.9863972170612234,1.440194061457085,2.99973908383685,1.331343126249108,2.7715871227480484,1.416184150557378,2.6083010982571984,1.2714403653625665,3.0270522404798026,1.2409780037378408,3.0102647727106,1.3535865962023865,0.0034914347550891235,0.012223424600662896,0.019880079765332025,0.025739973184692136,0.03373011821875574,0.038578198837095866,0.043630456926493845,0.048219912748160704,0.05344231873010687,0.05439741556694412,0.42590078711509705,0.03272455558180809,0.031622905284166336,0.03158292546868324,0.03154972568154335,0.030968457460403442,0.03081338480114937,0.03080780617892742,0.030596155673265457,0.030530044808983803,0.030403712764382362,0.030403712764382362,0.030301164835691452,0.029816225171089172,0.02922462671995163,0.028943205252289772,0.028648091480135918,0.028457295149564743,0.028412537649273872,0.02829258143901825,0.011227255129684375,0.012001548586903986,0.012739547038316429,0.012086236933787381,0.012521777003473414,0.012957317073159445,0.01219512195120889,0.013392857142845476,0.013610627177688493,0.009364111498249682,0.007984901277577248,0.008130081300805926,0.007186411149819524,0.008347851335648943,0.009073751451792327,0.00900116144017799,0.009436701509864021,0.008928571428563651,0.007602153943610736,0.00902755780803775,16.78621118,769.211259,121.74276,0.2441,0.2593
E6H6-2,0.8813559322033898,0.0298677139313766,0.028834229020256303,0.03214138073584126,0.027800744109136008,0.49337047,0.49625757,0.28852707,0.2883549,0.0037855413595830377,0.47075704,0.49217057,0.29007018,0.29599848,-0.01918495773576103,0.50441474,0.5003949,0.28452703,0.28449368,-0.05279870311668173,0.49764726,0.48683852,0.28120244,0.29551268,-0.03654335396305548,0.52040076,0.48944616,0.30116722,0.2864749,-0.0022825938803137666,3.077085135454428,1.474837511416889,3.0648935922363645,1.5773863503834433,3.34320964864188,1.202806492103565,3.632287864911254,1.3315508316800417,3.3011086829802396,1.6830880159340573,2.9429722290747162,1.257429517613997,2.8354673999489326,1.54570060741771,2.733109425414404,1.3264627962044513,2.998332323087573,1.2512229361244283,3.2226787392810605,1.3562529739093374,0.0034141008006207457,0.012635935056842896,0.020098990112745272,0.025887913095615986,0.034670052551758195,0.038749573825227195,0.04360972971701995,0.04813835102693424,0.05319836819149062,0.05293031895507824,0.4267427623271942,0.033444732427597046,0.03241702914237976,0.031465090811252594,0.031460367143154144,0.031067460775375366,0.031038353219628334,0.030621107667684555,0.03062005341053009,0.030377065762877464,0.030280135571956635,0.030233746394515038,0.029601646587252617,0.02957295998930931,0.02912544272840023,0.02909153886139393,0.028778597712516785,0.028261667117476463,0.027909668162465096,0.027890553697943687,0.011324041811836825,0.01161440185829418,0.014481707317060557,0.012848432055737937,0.010235191637621746,0.01263066202089492,0.01110627177699381,0.012521777003473414,0.012957317073159445,0.012412891986051906,0.009218931475021007,0.00849303135887762,0.008057491289191587,0.007912311265962911,0.009218931475021007,0.008347851335648943,0.00842044134726328,0.007767131242734233,0.008869179600879191,0.008473234082982799,16.71437615,756.906067,122.07277,0.2504,0.2758
E6H6-3,0.88187267465895,0.03141794129805705,0.02676725919801571,0.03100454733360893,0.028937577511368336,0.49473637,0.49496967,0.2886584,0.28829715,-0.0008274076925381507,0.48483634,0.47499442,0.2841837,0.28460318,0.0034914862717710486,0.46591014,0.5071985,0.29129666,0.29325852,-0.04841127163190282,0.5011382,0.5127684,0.29377285,0.29797468,-0.022597957633628145,0.4964721,0.5136804,0.28373703,0.28767335,0.09397508182179941,3.123924701364233,1.4512842723442414,3.3104965323539126,1.5652089696072948,3.4305173506740734,1.2812301536898578,3.5703644263659995,1.133419922219054,2.958929487501366,1.4388864384418065,2.9101123351050426,1.2280960391109486,2.823614772720238,1.3910766880794683,2.657153958918651,1.2905043837475592,3.1743803865439886,1.3672070463067332,3.1233277814703806,1.6697775009948614,0.003292152017884457,0.012392046123073302,0.019898811624897046,0.02574185198258619,0.03390751853159195,0.038635133545122956,0.043511001294269915,0.04791857865631251,0.05402047299682316,0.05401576656077185,0.42785653471946716,0.03490563482046127,0.03133866563439369,0.031094057485461235,0.030850278213620186,0.030798349529504776,0.03046860173344612,0.030318453907966614,0.03002973459661007,0.03002973459661007,0.029947316274046898,0.029942583292722702,0.029725313186645508,0.029571931809186935,0.029295016080141068,0.029210515320301056,0.02914598397910595,0.02870647795498371,0.02858431451022625,0.028180507943034172,0.012637309225224679,0.012637309225224679,0.011373578302702211,0.012139107611537936,0.013342082239708362,0.01181102362203691,0.012029746281704261,0.012139107611537936,0.01246719160103896,0.011264216972868535,0.008675998833471558,0.008311461067359308,0.007946923301247058,0.008530183727026658,0.007874015748024607,0.008019830854469508,0.008748906386694007,0.009842519685030759,0.007874015748024607,0.008907977411906626,17.21638941,773.815747,122.14461,0.2446,0.2518
E6H6-4,0.8814592806945019,0.028317486564696154,0.03028110789582472,0.03028110789582472,0.029661016949152543,0.4940647,0.4952823,0.28860754,0.28945175,-0.007967651723863585,0.5201175,0.49867007,0.28813598,0.282328,0.18441225160598304,0.4612503,0.4762249,0.29328305,0.28365847,0.015348867340281912,0.47190544,0.5125528,0.28476658,0.28891003,-0.03057782616837556,0.51984364,0.5100691,0.28462344,0.27412507,0.07698892989063738,3.021043436460896,1.5941078278132168,3.043951753240747,1.551358331510823,3.5124615043409375,1.1946209859101424,3.499247508331537,1.1772548136837044,3.0524853734568973,1.5695078663842137,2.99505535311429,1.490997682330775,2.6856475344757533,1.325933723936584,2.874864219747254,1.3250032202665296,3.0482062980056663,1.3844238841765382,2.890748495344462,1.3794777280524462,0.0033657510721730906,0.01269159067324205,0.020208281676171586,0.025860723108429528,0.03409831850198823,0.03812987299225831,0.04323130469919461,0.047813868914786346,0.05361095039994123,0.05432267129514836,0.42304176092147827,0.03877365216612816,0.036295320838689804,0.03270196542143822,0.03137752786278725,0.030969301238656044,0.03055712766945362,0.029956355690956116,0.029873860999941826,0.029621724039316177,0.02961820363998413,0.029187917709350586,0.028959134593605995,0.028745079413056374,0.028725530952215195,0.02865675278007984,0.028440503403544426,0.02824103832244873,0.028154948726296425,0.028102319687604904,0.012302625205840287,0.012980722658130696,0.0112249346120216,0.012532693984295962,0.012532693984295962,0.012096774193537841,0.01144289450740066,0.01155187445509019,0.013404533565812202,0.01176983435046925,0.007919209532105854,0.008355129322863974,0.0082098227259446,0.0077739029351864795,0.008791049113622095,0.009299622202839902,0.009372275501299588,0.008791049113622095,0.00832210509629139,0.007846556233646168,16.32944231,767.304,124.19026,0.2759,0.2785
E6H7-1,0.8721579164944192,0.034725093013642,0.03317486564696155,0.028007441091360066,0.031934683753617195,0.49280488,0.49665496,0.2881374,0.2884303,0.004564065456886292,0.5237006,0.51682305,0.29597178,0.29616988,-0.0867766277322718,0.48810878,0.49537992,0.28553227,0.2864549,-0.07316250621636482,0.49383494,0.45718932,0.28959513,0.28607595,0.030942527752882105,0.4975531,0.48272175,0.2951927,0.2879167,0.014916955534042866,2.864668332024265,1.4222665060262036,2.9289102281300137,1.5917394285075905,3.499291366410254,1.238368975283423,3.458313409210575,1.126872586611947,2.8803307797484816,1.481474275107378,3.149733760210344,1.4542666624472604,2.6660308648668427,1.2651532558985448,2.9243883362310883,1.3827969170287546,2.8471100228102753,1.0965289476190518,2.8815651738468997,1.1213686983899536,0.0034499514091350827,0.012530369290573372,0.020057904114026564,0.02571064139941691,0.034485341755749924,0.038129656624554586,0.044063816002591516,0.04774254940071267,0.05346007450599287,0.05370302883057985,0.43483904004096985,0.03347015008330345,0.033458542078733444,0.03259829804301262,0.03221970051527023,0.030360791832208633,0.03034631535410881,0.029997382313013077,0.02986980229616165,0.02972128428518772,0.029576454311609268,0.02852398343384266,0.028514696285128593,0.028395745903253555,0.028205830603837967,0.028135931119322777,0.028048567473888397,0.028037933632731438,0.027854956686496735,0.027824601158499718,0.011856642414433962,0.012036288511622355,0.013035569927232793,0.011620856911874195,0.010711398544857954,0.010812449474526425,0.01283346806789585,0.013945028294249035,0.012126111560216552,0.013035569927232793,0.008825114524379823,0.00835354351926029,0.009229318243053708,0.008892481810825472,0.008420910805705938,0.0076798706548038154,0.00835354351926029,0.007949339800586406,0.009333431322106072,0.007716616447410532,16.08317565,763.188149,121.16559,0.2529,0.2809
E6H7-2,0.8708143861099628,0.032864820173625464,0.036378668871434476,0.030177759404712692,0.029764365440264572,0.49358112,0.4969455,0.28885666,0.28927004,0.002547319888415957,0.49605003,0.49293786,0.28889024,0.29441378,0.010172349201421526,0.5080723,0.48695108,0.28498188,0.27962652,0.016866290349123795,0.4746074,0.47832018,0.2839134,0.27912843,-0.0807047469871711,0.50317585,0.49273187,0.29042953,0.2840718,-0.03010172054609613,2.898729790824455,1.554019196367887,2.81888519111036,1.4251873584239503,3.5116761638886134,1.3435463599542903,3.6365726825242017,1.2954215153750173,2.7258621703294104,1.456018507360343,3.0762692735835095,1.3500855078173997,2.8234065046803933,1.3055559498770104,2.738613035190886,1.2880565020888914,2.8322164581420965,1.2298946472442052,2.9249008354910746,1.2105796329647607,0.0034353112924996668,0.01214814128224587,0.019796970978474753,0.025516696694261157,0.033740974825096505,0.03850290717321577,0.0437167017149522,0.048117530515180834,0.054107601133131344,0.05425049772427523,0.4359259009361267,0.03895258158445358,0.032709021121263504,0.032061975449323654,0.031071534380316734,0.03092156909406185,0.029348652809858322,0.029335368424654007,0.029139967635273933,0.029041318222880363,0.029011260718107224,0.028921037912368774,0.028690990060567856,0.028348466381430626,0.0280165895819664,0.027918394654989243,0.027865342795848846,0.027755871415138245,0.027544964104890823,0.027419032528996468,0.011111111111102223,0.011822222222212766,0.013999999999988801,0.01209999999999032,0.01229999999999016,0.01219999999999024,0.01279999999998976,0.01139999999999088,0.01109999999999112,0.01329999999998936,0.008333333333326667,0.008399999999993281,0.009133333333326027,0.009133333333326027,0.008066666666660213,0.009133333333326027,0.008733333333326347,0.008066666666660213,0.008581818181811316,0.007054545454539811,16.15331633,763.01749,121.46996,0.2462,0.2603
E6H7-3,0.871434477056635,0.03503513848697809,0.033588259611409675,0.031107895824720958,0.028834229020256303,0.4933442,0.49692655,0.2897341,0.2882465,-0.0033900243794805236,0.5067271,0.46740162,0.2843656,0.2940914,0.03236500251245429,0.50611633,0.4821382,0.27597997,0.29564315,0.02093511508309424,0.48496878,0.5112619,0.28266078,0.27953705,0.007222204591898248,0.4906023,0.49419838,0.28101593,0.29347333,0.041977587437476115,2.900380380081049,1.4155291782159536,2.823614630427093,1.4726638721638188,3.5330793849874427,1.2072901038793142,3.559159103693112,1.3947364268580984,2.7712531957788387,1.3873988211388142,2.9812048159128928,1.2727106807307822,2.773235947080237,1.4212940709435424,2.8277813360258333,1.3780556342211185,2.9625257058895706,1.305159546547279,3.075366918384505,1.3371482690359837,0.0034427827020592507,0.012430974151898685,0.019738620825139705,0.0254824272201572,0.034258605497948916,0.03849886893890325,0.04374473614085455,0.04835650890163561,0.05350706742991408,0.053872741524822076,0.4405646026134491,0.03540574014186859,0.033285342156887054,0.030692758038640022,0.03037651814520359,0.030233999714255333,0.029752302914857864,0.029445139691233635,0.029279394075274467,0.029141753911972046,0.028886504471302032,0.028763702139258385,0.028651269152760506,0.028442369773983955,0.028160346671938896,0.028099561110138893,0.027902141213417053,0.027885230258107185,0.02753465808928013,0.02749665454030037,0.011254019292595455,0.01045016077169578,0.013263665594844643,0.012660771704169887,0.013263665594844643,0.013163183279732184,0.013263665594844643,0.01225884244372005,0.01055064308680824,0.01215836012860759,0.008775455519821455,0.009043408360121347,0.009579314040721132,0.007770632368696862,0.008239549839221672,0.008574490889596536,0.007837620578771834,0.00797159699892178,0.008330897398414817,0.008623209587832881,16.40904268,751.178816,119.40218,0.2518,0.2674
E6H7-4,0.871331128565523,0.03606862339809839,0.032658123191401406,0.0309011988424969,0.029040926002480365,0.49577346,0.49639043,0.28913695,0.28853738,0.0037587578849784253,0.4808512,0.48744595,0.29145113,0.29116467,-0.06846850148091174,0.47310126,0.472109,0.2874271,0.30034173,-0.05022459449099508,0.49685943,0.50172895,0.27626765,0.2823559,0.04399011935699554,0.47422096,0.50750947,0.28278548,0.28094363,-0.018613033039926334,2.7539674062115216,1.3307758583335663,2.8821650944353596,1.5136795018236848,3.5043426856045645,1.1539594774640272,3.5774807819598955,1.2365408969940828,2.7354289776582688,1.271894194160319,2.9987798200175537,1.3462827281736545,2.8397490907786858,1.4645798564308088,2.7922133469718404,1.4022135546486543,3.0537717571848733,1.221037981072884,3.061462279585381,1.3371551247827376,0.003422759786097094,0.012330159252318881,0.019853181619701624,0.026025114597835512,0.03406507551414826,0.03855500010769553,0.04376942190997045,0.047820731977152885,0.053765525289847835,0.05372636327856526,0.4420432150363922,0.03416692465543747,0.03132539615035057,0.030549317598342896,0.030169615522027016,0.02995690517127514,0.02992984838783741,0.029794251546263695,0.029516326263546944,0.02938060089945793,0.029040049761533737,0.028995811939239502,0.028892546892166138,0.028760304674506187,0.028340525925159454,0.028327615931630135,0.028062792494893074,0.02784840576350689,0.0275806225836277,0.02731902152299881,0.01320838911199296,0.010887996430156359,0.013955823293161482,0.011746987951797794,0.013253012048182126,0.013253012048182126,0.011546184738946549,0.011445783132520928,0.012650602409628392,0.010040160642562216,0.0089022757697385,0.008701472556887255,0.008433734939752262,0.008099062918333523,0.008567603748319759,0.009437751004008484,0.007563587684063536,0.007362784471212292,0.009565534866732003,0.008178167214305223,15.49690211,754.35827,120.97654,0.2636,0.271
E6H8-1,0.8616163704009921,0.038342290202563044,0.040099214551467546,0.029247622984704423,0.03069450186027284,0.49541566,0.49514621,0.2881142,0.28877443,0.0009032073311284666,0.48639143,0.5089543,0.29548955,0.28149375,0.03094651207635002,0.48767912,0.50559145,0.2897636,0.2904464,-0.01488259011178746,0.47492027,0.48778224,0.28627378,0.28761628,-0.010525256906724095,0.48702472,0.49135423,0.29488325,0.2923198,-0.03257061610664133,2.5492489142015713,1.2131283434801028,2.7127373917671136,1.3079156976558302,3.358626497828914,1.0906845155187799,3.468147702770592,1.11565173082568,2.6293179567116747,1.3217656528311328,3.1230547102259294,1.3896637706776476,2.81331552610687,1.325297996759831,2.9378638984621386,1.4369523314197443,2.8495344676432324,1.1626705475969024,2.9342297511479933,1.2517884057250515,0.003391949818485781,0.012756080121861496,0.020324065918503397,0.025804033726067238,0.03431844951279581,0.03829587335799578,0.04310574109958585,0.04768590959175707,0.05355101223105326,0.05410021795522764,0.44791659712791443,0.033197224140167236,0.033011071383953094,0.03277047723531723,0.03185660019516945,0.031222999095916748,0.030973216518759727,0.030801523476839066,0.030667195096611977,0.02812795713543892,0.028051210567355156,0.027486950159072876,0.0272707287222147,0.02723177894949913,0.02699558436870575,0.026740165427327156,0.026725757867097855,0.026420988142490387,0.02626730129122734,0.0262646172195673,0.013110945149770311,0.012779022487750808,0.012882748319631902,0.01148244958923713,0.012229275578781009,0.0116691560866231,0.0116691560866231,0.012135922330088023,0.01148244958923713,0.012322628827473994,0.009024147373655199,0.007530495394567441,0.008215085884982662,0.008837440876269228,0.008215085884982662,0.008588498879754602,0.008401792382368631,0.008837440876269228,0.008961911874526541,0.008147192613205945,15.09730642,748.063364,120.69607,0.2569,0.2641
E6H8-2,0.8622364613476643,0.03989251756924349,0.03792889623811492,0.029350971475816452,0.03059115336916081,0.49388123,0.4962792,0.2891212,0.2884078,0.0014781682778860037,0.49649313,0.47887942,0.28478935,0.29006648,-0.060863874052023786,0.48125872,0.49233362,0.28332415,0.28853047,0.05819900204908729,0.49416006,0.49182382,0.29059723,0.2952419,0.05689841569258767,0.5065508,0.5112517,0.28448045,0.2867264,-0.09429510022894912,2.6138493015201054,1.3211782757057209,2.8057769812990814,1.291171974601741,3.6516458599579495,1.267131942033816,3.483354083658306,1.042035950654101,2.6098970168084756,1.3899499551121963,2.9983686457945957,1.3367825314742645,2.682412880252941,1.3022491503923825,2.720064171241748,1.2226953317790124,2.911159325682472,1.1865855080683883,2.9466330401326895,1.1840020139560183,0.0034369049277785516,0.012417926263079764,0.019771664284227566,0.02559616883150393,0.033732585402270976,0.038623036207913825,0.04325718129071434,0.04803410070234649,0.05365218453323975,0.05481158089025815,0.44829535484313965,0.03352193534374237,0.03196429833769798,0.03189971670508385,0.0299391932785511,0.0293633583933115,0.02891780622303486,0.028822362422943115,0.02878035604953766,0.028708161786198616,0.028676455840468407,0.028493544086813927,0.028441172093153,0.028334494680166245,0.02827153541147709,0.02825808897614479,0.027596615254878998,0.027350356802344322,0.027288181707262993,0.027076995000243187,0.011919646578302303,0.012003000750178542,0.011627906976735464,0.012659414853703931,0.012190547636900083,0.013972243060754709,0.012003000750178542,0.012753188297064701,0.010408852213045454,0.012471867966982391,0.009252313078262627,0.00793948487121185,0.008377094273562107,0.008689672418098008,0.008252063015747747,0.008689672418098008,0.008064516129026209,0.009127281820448266,0.008252063015747747,0.008047466412051523,15.96946006,753.514652,121.11879,0.2755,0.2803
E6H8-3,0.861306324927656,0.0385489871847871,0.040202563042579575,0.03028110789582472,0.029661016949152543,0.49411756,0.49475196,0.2897601,0.28818402,-0.0003350974837821315,0.4869548,0.48180124,0.2786217,0.2920466,7.547791191448178e-05,0.48733464,0.51004314,0.27089098,0.29448175,-0.025491929639250198,0.5213935,0.50610286,0.2918252,0.28251427,0.04574315555305287,0.4775219,0.51334673,0.28733674,0.29468423,-0.0033549049157588257,2.548685310644525,1.196585612617662,2.5712697043920287,1.339679727802693,3.5094821439778605,1.2882718253992922,3.4957667344697336,1.1578387400371923,2.6699543269932846,1.3748129501143087,2.9479681560031428,1.2666451426549068,2.8332304975055354,1.3015316256892933,2.8127782699414206,1.355120062422439,2.969683939794938,1.2526580159492675,3.0896869029370673,1.3334417586570544,0.0034238015436463404,0.012317969002937322,0.019771153842927863,0.02565754268009347,0.034174269988811,0.03863980634804008,0.043742797183793224,0.04802045222362574,0.053380102361768836,0.05420543815768946,0.4520849287509918,0.031207580119371414,0.02985481731593609,0.029833460226655006,0.029697204008698463,0.029345501214265823,0.029166091233491898,0.029078656807541847,0.029078656807541847,0.029009969905018806,0.028673339635133743,0.02860208973288536,0.028589673340320587,0.028401004150509834,0.02828420139849186,0.028103137388825417,0.027971461415290833,0.027781877666711807,0.027689091861248016,0.02754717878997326,0.011425732737199634,0.011508527901961949,0.01322652757078001,0.012108792846488742,0.013133383010422404,0.01322652757078001,0.012108792846488742,0.012388226527561559,0.011643070044700714,0.011363636363627897,0.008507203179327988,0.00887978142075841,0.007513661202180194,0.00825881768504104,0.007762046696467142,0.008941877794330148,0.008817685047186673,0.00825881768504104,0.009009619292772043,0.008874136295888253,15.11916895,743.912294,120.5616,0.2598,0.2693
E6H8-4,0.8617197188921042,0.0395824720959074,0.03875568416701116,0.030177759404712692,0.029764365440264572,0.4937591,0.4937625,0.2890135,0.28923288,-0.002202465172306888,0.49219894,0.50670445,0.28779852,0.29064238,0.10568161692874704,0.48796746,0.5243164,0.28364006,0.27491733,-0.05645103116989211,0.5000418,0.5047307,0.2940276,0.28689432,0.05206291159895306,0.5018208,0.4928496,0.27994287,0.28634542,-0.06165547739504347,2.7275940624464674,1.2708504702415016,2.4731043318287442,1.2800084494082715,3.502246424256347,1.1503525892847126,3.5583361357992422,1.2712284304730992,2.772337857458293,1.555178911380041,3.013455508594592,1.272330460656807,2.7834813009870483,1.3877539731073705,2.7589420235745807,1.3372505040396128,2.9280661343150567,1.2142605622671272,2.975815712810376,1.363918717537232,0.0034533354822246396,0.012168097022442483,0.019783230589467748,0.025709469895375855,0.033791315793008043,0.03846011792041044,0.043318626858455216,0.047868232671206205,0.05431154894771478,0.05446935815302792,0.45859163999557495,0.03343863785266876,0.029891924932599068,0.029310768470168114,0.02910695970058441,0.028981398791074753,0.028875093907117844,0.028838789090514183,0.02877742610871792,0.028627293184399605,0.028466589748859406,0.028411289677023888,0.027877867221832275,0.027746111154556274,0.02746826782822609,0.027346141636371613,0.0272796880453825,0.027148082852363586,0.026917532086372375,0.026898536831140518,0.012041189171225014,0.011875103803346049,0.01149103139012594,0.01261210762330896,0.012705530642740877,0.013452914798196224,0.01214499252614937,0.011304185351262104,0.01205156950671745,0.012331838565013206,0.006913303437961948,0.008283507722963416,0.0087194818136457,0.008594917787736476,0.008283507722963416,0.008781763826600312,0.0087194818136457,0.009155455904327986,0.00849300176653802,0.00883272183719954,14.8776316,743.298409,120.66603,0.2572,0.2672
E6H9-1,0.8524183546920215,0.04412980570483671,0.04350971475816453,0.03048780487804878,0.02945431996692848,0.4954298,0.49690834,0.28877485,0.28888664,0.005868800552254282,0.47258237,0.50422734,0.28658226,0.28097796,-0.030908629792262762,0.48896357,0.47065097,0.29331118,0.28849614,-0.0688342992586553,0.5062009,0.4724217,0.28505966,0.29085937,-0.00203604858209681,0.4762088,0.51118046,0.28276715,0.28831917,-0.012936637270812052,2.471396060976065,1.2628450507501574,2.535331258185175,1.3265533789961799,3.4129398239378443,1.2070321055969582,3.560595527656534,1.1947479425916672,2.5529430637214956,1.2059762306529167,2.892690141122535,1.2894916487995118,2.7725349980150424,1.312587425795134,2.7349074300147405,1.3453875176052728,3.136148947715393,1.3358601243413886,2.8736203878296043,1.2086976191118464,0.0035276371402541934,0.012560299893961797,0.020077064384605044,0.025819555834341444,0.034048717833833654,0.03863823050614573,0.04327852203653091,0.047856086742237555,0.053715070866376925,0.05381214809504608,0.4604018032550812,0.0317886620759964,0.03047829121351242,0.030170826241374016,0.030170826241374016,0.029554566368460655,0.029484836384654045,0.028660928830504417,0.028236493468284607,0.027999814599752426,0.027863984927535057,0.027812400832772255,0.027641352266073227,0.027415689080953598,0.027309413999319077,0.02712099626660347,0.027072491124272346,0.027023032307624817,0.02702166698873043,0.026771927252411842,0.012527233115459637,0.01244942421412138,0.012429971988786814,0.014005602240886551,0.012429971988786814,0.011817226890748028,0.010766806722681536,0.010941876750692617,0.01313025210083114,0.011379551820720323,0.008811858076557788,0.008578431372543013,0.0086951447245504,0.008753501400554094,0.008461718020535625,0.007994864612506073,0.009337068160591034,0.007761437908491297,0.00840336134453193,0.007894066717590601,15.06773764,727.721591,119.08878,0.2678,0.2725
E6H9-2,0.8515915667631253,0.04516329061595701,0.04330301777594047,0.02997106242248863,0.02997106242248863,0.49244758,0.49505615,0.28889525,0.28881943,0.0012040513381913647,0.48802814,0.51619285,0.28421277,0.2850826,0.03877578409510076,0.52479774,0.49518627,0.28448132,0.28456348,-0.029570242825683313,0.48906642,0.47606662,0.28430223,0.28873062,0.008290938035663517,0.5042893,0.5055815,0.29583055,0.2934579,-0.055644544310864054,2.49762114762726,1.2260943549446548,2.4631556085842212,1.187514807012461,3.475267921788384,1.240868345594726,3.521916537591764,1.2329808730357998,2.6050111995903555,1.2524407073884536,2.9089311215321842,1.3292677240219855,2.782675347637841,1.2944041917840505,2.669276431674202,1.3059526244557877,2.952885673814325,1.3490165574678672,3.004916630250028,1.3357653793593738,0.003551802410499748,0.012201659673824914,0.019667090520010456,0.025419385900009007,0.03371184766090551,0.038236888237109766,0.043522501886664275,0.048489117897687416,0.05421630698206081,0.054316732164561426,0.45452722907066345,0.03677469864487648,0.032342590391635895,0.03085353784263134,0.030790766701102257,0.029292430728673935,0.029232051223516464,0.02912026457488537,0.02845735475420952,0.028351420536637306,0.028140297159552574,0.027707694098353386,0.027686407789587975,0.027639420703053474,0.02690553292632103,0.026753319427371025,0.026527164503932,0.026369880884885788,0.02627725526690483,0.026250720024108887,0.011528938409153222,0.011296812132458861,0.011142061281329288,0.014014623955421995,0.013666434540380456,0.011577298050131213,0.012012534818933138,0.011490250696370828,0.011577298050131213,0.013840529247901225,0.008356545960996966,0.007718198700087477,0.008530640668517737,0.009517177344468766,0.008298514391823376,0.008762766945212098,0.007370009285045936,0.009168987929427226,0.008040010129141021,0.008989617624708858,14.88583657,717.886331,119.59595,0.2693,0.2716
E6H9-3,0.8524183546920215,0.04330301777594047,0.04433650268706077,0.02997106242248863,0.02997106242248863,0.49342045,0.49530753,0.28876382,0.28846702,0.0002191660418255589,0.51178765,0.4951054,0.29372373,0.2864107,0.04435775623658851,0.49232474,0.4844534,0.28043658,0.29176414,-0.07726787629073702,0.49074852,0.51195204,0.28491327,0.29518074,-0.04769990415349112,0.48725823,0.5101987,0.29288647,0.28515622,0.09081331982616163,2.544431163340559,1.248712514091844,2.4958566343866178,1.266044032708238,3.4226628455362498,1.10291138743977,3.4495530999557578,1.129798866856902,2.515038300628096,1.2258648528868072,3.1514163454449307,1.473499343736491,2.7312533474109704,1.369952796771794,2.7468864860949846,1.4289951784108077,3.1359642490281394,1.4035398223823858,3.1907357795720537,1.407577404790216,0.0034275109262250454,0.012491841050120767,0.020088312172702034,0.025627374367211398,0.034308196247935824,0.03859446484808562,0.04362368667226137,0.04774602429787913,0.05356782982460889,0.05385809292630325,0.44882136583328247,0.035033732652664185,0.035033732652664185,0.03457307443022728,0.03305492177605629,0.030836641788482666,0.02988242357969284,0.029032109305262566,0.028968488797545433,0.028438711538910866,0.02779747173190117,0.027117770165205002,0.02674698829650879,0.02663341909646988,0.026628507301211357,0.026618946343660355,0.026477975770831108,0.026442890986800194,0.025940274819731712,0.025920532643795013,0.011749144102077051,0.012215997510106602,0.012605042016797895,0.012342436974781273,0.012517507002792356,0.010679271708675995,0.012517507002792356,0.012429971988786814,0.013042717086825601,0.011904761904753569,0.008228291316520848,0.008811858076557788,0.007994864612506073,0.008520074696539318,0.009220354808583646,0.008053221288509767,0.008053221288509767,0.00840336134453193,0.008212375859428932,0.009294626941679257,15.27645997,730.514542,117.83872,0.2478,0.2649
E6H9-4,0.8532451426209178,0.0434063662670525,0.0434063662670525,0.0298677139313766,0.03007441091360066,0.49223185,0.49570933,0.28850093,0.28916025,0.0008933301062884762,0.5073752,0.4929177,0.2896,0.28487498,-0.05138424740702758,0.5155052,0.50627524,0.2822767,0.28261235,0.09712741232641853,0.49232003,0.46786112,0.2934287,0.28740656,0.028257131277054873,0.4922471,0.5139204,0.29411945,0.28771165,-0.11621720835129491,2.568880270994283,1.315981205887348,2.4883094309230716,1.241631792969491,3.51514766914632,1.238147899282059,3.5425201903673287,1.232590452330618,2.599833554611535,1.3698831242227323,2.990229573381745,1.3685075128617097,2.6908729464619596,1.3326175192701761,2.8120602704274473,1.4902645617657766,3.008077208754226,1.2541531316398142,2.9464030048189485,1.3102034989368636,0.003473149879775581,0.012446585792537783,0.020167212317984157,0.02576711933839589,0.03401754838787582,0.038856713322495774,0.04346493869535751,0.047821092781855694,0.0539040106503892,0.053414962166665914,0.4624243676662445,0.03205982595682144,0.030706310644745827,0.030228812247514725,0.029981879517436028,0.029719367623329163,0.029591910541057587,0.029188182204961777,0.028599770739674568,0.027863888069987297,0.02785095013678074,0.027814125642180443,0.027398627251386642,0.02680714800953865,0.02680288814008236,0.02677939273416996,0.026686102151870728,0.026560140773653984,0.026534464210271835,0.026401879265904427,0.01173708920186967,0.01205007824725286,0.011443661971822927,0.011707746478864994,0.012059859154921086,0.012323943661963153,0.012147887323935107,0.013116197183089356,0.013028169014075332,0.012411971830977175,0.007922535211262027,0.00850938967135551,0.008802816901402251,0.008392018779336813,0.008626760563374207,0.008568075117364857,0.008274647887318116,0.009154929577458342,0.008770806658124426,0.007682458386678328,14.78337699,733.343036,119.93075,0.2672,0.2737
E6H10-1,0.8429102935097148,0.05064076064489458,0.046506821000413395,0.02945431996692848,0.03048780487804878,0.49331033,0.4951476,0.28848326,0.28909445,-0.002004479624920612,0.49825785,0.5114839,0.28824937,0.27669045,0.032283823582685126,0.48821136,0.49451977,0.29253975,0.29664534,0.07493967228820086,0.50560546,0.4871246,0.28738317,0.28862542,0.0020286521161218744,0.50041336,0.49689746,0.28883168,0.28303376,-0.11966051195608832,2.398722303401184,1.085718366976541,2.565293274054494,1.1611026255157908,3.5533738072922914,1.291615820495533,3.4691222900811876,1.1552844073584572,2.3724128845072485,1.0983401035084794,2.9637156929747746,1.2975886212473358,2.8405252985614156,1.4779977174279997,2.7577722353063012,1.2846197311769902,3.0729288574977263,1.4100423213041624,2.9308717330133627,1.2921455055179603,0.0034420008933032735,0.012516848839567237,0.020168243201153607,0.025760003605022116,0.03402107082410541,0.0384690319322786,0.04319267120210257,0.04796402399990457,0.053643259205066116,0.05415617963082983,0.46529221534729004,0.03185579553246498,0.031273841857910156,0.030459214001893997,0.029463045299053192,0.028968706727027893,0.02881726622581482,0.02880593203008175,0.02826932817697525,0.027941523119807243,0.027422115206718445,0.027389999479055405,0.027291564270853996,0.02710900455713272,0.02704244665801525,0.026958391070365906,0.026958391070365906,0.026613038033246994,0.026139384135603905,0.025928936898708344,0.012499999999991776,0.011915204678354734,0.011595394736834477,0.011924342105255312,0.01217105263157094,0.012088815789465732,0.012828947368412613,0.012088815789465732,0.012417763157886567,0.012417763157886567,0.008497807017538269,0.007839912280696595,0.008497807017538269,0.007949561403503542,0.009155701754379941,0.008497807017538269,0.009155701754379941,0.00811403508771396,0.00879186602870235,0.00825358851674098,14.42450806,726.32733,118.91808,0.2741,0.2926
E6H10-2,0.8419801570897065,0.045680033071517155,0.05239768499379909,0.029144274493592394,0.03079785035138487,0.49132705,0.4952681,0.2886866,0.28729185,-0.0015079836786017794,0.52052754,0.48305085,0.28651088,0.29863456,0.005927345746503806,0.5122432,0.5095276,0.2852667,0.29245484,0.06039909131485971,0.49667013,0.48377207,0.27970827,0.29854518,-0.03347925305690817,0.4909969,0.51606756,0.30153972,0.29309705,-0.03544135308164084,2.4437518554206443,1.1799704499661494,2.2294813980404617,1.1503470334509753,3.5439345635351223,1.2788914224335193,3.4060622580444107,1.1897556126429256,2.3671381164428333,1.0974285604884637,3.1168400091884547,1.483778268435785,2.775229138649097,1.383288778013328,2.8445232029862457,1.4986546814332333,3.0614960630141854,1.3234433161938708,2.9261032083596197,1.328217282216774,0.0035451959410690782,0.012635067719611091,0.020346399609391587,0.02576370313760455,0.03425121003693797,0.038832632785632405,0.04338353925189997,0.047602746996136376,0.05352025219717233,0.05345258565787798,0.46178534626960754,0.03368818014860153,0.03368818014860153,0.03213738650083542,0.029984023422002792,0.02867959253489971,0.028559338301420212,0.02829797938466072,0.028068341314792633,0.027861597016453743,0.0277255792170763,0.027685828506946564,0.027599956840276718,0.027356689795851707,0.026720013469457626,0.02670309692621231,0.026272520422935486,0.025795690715312958,0.02577250823378563,0.025618165731430054,0.010973039750010991,0.012208415086104945,0.01218116415957346,0.011200130804440026,0.011935905820790101,0.011118378024845573,0.013570961412679156,0.012916939175923533,0.01308044473511244,0.012916939175923533,0.009047307608452772,0.008502289077823086,0.008883802049263865,0.007412252016563716,0.008229779812508244,0.007575757575752622,0.008393285371697149,0.008829300196200896,0.008621202211778653,0.00933468101551206,15.24383292,719.913697,120.27492,0.2798,0.2837
E6H10-3,0.8420835055808186,0.04981397271599835,0.04816039685820587,0.027800744109136008,0.03214138073584126,0.4939683,0.4944543,0.28926954,0.28903458,-0.0005634646882293571,0.49987352,0.51287013,0.2782163,0.28801516,-0.03039320778048996,0.47935203,0.49470794,0.2928874,0.28696483,0.029279724870830047,0.5103817,0.51468086,0.28462133,0.283564,-0.011551823193087854,0.49047136,0.488746,0.28435355,0.28538167,0.02039457692618332,2.353547484236252,1.184366055380749,2.413267261037074,1.119550957165747,3.559397219314827,1.2070979608873875,3.368968305827513,1.1664748119036192,2.39633606166517,1.1297104402160703,3.144886796599082,1.4345103055258086,2.8122396568060086,1.4215374400980383,2.8983563842986153,1.5120269668777113,2.9745361043545793,1.3288599886633976,2.86819687199468,1.289155746956572,0.003422215146537855,0.0124191203975154,0.019800698680686877,0.025528120020864638,0.03405647690457792,0.03856981435388863,0.043541345510413554,0.04809480726741815,0.05392836387310882,0.05397237117832148,0.47071850299835205,0.032674580812454224,0.032424233853816986,0.030173033475875854,0.02904830127954483,0.02870979718863964,0.028587868437170982,0.02833597920835018,0.027525722980499268,0.02748950570821762,0.02726203389465809,0.02709079347550869,0.026746181771159172,0.02646782621741295,0.026292331516742706,0.02626478672027588,0.02622009627521038,0.026187105104327202,0.025904055684804916,0.025877196341753006,0.011780104712034176,0.012143688190800663,0.012270942408368932,0.012107329842924014,0.011943717277479095,0.01267997382198123,0.013661649214650745,0.011616492146589255,0.012598167539258772,0.01120746073297696,0.007853403141356116,0.008562390924950767,0.007471640488651305,0.00916230366491547,0.008235165794060929,0.008944153577655578,0.008944153577655578,0.008235165794060929,0.0085673488814794,0.008805330794853829,14.34452434,721.047484,120.58057,0.2952,0.3078
E6H10-4,0.8424968995452666,0.050330715171558495,0.0472302604381976,0.028420835055808186,0.03152128978916908,0.49560034,0.49480423,0.28915823,0.2890495,0.004368554961427628,0.49203688,0.4890196,0.2842919,0.28116417,-0.041127374948999894,0.4872445,0.51513183,0.28571638,0.28855008,-0.03530974891572023,0.45534366,0.5029276,0.28503072,0.28326446,0.026451823089539996,0.4962415,0.49666572,0.28709942,0.29391935,-0.01908177419523242,2.3318967198056813,1.1675097615847359,2.404137820854176,1.2310670787341,3.6000919363552386,1.2703871474221722,3.4584233890338836,1.1394402378475177,2.415297514688718,1.2326883900964365,3.0641890265041036,1.3605116744896666,2.770878553797223,1.2904060799589032,2.893425663752147,1.536596727782793,2.9552733355694567,1.2114753081910672,2.8221156254156607,1.1643295911316416,0.0035228609113177266,0.012417727358374105,0.019922161796905962,0.025472194608502426,0.033832979227985366,0.03858123956363825,0.04352182133598425,0.04777498391906906,0.053857799089072116,0.05442956552248406,0.46433505415916443,0.0344914011657238,0.03282975032925606,0.031506411731243134,0.03036685660481453,0.029792580753564835,0.02949015609920025,0.029023027047514915,0.02840026654303074,0.02704654633998871,0.026670971885323524,0.026621675118803978,0.026619376614689827,0.026429083198308945,0.026412824168801308,0.02611038275063038,0.026032235473394394,0.02595559135079384,0.02594541199505329,0.0259204413741827,0.01275882181393155,0.012102653834929358,0.012549212598416962,0.012959317585293334,0.012385170603666415,0.012385170603666415,0.012467191601041688,0.011400918635163123,0.010662729658785654,0.012221128608915865,0.008311461067361125,0.008147419072610577,0.008147419072610577,0.008366141732277975,0.008803587051612771,0.007983377077860027,0.009241032370947568,0.009623797025365513,0.00763540921020735,0.008410880458119033,14.81202352,723.799481,118.87944,0.2838,0.2879
E7H1-1,0.920111616370401,0.005787515502273667,0.00413393964448119,0.033588259611409675,0.036378668871434476,0.49371406,0.49641997,0.28869498,0.28845987,0.00294210112589325,0.43554008,0.4880448,0.29762018,0.29192415,-0.1791198648346501,0.5609756,0.5444915,0.26776555,0.26557183,-0.1133605647705044,0.51572233,0.48748368,0.28583035,0.29086637,0.02478463744315429,0.48018292,0.48247305,0.28812808,0.2928541,-0.06118809231121174,7.0655646008266695,3.967179244407712,9.304786914542227,4.665934041000125,3.2855396807602104,0.9949092374510736,3.333360643248501,1.0790157570027068,9.110920409796277,4.10031192201108,3.085946824994832,1.7201962244020803,2.647572510842419,1.2709680561806302,2.505934970490292,1.1917591718437996,2.6447135065459024,1.1425806178531468,2.528050262201655,1.0479468693654808,0.0030743561618439955,0.012714548347726676,0.019635711968360395,0.02589771714893376,0.033591332066513206,0.038674061600416094,0.043519906069922294,0.04814431450097072,0.05349482715114812,0.054586558317498084,0.37400731444358826,0.04020559415221214,0.035578276962041855,0.034392282366752625,0.034290168434381485,0.03404994681477547,0.03359817713499069,0.03336517885327339,0.03303837031126022,0.03295908868312836,0.03290237858891487,0.032773666083812714,0.032003287225961685,0.03171466290950775,0.031632184982299805,0.03158282861113548,0.030990678817033768,0.030620107427239418,0.03028600662946701,0.030009813606739044,0.011786689665070278,0.013080350725870674,0.011157826649403419,0.011157826649403419,0.012451487710203815,0.013098318240604014,0.01374514877100421,0.011157826649403419,0.011481241914603518,0.012774902975403913,0.009163432514002806,0.00851660198360261,0.00819318671840251,0.009486847779202907,0.008300991806802544,0.007761966364802378,0.00786977145320241,0.00894782233720274,0.00811478301774794,0.008349994119711648,18.79975819,810.240394,128.44039,0.2536,0.2542
E7H1-2,0.920214964861513,0.005270773046713518,0.0045473336089293095,0.03606862339809839,0.03389830508474576,0.49459273,0.49587217,0.2887578,0.28866822,0.001758550785127378,0.49545676,0.4531406,0.30212492,0.2860133,-0.11516918928137666,0.4650776,0.55758864,0.26663202,0.29524547,0.016894552355622733,0.48892304,0.4862804,0.28546783,0.28624043,0.0013293090308121366,0.48408684,0.5012143,0.2894658,0.2890613,-0.029581917763933527,8.17970801977147,3.525012063045973,7.5657111349794,3.856637315808303,3.222822240632412,0.9856890962148388,3.3723238541972798,1.0133222914327134,7.854239525219402,4.230739506823713,2.769179418239812,1.1106782314922437,2.552925720706416,1.0535754576430603,2.5725367191586694,1.1659020352727232,2.6111833418862953,1.0974738392247863,2.7604571050335243,1.15251925799001,0.0029130894133817483,0.012503718291944898,0.020314695715501943,0.02610497379245264,0.03425957267850365,0.03870613697674657,0.04342964991640254,0.047819798750653904,0.05323568329384251,0.05404601450390292,0.372773677110672,0.03830952197313309,0.03515452891588211,0.03476424887776375,0.0347510389983654,0.03442070633172989,0.0340084545314312,0.03366788104176521,0.03339594230055809,0.03283095359802246,0.032597288489341736,0.03254026919603348,0.03235859051346779,0.032177671790122986,0.03145382180809975,0.03142692893743515,0.03125154227018356,0.030993627384305,0.030683139339089394,0.03044009581208229,0.011082325849150872,0.014104778353464747,0.013439119170967047,0.013115284974076276,0.011010362694286256,0.01295336787563089,0.011010362694286256,0.010524611398950098,0.013115284974076276,0.011496113989622414,0.00820379965456623,0.0089594127806447,0.007772020725378533,0.009607081174426244,0.008095854922269306,0.007879965457675457,0.0089594127806447,0.00874352331605085,0.007772020725378533,0.008714083843606234,18.4905355,811.934779,127.54669,0.2415,0.2597
E7H1-3,0.920214964861513,0.005374121537825548,0.0044439851178172795,0.034518396031417944,0.03544853245142621,0.4935888,0.49651748,0.28884247,0.28872636,0.00026338031658719907,0.4861632,0.5130378,0.27769047,0.29810327,-0.06567000706918422,0.45519,0.4625542,0.29564255,0.29195476,-0.0013683092004788374,0.51577336,0.48561352,0.28584465,0.2843142,-0.015468096701356168,0.4867738,0.48759696,0.28596345,0.28876904,0.018359092936690646,6.348203990937913,3.8013558225243727,8.67807155004167,2.8963336463470606,3.325978000008802,1.1532935065800576,3.354094983681039,0.9738057143540803,7.309273526146493,4.221909582164691,2.9202151773136267,1.2446953021162352,2.5347969930891283,1.3650149238333824,2.623380375684215,1.276520000411937,2.7572174007179973,1.1822657083658863,2.734154347843981,1.2188018077100287,0.0028626487890944774,0.012442098733417738,0.01972837886622837,0.025524861316615056,0.03427551596320759,0.03866863950455329,0.043768527134147896,0.04822775091396291,0.05412084140518938,0.05371407070691663,0.36557134985923767,0.042700208723545074,0.03784908726811409,0.035680029541254044,0.035547442734241486,0.03443889692425728,0.033395782113075256,0.03284347057342529,0.03283674269914627,0.03245009854435921,0.032442357391119,0.03234810754656792,0.03209681436419487,0.0319264717400074,0.03176205977797508,0.03164506331086159,0.03155234083533287,0.031118493527173996,0.030943995341658592,0.030851153656840324,0.01223373632698473,0.010218767990775481,0.012791450777185503,0.013277202072521662,0.01295336787563089,0.0116580310880678,0.011819948186513187,0.013439119170967047,0.01133419689117703,0.012467616580294731,0.007772020725378533,0.009715025906723167,0.008851468048347775,0.009283246977535471,0.008527633851457002,0.008527633851457002,0.007556131260784685,0.007772020725378533,0.008714083843606234,0.008007536504935459,18.70783683,812.85055,126.32397,0.2372,0.2451
E7H1-4,0.920214964861513,0.005477470028937578,0.00434063662670525,0.03296816866473749,0.03699875981810666,0.4956405,0.49482903,0.2882701,0.28855318,-0.0014019678569100584,0.49930972,0.52942115,0.28838903,0.2542245,-0.023048529332261383,0.44570267,0.47356737,0.26622853,0.28318638,0.0976779731708855,0.4815353,0.50387865,0.29815722,0.29663756,0.00016871815307546514,0.4665486,0.5093741,0.29000252,0.28881776,0.03131694368740235,6.656821353097863,4.205559353158667,7.27939400561564,3.746229095345961,3.3908151453193884,1.0802543463372372,3.2625065801396014,0.9651268356849323,8.039054014002508,4.140917225158035,2.8933033978156364,1.253870676985306,2.3818062332553387,1.0124782836057196,2.6523130943423348,1.1290522836007186,2.7053151920374665,1.086862324184294,2.7321394664776486,1.1096570193557618,0.0029929035857487736,0.012691162591833649,0.019808433314041096,0.0257629557790674,0.034042974758455996,0.03860011366776684,0.04384551611944501,0.04782388795903789,0.053434278652880536,0.05433110690505613,0.36539125442504883,0.03842068091034889,0.03842068091034889,0.03403126448392868,0.03400625288486481,0.03350676968693733,0.033460211008787155,0.03329669311642647,0.03308156877756119,0.033046770840883255,0.03295936807990074,0.03278633952140808,0.03276468440890312,0.032738104462623596,0.032638806849718094,0.03251420706510544,0.03221964091062546,0.03163590282201767,0.03155618906021118,0.031524691730737686,0.01439263097292321,0.01295336787563089,0.012467616580294731,0.011496113989622414,0.013277202072521662,0.012143782383403958,0.01084844559584087,0.011819948186513187,0.009876943005168554,0.012305699481849345,0.007879965457675457,0.00820379965456623,0.009067357512941623,0.007987910189972382,0.007556131260784685,0.00874352331605085,0.007987910189972382,0.009283246977535471,0.009067357512941623,0.009067357512941623,18.01600956,809.730731,127.68702,0.2407,0.252
E7H2-1,0.9101901612236462,0.00878462174452253,0.011058288548987185,0.03255477470028938,0.037412153782554775,0.49429637,0.49615481,0.2890206,0.28825402,0.0036639304282735886,0.44591105,0.4757727,0.28710884,0.29680854,-0.21806851064163738,0.5292911,0.48368448,0.2751515,0.28793216,-0.10711743881969284,0.48056522,0.4866559,0.2814263,0.29300705,0.06855670286094116,0.49673223,0.5024113,0.28832507,0.29264796,-0.06756331090648342,5.2772404607000585,3.4824134889736333,5.1614102690444845,3.025596892840588,3.4020353945612016,1.1875530128292353,3.237148261641582,1.0293421031416414,4.6481138767637855,2.3100246447222523,2.7665915900577818,1.2433708110702755,2.2429255268266015,1.0369028083917935,2.6984498184349546,1.3632884849789535,2.6916321985548572,0.9990529324857396,2.6689349527642063,1.060379774200061,0.003227271252959683,0.012568518698712334,0.019817715935259966,0.025692484836690347,0.034328273490966885,0.0378758392527002,0.0435276183062502,0.04818202458564432,0.054235185365379,0.053878401608770395,0.38687634468078613,0.03522463142871857,0.03444741293787956,0.03416261821985245,0.03382479399442673,0.033798836171627045,0.033325161784887314,0.032596126198768616,0.032455019652843475,0.03243911266326904,0.0323677659034729,0.03203146532177925,0.03141647204756737,0.031194595620036125,0.03116934560239315,0.03106037899851799,0.030617740005254745,0.030451180413365364,0.030376866459846497,0.03016415610909462,0.013041810510149934,0.012402506073377879,0.009637514384338738,0.01093210586880215,0.014528193325644962,0.014528193325644962,0.012945914844634124,0.011219792865349574,0.010212888377433588,0.012370540851539274,0.008726505561938557,0.009301879555033409,0.008247027234359517,0.008247027234359517,0.008918296892970174,0.008342922899875324,0.0071921749136856245,0.0080552359033279,0.008892143529647682,0.008892143529647682,17.92331285,797.008701,126.21751,0.25,0.2554
E7H2-2,0.9101901612236462,0.009508061182306739,0.010334849111202976,0.03699875981810666,0.03296816866473749,0.49483645,0.4945421,0.28897566,0.28857598,-0.001753310425181824,0.49787912,0.4920781,0.28279862,0.28828943,0.014757654988363284,0.5214634,0.5131356,0.28589755,0.26682773,0.09383346630324534,0.48024252,0.49403465,0.28152585,0.29252556,0.03857611691174293,0.47366008,0.5270177,0.28865618,0.29149562,-0.01934574267291016,5.669461464197832,3.127478177294609,5.368473276474145,3.188964515290656,3.300328415750698,1.018822823632183,3.4320705439933175,1.1315709918427825,5.512699835883602,3.270641686456654,2.766907400531735,1.227707992620227,2.4307193794046413,1.085614950305054,2.6013232803798605,1.3011983672575687,2.8316713347012814,1.213110651272613,2.7998618848713552,1.2789189813432877,0.003068296674207056,0.012397522901926809,0.019809565063932874,0.025906049959089378,0.03401999005310359,0.03876482007347869,0.043734257432096385,0.04758466894482681,0.054054162455279074,0.05399399977539266,0.383962482213974,0.03854493796825409,0.03482935577630997,0.03438568487763405,0.033553119748830795,0.033333100378513336,0.032897572964429855,0.032837722450494766,0.032690443098545074,0.03244468569755554,0.0323038175702095,0.031738217920064926,0.031734712421894073,0.031147386878728867,0.031075911596417427,0.03076973930001259,0.03061024099588394,0.030597202479839325,0.030418124049901962,0.030125653371214867,0.012530366960732288,0.011379618974542588,0.01208285385499185,0.013808975834276399,0.013665132336002687,0.013233601841181549,0.010500575373981013,0.012514384349812988,0.011507479861897,0.010788262370528438,0.007671653241264667,0.008438818565391132,0.008822401227454367,0.007288070579201433,0.009014192558485982,0.007863444572296282,0.008151131568843707,0.009397775220549215,0.009833664609257435,0.008369076263197817,17.95107876,796.782301,125.79856,0.2453,0.2573
E7H2-3,0.9101901612236462,0.011058288548987185,0.00878462174452253,0.03617197188921042,0.03379495659363373,0.494151,0.49598163,0.2879695,0.28874075,-0.0023615245677245126,0.4907682,0.51132584,0.30754402,0.28130844,0.014025137758245886,0.53715926,0.46550348,0.29140627,0.28786802,0.016512936346100276,0.48351917,0.48322034,0.2982611,0.28109357,0.06834589763334765,0.4881032,0.50606436,0.28839204,0.29607713,-0.015537538230509256,5.0950652982441875,2.7940409350642645,5.201784720329046,3.124894419835007,3.2969336961215294,1.0135931434857315,3.4342427435975966,1.0555726686406772,5.69673642993396,3.243324939731713,2.6219791029945343,1.0157596366930253,2.4588055679768774,1.0899174458182548,2.5191766999034835,1.1091525336484114,2.663673874858213,1.1319505628043693,2.651063524390168,1.0864776197508215,0.0031384840669488423,0.012537482878191444,0.019974414979165897,0.026477617220117558,0.03409553660673519,0.03857497192640399,0.043856509989264165,0.047727169893587704,0.053518763034169574,0.053432382738748965,0.3809049427509308,0.04410608485341072,0.03578097000718117,0.033530306071043015,0.03351714834570885,0.03326979652047157,0.033234912902116776,0.03277584910392761,0.032671697437763214,0.032291483134031296,0.03186600282788277,0.03162424638867378,0.0313938669860363,0.031067926436662674,0.031056858599185944,0.03084319643676281,0.030666939914226532,0.029862117022275925,0.029772918671369553,0.029762646183371544,0.013041810510149934,0.012913949622795521,0.012370540851539274,0.011939010356718138,0.010212888377433588,0.010644418872254724,0.01208285385499185,0.013665132336002687,0.01208285385499185,0.012802071346360413,0.008534714230906942,0.0092059838895176,0.008438818565391132,0.007863444572296282,0.008726505561938557,0.008247027234359517,0.008247027234359517,0.009014192558485982,0.008159849356617873,0.008264462809907844,17.49051662,804.053477,125.86689,0.2478,0.2504
E7H2-4,0.9105002066969822,0.010644894584539065,0.008887970235634559,0.035551880942538236,0.03441504754030591,0.4940824,0.49698916,0.28839308,0.28946692,0.0015386020998739796,0.4799905,0.46075365,0.28644416,0.2609342,0.04666801949384484,0.5155984,0.45486796,0.3008161,0.28817168,-0.10974110579085461,0.4888684,0.5155203,0.29348937,0.28374246,0.031477293526404736,0.4930418,0.4642948,0.287617,0.27660853,-0.0575656601334291,4.772352360038122,2.7432870475808726,5.160304016321185,2.8282802965554237,3.274489474300736,1.0668569721254855,3.270780721917093,1.0548953881529226,5.373512494921251,2.683846748575226,2.679743227872961,1.247734070360711,2.775422005971795,1.2982227094495795,2.6255609491319003,1.1470536290753757,2.720938035296049,1.132494026345034,2.7810364938962664,1.166947407630396,0.0030471791540870293,0.01249343453175682,0.01956208827998765,0.0251913508225379,0.033715433561470824,0.03835837232519817,0.043418293499484784,0.04832986516232243,0.05439615734670884,0.054821158649778885,0.38630735874176025,0.041205331683158875,0.037181153893470764,0.03606029227375984,0.033402424305677414,0.03334609419107437,0.03199094533920288,0.031639132648706436,0.03110310435295105,0.031050240620970726,0.031038526445627213,0.031032077968120575,0.03100866638123989,0.03085349127650261,0.030820785090327263,0.030777612701058388,0.03069075010716915,0.030603909865021706,0.030230915173888206,0.02965712919831276,0.012445470875017706,0.013728509109555613,0.010248267898371539,0.012990762124696315,0.011403002309455654,0.01125866050807014,0.01371247113162389,0.011403002309455654,0.012413394919154257,0.012124711316383228,0.008660508083130878,0.00817936874517916,0.008852963818311563,0.009141647421082593,0.00875673595072122,0.008949191685901907,0.008852963818311563,0.00875673595072122,0.007663237455376413,0.0067184547553984985,16.94773888,793.462226,125.44454,0.2436,0.2544
E7H3-1,0.9005787515502274,0.016019016122364612,0.01343530384456387,0.03679206283588259,0.03317486564696155,0.49310052,0.4960292,0.2884827,0.28863314,-0.0036217247222589256,0.47206926,0.44078735,0.27344307,0.28585434,0.069449563124866,0.53442776,0.51232076,0.28153595,0.2815395,-0.0530025264212212,0.5083585,0.5175919,0.29425076,0.2895955,0.07596616818670292,0.4937695,0.48415968,0.29497257,0.28881752,-0.013024992872479121,4.075565577070512,2.455295278457818,4.722328624800884,2.686074640580714,3.259810807112917,1.0797075221051786,3.4412635855903853,1.0687041735214031,4.298312599933114,2.1149221947935644,2.809963950575171,1.1046409501399292,2.794777666879759,1.5602496861184474,2.4979174839037874,1.2945241824672056,2.8340493324656886,1.3696191765754056,2.908012244312467,1.4166678979196883,0.003159903016813069,0.012483935503530877,0.020069027650807533,0.026064231487737986,0.03398386263364998,0.03840242722948713,0.0442287054334433,0.04770658611232561,0.053648793672244524,0.05358586059329332,0.39986786246299744,0.035962752997875214,0.03551027551293373,0.03339190036058426,0.03316047787666321,0.03233320638537407,0.032211486250162125,0.032204195857048035,0.03205585107207298,0.031158985570073128,0.030781567096710205,0.030682237818837166,0.03064787946641445,0.03056497685611248,0.03049606829881668,0.030092742294073105,0.03000488504767418,0.02997198887169361,0.0296876672655344,0.02921302802860737,0.012358512358499512,0.011434511434499549,0.011694386694374538,0.011044698544687063,0.011954261954249527,0.013123700623686983,0.013383575883561972,0.011824324324312033,0.013513513513499466,0.011694386694374538,0.008662508662499659,0.008575883575874662,0.00909563409562464,0.007796257796249692,0.008142758142749678,0.007623007622999699,0.00961538461537462,0.008489258489249665,0.00859950859949966,0.00812700812699968,16.90974858,794.290282,124.28989,0.2409,0.2606
E7H3-2,0.9000620090946673,0.015398925175692435,0.014572137246796197,0.03338156262918562,0.036585365853658534,0.49301678,0.49385986,0.28908652,0.2883079,-0.0009726418380512532,0.5087576,0.53998405,0.28577432,0.28227645,-0.0012883821891102626,0.4993081,0.52530354,0.27832952,0.29494578,0.04017770298921575,0.49860302,0.49031854,0.29183435,0.2972902,0.008049792939425147,0.5029971,0.51716465,0.2797947,0.2865515,-0.005808675398862486,4.352105315517867,2.492697682982939,4.621872603172828,2.378985127272784,3.3439666792576044,1.0777476971856021,3.299911693841711,1.0294344832089166,4.502140092406535,2.2238479464695478,3.0862442615039454,1.249937870648626,2.2962295086194064,1.2161446855101057,2.546255744596274,1.3679150602974188,2.727922210288384,1.2653037604088204,2.8429010795865204,1.2681939632666537,0.003166431936282842,0.01243585385200654,0.019898661227397082,0.025580755346186843,0.03430625030353067,0.03859615042170528,0.043786120149579916,0.04810515921195344,0.05367393521441406,0.05378401567027666,0.39155808091163635,0.03594634309411049,0.035840582102537155,0.034068815410137177,0.03372490778565407,0.03372387960553169,0.03369518369436264,0.03255585953593254,0.03170882537961006,0.03166097402572632,0.031439408659935,0.03130054101347923,0.031195949763059616,0.031075766310095787,0.03098045289516449,0.030413607135415077,0.030245767906308174,0.03015420399606228,0.02950895205140114,0.029201792553067207,0.011834999425473227,0.009651844191648069,0.013055842812809663,0.012797311271961946,0.014348500517048243,0.011116856256451792,0.012797311271961946,0.012150982419842657,0.012538779731114232,0.012021716649418798,0.007497414684583767,0.009134781109952637,0.007842123405714056,0.008014477766279199,0.008186832126844344,0.008445363667692059,0.007152705963453479,0.009651844191648069,0.00930713547051778,0.009683181348114458,17.08876595,790.554957,125.06318,0.247,0.2687
E7H3-3,0.9002687060768912,0.014572137246796197,0.015192228193468375,0.03410500206696982,0.03586192641587433,0.49372393,0.4960784,0.2880993,0.28879258,0.0006344816655481056,0.4858156,0.49483112,0.29566473,0.27925688,-0.06335764994198886,0.516592,0.45906836,0.27942336,0.28506956,-0.11091003282370081,0.5010717,0.5072419,0.3035065,0.29313505,0.014281796170083596,0.48523936,0.49284425,0.2883929,0.28519985,0.043552303372110635,4.475387194168184,2.838312147254801,4.346175803607934,1.9592465492110782,3.456198522329305,1.1573850954186402,3.294537672402584,1.0418746532725012,4.26097389630317,2.3262582276152837,2.6154298717488795,1.0365424270066887,2.5439748068804824,1.1250692576191408,2.6277617878586526,1.2035819385769038,2.9671912619631624,1.2310580433456102,2.6825852354646487,1.0888317759347672,0.0031817909792734743,0.012683942096058836,0.019961831807270576,0.025703684494005466,0.0344378170985524,0.038989407329090946,0.04364074022355655,0.04786650441860001,0.05338892324469536,0.053478691642229716,0.3982561528682709,0.035654135048389435,0.03533901646733284,0.03478198125958443,0.034250807017087936,0.033425889909267426,0.0330723337829113,0.03267060965299606,0.03176186606287956,0.03139552101492882,0.03120889514684677,0.03100793994963169,0.029897648841142654,0.029873965308070183,0.02986948750913143,0.02979198284447193,0.02951769158244133,0.02944394387304783,0.02942679263651371,0.029353423044085503,0.0133563615428762,0.011514104778341552,0.011269430051801794,0.01321243523314693,0.010880829015532766,0.011917098445583505,0.011917098445583505,0.011010362694289108,0.015284974093248409,0.011528497409314479,0.008808290155431288,0.008635578583756165,0.008117443868730794,0.008549222797918601,0.007858376511218108,0.008981001727106409,0.008721934369593724,0.008635578583756165,0.008195949128583123,0.008195949128583123,16.56113798,787.646394,124.78103,0.2486,0.2561
E7H3-4,0.9001653575857792,0.01343530384456387,0.016432410086812732,0.03524183546920215,0.034725093013642,0.49469492,0.49494737,0.28850484,0.28875703,0.00048482409416706127,0.5047842,0.5104954,0.27581763,0.27607796,-0.13081685944616994,0.49800584,0.50325125,0.280839,0.29065284,0.06551910918202145,0.47711182,0.50164026,0.29635745,0.29308444,0.01871976648243743,0.48424795,0.50168985,0.29229054,0.28520894,-0.015310112125494357,4.663603896460278,2.5307399808685735,4.3461079756219165,2.346821654776924,3.2925557389693663,0.9553755256073139,3.3499043593459628,1.054264727935185,4.07302303747185,2.3111150051420686,2.87993890963104,1.416316305347494,2.507013962616696,1.2119105351019468,2.6403174150267072,1.3564824741306711,2.8649997053808915,1.1462064677813326,2.7193713850439796,1.1517060800557661,0.003209613729393754,0.012289831076419688,0.01991143174396678,0.025906871924257058,0.03397854125191361,0.03893258168581922,0.04406730661830892,0.04764157451757239,0.05357131124383209,0.05382426954184981,0.40918517112731934,0.0360049232840538,0.03230137750506401,0.03214351832866669,0.031856875866651535,0.031774312257766724,0.03170529752969742,0.03150736168026924,0.03142507001757622,0.030748609453439713,0.030735300853848457,0.030654340982437134,0.030495744198560715,0.03042023442685604,0.030218683183193207,0.030074631795287132,0.029943598434329033,0.029852714389562607,0.029487889260053635,0.029464242979884148,0.012307338394282176,0.012882447665043026,0.012810559006197918,0.012292960662513154,0.013457556935803874,0.01061076604553767,0.010740165631458862,0.013586956521725065,0.010998964803301243,0.012163561076591963,0.007763975155271466,0.008971704623869248,0.007073844030358447,0.009057971014483378,0.009403036576939887,0.007850241545885593,0.008195307108342103,0.008454106280184484,0.009787314135130091,0.008281573498956231,16.76808339,785.763673,124.56193,0.2448,0.2497
E7H4-1,0.8907606448945845,0.019222819346837536,0.020049607275733773,0.03606862339809839,0.03389830508474576,0.4940814,0.4955174,0.28908834,0.2887982,0.0016837444575898003,0.50327826,0.5015491,0.28520104,0.2820544,-0.02922567823269585,0.5148353,0.47785252,0.2901059,0.28807133,0.03368131675252261,0.4966105,0.5062406,0.285579,0.2917382,-0.05102459374173011,0.46861988,0.49837226,0.27976772,0.28532803,0.009089949420123533,4.0948197279184315,2.0625122477682667,3.7083628707474476,1.9359867816856986,3.321740085457231,0.9857857088091586,3.386899536191768,1.0337048312189743,3.447925991375598,1.6877101344074295,2.598223183350944,0.998272566714459,2.413207840733509,1.165857459703821,2.4557091264553756,1.123969358671965,2.859758471398399,1.2193153566134318,2.7819333994727815,1.1933860830145333,0.003185616899170767,0.012404721954277345,0.01987025163401342,0.02567407275311334,0.033912364462673705,0.03847057965258132,0.04357188983547734,0.04801121855925815,0.05399066741240905,0.054241950170358905,0.4178479313850403,0.03579592704772949,0.03298763558268547,0.03277663141489029,0.03268417716026306,0.032513219863176346,0.03183768689632416,0.031595975160598755,0.029872898012399673,0.029865967109799385,0.029788624495267868,0.029762785881757736,0.029498253017663956,0.029399659484624863,0.029140369966626167,0.029118668287992477,0.028991062194108963,0.02895791456103325,0.02880755439400673,0.028757115826010704,0.011668243456311888,0.011247766214642992,0.013481551561009004,0.012298959318815233,0.013599810785228383,0.012062440870376478,0.012298959318815233,0.011825922421937723,0.011825922421937723,0.011825922421937723,0.007489750867227226,0.008435824660982243,0.009303058971924343,0.009697256385988933,0.007805108798478897,0.008435824660982243,0.008514664143795161,0.007332071901601389,0.008772684269364712,0.009030704394934261,16.23050982,779.207681,122.74294,0.2446,0.2784
E7H4-2,0.8906572964034725,0.019016122364613478,0.020359652749069864,0.03513848697809012,0.03482844150475403,0.4939265,0.49762124,0.287885,0.28873533,-0.0010615058738531983,0.49966863,0.4781227,0.308647,0.2955257,0.0637774104765892,0.46966696,0.48373914,0.2947817,0.27914017,0.02330757239448877,0.49275467,0.48035893,0.2924766,0.28601342,0.004552413045127773,0.50546426,0.48043555,0.28862697,0.2897905,-0.02847560326591623,3.9088280756674623,1.8499054114725824,3.7406137266090664,1.8283419617277554,3.358792672111067,1.0520204750339444,3.375342153788576,1.073806039347795,3.478582178304084,1.9018037052054135,2.6792813727586795,1.1542620546503977,2.439336469529114,1.1423976413814638,2.5461873389675764,1.3095417435226804,2.7440634502166854,1.0166452467968614,2.8740734000601544,1.233715944714639,0.003307311758378201,0.012712133907411861,0.020136993498754228,0.02547127809901472,0.03454426294787666,0.03840187156237297,0.0434928088091742,0.04789518365811909,0.05371616296529812,0.0536553261269333,0.4133402705192566,0.03461037576198578,0.034595292061567307,0.03422326594591141,0.03321167081594467,0.03315652906894684,0.03278467804193497,0.03127236291766167,0.030377395451068878,0.03030071035027504,0.030024617910385132,0.029763884842395782,0.029581492766737938,0.029554661363363266,0.029174869880080223,0.029163789004087448,0.029058391228318214,0.028921080753207207,0.02855936624109745,0.028325246647000313,0.013652593992845739,0.011867254778396681,0.011578449905471098,0.011578449905471098,0.011460302457456087,0.011932892249516132,0.011814744801501121,0.012405482041576177,0.01287807183363622,0.0126417769376062,0.009373030875857554,0.008979206049140851,0.008742911153110829,0.009057971014484193,0.0077977315689907395,0.00787649653433408,0.00882167611845417,0.008979206049140851,0.007991063756651668,0.006959958755793387,16.27040328,775.051207,123.4627,0.2484,0.2553
E7H4-3,0.8904505994212485,0.020566349731293922,0.019016122364613478,0.036585365853658534,0.03338156262918562,0.49414304,0.49551287,0.2881918,0.28907466,-0.0030846587752734354,0.50937617,0.53585726,0.30133295,0.29133886,0.068880217886996,0.49993372,0.49065033,0.27732176,0.27859482,0.00353969847469426,0.4914565,0.49008906,0.2968406,0.2846018,0.01305908905467939,0.4771955,0.48685524,0.28941974,0.2841477,0.015045957768725832,3.544562785627443,1.8386947209462132,3.742769720811972,1.9145725007038337,3.277430118123045,0.9676868928092788,3.4279246297902013,1.1797235240338417,4.077498669749677,2.486573912901097,2.730454184593699,1.0782904980087993,2.6830506705085435,1.3156319168710093,2.5407451415392934,1.1401968726290965,2.8840285764707723,1.1990888010104448,2.8363210402376686,1.2713378409603218,0.003202781593877422,0.012690473644233485,0.019924153305747733,0.025460468406808105,0.03385954376814932,0.03879533732035768,0.043495309625071636,0.04817334506955356,0.053904349805173266,0.05382757079436113,0.40843284130096436,0.0353318452835083,0.03494607284665108,0.03205609321594238,0.03205235302448273,0.031168367713689804,0.031056102365255356,0.030862022191286087,0.030666513368487358,0.030657390132546425,0.030533911660313606,0.030460799112915993,0.030460799112915993,0.030409447848796844,0.030354078859090805,0.030317723751068115,0.030291283503174782,0.030119342729449272,0.02991795539855957,0.029905052855610847,0.012893081760994126,0.01310272536686395,0.011438679245272228,0.012499999999988208,0.011438679245272228,0.0110849056603669,0.012028301886781105,0.01297169811319531,0.011438679245272228,0.012853773584893534,0.008254716981124288,0.008018867924520737,0.008097484276721922,0.009276729559739677,0.008883647798733758,0.00872641509433139,0.007547169811313635,0.009512578616343227,0.007718696397934399,0.008662092624348604,15.94433767,774.765349,122.85679,0.246,0.2637
E7H4-4,0.8904505994212485,0.018602728400165358,0.020979743695742042,0.036378668871434476,0.033588259611409675,0.494579,0.49656138,0.2891378,0.28903922,-0.0005027857343579849,0.4958672,0.4975047,0.28879008,0.28255183,-0.038024497526779145,0.5030037,0.484345,0.2792584,0.2716715,-0.0885364872067288,0.47685698,0.49364406,0.28284156,0.28872132,0.07442343976844497,0.4876548,0.48305085,0.28700557,0.29184288,0.004483645793606883,4.006188897848909,2.042712103301482,3.591789823911212,1.8236356121960167,3.2695071339756483,1.0596334747837763,3.304693674441455,1.0431828638054819,3.518687990379232,1.985209572962811,2.797552359261184,1.1553406027242776,2.7765643542243774,1.3087828731584124,2.602326333046619,1.4233506992243279,2.688518549622403,1.0355484629768374,2.6665400535051202,1.0701616519174708,0.003272546056821846,0.012402629762580514,0.019792507788286524,0.025500808809224954,0.03376212214485014,0.03838046279344318,0.0438702387519554,0.04793427192512585,0.05381845897191953,0.05459928632912539,0.42362621426582336,0.03385114297270775,0.0328042097389698,0.03229010850191116,0.031030312180519104,0.030958011746406555,0.03089619241654873,0.030848035588860512,0.030834699049592018,0.030559547245502472,0.030096586793661118,0.02967769280076027,0.02940479852259159,0.02929498441517353,0.029139908030629158,0.029115479439496994,0.02910885028541088,0.029035629704594612,0.028715800493955612,0.02871175855398178,0.012264150943384657,0.01111111111110063,0.01403301886791129,0.012499999999988208,0.013443396226402412,0.011556603773574004,0.012028301886781105,0.011556603773574004,0.01273584905659176,0.01084905660376335,0.008805031446532574,0.008805031446532574,0.008097484276721922,0.009040880503136126,0.007468553459112451,0.009198113207538492,0.009198113207538492,0.008569182389929023,0.007547169811313635,0.007890222984555164,16.89663387,779.40747,121.9965,0.2407,0.2649
E7H5-1,0.8811492352211657,0.024493592393551054,0.024390243902439025,0.03431169904919388,0.03565522943365027,0.49271384,0.49451825,0.28890982,0.2886448,0.0030867749047956573,0.48883402,0.5178073,0.28452525,0.28438157,-0.09087474933422553,0.5166908,0.50793594,0.2893666,0.2997637,-0.01862134268690751,0.5090729,0.48861548,0.282486,0.28058648,-0.036140441611511594,0.49657124,0.5099238,0.28941688,0.2907459,0.029332766763371078,3.516554516046407,1.9380937038419814,3.3248707078529303,1.7025347592839415,3.2860296659674644,1.0399649545397716,3.2283164885038267,1.0305486990282482,3.268270826232683,1.6271200725352044,2.835501156161086,1.2213020768955556,2.3932704143775156,1.0683889909118125,2.5289445155652155,1.2258648873095201,2.7478540643769396,1.2003430612187287,2.766425150686639,1.1263119606203074,0.0034576039589334514,0.012475533643548269,0.02013396484230741,0.025788924588226604,0.03445832410074599,0.0383521678115075,0.04332160794741118,0.04750627815939139,0.05344744811285915,0.054391480168402395,0.42504873871803284,0.03659462556242943,0.03252982348203659,0.03167333826422691,0.030711580067873,0.030544079840183258,0.03037574701011181,0.030200893059372902,0.030160505324602127,0.029969222843647003,0.0299532413482666,0.029828982427716255,0.029712112620472908,0.02952764183282852,0.029471179470419884,0.029150279238820076,0.028980346396565437,0.0286082923412323,0.028504550457000732,0.028454769402742386,0.011594202898540643,0.012077294685979836,0.010869565217381853,0.012173913043467675,0.012065217391293856,0.012391304347815312,0.013804347826074953,0.012499999999989131,0.012065217391293856,0.012499999999989131,0.007536231884051417,0.009275362318832513,0.00739130434781966,0.008913043478253118,0.008188405797094329,0.008695652173905482,0.008405797101441966,0.007898550724630813,0.00940711462449775,0.009169960474300326,15.08528636,768.908807,121.63244,0.2611,0.2751
E7H5-2,0.8811492352211657,0.025527077304671353,0.023356758991318727,0.03379495659363373,0.03617197188921042,0.4942071,0.49635115,0.28909972,0.28928617,-0.002002873036092184,0.49555644,0.50120085,0.2895757,0.2861946,0.018573095355074423,0.4802504,0.4819634,0.27066052,0.26952398,-0.02760060359923305,0.49470428,0.49891153,0.28570688,0.28837278,-0.04391572736464049,0.49337977,0.48355934,0.29089677,0.28692588,0.09026011358036717,3.160499712148915,1.7235880422963916,3.2551240884765464,1.7106405415589345,3.3042566952816568,1.1153327765244372,3.3143596673132523,0.9874310080644555,3.4672329366031165,1.7674967471508338,2.790825107906771,1.222577615856662,2.4938182294813913,1.1379985407688926,2.5642171220462195,1.3170136917584954,2.7042256752943836,1.0732032738443078,2.6225580859623014,1.0835944136704694,0.003296504665717707,0.012221243136989086,0.01970898574301272,0.02589529813145349,0.033950157030208546,0.03844867710522153,0.043604690571409206,0.048245554576470326,0.05407713685352132,0.053885085519329405,0.42437008023262024,0.03399048000574112,0.033047765493392944,0.03195066750049591,0.03194122016429901,0.03154456615447998,0.031531982123851776,0.03153081610798836,0.031205222010612488,0.030283795669674873,0.029573244974017143,0.029573244974017143,0.029119934886693954,0.02905665524303913,0.028980793431401253,0.02896353416144848,0.0289051104336977,0.028462562710046768,0.028002480044960976,0.027965933084487915,0.012657004830906869,0.011207729468589289,0.013478260869553498,0.01097826086955567,0.013260869565205861,0.011630434782598582,0.012934782608684404,0.012608695652162948,0.012391304347815312,0.010869565217381853,0.008405797101441966,0.008623188405789602,0.008333333333326087,0.008478260869557845,0.008405797101441966,0.009202898550716637,0.009275362318832513,0.008405797101441966,0.007905138339914075,0.0075889328063175115,15.3188163,768.659983,122.21788,0.2673,0.2749
E7H5-3,0.8807358412567177,0.024596940884663084,0.024700289375775113,0.03431169904919388,0.03565522943365027,0.49358764,0.49529532,0.28906643,0.28851587,0.0011050263814097298,0.5116315,0.5098277,0.27995315,0.27243093,-0.043511723373865746,0.52342075,0.48883057,0.27853367,0.29122263,-0.0541625221847905,0.48662943,0.4944609,0.28676814,0.2978987,0.02517237809959012,0.47599858,0.50366,0.29098028,0.2919847,0.012774961135097889,3.381572312367874,1.6340167419686102,3.4691311872415156,1.7011757988506933,3.361826957652301,1.0539307895739223,3.2791408512958022,1.085205077380186,3.07529354776122,1.4597276763889404,2.8656223233097737,1.2137061628452432,2.6650675374729627,1.20151300787913,2.6967571370544308,1.2999400139930688,2.6133961805885977,1.1009093547922246,2.719746138417555,1.12634079796712,0.0033192910599053006,0.012447914161163148,0.0199363630740896,0.025624285573568453,0.03434515587381654,0.03840664866140253,0.043409638085027916,0.04799800246942426,0.05386460316260403,0.053981431212331545,0.41963058710098267,0.03505335748195648,0.034426409751176834,0.03305795416235924,0.032997846603393555,0.031829576939344406,0.0317109078168869,0.031211528927087784,0.03109019808471203,0.030855903401970863,0.029529975727200508,0.029349707067012787,0.02927122265100479,0.02895590290427208,0.028914427384734154,0.028778431937098503,0.02865096926689148,0.02850051410496235,0.028242575004696846,0.02794196829199791,0.011361448103206022,0.012516849605226974,0.012564991334477848,0.011156845753889812,0.011915077989591061,0.013323223570179095,0.013756499133436953,0.012023396880405525,0.010723570190631955,0.012673310225292311,0.008737723859033446,0.008376660889651897,0.007798960138641422,0.007726747544765112,0.009170999422291302,0.008448873483528208,0.008954361640662375,0.008376660889651897,0.008507956514881551,0.008665511265157135,15.38650864,760.128557,122.86421,0.2558,0.2599
E7H5-4,0.8802190988011575,0.023770152955766847,0.026043819760231502,0.03565522943365027,0.03431169904919388,0.49482954,0.4956478,0.28791583,0.28757098,0.0005191831087825907,0.48515376,0.47737655,0.27903762,0.2922807,-0.05438155411005061,0.48344946,0.49445117,0.29732797,0.30700073,-0.06244224424903471,0.5027925,0.5047163,0.29569918,0.29427233,0.008031685975171851,0.4748751,0.5031397,0.29879382,0.29322413,0.06287171850032568,3.463049162888227,1.7177801827616686,3.352000604308894,1.7049777393180103,3.4075066626831596,1.1397557945920305,3.3763240028276917,1.1022223275069756,3.0962515602338505,1.5294813605504276,2.7126782552365665,1.123884252937766,2.6914923912173148,1.1902681518198721,2.4930596215467182,1.1645094653294603,2.7120073451308326,1.1047230355854982,2.7633799711858065,1.180134162752485,0.0033951053897298064,0.012983920403640308,0.02042957514028387,0.025894751732918376,0.034387230631395295,0.03859810439949073,0.04366011222709483,0.04798887159900033,0.05318291130287169,0.0528127505069081,0.4191306531429291,0.0345781147480011,0.03292962536215782,0.032464031130075455,0.032464031130075455,0.03218090906739235,0.032073430716991425,0.031607214361429214,0.03143078088760376,0.030190778896212578,0.03003459796309471,0.02994818054139614,0.029550855979323387,0.02951183170080185,0.02951183170080185,0.02902444452047348,0.028793297708034515,0.028279241174459457,0.02822393923997879,0.0280721765011549,0.01303805962993794,0.012846323458909441,0.013265746333034283,0.011000862812760137,0.012618636755813099,0.011000862812760137,0.010461604831742483,0.013157894736830753,0.011540120793777791,0.01283433994822016,0.009419039401775018,0.009275237273503645,0.007549611734247153,0.006974403221161656,0.00834052343973971,0.008196721311468338,0.00891573195282521,0.008268622375604025,0.00870656522079412,0.009177190367864073,16.04752243,764.936547,123.64701,0.2617,0.2648
E7H6-1,0.8707110376188507,0.031107895824720958,0.028214138073584125,0.03441504754030591,0.035551880942538236,0.4941753,0.4973817,0.2882734,0.28865808,-4.676945726065511e-05,0.4880075,0.4774762,0.29341376,0.2823259,-0.01215972571430884,0.50098276,0.46653628,0.28731245,0.2991889,0.039031569073840304,0.48542446,0.50480986,0.2919636,0.28494188,-0.04395768416175411,0.49496594,0.48654908,0.2913411,0.28731108,0.02385928794314143,2.811784691783878,1.498896516546631,3.1388007293933455,1.6711129901501118,3.3140593671866223,1.0217815509146901,3.2535863393466524,1.0108086228123163,3.1248456409214396,1.6178379155770606,2.857749971955679,1.2292298245546636,2.453496047553825,1.0660690990924329,2.6045081196518205,1.241992262727536,2.7454683793639796,1.2183519195579526,2.699094176616056,1.0822878924822872,0.003456495593755475,0.012452045060419779,0.01998507959191306,0.025677668007141323,0.03387798728025369,0.03873007249586146,0.04355460022951446,0.048020880697755446,0.05370953232984731,0.05386897204687134,0.4371829628944397,0.037034772336483,0.034424226731061935,0.03224535286426544,0.03143913298845291,0.03119441494345665,0.0306965671479702,0.02989954687654972,0.028452174738049507,0.028452174738049507,0.028410008177161217,0.028211303055286407,0.028083620592951775,0.028066668659448624,0.02802395448088646,0.027874303981661797,0.027827274054288864,0.027672089636325836,0.02741336077451706,0.027395939454436302,0.012789768185441416,0.012700950350820294,0.010991207034363716,0.013089528377287699,0.01219024780174885,0.01039168665067115,0.01229016786569761,0.012589928057543893,0.012390087929646371,0.012390087929646371,0.009192645883286017,0.008726352251525132,0.007860378363969203,0.009725552891012743,0.008126831867832566,0.009126032507320176,0.007394084732208318,0.00845989874766177,0.008356950802987288,0.0077029285662317615,15.08972578,755.395887,121.37101,0.2616,0.2814
E7H6-2,0.8712277800744109,0.029144274493592394,0.029661016949152543,0.03586192641587433,0.03410500206696982,0.49591613,0.4944508,0.2875608,0.28943956,0.0023111357744618785,0.46734995,0.51229113,0.2970786,0.27473274,-0.1345690629712273,0.4631597,0.51600426,0.29006675,0.27791044,-0.006006684835393015,0.5112111,0.49721587,0.29917684,0.2906383,0.023089014290680422,0.47368807,0.4960195,0.29278594,0.28645018,0.044643826375980473,2.965923643572433,1.689905089051326,3.0622923611869335,1.4088061728269266,3.330870111155204,1.0073799626100615,3.252507706111791,1.0298483194516337,3.1400771442661553,1.6816238552270413,2.74332907889941,1.2126827555358979,2.5833682449021254,1.2604046408788898,2.4068604347576827,1.1811757522496777,2.6079988677828445,1.0222679693278984,2.8169452212454638,1.1112373459104712,0.0034702426200430765,0.01252494298745724,0.019934593944001013,0.02594268655770936,0.0343520366147219,0.038687365387051816,0.04345226783225643,0.04755202394526796,0.053282972253895854,0.054134201190928675,0.4288042485713959,0.03660779073834419,0.03388633951544762,0.03340497240424156,0.03194224834442139,0.03189018741250038,0.031505461782217026,0.030771294608712196,0.029553616419434547,0.029108185321092606,0.029104111716151237,0.028942178934812546,0.02889994904398918,0.02850174531340599,0.028489932417869568,0.02810165099799633,0.0277261883020401,0.027642160654067993,0.02762511745095253,0.027492713183164597,0.014089530943452222,0.013197788478676762,0.013242375601915535,0.010834670947021802,0.011536918138032475,0.011837881219894191,0.011135634028883519,0.01103531300159628,0.012941412520053819,0.011737560192606952,0.007958801498120952,0.007958801498120952,0.00742375601925568,0.00829320492241175,0.009430176565000458,0.00929641519528414,0.008895131086135183,0.008560727661844387,0.00868232890704104,0.008244564424333089,15.14512223,755.50039,120.39419,0.2526,0.2548
E7H6-3,0.8710210830921868,0.029661016949152543,0.029350971475816452,0.037205456800330716,0.032761471682513435,0.49326864,0.49609554,0.28859073,0.28866637,0.003543152384016909,0.49604824,0.49438965,0.28401083,0.28808618,-0.038301194981974485,0.48969427,0.47257698,0.28315905,0.2924707,0.001073839028285799,0.4976626,0.5079567,0.29429165,0.28682706,-0.030473483289728185,0.5083096,0.495081,0.29244143,0.28665167,-0.027319617059636862,3.1639132512491392,1.6995904337230352,3.1378016716073835,1.506783943621813,3.2737524559015854,1.0037653398470876,3.5336487837068318,1.06377760992403,2.9937413558651635,1.4212990858349126,2.810564434814162,1.1774726508382427,2.56436243775079,1.1577657770348175,2.5153500636001,1.1840132165578183,2.844036729143088,1.18061401375821,2.766020731790343,1.1495005582983586,0.003207018868518125,0.01231487380351258,0.020095483038783103,0.025711207066059477,0.03406400666965543,0.038899113596501576,0.04374011939312428,0.04805612577963396,0.05341426582666761,0.0538311192908772,0.43781334161758423,0.03256639465689659,0.03155427798628807,0.03144536912441254,0.03109336458146572,0.030620882287621498,0.030438169836997986,0.029867051169276237,0.0298246331512928,0.029444793239235878,0.029412593692541122,0.029134195297956467,0.029060689732432365,0.028892047703266144,0.02880221977829933,0.028388887643814087,0.02804948017001152,0.028009554371237755,0.027838008478283882,0.02774415723979473,0.011396011396002263,0.012820512820502547,0.011919070512810962,0.011919070512810962,0.012820512820502547,0.011318108974349905,0.012319711538451667,0.012620192307682196,0.012319711538451667,0.01252003205127202,0.008947649572642402,0.0086805555555486,0.007946047008540642,0.0086805555555486,0.00781249999999374,0.008880876068368952,0.008079594017087544,0.009081196581189305,0.00895979020978303,0.007648601398595269,14.99710764,752.462283,121.96098,0.2751,0.2789
E7H6-4,0.8715378255477471,0.028834229020256303,0.029661016949152543,0.035551880942538236,0.03441504754030591,0.49430954,0.49457538,0.2890117,0.2881877,-0.0006744626031667208,0.49707142,0.50750256,0.28297576,0.29032424,-0.041741665596523196,0.49706808,0.4940353,0.2932334,0.29345104,0.00012318140290336292,0.48014748,0.50096077,0.28693995,0.294611,0.035441272257653075,0.49241927,0.5121138,0.28161395,0.28819832,0.015716099219804835,2.9333706253515777,1.5149185956299518,2.9954864686026066,1.4848438183360364,3.2590795387059512,1.0704402929885062,3.3970513295887574,1.0866291846163414,3.01400334521458,1.590184599611559,2.777666246756388,1.1844196011223191,2.4730397199203473,1.1066057725364462,2.4961840152133625,1.2093159856439766,2.666391529866141,1.2347074758506624,2.769662009168949,1.1851387050953401,0.0035665720352124437,0.012375647112150202,0.020202622643159897,0.025637967093701045,0.03415678602953456,0.03871539788948,0.04379686841456529,0.04759803102957432,0.05365961304482668,0.0536238280411289,0.43432381749153137,0.03638192638754845,0.034608516842126846,0.03347689285874367,0.03193625062704086,0.0318814180791378,0.029789894819259644,0.029367145150899887,0.029203474521636963,0.02901046723127365,0.028744172304868698,0.028607388958334923,0.02814316563308239,0.027940796688199043,0.0279268529266119,0.02784186229109764,0.027841685339808464,0.027841685339808464,0.027592046186327934,0.02754051797091961,0.011084294270126062,0.01296147313845386,0.013676588897816833,0.01186645213192931,0.012168141592910565,0.012369267900231401,0.011765888978268893,0.012268704746570982,0.012067578439250147,0.011765888978268893,0.008782515419676496,0.007910968087952875,0.007843925985512595,0.008782515419676496,0.008246178600154266,0.00858138911235566,0.006972378653788973,0.009922231161161232,0.008410736487962225,0.009361515395297084,15.37262254,745.798121,119.56996,0.246,0.2613
E7H7-1,0.8615130219098801,0.03214138073584126,0.036378668871434476,0.03586192641587433,0.03410500206696982,0.4942316,0.4968322,0.28879246,0.28889984,-0.0005279535249046811,0.48223668,0.49081692,0.28340182,0.28125957,-0.04449539971181891,0.51413524,0.46968892,0.28606528,0.29224092,-0.012097823728919878,0.4846067,0.5005373,0.29497525,0.28317922,0.051892322747794074,0.48477456,0.49619928,0.2847689,0.29009786,0.01847436354658176,2.8610469076844116,1.4099801532446967,2.7521317507598355,1.3162784691233789,3.2079291362264097,0.9127485772692449,3.453389353696413,1.1152573431604211,2.706942826691101,1.4391575172274065,2.6980816935923935,1.1649082037888887,2.4228378166025912,1.1845542670331726,2.4983223732246964,1.2623836945129612,2.7949562570433235,1.138496406085202,2.789589517693829,1.1128177000010098,0.0034059034531324322,0.012531761065377433,0.019991908440106374,0.025722019368959896,0.03369677641056371,0.03864312327440714,0.04331862294515852,0.04794164597224832,0.053879970680791346,0.05420160172258815,0.44960251450538635,0.03270253911614418,0.03121468983590603,0.031184161081910133,0.03050684556365013,0.030429420992732048,0.030103735625743866,0.02990550734102726,0.029113994911313057,0.028414662927389145,0.028384411707520485,0.028205670416355133,0.02808035910129547,0.027915194630622864,0.027439918369054794,0.027404915541410446,0.027396366000175476,0.027370840311050415,0.02736631967127323,0.027258004993200302,0.012271973465994157,0.012023217247088871,0.011660447761185327,0.013432835820885497,0.01203358208954326,0.012499999999990671,0.011847014925364293,0.011660447761185327,0.012126865671632741,0.01240671641790119,0.008768656716411367,0.008084577114421829,0.008706467661685044,0.009763681592032515,0.008333333333327114,0.008208955223874471,0.008395522388053436,0.00783582089551654,0.00902306648574632,0.007598371777470585,14.68333341,753.118719,120.21767,0.2689,0.2752
E7H7-2,0.861099627945432,0.033588259611409675,0.03534518396031418,0.03493178999586606,0.03503513848697809,0.49300963,0.49665168,0.2889944,0.2878509,-0.0008925561614097179,0.48574108,0.47963494,0.28719822,0.2896937,-0.0435341614622366,0.5115176,0.490559,0.2866646,0.29577592,0.02712879292154367,0.4938303,0.50188047,0.28528813,0.29116175,0.05605820625731429,0.5059716,0.4885256,0.2860506,0.2970985,-0.01873704186076602,2.6927642167052337,1.315507253788557,2.7329756394634788,1.4271272218395816,3.3041031421494416,1.0589447410038557,3.2407175759001983,0.8986011943714963,2.9319494793112963,1.401310904391391,2.866104105738692,1.1572784491702788,2.5149471448181,1.1427204774311688,2.5964146370721304,1.2559237567185344,2.767466865707706,1.1605925643507882,2.705149994261833,1.0940550296733205,0.003432005621887246,0.012514824664839212,0.019996494828170012,0.025766416029865426,0.034449373237842924,0.038778090293906955,0.04368703239561479,0.04743212132658843,0.05366996595219014,0.0536070089824282,0.4409380257129669,0.035130564123392105,0.03225026652216911,0.031262584030628204,0.03119216300547123,0.03119216300547123,0.03010445646941662,0.03010445646941662,0.030009638518095016,0.029694022610783577,0.028555110096931458,0.028028205037117004,0.02801857702434063,0.02797168679535389,0.027941187843680382,0.027672549709677696,0.027558019384741783,0.027537040412425995,0.027495164424180984,0.0273441132158041,0.011656746031737358,0.011739417989409256,0.012183779761895696,0.011811755952372164,0.012927827380942763,0.012183779761895696,0.012090773809514814,0.01404389880951336,0.0110677083333251,0.012369791666657463,0.00905257936507263,0.009610615079357928,0.007936507936502031,0.008680555555549096,0.007812499999994187,0.007998511904755954,0.008308531746025563,0.007626488095232421,0.008996212121205428,0.0087932900432835,14.98951162,744.715795,120.11253,0.2508,0.2727
E7H7-3,0.8616163704009921,0.03224472922695329,0.03617197188921042,0.03544853245142621,0.034518396031417944,0.49381977,0.49528852,0.2884758,0.28820387,0.00041168539992694157,0.4886648,0.501005,0.2944321,0.2890101,-0.06126964124376656,0.4923345,0.4857143,0.2996171,0.2869508,0.07288376675491257,0.47948515,0.5036073,0.2790335,0.29148066,-0.026904430808131537,0.51730686,0.50517607,0.28424668,0.29806858,-0.004713105293171197,2.8449776655787264,1.5219587683687854,2.8292126129505415,1.4769124132580975,3.240273243841722,1.0240772732131431,3.2710335838060987,0.9607776978211964,2.764958866467413,1.445329313934233,2.806445005323648,1.241182137625504,2.588876201739673,1.219353343444192,2.6478292437972906,1.2639508393380239,2.80348537481155,1.2237698355330549,2.7544798350532913,1.184944928087235,0.0034556691933554638,0.012512797178933,0.01985329348541725,0.025911486609928196,0.034267139602141304,0.03869143028510563,0.04368965505354994,0.04787265212700317,0.053782622034243006,0.05329658776365635,0.4382243752479553,0.036112405359745026,0.033206623047590256,0.03257785737514496,0.03178369626402855,0.031022649258375168,0.030094511806964874,0.029648659750819206,0.0292609054595232,0.029087627306580544,0.028596552088856697,0.028380611911416054,0.028165394440293312,0.02802487462759018,0.027793485671281815,0.027762295678257942,0.027745628729462624,0.027521831914782524,0.02749626338481903,0.027493763715028763,0.012613061156741058,0.013027964484265433,0.011762509335316085,0.011109036594465192,0.0116691560866231,0.01148244958923713,0.013442867811789811,0.012789395070938918,0.012509335324859963,0.011389096340544146,0.008775205377140572,0.007841672890210724,0.007966143888468035,0.009459795867555793,0.00827732138411132,0.00827732138411132,0.008028379387596693,0.008526263380625945,0.00862244551564296,0.009029805146303258,14.52845494,750.146418,123.32597,0.2904,0.2922
E7H7-4,0.861306324927656,0.03482844150475403,0.03389830508474576,0.03317486564696155,0.03679206283588259,0.4927845,0.4952695,0.28882265,0.2889195,0.0017952661826265343,0.5007599,0.5269326,0.28402963,0.28253144,-0.016596153941713022,0.51609904,0.48416182,0.28320768,0.285966,0.04457493393694716,0.48571536,0.49276623,0.28455195,0.28530073,-0.01259924849706295,0.5005138,0.49119216,0.29648095,0.2920458,-0.0533576816982382,2.8295756011771926,1.463512852606694,2.7611245861837714,1.2607956431229594,3.450857550251353,1.1362038175053493,3.319007546511828,0.94120895631946,2.710772836108666,1.4075110960894008,2.823461371259765,1.2063853398761202,2.431152318339468,1.150617125727665,2.627145749175278,1.3948713876913614,2.6375027659697055,1.0437005637725918,2.675651756017514,1.1680120575155464,0.003432025062858833,0.012586893092923507,0.02001062213437672,0.025627579901308272,0.03380427036693424,0.03840943622013365,0.043476799376117675,0.04783658047947508,0.05389220550468584,0.05425692119451951,0.45101699233055115,0.031741831451654434,0.030382327735424042,0.030077369883656502,0.03004293330013752,0.02991606295108795,0.029606614261865616,0.029086867347359657,0.028858643025159836,0.028479648754000664,0.028465669602155685,0.028411658480763435,0.028404107317328453,0.028322285041213036,0.02823679894208908,0.028108377009630203,0.027764873579144478,0.027748916298151016,0.02769463323056698,0.02763339690864086,0.01192250372577353,0.011342937572437317,0.01192250372577353,0.012853949329349587,0.012853949329349587,0.01061847988076705,0.012295081967203953,0.013599105812210433,0.012388226527561559,0.012295081967203953,0.007886239443610617,0.0086934923000432,0.008755588673614936,0.008320914058612777,0.008569299552899725,0.008941877794330148,0.007637853949323667,0.008941877794330148,0.008196721311469302,0.008806394797446358,14.89935091,742.840408,120.69921,0.2579,0.2727
E7H8-1,0.8513848697809012,0.03782554774700289,0.04082265398925176,0.03596527490698636,0.03400165357585779,0.4932585,0.49473298,0.2877327,0.2893527,0.0029640410482960756,0.494169,0.4826109,0.2934132,0.27948907,-0.03445424712805778,0.4906144,0.52615315,0.29535165,0.2812203,-0.023486438788346525,0.4940076,0.49094096,0.28934568,0.28967726,0.006201301812122135,0.5135666,0.5047911,0.29665068,0.2867241,-0.015440821250990253,2.63183059524058,1.2576424131155453,2.5395723169582616,1.3449164639636593,3.259667996564191,1.0413139138212462,3.45288129187035,1.1088672004087414,2.751879416382452,1.3633978387695993,2.742709314217403,1.2865229287192683,2.5123574940608804,1.2886960144520314,2.57777001536002,1.357832590140446,2.734317186143771,1.0882412504723824,2.7373376922523,1.1414724569910148,0.00345919813286655,0.012598387692161137,0.02003179366270139,0.02578769692423106,0.03407994855856821,0.038592981578728015,0.04390681003584229,0.04811173031353077,0.05328713130663618,0.05347765512806773,0.4605408012866974,0.03163016587495804,0.03022695705294609,0.029801081866025925,0.029088979586958885,0.029019488021731377,0.028890982270240784,0.028797561302781105,0.028711697086691856,0.028505839407444,0.028164800256490707,0.02793339267373085,0.02793339267373085,0.027675243094563484,0.027601925656199455,0.027295419946312904,0.02715165913105011,0.027126312255859375,0.02711743488907814,0.02678682655096054,0.012749188687983715,0.01213104620614208,0.012430458970784123,0.010865785813622486,0.011995827538239225,0.011387343532676364,0.012082753824748204,0.012604311543802083,0.012082753824748204,0.013560500695400862,0.007417709782099617,0.008982382939261254,0.00834492350486207,0.008113120074171455,0.008750579508570642,0.00851877607788003,0.009561891515987787,0.00799721835882615,0.008661019092167451,0.008408142622323147,14.50768815,736.386738,121.02531,0.2704,0.2767
E7H8-2,0.8514882182720133,0.036688714344770564,0.041856138900372056,0.03617197188921042,0.03379495659363373,0.49571636,0.4954238,0.28838256,0.28908333,-0.003067053914049998,0.48241153,0.5200525,0.2867555,0.28707498,-0.024979807754177116,0.48316774,0.4949571,0.29532173,0.28076047,0.06171701685753841,0.49909407,0.492954,0.29081726,0.29013517,0.0576043756890544,0.46841204,0.48193642,0.28501898,0.2864397,-0.03545422650929401,2.8535586196244616,1.370007851884832,2.6338142319542754,1.1816750504637235,3.2120579406260257,1.0070314580438215,3.2496481382052225,1.087614933657299,2.465289997775057,1.1765700395030354,2.819111258308105,1.298620240941093,2.627872049214964,1.3536309179273467,2.5873718610574667,1.2724335344219762,2.862140810649628,1.3853739896233799,2.9870242064121015,1.3503335425080873,0.003484806658533472,0.01254411664306853,0.02005990068004191,0.025570585144750083,0.03417722646197138,0.03850058327470903,0.04364319616730634,0.04801998272438266,0.053676114826457226,0.0536568207521127,0.459612101316452,0.03162052109837532,0.03053111769258976,0.03050222061574459,0.029938269406557083,0.02953675575554371,0.02939468063414097,0.02914750948548317,0.028651803731918335,0.02821335382759571,0.027909796684980392,0.02752598561346531,0.027488576248288155,0.027488576248288155,0.02746262587606907,0.027394454926252365,0.027184240520000458,0.026869462803006172,0.02678096666932106,0.026747047901153564,0.013067347096565561,0.012758060774753357,0.012613082811403888,0.011917188587326433,0.012787056367423251,0.011221294363248976,0.011221294363248976,0.01313500347946198,0.01183020180931675,0.011221294363248976,0.008466713059609046,0.008292739503589682,0.007596845279512226,0.008466713059609046,0.009162607283686503,0.009162607283686503,0.008350730688929471,0.00893064254232735,0.0076548364648520145,0.008603783134048545,15.05066737,735.596193,118.79184,0.257,0.272
E7H8-3,0.8513848697809012,0.03968582058701943,0.03896238114923522,0.03482844150475403,0.03513848697809012,0.49491793,0.49576578,0.2886901,0.28827333,-0.0027540175730019103,0.48075458,0.507018,0.288538,0.28745216,-0.036515617620094774,0.49556834,0.5071258,0.28776738,0.29146522,0.015548395041340543,0.49185786,0.48453453,0.28509435,0.2965569,0.04630690670171296,0.48432568,0.48150548,0.29181883,0.2873923,0.043330904720468987,2.710386818990529,1.2717487794800777,2.5899111942617257,1.2437853173486673,3.2953233065361576,1.0498898217164594,3.2543274453839293,0.9688986752632053,2.7463640388085224,1.4457859683713008,2.8990642718948094,1.171096927709097,2.6536020864905647,1.3140110856608436,2.6833848139899703,1.2889976359812507,2.828954528343947,1.2498011897749197,2.7553860738084177,1.2403271272056486,0.003430889943017393,0.012549598735045795,0.020207941764372447,0.025494495659178378,0.03392553477132373,0.03862585399325756,0.043879590679912886,0.04776246308064083,0.05371132790357708,0.05374563680300725,0.4544977843761444,0.03939137980341911,0.03300626575946808,0.03207498416304588,0.03104316256940365,0.030204499140381813,0.029961198568344116,0.02896377258002758,0.02858527936041355,0.027707623317837715,0.026746736839413643,0.02662455104291439,0.026604998856782913,0.026547405868768692,0.02648097649216652,0.02646183967590332,0.026457536965608597,0.026290982961654663,0.02628001943230629,0.02606908604502678,0.012517385257293104,0.012671920877753512,0.012082753824748204,0.012604311543802083,0.011908901251730244,0.012952016689838003,0.011561196105694324,0.012691237830311064,0.010778859527113506,0.012082753824748204,0.00869262865089799,0.009156235512279214,0.007243857209081657,0.009040333796933909,0.00799721835882615,0.008866481223915949,0.0075915623551175765,0.009040333796933909,0.008534580857245299,0.008597799974706374,14.04212064,731.505069,119.58848,0.259,0.2614
E7H8-4,0.8513848697809012,0.038238941711451015,0.04040926002480364,0.03327821413807358,0.036688714344770564,0.4938521,0.495988,0.28763455,0.2887845,0.005263129350020466,0.49077126,0.48316535,0.2922322,0.29179552,0.005230483273809591,0.49956337,0.48489314,0.29306573,0.28840783,-0.09516673765578385,0.48488864,0.5044478,0.30086634,0.29726902,-0.05560028145963764,0.5002748,0.50775844,0.29200354,0.27369684,0.034804373687163666,2.799885054607149,1.367022965825968,2.571359687585857,1.3614633681588415,3.3724741224922967,1.0331563685811003,3.2862285338525856,1.0854339279870895,2.656650120605624,1.280432518324734,2.755885224731555,1.1221188360242258,2.435783744925789,1.2289022708086037,2.506477612653121,1.2237733156773158,2.681393819489818,1.0483938870226974,2.6942990001007487,1.0388754568408547,0.0034610125788145803,0.012833962949455109,0.020225761280184426,0.025613894479639913,0.03422740323498114,0.03845686266564007,0.043405240147145564,0.04800541514890909,0.05350161118690519,0.053602169661658254,0.4544007480144501,0.03432196006178856,0.03328108415007591,0.03182051330804825,0.030298644676804543,0.030294189229607582,0.029308512806892395,0.02919027954339981,0.028794588521122932,0.028426643460989,0.02780141681432724,0.02744951657950878,0.027383936569094658,0.027263132855296135,0.02716349996626377,0.027160346508026123,0.02693042904138565,0.026478257030248642,0.02616303414106369,0.026069242507219315,0.013444598980055554,0.011976510585681673,0.012778164116820043,0.010344228094568607,0.011213490959658404,0.011126564673149425,0.012691237830311064,0.014168984700963722,0.010952712100131465,0.013125869262855963,0.008286972647189415,0.008576726935552682,0.008750579508570642,0.008460825220207375,0.008113120074171455,0.008866481223915949,0.008229021789516762,0.008866481223915949,0.008028827917556687,0.008534580857245299,14.27734618,722.732918,119.50735,0.2573,0.2733
E7H9-1,0.8429102935097148,0.04412980570483671,0.04299297230260438,0.03565522943365027,0.03431169904919388,0.49506426,0.4959913,0.2889128,0.2888003,0.0017679621885565437,0.49477354,0.49892828,0.28122294,0.2865567,0.017515471726687264,0.48504928,0.49828878,0.2864748,0.28154892,0.005488869899623906,0.4915518,0.50198966,0.28833628,0.29136285,-0.029780787841021113,0.47777697,0.47643965,0.2940286,0.2932343,-0.04259602797880029,2.454751962199982,1.2299733697353001,2.574099078330328,1.220409173319986,3.392423112291177,1.0433440834489855,3.2887157554553372,1.0687282185481202,2.4863495273491587,1.1677899961711469,2.68830400229564,1.0128914017354596,2.62732290533259,1.2844717044550387,2.4020229235065877,1.0444437744683956,2.7828152252307845,1.2398344333917077,2.8175616813738116,1.2535912807570941,0.003490118149406086,0.01233878820986628,0.019681891234987214,0.025486439340558997,0.033864042414502,0.03839525818957214,0.043950417890517166,0.04783507113507351,0.0543112525631586,0.05398005420569134,0.4630346894264221,0.03435960039496422,0.03145768493413925,0.030033618211746216,0.029502801597118378,0.02898203395307064,0.028620904311537743,0.028420323505997658,0.028128180652856827,0.028039025142788887,0.027988586574792862,0.027884885668754578,0.027774451300501823,0.027281200513243675,0.026836901903152466,0.02659551613032818,0.02659066580235958,0.02649194560945034,0.02615327760577202,0.02582375705242157,0.012353801169582516,0.012426900584787147,0.012582236842096986,0.01225328947367615,0.012664473684202194,0.01225328947367615,0.01217105263157094,0.012582236842096986,0.010937499999992804,0.011677631578939685,0.008881578947362578,0.008004385964907015,0.008662280701748687,0.008388157894731324,0.008223684210520905,0.009484649122800778,0.00789473684210007,0.00833333333332785,0.008971291866022807,0.00789473684210007,13.75456051,728.088651,118.81269,0.2967,0.3009
E7H9-2,0.8415667631252584,0.0444398511781728,0.04402645721372468,0.0357585779247623,0.03420835055808185,0.49474186,0.49533132,0.289748,0.288736,-0.0002462495543882966,0.48667046,0.51279074,0.2748668,0.2900558,-0.025993902959039514,0.47724152,0.471831,0.28230742,0.2854472,0.060194424107571455,0.49443114,0.50541294,0.283733,0.29253304,-0.05485137367465494,0.50353694,0.504967,0.2913999,0.28283685,0.015493364926400598,2.496164376638805,1.3335912906062344,2.4744153064927543,1.2368714770010591,3.3079930681091936,0.9718359420888605,3.306722155079794,0.9499718917666673,2.5097168826871514,1.2745889465661373,2.716676731729347,1.1012224076426642,2.6385499152366783,1.332390200778323,2.4876205860077456,1.159572192593345,3.013661541731162,1.3099489217592628,2.8401615630960952,1.1580141391099672,0.003390168129355025,0.0121790672760031,0.019498255116855455,0.02551755928325078,0.03380974453072028,0.03837210638615739,0.043825744081251665,0.04814038743684136,0.054159691603236686,0.05444060948966158,0.46529993414878845,0.03241555392742157,0.032148327678442,0.030732788145542145,0.028621528297662735,0.028453605249524117,0.028256652876734734,0.028041059151291847,0.02775253728032112,0.027546895667910576,0.027450595051050186,0.027447963133454323,0.027405815199017525,0.027386773377656937,0.02726072259247303,0.02711598016321659,0.02706550434231758,0.026717932894825935,0.026570353657007217,0.02630954422056675,0.011596723925483485,0.011669203450017757,0.012475538160461529,0.013535551206775255,0.013535551206775255,0.012720156555764696,0.011252446183945693,0.012393998695360474,0.01149706457924886,0.011415525114147805,0.008751902587513316,0.007827788649701352,0.008045227223304167,0.008697542944112614,0.008643183300711909,0.00809958686670487,0.009023700804516836,0.009186779734718948,0.008064994366358968,0.008361501512180989,13.14749783,716.069105,119.3567,0.2961,0.2994
E7H9-3,0.8427035965274907,0.0423728813559322,0.044956593633732944,0.03617197188921042,0.03379495659363373,0.4920539,0.49596122,0.288891,0.28739187,0.00443888472653868,0.4937537,0.4889417,0.28959456,0.29927137,-0.027095382573380636,0.52946454,0.5098188,0.2902947,0.2844402,-0.0029483968803613024,0.4963763,0.48600486,0.28380337,0.29946858,-0.046561689998975545,0.49022898,0.49111074,0.2813209,0.2996117,-0.02769455182891564,2.6466409828712467,1.2582115823004894,2.4624710957061184,1.2514476258650113,3.3103535349077524,1.0149536454908543,3.3828759853970545,1.0988749766069377,2.61910939791652,1.3726501377881228,2.793405078174471,1.2003293332471177,2.53748183448611,1.2317806219569352,2.510059704590704,1.179641599121756,2.836505611905129,1.1488050987917926,2.7672412116520686,1.1120529622370088,0.0034301474681701903,0.012725216614416278,0.02005502723861726,0.025819338412151605,0.03421293743770533,0.03874577603565099,0.04345166470140815,0.0476115736958531,0.05369515553713266,0.05358649619222777,0.4535767138004303,0.036615464836359024,0.03629608079791069,0.030041182413697243,0.029415709897875786,0.029123151674866676,0.029123151674866676,0.028968103229999542,0.028614867478609085,0.0284868236631155,0.02833419479429722,0.02788596786558628,0.027882974594831467,0.027753548696637154,0.0268627367913723,0.026495780795812607,0.02619568444788456,0.026168271899223328,0.026118136942386627,0.026041381061077118,0.011096510439472925,0.01175354066286277,0.012729960578178233,0.011744415243093467,0.011662286465169735,0.012729960578178233,0.013386990801568077,0.012155059132712118,0.011580157687246006,0.013304862023644346,0.00925317564607364,0.008869908015762897,0.007939115199293951,0.008541392904067975,0.00782961016206231,0.008322382829604694,0.008377135348220514,0.007336837494519927,0.009138693107149652,0.009258153147765989,14.4322242,724.772327,118.17578,0.2755,0.2772
E7H9-4,0.8423935510541546,0.04505994212484498,0.04257957833815626,0.033691608102521704,0.03627532038032245,0.49466175,0.49778646,0.2881853,0.28844157,0.0013692965941007212,0.47183377,0.49156427,0.29659778,0.2866235,0.010876056822960467,0.50985676,0.48595113,0.29744786,0.29685944,-0.06181066712703503,0.5022071,0.4870022,0.27782103,0.2885532,-0.002750416392269249,0.47724274,0.47363466,0.28672352,0.2853314,0.031186296126764664,2.483803411710649,1.2994301740040346,2.5101976378561215,1.1966275642986897,3.3460056845085413,1.0968222122894375,3.260270476096486,0.916908879212685,2.5036606382963082,1.1004731738715208,2.9132073453038236,1.1147110663454387,2.5656609728332214,1.2877148211284526,2.5618230641188253,1.3072517922508298,2.7501473692168696,1.3509400290733253,2.7638128430686955,1.2517428014097676,0.003443889795526543,0.012408936247373418,0.02000869305515557,0.02571517711433234,0.03416157349631478,0.038369438844623634,0.04359593826330891,0.047730472624876,0.053699614945655075,0.054199598946167056,0.46307745575904846,0.03475422039628029,0.03204534575343132,0.030877070501446724,0.03067668341100216,0.03046310693025589,0.028837906196713448,0.02850084751844406,0.028250593692064285,0.027766013517975807,0.027726365253329277,0.027449417859315872,0.026888135820627213,0.026841234415769577,0.026770206168293953,0.02648944780230522,0.02599186822772026,0.02560129016637802,0.02553129754960537,0.025461506098508835,0.012677595628406986,0.01224043715846192,0.012704918032778555,0.010819672131140446,0.01401639344261376,0.012540983606549153,0.010409836065566945,0.011967213114746252,0.01147540983605805,0.013032786885237355,0.009289617486332707,0.008907103825130772,0.008196721311470034,0.00874316939890137,0.008196721311470034,0.009016393442617038,0.008251366120213169,0.0079781420764975,0.00840536512667109,0.007690014903124614,13.79619769,728.257945,117.8327,0.2563,0.2971
E7H10-1,0.8324720959073998,0.04888383629599008,0.04867713931376602,0.0357585779247623,0.03420835055808185,0.49416664,0.49670908,0.2880377,0.28876,0.005095312814076287,0.47297993,0.5070771,0.29472232,0.28831342,0.01574498058258146,0.51636374,0.47898448,0.28416565,0.29156178,-0.022756899644488904,0.49429014,0.49289703,0.29405296,0.28739515,-0.015285762796702419,0.48500478,0.48343492,0.293004,0.28264043,-0.0897412026772417,2.457788933881654,1.2214921663744926,2.503804809686406,1.1911589164184582,3.2877533109125436,1.0845401327436375,3.298670728884113,1.0690840035718354,2.251646604371139,1.0321793075503527,2.789189988331534,1.0815171063253868,2.5391843092376916,1.2228902613439265,2.5506086594075033,1.1970064082076035,2.8811876592214287,1.1612231486723668,2.7469282722528017,1.1999725830393855,0.0034520942822491344,0.01264478934139525,0.01989231246960669,0.025710251407613124,0.03394910914640934,0.03820856695902835,0.043480451607989266,0.04802465446832944,0.05376525524522642,0.05420584840548632,0.47336170077323914,0.03215397149324417,0.03137372061610222,0.029827700927853584,0.02883044071495533,0.028458597138524055,0.027925075963139534,0.027915121987462044,0.027559679001569748,0.027445580810308456,0.02714727446436882,0.02700309082865715,0.026759164407849312,0.02659827470779419,0.026569807901978493,0.0264535304158926,0.026296216994524002,0.026248326525092125,0.026208065450191498,0.025864655151963234,0.012886421276296115,0.011378435807793377,0.012646514497216134,0.012646514497216134,0.012492288710664719,0.011644046884631928,0.01118136952497768,0.011875385564459053,0.012569401603940426,0.012646514497216134,0.008379601069293618,0.00827678387825934,0.009356364384119253,0.008996504215499282,0.008585235451362172,0.007968332305156508,0.008379601069293618,0.008019740900673646,0.007907576692272615,0.008860972463681371,13.50673143,712.822634,118.04078,0.2768,0.2798
E7H10-2,0.83350558081852,0.04599007854485324,0.05053741215378255,0.03544853245142621,0.034518396031417944,0.4946668,0.49641368,0.28896075,0.28934515,0.005017366666673117,0.47492465,0.47522378,0.28910273,0.28228098,-0.06790766320550252,0.50354135,0.50308484,0.28555226,0.28145453,-0.03881049799580456,0.4878049,0.4961951,0.2828714,0.29006746,-0.001439487757421787,0.4928801,0.4962448,0.28986794,0.2884803,0.01567312142681925,2.3918973889535278,1.1794856638717983,2.3385237204902474,1.139376133833171,3.177853138303061,0.9928733737660899,3.3878845957055512,1.0359228589879907,2.3230889952819784,1.0762498314866529,2.8515850543611614,1.1827086523720618,2.582923455971401,1.2579503189166155,2.5300850379793394,1.2013536022708713,2.743631923558306,1.126048351771201,2.782185505109359,1.1235476256280497,0.003464719990490375,0.012533825596274464,0.01992359668934526,0.0253042264223066,0.03388852761637054,0.038522139013003484,0.0435088651614422,0.04820424250476064,0.05389253657592899,0.05409065376341079,0.4738420248031616,0.035435814410448074,0.033879391849040985,0.028419209644198418,0.02816278673708439,0.02761422097682953,0.02731090411543846,0.027097145095467567,0.02706330269575119,0.026859773322939873,0.026820721104741096,0.026738617569208145,0.026660755276679993,0.026556232944130898,0.026364842429757118,0.026364842429757118,0.026216823607683182,0.02621309831738472,0.02620738185942173,0.026172062382102013,0.01241464928614996,0.012069797917090237,0.011871508379880899,0.013035381750457459,0.011949099937919337,0.013035381750457459,0.011871508379880899,0.012259466170073086,0.011250775915573401,0.012181874612034647,0.007810883509202684,0.008741982205663931,0.00905234843781768,0.009207531553894553,0.008328160562792265,0.008121249741356433,0.009000620732458721,0.00817297744671539,0.007561650019745884,0.008690254500304972,13.49286742,695.102824,120.13063,0.3115,0.3279
E7H10-3,0.8319553534518396,0.04702356345597354,0.051054154609342706,0.03524183546920215,0.034725093013642,0.49570066,0.49770924,0.28826725,0.2885126,0.005856268678605425,0.47971055,0.48252934,0.29365823,0.2885637,-0.03117528034333089,0.4745976,0.46889797,0.28861618,0.29281056,-0.04358551012594078,0.5062585,0.5064367,0.28935534,0.290474,-0.04732684737959092,0.48588124,0.49571228,0.28847623,0.28177702,0.0015483476752159297,2.3517335457282407,1.1818721831776076,2.3790784438676367,1.1470371658968308,3.252999456603993,1.0339346827996465,3.391778520226272,0.9171022652734971,2.270461176877134,1.0664491251819723,2.8718863370475436,1.2824104488763859,2.6053005368969835,1.1735605128324043,2.588008700554485,1.2751853220337817,2.837037484469475,1.2524484893989478,2.721124956411332,1.1045869828494592,0.0034886754914431354,0.012569715268167903,0.019955922710986243,0.02573698997777498,0.033725416194909215,0.038490748894573275,0.0434762350726623,0.047907260638421795,0.05376171239801885,0.05422065668637564,0.47465085983276367,0.03035471774637699,0.030056769028306007,0.028582217171788216,0.0284805279225111,0.028391502797603607,0.028261829167604446,0.02788720466196537,0.02779029682278633,0.02769387699663639,0.027645476162433624,0.02723134309053421,0.026942797005176544,0.026817545294761658,0.02678389847278595,0.026658298447728157,0.02654867433011532,0.026517873629927635,0.02639661356806755,0.02630760706961155,0.013871805384711984,0.011753450867834784,0.012453874538737728,0.011608241082403685,0.012069495694949526,0.01299200492004121,0.011915744157434247,0.011608241082403685,0.011377613776130764,0.012146371463707168,0.00958384583845249,0.008610086100855714,0.007892578925784405,0.008302583025825152,0.009173841738411742,0.008251332513320058,0.008302583025825152,0.008763837638370993,0.007995079950794591,0.007771441350772365,13.3208742,703.403783,120.89086,0.3057,0.3084
E7H10-4,0.8330921868540719,0.04981397271599835,0.04712691194708557,0.03679206283588259,0.03317486564696155,0.49341756,0.49577165,0.2878209,0.28878805,-0.0033508247626357385,0.5132072,0.4931254,0.2902219,0.2913895,0.014513983745583641,0.48176083,0.50208145,0.29479915,0.278227,0.03749538841159767,0.50558376,0.48381263,0.30065337,0.29210368,0.01707790938694401,0.48138437,0.5037753,0.28283262,0.29166305,-0.00533805773183037,2.367124190993225,1.2104494184827086,2.368110211727518,1.1411142556335423,3.172218488490782,0.9112015629066655,3.2707191934441795,0.9555039811258673,2.4121770939199583,1.1687809762622035,2.679559649315947,1.1149872646270989,2.7278646929295394,1.4549383160036313,2.4210184504965557,1.1221781041541372,2.903747881383468,1.37818307645908,3.038428410048597,1.4343216653548052,0.003554634555083187,0.012659009069955684,0.01998903344798365,0.0259090725667666,0.03442001894222621,0.03882919001806395,0.04333212273992893,0.04780419719854444,0.05331239718857485,0.05352365760620584,0.4808045029640198,0.03216174989938736,0.029769854620099068,0.02932910993695259,0.0290814358741045,0.028957903385162354,0.028102725744247437,0.027706433087587357,0.027263693511486053,0.027106517925858498,0.026811929419636726,0.02658233419060707,0.026053551584482193,0.02597297541797161,0.025891773402690887,0.025816405192017555,0.02573033794760704,0.025670109316706657,0.025641493499279022,0.025545209646224976,0.013071895424828507,0.011764705882345657,0.011996904024760374,0.01153250773993094,0.011609907120735846,0.011996904024760374,0.011455108359126035,0.013235294117638864,0.012461300309589807,0.01277089783280943,0.00846233230133635,0.008926728586165783,0.0077915376676938345,0.008668730650149432,0.008307533539726538,0.008978328173369054,0.008101135190913458,0.008668730650149432,0.008950182943985452,0.007880664227408574,13.4596717,713.50993,117.27064,0.2837,0.2911
E8H1-1,0.9101901612236462,0.0047540305911533695,0.005064076064489459,0.038342290202563044,0.041649441918148,0.49390453,0.49596143,0.28845587,0.28875935,-0.004989788244936993,0.55063623,0.48305085,0.29075417,0.31476694,0.26289370566982856,0.5044798,0.47734347,0.28968826,0.29937384,0.17705249130507472,0.48501083,0.4770661,0.2860034,0.28818765,0.04530197852574557,0.4942807,0.51232284,0.29419732,0.28136644,0.011824701740276975,7.075988616322478,3.601924952375366,7.469112516590371,4.889400348256774,3.2233946698118268,0.9618163463106257,3.075658469936618,0.9421886845266577,7.444072494477251,3.656281361249355,2.5281810554705824,0.9998024297758732,2.5017078134709876,1.1239204359975816,2.384966167988432,1.032975516828401,3.0970043991764635,1.3629172180724578,2.4809377284724343,1.0046733163656933,0.0029923519723431664,0.012589077507623565,0.01980904391500742,0.02581413172871516,0.033816838706521204,0.038770118878724134,0.04334833586093309,0.048505454723350126,0.053870489049785565,0.05381749099032989,0.38991156220436096,0.03764314949512482,0.03427191078662872,0.033953744918107986,0.033784352242946625,0.03261205926537514,0.03244977071881294,0.03217356652021408,0.032089196145534515,0.03191450238227844,0.031913138926029205,0.03158123791217804,0.031411152333021164,0.031344614923000336,0.031120095402002335,0.03107365220785141,0.03029984049499035,0.030257947742938995,0.030251681804656982,0.029942814260721207,0.012274645186023465,0.012274645186023465,0.0126582278480867,0.011939010356718138,0.012514384349812988,0.011219792865349574,0.0126582278480867,0.011795166858444424,0.012514384349812988,0.01208285385499185,0.008822401227454367,0.008247027234359517,0.008342922899875324,0.00863060989642275,0.008151131568843707,0.008342922899875324,0.008726505561938557,0.009301879555033409,0.008159849356617873,0.007950622450037926,17.01714043,801.252153,126.11228,0.2437,0.2546
E8H1-2,0.9101901612236462,0.00423728813559322,0.005580818520049607,0.0395824720959074,0.04040926002480364,0.49431297,0.49520507,0.28864062,0.2895752,0.000805773980414042,0.40571088,0.5990079,0.24388795,0.23109072,-0.24927366092966152,0.52258354,0.51412433,0.28298452,0.2685746,0.06573228475415197,0.48309243,0.48223215,0.292026,0.28461394,-0.008341460352265531,0.50053024,0.5082145,0.28883973,0.27734962,0.007573982052481711,8.327762775042434,6.383253726605836,6.842400861478488,3.8268150482877297,3.19377881363256,1.0287188776718752,3.1628040464678673,0.9348306880440381,6.473258140788894,3.342169920039618,2.435072313620183,0.9485204900914779,2.4342714952786975,0.950573816153455,2.4472015175153956,1.1754042296336675,2.341353794751944,0.9904672487082217,2.5026843894660926,1.0719624451436949,0.0029918228777621007,0.01227951609142252,0.01978871485991392,0.02556684570177415,0.034226137544808174,0.03889369741090731,0.04362844484493504,0.04784545278492469,0.05374610213300767,0.05436659908387775,0.3783494234085083,0.03737567365169525,0.03697908669710159,0.035656336694955826,0.0355963371694088,0.03416917473077774,0.03416917473077774,0.03349517658352852,0.03312785550951958,0.033007435500621796,0.0322011336684227,0.03210579231381416,0.03189925476908684,0.0315762534737587,0.03065263107419014,0.030565572902560234,0.0302172489464283,0.029794488102197647,0.029564641416072845,0.02949731983244419,0.012274645186023465,0.012402506073377879,0.013521288837728974,0.010788262370528438,0.013377445339455262,0.011939010356718138,0.011651323360170713,0.011939010356718138,0.011795166858444424,0.012226697353265563,0.007288070579201433,0.008342922899875324,0.0080552359033279,0.007959340237812092,0.009301879555033409,0.00968546221709664,0.009397775220549215,0.008438818565391132,0.008787530076357708,0.007427555183588063,17.0653494,800.394726,125.8194,0.241,0.265
E8H1-3,0.9100868127325341,0.005064076064489459,0.004857379082265399,0.03875568416701116,0.041236047953699874,0.49357006,0.49482247,0.28846747,0.2884521,0.0026581694272821313,0.4138875,0.55396056,0.2629382,0.28862196,-0.18225928606771513,0.5609756,0.46520013,0.29905704,0.2886455,-0.01008747926340586,0.5096585,0.5009943,0.2908464,0.28803018,0.015686328550559604,0.48835504,0.5080498,0.28971922,0.29268095,-0.04149142311822571,7.701153251032587,3.683719536625771,7.769643422077177,3.280289723216682,3.2056884821733704,0.9747964002434857,3.1448759109808426,0.8825692249694884,7.333057002415042,3.194662241312285,2.690116411151661,0.9731121024014983,2.191095860481605,0.9975055375923051,2.409441844162978,0.9242101858785251,2.4668226426019824,1.175955422764464,2.5550549233872624,1.0531038276484632,0.0030320885811789544,0.012496624192875205,0.020037972715294654,0.02604077156629267,0.03408133035443929,0.03852921198431988,0.04300982871359243,0.04791600173496027,0.0536691954530947,0.054520308037285276,0.384305864572525,0.038363419473171234,0.035527992993593216,0.034329913556575775,0.034163698554039,0.03409888967871666,0.03350238502025604,0.03342301398515701,0.03315487876534462,0.03194613754749298,0.03145841509103775,0.031441830098629,0.030944867059588432,0.030740387737751007,0.030672334134578705,0.030626844614744186,0.03058527782559395,0.03044097125530243,0.03016340360045433,0.030109524726867676,0.012132822477636118,0.013665389527442786,0.01020114942527563,0.011781609195388757,0.011350574712630632,0.012212643678146883,0.012787356321824383,0.012643678160905008,0.013649425287340634,0.011350574712630632,0.008237547892710839,0.007375478927194588,0.008908045977001256,0.008812260536388339,0.008237547892710839,0.008524904214549588,0.008333333333323754,0.008716475095775422,0.008150470219426368,0.009508881922664096,17.34172333,804.595912,126.98358,0.2418,0.2573
E8H1-4,0.9100868127325341,0.004857379082265399,0.005064076064489459,0.0385489871847871,0.04144274493592393,0.4943788,0.49534118,0.28840548,0.2886184,0.00028122631917416554,0.49247536,0.4962135,0.3202167,0.30772692,-0.019323839041568296,0.48855153,0.46022138,0.27876097,0.26599804,0.07560768923667092,0.49048588,0.4978416,0.28642583,0.28141934,-0.01690893345776768,0.48743993,0.5073756,0.29330802,0.29608145,0.00408491649048093,7.495612288801019,3.88215347003584,6.663365273262283,3.8660706163483955,3.1330004555123505,0.9793401213946791,3.1376036455538667,0.9426613632165847,7.5476190567791,4.850031780913672,2.6452728058578745,1.2126899393380757,2.6628528705149606,1.0791356443591344,2.2893216775109764,1.041891006354901,2.403752030639342,0.9570024692850314,2.5262298198334365,1.1172241077938656,0.0031214042646950818,0.012681469875388646,0.020087154503390704,0.025489428028170166,0.033723406859744905,0.03804848989317861,0.04360989383145233,0.04780848858749316,0.05413698272414947,0.05462661476567027,0.38339343667030334,0.03879375755786896,0.03811832517385483,0.03762580454349518,0.034338243305683136,0.03368384763598442,0.033160384744405746,0.03238097205758095,0.031388938426971436,0.031380973756313324,0.031148742884397507,0.031000744551420212,0.03089848905801773,0.03089848905801773,0.03062676452100277,0.030577387660741806,0.03043799288570881,0.030227739363908768,0.030171262100338936,0.029747840017080307,0.01340996168580834,0.01226053639845334,0.011350574712630632,0.011494252873550007,0.011781609195388757,0.014224137931018134,0.011637931034469381,0.011494252873550007,0.010775862068953132,0.013362068965501883,0.008141762452097922,0.008237547892710839,0.009195402298840005,0.007854406130259171,0.007950191570872088,0.008812260536388339,0.008812260536388339,0.008524904214549588,0.008359456635309095,0.008881922675015915,17.08402226,804.16318,124.78982,0.241,0.2456
E8H2-1,0.9002687060768912,0.010024803637866887,0.009714758164530797,0.03978916907813146,0.040202563042579575,0.49323678,0.4960677,0.28868893,0.2889159,0.0018324414477930053,0.4911994,0.48121613,0.28586552,0.27621588,-0.1372841202021838,0.50713545,0.4885503,0.27337736,0.29848644,-0.0839778545805754,0.5006969,0.5027735,0.28878915,0.2930823,-0.04113894264496513,0.49956113,0.4873644,0.2917707,0.2787638,0.05410594345795202,5.046942939542702,3.318569427852052,5.9042253618613465,2.843753046062815,3.2167798003898835,0.955022500019702,3.077278990262897,0.842794519562637,5.420933797194854,2.4123976317018854,2.3729640866306827,0.9070003809170588,2.4110705591981705,1.0987981230730477,2.228322543420347,1.0681580506685713,2.7061270479284727,1.1186350993850995,2.5450210338472363,1.0790858996546968,0.0031019202363367798,0.01247989496143115,0.019921221073362874,0.025635975709830956,0.033871655998687016,0.03871655998687018,0.043469555227310025,0.0481962908255375,0.053956999835877234,0.05398325947808961,0.4015147089958191,0.036083247512578964,0.035300061106681824,0.035174813121557236,0.034497618675231934,0.033493444323539734,0.032230351120233536,0.03174088895320892,0.03159301355481148,0.031097913160920143,0.031097913160920143,0.030813438817858696,0.030036158859729767,0.029908059164881706,0.02978111058473587,0.02946578897535801,0.029361896216869354,0.0289923083037138,0.028986457735300064,0.028830816969275475,0.01232009211282546,0.010938399539424474,0.012046632124339849,0.012046632124339849,0.01321243523314693,0.012953367875634246,0.011787564766827163,0.01113989637304545,0.012435233160608876,0.01321243523314693,0.008721934369593724,0.008376511226243478,0.0077720207253805474,0.008203799654568356,0.00949913644213178,0.008549222797918601,0.009153713298781533,0.008376511226243478,0.008007536504937534,0.008007536504937534,16.41211651,792.074769,124.3793,0.2416,0.2618
E8H2-2,0.9000620090946673,0.009094667217858619,0.010851591566763125,0.03989251756924349,0.040099214551467546,0.49260646,0.49626532,0.28827617,0.2883275,-0.0006528736879579182,0.5303492,0.4898883,0.2743163,0.29311964,-0.008583721919648863,0.500813,0.5199354,0.30981722,0.30292478,0.16234254772017911,0.50616074,0.48320454,0.29456228,0.2921725,0.028022243288349596,0.50066006,0.49176568,0.28746733,0.28714675,-0.05996342150045109,5.45905945621214,2.9551244919007584,5.272371712162217,2.622648852778834,3.2010897204150486,1.0451807691471728,3.0899777383965614,0.842478210386806,4.675782940567172,2.33564460286295,2.616375875106485,1.0850366596977485,2.226362017728967,1.1221502826818222,2.2090281723511866,1.0583924289972866,2.609539017405552,1.0280918165731763,2.5636214511360578,1.0257667312217091,0.0031784185381261237,0.012455427646281747,0.020103497253647733,0.025847826590781924,0.03469442485523297,0.038564811595930296,0.04348142777209415,0.04759350675579482,0.05376824693663359,0.05364574538880998,0.4074913263320923,0.033751603215932846,0.03337216004729271,0.03299029543995857,0.03292688727378845,0.03267979249358177,0.0317312553524971,0.031662408262491226,0.030818864703178406,0.03081003949046135,0.030643118545413017,0.030437462031841278,0.030437462031841278,0.030395416542887688,0.030042678117752075,0.030009454116225243,0.02997213788330555,0.029968690127134323,0.029931891709566116,0.02992711402475834,0.012294611053646943,0.010800873262082362,0.012926577042385805,0.011375387797299508,0.010729058945180218,0.012021716649418798,0.01331437435365738,0.01189245087899494,0.013055842812809663,0.013702171664928953,0.008531540847974632,0.00930713547051778,0.008703895208539775,0.008617718028257204,0.007325060324018622,0.008359186487409487,0.008273009307126915,0.008445363667692059,0.009025101062320271,0.008178997837727745,16.63743482,789.994772,125.26747,0.2498,0.2642
E8H2-3,0.9001653575857792,0.009094667217858619,0.010748243075651096,0.04030591153369161,0.03968582058701943,0.49369663,0.4950135,0.28791532,0.2888573,0.004579334502791074,0.5389412,0.46504238,0.29525763,0.2965904,-0.08369677997564473,0.52333486,0.5162973,0.3073963,0.292797,-0.06000404115303674,0.49318323,0.4931117,0.2981446,0.28471115,-0.030503928139632087,0.48100862,0.51692706,0.28730527,0.28389335,-0.02998288808781633,5.523499383883697,2.5655143046074618,4.999333593235463,3.1541989975039764,3.1667381265032644,0.9999873830982696,3.1605705673699283,0.9397816352793164,5.0270444373012895,2.1109469326988988,2.687137216356608,1.0583962733212693,2.5261628801263822,1.2451181810935712,2.2649493361981574,1.1948626750166036,2.641362686611733,1.1660795939015967,2.5791536063792844,1.1319452319057084,0.003218684329529434,0.01294788923469795,0.020306307025244063,0.026311414359056207,0.03439137605405262,0.038950070491846886,0.0435752666719868,0.04752547016731838,0.05314486739552576,0.05296198760407522,0.3972172141075134,0.037837229669094086,0.036794163286685944,0.03417512774467468,0.03309530019760132,0.0321069099009037,0.032038088887929916,0.031660668551921844,0.03153788670897484,0.031505487859249115,0.0313732884824276,0.03131062164902687,0.030737461522221565,0.030510196462273598,0.030181406065821648,0.030040418729186058,0.029744580388069153,0.02946518547832966,0.029361112043261528,0.02930755726993084,0.013342535081651705,0.012537382102586515,0.010869565217380053,0.01177536231882839,0.012034161490670773,0.010351966873695289,0.01177536231882839,0.012810559006197918,0.01410455486540983,0.012163561076591963,0.007505175983429084,0.008712905452026867,0.00793650793649972,0.009403036576939887,0.008367839889570359,0.008109040717727976,0.007677708764657339,0.009230503795711631,0.00959909655560836,0.008281573498956231,16.13372003,783.148311,125.26302,0.2531,0.2617
E8H2-4,0.9000620090946673,0.011368334022323274,0.00857792476229847,0.03906572964034725,0.040926002480363786,0.4942462,0.49434543,0.288914,0.2892266,0.00024899301942090925,0.49733925,0.5179507,0.27735835,0.2781153,0.07453927836458576,0.50220394,0.48948336,0.28980452,0.2847663,-0.17958345557670122,0.47957802,0.4949332,0.29235405,0.28401485,0.01744031774783003,0.49732077,0.52287704,0.28172755,0.282725,-0.005452633878611383,4.6740545763878405,2.803980157925301,5.7771966472487115,2.84920599512087,3.244173781958279,0.9381355857318389,3.113713680900794,0.9701292438303595,5.681176134834365,3.0890806954772594,2.6683837845748704,1.1899964767097133,2.428394153388057,1.0588123790230834,2.4661074369993345,1.3893747881502883,2.5688640677803027,0.995639918369272,2.4990092566359747,1.0278813340240278,0.003009181368071913,0.012421285391530068,0.019824063836946595,0.025922543222932592,0.03433799612235414,0.038709160537742954,0.04344245221041837,0.04801551058340944,0.053886458683843674,0.053764681376083576,0.3928367495536804,0.04557444900274277,0.03566911071538925,0.03449740260839462,0.034121476113796234,0.03343052417039871,0.03336038812994957,0.032812293618917465,0.031929101794958115,0.031235240399837494,0.0305488258600235,0.030453898012638092,0.03020680509507656,0.02981197088956833,0.02924901433289051,0.029150160029530525,0.029120953753590584,0.028831707313656807,0.02863035909831524,0.02852950431406498,0.011834999425473227,0.012524416867733802,0.012280248190266515,0.01266804550153809,0.012409513960690373,0.012280248190266515,0.012021716649418798,0.012021716649418798,0.012021716649418798,0.01189245087899494,0.006807997242323191,0.00810065494656177,0.00896242674938749,0.00887624956910492,0.008014477766279199,0.009134781109952637,0.00896242674938749,0.007755946225431483,0.009777192817513628,0.008461032245925254,15.85973708,788.030944,125.41413,0.2468,0.2564
E8H3-1,0.8900372054568003,0.014985531211244315,0.014985531211244315,0.03968582058701943,0.04030591153369161,0.49359518,0.49642792,0.2889469,0.28857163,0.0023252872021750923,0.49352396,0.4973115,0.28758547,0.29326525,0.11160886298617638,0.49478555,0.46037406,0.27323508,0.30672637,-0.06634275019372074,0.49113947,0.50024277,0.28446275,0.28587654,-0.034687422781598795,0.5032208,0.4892438,0.29205933,0.28383058,-0.034346786521479385,4.177580256420437,2.5749916158806827,4.164493165652418,2.129051136586395,3.0725477842334805,0.99586232997769,3.1878008310667423,0.9984489072679418,4.113568296427725,2.4373397047071523,2.669003901581267,1.098841506361403,2.499966324189339,1.2615655703387247,2.3306259001479783,1.102931899814486,2.620270296541329,1.1961334780036676,2.550838711729476,1.0818064522249995,0.003241036592435604,0.012287357530556611,0.020179632161221348,0.025761117807096306,0.03397965319290639,0.03913780876805557,0.04346278605113935,0.04738600422251523,0.053811453639964514,0.05408648336744241,0.41797885298728943,0.03518008068203926,0.034567661583423615,0.032742541283369064,0.03223476558923721,0.03199530765414238,0.03175293654203415,0.031751394271850586,0.03149254992604256,0.030999723821878433,0.03058747947216034,0.029920484870672226,0.029322028160095215,0.028882434591650963,0.028872191905975342,0.028517186641693115,0.028477735817432404,0.028398919850587845,0.02819494903087616,0.028130710124969482,0.010442773600658522,0.01357560568085608,0.011513157894726022,0.012922932330814922,0.012100563909763063,0.012100563909763063,0.01315789473682974,0.012218045112770472,0.011748120300740838,0.012218045112770472,0.009163533834577854,0.009085213032572915,0.00806704260650871,0.00728383458645932,0.009555137844602548,0.007832080200493892,0.0077537593984889535,0.009633458646607487,0.008629528366362361,0.007689678742303094,15.77030536,777.340658,122.98088,0.2433,0.2589
E8H3-2,0.8903472509301364,0.013848697809011988,0.015812319140140554,0.0406159570070277,0.03937577511368334,0.4937913,0.4973037,0.28828245,0.28823864,-0.0018650468803830425,0.50473243,0.48096383,0.28865427,0.314601,-0.005861819490450987,0.46237844,0.4619475,0.30535418,0.2715793,-0.015699214133583165,0.49677283,0.48930436,0.287807,0.2851808,0.015064297564030696,0.5023046,0.48636505,0.2901099,0.29760364,0.030914807554088316,4.319400664765314,2.204019798086961,4.172122992799031,2.3595012062103256,3.1346629032592714,0.9811689733052984,3.161083358134001,1.0115829350203223,4.738032797104452,2.3937731077055946,2.5442375825074732,0.9985010653413808,2.35149339312467,1.1494455579746876,2.3966140387558803,1.0882764926256678,2.4570752752724716,1.1327146726131896,2.6606753621712653,1.1622530113651808,0.00328062098262939,0.012597028535842174,0.019875558817641956,0.026136540557371944,0.03392384511020662,0.038741909655034365,0.043318097907075026,0.04752730143902493,0.053677075687818335,0.0542553546406886,0.4060854911804199,0.03858482837677002,0.035560183227062225,0.03378816694021225,0.0325707383453846,0.03189698979258537,0.031830839812755585,0.031195491552352905,0.030966565012931824,0.030929146334528923,0.03055557981133461,0.030532097443938255,0.030464768409729004,0.02989339642226696,0.02984023466706276,0.029681716114282608,0.029577117413282394,0.029203027486801147,0.028469879180192947,0.02837369404733181,0.013404544978519149,0.011728976856204255,0.011545711592826064,0.01225259189442766,0.010603204524023937,0.013784165881231119,0.011074458058425,0.01343072573043032,0.011310084825625533,0.012723845428828724,0.010289035501089894,0.007932767829084574,0.007932767829084574,0.009503612943754788,0.007775683317617554,0.009189443920820745,0.007932767829084574,0.007697141061884042,0.007797103932817602,0.008653928540819537,15.91938913,781.190695,122.64014,0.2449,0.268
E8H3-3,0.8901405539479124,0.015088879702356346,0.014778834229020257,0.03999586606035552,0.03999586606035552,0.49295166,0.49691045,0.2889744,0.28910378,0.002189049219420842,0.529569,0.48914558,0.307277,0.27332702,0.10206143743911576,0.47177213,0.47807276,0.27472565,0.27860275,-0.010107487627023282,0.5051995,0.48616037,0.27663168,0.28869215,-0.06751897145389464,0.4984874,0.48885384,0.28961414,0.28762102,-0.018213257790322214,4.561054374026156,2.3477332664354247,4.114625209919298,2.5003354902322124,3.183898692590023,1.0502852911675584,3.193831562615878,0.9582812732878722,4.243463617811013,2.2543419483753304,2.6143338415953465,1.007260459455483,2.441407193085599,1.0162094284552785,2.1092139404510424,1.0337790242065779,2.6090454443566755,1.0089879555557162,2.5784184326287893,1.051798626213397,0.0031544653327178276,0.012421536322779538,0.02015249677655561,0.02579551423886917,0.03445238587945645,0.03842664077298993,0.04353374402402594,0.04840737969787173,0.05322530151806986,0.053763868769997294,0.4105202257633209,0.03798358142375946,0.03416856750845909,0.033513013273477554,0.031615134328603745,0.03157266229391098,0.031444448977708817,0.030846046283841133,0.03077508509159088,0.030765291303396225,0.03067164309322834,0.030589591711759567,0.03032238781452179,0.02972932904958725,0.02969575673341751,0.029469339177012444,0.029369093477725983,0.02936386875808239,0.028826644644141197,0.028758328408002853,0.010870701369280042,0.012125013065735431,0.012935089369696205,0.012935089369696205,0.011759172154269276,0.011406396989641198,0.011759172154269276,0.012935089369696205,0.01281749764815351,0.012582314205068126,0.008858576356216188,0.008231420507988493,0.009328943242386959,0.008388209470045416,0.008466603951073879,0.008309814989016956,0.009485732204443884,0.007996237064903109,0.008466603951073879,0.007098263918577091,15.38918352,769.504055,123.26805,0.2425,0.2568
E8H3-4,0.8902439024390244,0.015605622157916494,0.014158743282348077,0.04071930549813973,0.03927242662257131,0.49374107,0.49572435,0.28881985,0.28812152,-0.0021847912528974245,0.46599904,0.48748457,0.29609412,0.28977144,0.04070889777275196,0.48237494,0.5390325,0.27812248,0.30262518,0.026430826927206302,0.5101832,0.5057429,0.29059672,0.2944638,0.004846524391762682,0.49592426,0.47397414,0.28242657,0.2870773,0.018066772098918327,4.214127410635464,2.1460122500877916,4.479481771263814,2.4134527154722365,3.1230294026693146,0.9481411361302367,3.1920222290013918,0.9856573468251847,4.239533784373511,2.1205074785655227,2.565884441134173,1.054325032025784,2.4392126843260273,1.1264033589175029,2.4211268155100285,1.1743171869759157,2.6178487045591607,1.0502726025180158,2.65939698293827,1.111176982358616,0.0031800932718078173,0.0125427905591664,0.019927491687771668,0.025902460747431202,0.03366691528220596,0.03882500471276709,0.04335472519786792,0.04779975247727627,0.053894931248241254,0.05423916814879777,0.4127312898635864,0.03529180586338043,0.03294592350721359,0.0327019989490509,0.03185504674911499,0.031320180743932724,0.031227700412273407,0.03120367042720318,0.03061296045780182,0.030333995819091797,0.030285751447081566,0.03028522990643978,0.030264604836702347,0.030264604836702347,0.030193544924259186,0.029880860820412636,0.02980140410363674,0.02978348545730114,0.02953857183456421,0.029477335512638092,0.011927181418695611,0.012345679012334054,0.01141713747644876,0.012476459510346068,0.012358757062135255,0.012947269303189315,0.01141713747644876,0.012947269303189315,0.011181732580027135,0.012947269303189315,0.008709981167600085,0.008474576271178461,0.00894538606402171,0.008788449466407293,0.006826741996227094,0.00894538606402171,0.007846829880720798,0.008709981167600085,0.00804656736859369,0.009501797637381912,16.04747677,765.933005,125.407,0.2673,0.2707
E8H4-1,0.8804257957833815,0.020463001240181893,0.019119470855725507,0.040202563042579575,0.03978916907813146,0.4940291,0.49474853,0.2889401,0.28875718,0.0018394041773594286,0.49464157,0.51605034,0.29066756,0.28764468,0.07983271669623042,0.45464733,0.52001834,0.2662253,0.28643346,-0.09385784787694827,0.5110979,0.49346432,0.27853653,0.28476754,-0.06325555669334293,0.4922078,0.49843717,0.29965872,0.29119453,0.024951007445219265,3.541628356788753,1.7457885534333442,3.5611514475723873,1.8800044105451743,3.235054294495281,0.9511065451639784,3.169764410004486,0.9760090087027435,3.806154206624505,2.0920866423336646,2.4606571087629754,0.8620593895283742,2.27398968938405,1.1262170447870925,2.243713232361918,0.9604726376533533,2.6921560068860573,1.0244966236570126,2.6018548143471105,1.1557465044906305,0.00317963575404743,0.012383724638077277,0.019947886772168622,0.02556235821466641,0.03379615710498264,0.03852461256730533,0.0437769335191917,0.047760588915917314,0.053946757044851995,0.054454678802124616,0.4253442883491516,0.035800691694021225,0.03257820010185242,0.03140442073345184,0.03139156103134155,0.03137333691120148,0.03097574971616268,0.030389349907636642,0.030074862763285637,0.029959218576550484,0.029870055615901947,0.02979562245309353,0.02955709397792816,0.029383119195699692,0.02916688844561577,0.029150696471333504,0.02897825464606285,0.02893609181046486,0.027953648939728737,0.02791687846183777,0.012484394506855626,0.01190819168346229,0.011884183232487567,0.011884183232487567,0.013396715643895076,0.012856525496963823,0.011668107173715067,0.012100259291260069,0.011452031114942566,0.01231633535003257,0.00813886488043088,0.007850763468734211,0.008282915586279214,0.008715067703824218,0.00936329588014172,0.007994814174582546,0.008282915586279214,0.00835494093920338,0.00872161546318096,0.009114481024585506,14.83619876,767.757813,121.45749,0.2695,0.2766
E8H4-2,0.8804257957833815,0.019326167837949566,0.020256304257957835,0.038238941711451015,0.04175279040926003,0.4940678,0.49676695,0.28911045,0.2887461,-0.0016107559087152363,0.4878701,0.48767334,0.29531634,0.27823976,0.032469388197962336,0.51070184,0.49040124,0.28490987,0.2859992,0.06697433054960383,0.4784443,0.47885936,0.2779311,0.29187852,-0.00583439340600797,0.49921516,0.496413,0.28663504,0.28944752,-0.010110339155586763,3.6914691584335175,2.0380883482900685,3.7490561695608737,1.808620593082597,3.2188415861459707,0.9507490248021057,3.148722154968432,0.9525392217797501,3.2500579985073657,1.7485547923794875,2.718809535192064,1.4343195502785562,2.426173104254837,1.3147841382609289,2.494131011943798,1.2262953523432165,2.6450746343010123,1.1860191412735142,2.4727004137542496,1.01572565674276,0.003295289965245165,0.012561744453979687,0.019778497050456454,0.02627672777481209,0.03412866271592258,0.03878216173724623,0.04337935026702435,0.0475756080969982,0.053868868632128065,0.053686422639520504,0.43121618032455444,0.03269927576184273,0.031987354159355164,0.03128932788968086,0.030865099281072617,0.030454471707344055,0.030430346727371216,0.029948346316814423,0.02964850887656212,0.029641946777701378,0.029618581756949425,0.029609769582748413,0.029263446107506752,0.029263446107506752,0.0292157381772995,0.02921230159699917,0.029160242527723312,0.02888503111898899,0.02883426658809185,0.028756361454725266,0.01190819168346229,0.012100259291260069,0.012748487467577573,0.013720829732053828,0.011127917026783814,0.011235955056170064,0.012424373379418822,0.013504753673281328,0.012100259291260069,0.011127917026783814,0.009075194468445052,0.008571016997975881,0.008931143762596717,0.008210890233355047,0.007706712762885877,0.008931143762596717,0.008715067703824218,0.007850763468734211,0.009271627249147325,0.007464445666686407,14.43701387,766.659717,122.3861,0.2535,0.2674
E8H4-3,0.8806324927656056,0.019636213311285657,0.019739561802397686,0.04154609342703597,0.03844563869367507,0.49487352,0.4953823,0.2891228,0.28839615,-0.000890617729948825,0.49094996,0.5222569,0.2816107,0.2879837,-0.02043439119107379,0.48576173,0.4960511,0.28086737,0.2870252,0.05788455207481392,0.48786554,0.50061136,0.2886982,0.29742905,-0.05258091690679025,0.48387095,0.48555678,0.2849782,0.28551844,0.061566839312139056,3.767564163417898,2.00923846815096,3.6896917378664953,1.9479609449038007,3.0839817009890305,0.8472972261006401,3.137761636784247,0.9692255399462935,3.4288829668000282,1.5830096319117835,2.6023014068555703,0.9660696381587923,2.6260787469732336,1.4155247842038983,2.2206090640643725,1.0687346789145211,2.627234855630224,1.0551510885386803,2.6927111791771883,1.1232739276238342,0.0031920086270503436,0.012438844429309268,0.02000567569101538,0.025461149894999716,0.0340700380271298,0.03839718485725637,0.04359611782734548,0.04755547987967535,0.054102957035019016,0.054513877064532604,0.42050284147262573,0.03579706698656082,0.03506072983145714,0.03390681743621826,0.03280406445264816,0.032629918307065964,0.03202415630221367,0.030150465667247772,0.02977832965552807,0.0297218170017004,0.029513783752918243,0.029392138123512268,0.029242299497127533,0.029171770438551903,0.028690317645668983,0.028654316440224648,0.028498312458395958,0.0284408051520586,0.028088130056858063,0.027932042255997658,0.011640211640201563,0.012987012987001743,0.012554112554101686,0.013744588744576845,0.011580086580076554,0.012121212121201626,0.012012987012976612,0.012229437229426642,0.012121212121201626,0.010930735930726467,0.008585858585851152,0.007936507936501065,0.009235209235201238,0.008513708513701142,0.007215007215000969,0.00909090909090122,0.007431457431450998,0.009812409812401317,0.0082644628099102,0.008658008658001162,15.10383466,765.500658,121.0346,0.2373,0.2404
E8H4-4,0.8803224472922695,0.020256304257957835,0.019429516329061595,0.03896238114923522,0.041029350971475816,0.4933541,0.49521253,0.2886347,0.28770888,0.004266647462635919,0.51717275,0.45762712,0.2894495,0.29008487,-0.04787767484425462,0.48378307,0.5357014,0.28779536,0.312205,-0.02493043672715968,0.49204245,0.4902666,0.29010496,0.29443997,0.00869547736708425,0.5007372,0.5127012,0.28704205,0.28818622,-0.057596057053985836,3.6558507112376657,1.9118482524532008,3.6663479080283943,1.8434528877111853,3.210860005484387,0.9331395275980691,3.1230012721802236,0.9075732755178793,3.8475605386165195,1.915924763032025,2.563842698725395,0.9732002771566544,2.4752109310362984,1.2579803338477942,2.512298999449919,1.2125463417865547,2.7560227579664707,1.1133036156186737,2.435501552321622,1.0323176200884447,0.0032754018486787656,0.012730939142800527,0.02001375435651758,0.02572997167535056,0.03434392885034561,0.03871967922043105,0.04334254175845951,0.04776025457215792,0.05369794034339266,0.05371892156519915,0.423475980758667,0.03442166745662689,0.033745259046554565,0.03231707587838173,0.030548689886927605,0.03051728755235672,0.030448151752352715,0.03034611977636814,0.030328206717967987,0.030238861218094826,0.030164463445544243,0.029858559370040894,0.029735494405031204,0.029674706980586052,0.02942168153822422,0.029365122318267822,0.02925734780728817,0.02874308079481125,0.02874308079481125,0.028649134561419487,0.01218576089041358,0.011801957397802128,0.011658031088072835,0.0125215889464486,0.0125215889464486,0.011550086355775863,0.012197754749557688,0.013277202072527394,0.012089810017260717,0.012197754749557688,0.008635578583757655,0.00899539435808089,0.007628094415652596,0.008563615428893008,0.00827576280943442,0.008347725964299066,0.007772020725381889,0.008563615428893008,0.008086041764791259,0.009970168001247474,15.20953525,770.947495,122.43676,0.2474,0.2595
E8H5-1,0.8707110376188507,0.02614716825134353,0.02315006200909467,0.039169078131459284,0.04082265398925176,0.49415505,0.49518585,0.28829584,0.2883758,-0.0024127069378161,0.49146825,0.5202988,0.29882565,0.28966373,0.0862910252418366,0.5075675,0.49708685,0.27883634,0.29883423,-0.011462849398011603,0.47754037,0.49483478,0.29116297,0.29252043,-0.03578931491032522,0.49802408,0.4924909,0.29201946,0.28384998,0.03607976467530622,3.0278315622773557,1.6793982026211607,3.4139810234758667,1.799330629485258,3.204701701882977,0.9297589180792106,3.1844907153216084,0.9116856820004633,3.2473222853806094,1.703390234525251,2.6480759977491006,1.0777785271675098,2.2397043853101075,1.0685630693698398,2.4291598900616598,1.116469281748071,2.41938116377493,0.9397882353105974,2.5793014036787993,1.0609280772397176,0.0033826287179243714,0.012650240146857518,0.020010919362878913,0.02586425174670243,0.0339014567063087,0.0386945031294261,0.043760533624516346,0.047704955649979036,0.05352861585206637,0.05383522839667355,0.42752039432525635,0.037812404334545135,0.036694660782814026,0.03551683574914932,0.03480124846100807,0.03367621824145317,0.03167619928717613,0.03147750347852707,0.031013673171401024,0.028280869126319885,0.027940455824136734,0.027775095775723457,0.027513714507222176,0.027499990537762642,0.027293747290968895,0.02695835381746292,0.026894614100456238,0.026677124202251434,0.026518547907471657,0.026458272710442543,0.012700950350820294,0.011812772004609085,0.013089528377287699,0.013089528377287699,0.01139088729015876,0.01049160671461991,0.012090327737800088,0.012889688249390177,0.01229016786569761,0.012090327737800088,0.008260058619764248,0.008393285371695928,0.00845989874766177,0.009059419131354336,0.008060218491866725,0.008326671995730088,0.008126831867832566,0.008726352251525132,0.008066274253318165,0.009301649589411938,14.83048535,756.5772,121.31367,0.2523,0.277
E8H5-2,0.8704009921455147,0.025527077304671353,0.024080198429102934,0.03896238114923522,0.041029350971475816,0.49342456,0.49665424,0.28834674,0.28875953,-0.004464687314488134,0.52202034,0.49835312,0.30316263,0.29062077,0.08502507216809971,0.5184759,0.4704663,0.28462982,0.28656638,0.05413134698287198,0.47463933,0.49611115,0.28565428,0.28494832,0.014529799769852081,0.49041593,0.48975366,0.28898022,0.28941596,-0.002092379372957494,3.418387897191059,1.704616467639157,3.280989625502112,1.828224060307315,3.1481587436866545,0.9307442470742059,3.1075056783554222,0.899668506287416,3.190242680327105,1.6022767900317325,2.683246243988102,1.1778090373811438,2.4383146267624474,1.1723735913080227,2.3142486496073436,1.0422635336744248,2.49468961577943,0.98471151518228,2.5513804067561017,1.0641277340360396,0.0035051893232559144,0.012723915484252077,0.019804710880561457,0.02591140790467137,0.033864588590139307,0.03844754538946331,0.043648604770343595,0.04775429248770641,0.05348152147124063,0.054191557031699276,0.4329735040664673,0.03367210552096367,0.032315753400325775,0.031807154417037964,0.03153908625245094,0.031403593719005585,0.03103153221309185,0.030596807599067688,0.030322568491101265,0.02951120398938656,0.029240256175398827,0.02884654328227043,0.028798907995224,0.028670258820056915,0.028655698522925377,0.028604920953512192,0.028234001249074936,0.02801068313419819,0.027937401086091995,0.02782803401350975,0.012493354598607793,0.011873117136265564,0.012061403508762312,0.011961722488028738,0.011862041467295166,0.01236044657096303,0.012061403508762312,0.012559808612430176,0.011562998405094447,0.013157894736831613,0.007841573631041062,0.009303561935133464,0.00950292397660061,0.008306751727797735,0.008439659755442499,0.008040935672508208,0.008705475810732026,0.008240297713975353,0.0074670146440421825,0.008844425112360645,14.79102439,757.834005,119.68077,0.2445,0.2474
E8H5-3,0.8708143861099628,0.023460107482430756,0.02573377428689541,0.03885903265812319,0.041132699462587845,0.49444374,0.496162,0.28847182,0.28873226,-0.004411845999137287,0.49221015,0.4697603,0.28996667,0.27527952,0.057873108897987774,0.49539623,0.48284662,0.28133565,0.2941999,0.11536989579615109,0.49082124,0.49950415,0.28966725,0.2903198,-0.004178889334070494,0.48538423,0.506686,0.29508436,0.28854495,-0.0048267265818927015,3.5227280769428377,1.8948316273269812,3.2486229997715412,1.7847701332800605,3.146475407750494,0.9361026936731947,3.1261499187502197,0.8986593879486522,3.273539849628473,1.6532622477825023,2.60321780210311,0.9904374416967354,2.4180270593285775,1.1979496927442241,2.4627458835876763,1.12257913649383,2.5622112369857546,1.0165958643242246,2.4814266217095486,1.0375762498547392,0.003340151171312424,0.012395890435182402,0.019844427547209106,0.025656290585292726,0.033552800913236626,0.03841370326489953,0.04342982440628813,0.047673781188661564,0.05430692845592671,0.054719535365324125,0.43643462657928467,0.03493814170360565,0.033118922263383865,0.032507628202438354,0.032507628202438354,0.030853452160954475,0.030632905662059784,0.030386105179786682,0.029786136001348495,0.029518168419599533,0.028739813715219498,0.028590694069862366,0.028569435700774193,0.02811233513057232,0.027967235073447227,0.027914442121982574,0.027800776064395905,0.02749565988779068,0.027078697457909584,0.027047116309404373,0.012533333333323307,0.012088888888879218,0.01219999999999024,0.0119999999999904,0.01319999999998944,0.01249999999999,0.01209999999999032,0.01109999999999112,0.0109999999999912,0.01319999999998944,0.008399999999993281,0.00819999999999344,0.0089999999999928,0.008866666666659574,0.008666666666659734,0.008533333333326506,0.00759999999999392,0.008733333333326347,0.008290909090902458,0.008436363636356886,14.35,752.010544,121.8267,0.2673,0.2699
E8H5-4,0.8707110376188507,0.022943365026870607,0.02635386523356759,0.03906572964034725,0.040926002480363786,0.4914989,0.49522206,0.28885236,0.28860447,0.005560412015498819,0.5154362,0.47755384,0.28101194,0.28423262,0.009624332932181616,0.52032524,0.51488864,0.29134944,0.2899183,-0.06170745003559154,0.5112918,0.5034078,0.29064324,0.28746647,-0.06997264066688054,0.49935326,0.49785995,0.2829526,0.29188237,-0.019706732505390914,3.2946786199203766,1.8086511320776288,3.110276199265296,1.5844543823581734,3.178132996393208,0.9786070280954395,3.1008394960615853,0.891002429152381,3.2542834728439956,1.8513932851753676,2.6158865034514487,1.0566916582049914,2.3112909884328454,1.119164224492418,2.4318762213528826,1.2028143488269152,2.627818616349526,1.0629503456012988,2.5959264168749097,1.061247098111632,0.0032598559859468284,0.012497726806656685,0.020060205767526804,0.025740287176867986,0.0342488014950841,0.0387797111206553,0.043575665416893984,0.04787635375918467,0.05320820129465616,0.054086524509860824,0.42693161964416504,0.03585052117705345,0.034761060029268265,0.03270918130874634,0.03248624876141548,0.031564027070999146,0.031042950227856636,0.030288798734545708,0.03020135685801506,0.02976599708199501,0.029615765437483788,0.02957764081656933,0.02943805605173111,0.029246652498841286,0.028292164206504822,0.02785412035882473,0.02783346362411976,0.02773681841790676,0.02756873331964016,0.027234913781285286,0.010835775823776754,0.011901589839230207,0.01129096722621,0.011690647482005044,0.011490807354107522,0.012090327737800088,0.013788968824929027,0.013389288569133982,0.013489208633082743,0.01219024780174885,0.008726352251525132,0.008060218491866725,0.008326671995730088,0.008193445243798407,0.008126831867832566,0.00859312549959345,0.00845989874766177,0.009126032507320176,0.009083642177160095,0.008066274253318165,14.93499213,755.814593,120.61651,0.2549,0.2902
E8H6-1,0.8604795369987598,0.028937577511368336,0.03059115336916081,0.041132699462587845,0.03885903265812319,0.49332535,0.4955622,0.28879786,0.28812483,0.003554917083014921,0.49381536,0.532385,0.29973358,0.28947005,-0.0519950554077614,0.49369645,0.47847,0.2817406,0.29659525,-0.04588475828320226,0.4890305,0.47759986,0.27985826,0.28689584,-0.006879890640127651,0.51206535,0.5057699,0.29095882,0.29260263,0.0015746356990490925,3.2594989901724154,1.574559545281294,3.0358343568771415,1.4600283321145942,3.1071518251827928,0.9398382719778411,3.1658822399138025,0.9529116993867547,3.0792546279125608,1.5642130177985694,2.690997820317,1.2654595504820771,2.3215558674386094,1.1146843550997854,2.403706157112002,1.1865949271224203,2.6837574465450205,1.018484576701591,2.645957283270861,1.0449281694099783,0.0032334144215677846,0.012367220123368753,0.019919720962067226,0.02582516972054061,0.034323418990156465,0.03869813766792935,0.043529715213400294,0.048067959020939646,0.05349463317267411,0.0538739440406891,0.4475270211696625,0.04111811891198158,0.030872050672769547,0.030512040480971336,0.030074506998062134,0.029602523893117905,0.02934853360056877,0.02879370003938675,0.028634948655962944,0.028456132858991623,0.02837165631353855,0.0278219822794199,0.027764108031988144,0.027712363749742508,0.027634698897600174,0.027597079053521156,0.02717813476920128,0.027160504832863808,0.026964113116264343,0.02685578726232052,0.012181069958838713,0.011769547325094163,0.01203703703702812,0.011481481481472976,0.01268518518517579,0.013055555555545885,0.011944444444435596,0.01222222222221317,0.012870370370360837,0.01175925925925055,0.008827160493820622,0.008703703703697257,0.008395061728388843,0.008395061728388843,0.007407407407401921,0.008148148148142112,0.008456790123450525,0.008827160493820622,0.009360269360262427,0.008282828282822147,14.20293522,741.870839,121.44827,0.3063,0.3079
E8H6-2,0.8604795369987598,0.030177759404712692,0.029350971475816452,0.040202563042579575,0.03978916907813146,0.49375308,0.49562532,0.2891913,0.28861907,-0.0013550480079923398,0.46738225,0.50638497,0.2873814,0.27883318,-0.032749480310555544,0.48681724,0.48314035,0.27647415,0.3049666,0.008831535261484499,0.49429432,0.49424863,0.28733385,0.28464958,0.005422995707374516,0.5220779,0.50151885,0.2857247,0.28823227,0.04158190724326856,3.0681054561239702,1.6399599495505128,2.8693579361264785,1.5067535170519966,3.1753326859125024,0.931890093366715,3.1882283345997164,0.9418854168122417,2.9321630867525386,1.4038920127170604,2.62290117362974,1.079309956090899,2.3905116522468397,1.1983901584955274,2.514156945717532,1.2230765555561087,2.619990976106954,1.0673183273413305,2.533880847830668,1.0321380874263952,0.0033085899622162032,0.01239509145016217,0.019752900658708664,0.025147958671882836,0.03396696425585983,0.038317116394155214,0.043620222690340056,0.04788343865984552,0.0542431537767078,0.05469789681345504,0.45015236735343933,0.034069932997226715,0.03211815655231476,0.03188561648130417,0.030677050352096558,0.02969694510102272,0.029304999858140945,0.029282402247190475,0.029194826260209084,0.028727663680911064,0.02872684970498085,0.028327031061053276,0.027978239580988884,0.02751593291759491,0.027495022863149643,0.027477702125906944,0.027151307091116905,0.027127839624881744,0.026597248390316963,0.026492968201637268,0.012427983539085445,0.009876543209869228,0.013518518518508505,0.012592592592583265,0.013518518518508505,0.012592592592583265,0.012407407407398216,0.011203703703695405,0.012129629629620645,0.011944444444435596,0.008888888888882304,0.007530864197525285,0.008333333333327161,0.008888888888882304,0.00876543209875894,0.008888888888882304,0.00876543209875894,0.007654320987648651,0.007609427609421973,0.009427609427602443,13.90440689,747.158761,118.89335,0.2445,0.261
E8H6-3,0.8607895824720959,0.03100454733360893,0.028214138073584125,0.039169078131459284,0.04082265398925176,0.4928636,0.4941149,0.28922954,0.2893315,-0.0035194523451037413,0.5045122,0.51522595,0.28153914,0.27994618,0.04807787386694304,0.50620925,0.5247718,0.28684944,0.2776143,0.02549344338248749,0.49906683,0.47985333,0.28156143,0.27791896,-0.00875004478598099,0.49428838,0.51094186,0.28938553,0.29619873,0.025893417758264217,2.985488407898281,1.607334947349696,3.137115757577356,1.5206416005772052,3.053655441718451,1.0038138617895302,3.1855493355686697,0.8910934757682516,2.8940357051368513,1.550663515206652,2.8151685209916306,1.25492079368293,2.3202326114789984,1.1746718528860225,2.431491090154103,1.2738326472891748,2.668404576712882,1.0537486634615378,2.492931297235391,0.9888911388355331,0.0033549820908721803,0.01236625686900118,0.01968278077222121,0.025782897645923637,0.03429445926598054,0.03871133181775593,0.04346518199257334,0.04724097516392728,0.054220521444105274,0.05421394627097274,0.4471013844013214,0.0370248407125473,0.03239843621850014,0.03127053380012512,0.03001725859940052,0.02933693118393421,0.028973473235964775,0.028956027701497078,0.028568288311362267,0.02844836190342903,0.02843557670712471,0.02823525480926037,0.02810242958366871,0.027931392192840576,0.027852114289999008,0.0276398453861475,0.02756558358669281,0.02749847061932087,0.02745106816291809,0.02719275653362274,0.010310979130570585,0.012125711457551007,0.012620638455818397,0.012713437267993531,0.013084632516694072,0.012806236080168667,0.011599851521891908,0.012063845582767584,0.012899034892343801,0.01197104677059245,0.007238307349660551,0.008599356594895868,0.008228161346195327,0.008723088344462716,0.007485770848794245,0.009465478841863797,0.008723088344462716,0.008846820094029562,0.009246136194904386,0.008233785516630183,14.28437018,753.710765,119.51836,0.256,0.2593
E8H6-4,0.860892930963208,0.027800744109136008,0.03131459280694502,0.0413393964448119,0.03865233567589913,0.49327144,0.49514723,0.28927046,0.28943154,-0.003435382684366866,0.4922024,0.49272257,0.28600678,0.28691018,0.00812462792317324,0.5205667,0.5246126,0.29158008,0.2733091,-0.015173197472879228,0.49384144,0.49652544,0.2761677,0.29162478,0.10321773772632811,0.4876418,0.4874694,0.2863851,0.2803144,-0.03328403241895634,3.1678721507036816,1.5126156521553888,2.899923983443224,1.470169373222132,3.1633645444837613,0.9749998762579647,3.110448675002175,0.9709562806845353,2.9833347113020485,1.4857727591358436,2.4690994256859824,1.0490824793036944,2.379874165652098,1.197018475527703,2.356162810188577,1.0852970787659935,2.6821389104247455,1.1054286269786837,2.6697839487209363,1.1312619798932702,0.003356439982470818,0.012414844030118322,0.019892965751696478,0.02562646906497749,0.03370051657968474,0.038222248781589044,0.04324694899273602,0.04768070329203351,0.054267426264557855,0.054924770593469056,0.45087993144989014,0.03425458073616028,0.03153488412499428,0.031068064272403717,0.03078683465719223,0.03047065995633602,0.030123306438326836,0.028945263475179672,0.028532346710562706,0.028215166181325912,0.02788718231022358,0.027679884806275368,0.02766188606619835,0.027600109577178955,0.0275945495814085,0.027539117261767387,0.027453280985355377,0.027305210009217262,0.02728111855685711,0.0271865613758564,0.01180452369158773,0.012052171041760899,0.010401188707273105,0.012722882615146565,0.012908618127776442,0.014301634472500518,0.012722882615146565,0.010772659732532858,0.012072808320941996,0.012258543833571873,0.00811045071817129,0.007429420505195075,0.008296186230801167,0.009534422981667012,0.00891530460623409,0.008853392768690797,0.008420009905887751,0.008543833580974335,0.00783466162366026,0.008780224233412362,13.99948142,743.829262,122.26173,0.2775,0.2797
E8H7-1,0.8512815212897892,0.03544853245142621,0.03327821413807358,0.038238941711451015,0.04175279040926003,0.49408382,0.49624166,0.28885615,0.2879772,0.0015870351877298066,0.49793783,0.49807283,0.28402036,0.29703104,-0.004425847266790836,0.509847,0.49726287,0.29038262,0.29194993,-0.042262111075073217,0.50313115,0.4903802,0.28356385,0.291209,0.05874792007406787,0.46561822,0.4877706,0.2897654,0.29030702,-0.049585760841492,2.755247441903481,1.519699368116219,2.92895775748748,1.443155271647416,3.2814228509915506,1.0305308354048486,3.0793508180879754,0.9467372446608634,2.9299121284462486,1.425052725143109,2.5623899269663344,0.9940290349078197,2.355969746522925,1.1366495287186569,2.5364341504931174,1.2341083985382697,2.4046857598807314,0.9732934094213846,2.561113934162061,1.0475935151563744,0.0033923316972941514,0.012317801353369616,0.02005409915406976,0.025947997113919992,0.034067324051557504,0.0386859428306744,0.04341145346195986,0.047892003598692355,0.05356617941797386,0.053998200653821826,0.4627493917942047,0.03390312194824219,0.03161050006747246,0.02939715050160885,0.029283910989761353,0.02920035645365715,0.028956197202205658,0.028750570490956306,0.02854771912097931,0.028116444125771523,0.027555471286177635,0.027414970099925995,0.02736886963248253,0.027293195948004723,0.02718234620988369,0.026911964640021324,0.026803871616721153,0.02660217508673668,0.02622031606733799,0.026131419464945793,0.011350474866797763,0.012740328932119939,0.012161223071569032,0.012856150104230121,0.012943015983312756,0.011813759555238489,0.01137943015982531,0.012074357192486397,0.012595552466982213,0.012074357192486397,0.008628677322208504,0.009265693768814502,0.008454945564043232,0.008454945564043232,0.008107482047712689,0.00816539263376778,0.00828121380587796,0.007238823256886329,0.00947627771810574,0.008781350685444653,13.10939027,729.177816,121.1753,0.2776,0.2827
E8H7-2,0.8514882182720133,0.03482844150475403,0.033691608102521704,0.03937577511368334,0.0406159570070277,0.49351832,0.49686998,0.28857192,0.28855765,-0.006223480882820739,0.4853441,0.50231355,0.28047463,0.2851262,0.14822127269936622,0.5031423,0.47395238,0.29195127,0.2941131,0.04585533506093038,0.488189,0.4860314,0.29137677,0.28578752,-0.01233677298489321,0.5071681,0.49445808,0.2912697,0.29117495,-0.01630338660132434,2.8172628094391747,1.345661451949581,2.7512891122965315,1.4967378432707623,3.205078840550568,1.0388337993155734,3.1670214455304193,0.9520304259834604,2.7515326432112426,1.4500546947594746,2.5937429345533625,1.0782881361621495,2.30696117672048,1.1089900416537783,2.369129896728864,1.0714288257950217,2.6636969804831496,1.0992722036693383,2.589049579540698,1.073529375145161,0.0034153005464480878,0.012570676718466626,0.020309555136730557,0.025717731707027965,0.03405373208634117,0.038396571956900535,0.043549897466898996,0.048032016405296155,0.05356317342910992,0.05372467788011332,0.4620429277420044,0.031369030475616455,0.03127491474151611,0.030652113258838654,0.029685743153095245,0.02918129973113537,0.029087619855999947,0.028385955840349197,0.028270628303289413,0.028089605271816254,0.027744978666305542,0.027639927342534065,0.027615182101726532,0.027240274474024773,0.0271939467638731,0.027135998010635376,0.026965489611029625,0.026912417262792587,0.026802197098731995,0.02670966647565365,0.011675558648410649,0.012139488131128952,0.01313500347946198,0.012613082811403888,0.011134307585239294,0.011917188587326433,0.011656228253297386,0.012613082811403888,0.01313500347946198,0.012004175365336114,0.00922059846902629,0.008640686615628411,0.008176757132910106,0.008176757132910106,0.008408721874269259,0.008698677800968198,0.008640686615628411,0.008988633727667138,0.007465047131012708,0.008224204466369933,14.17142033,733.235493,120.66174,0.272,0.2777
E8H7-3,0.8520049607275734,0.03503513848697809,0.03296816866473749,0.0406159570070277,0.03937577511368334,0.49176782,0.49515414,0.2888951,0.2889221,-0.0016201334510158052,0.49478382,0.5143243,0.28825843,0.29655287,-0.018455392715402533,0.52198184,0.49242866,0.2949935,0.29314828,0.03086174046670711,0.4989139,0.49249578,0.2853783,0.28473118,0.04949029981412145,0.51062673,0.49857643,0.2797909,0.2753245,-0.026575926016857664,2.6864207260366686,1.3485332449773404,2.770724106793258,1.3035580050860969,3.103517506179746,0.8718007772405184,3.225055962147362,0.9777368877132419,2.8291578371840465,1.4447530446511267,2.566759227433235,1.0398863339617388,2.4622986575168335,1.3509222501352784,2.2442289115252287,1.047966044735611,2.700870579663355,1.297441535577315,2.6893774642735675,1.1953352930454155,0.003383666669625711,0.012521194151745688,0.02018363826280452,0.02597744616759433,0.034058594986787864,0.03873684335117637,0.04356156438731517,0.04776932477577845,0.05361787499223251,0.053523185588272716,0.44782161712646484,0.03138061985373497,0.031069757416844368,0.030525920912623405,0.030357442796230316,0.030267834663391113,0.030210299417376518,0.030024250969290733,0.030024250969290733,0.029545117169618607,0.02952694147825241,0.029290268197655678,0.028666161000728607,0.028071243315935135,0.0277881920337677,0.027293656021356583,0.027118004858493805,0.02708791010081768,0.0270475335419178,0.026882950216531754,0.010940409683418802,0.011716325263803116,0.0129189944133988,0.011522346368707038,0.010824022346361156,0.01239525139663939,0.013006284916192035,0.01309357541898527,0.013442737430158211,0.012307960893846153,0.008438081936679397,0.007681564245804692,0.008438081936679397,0.00902001862196763,0.008845437616381159,0.008554469273737044,0.008379888268150573,0.008205307262564103,0.008189436262056241,0.00901472828846501,13.35684383,740.62629,118.78776,0.2652,0.2708
E8H7-4,0.8517982637453493,0.03617197188921042,0.032038032244729224,0.04071930549813973,0.03927242662257131,0.49323955,0.49549022,0.28837278,0.28844634,-0.004383668845310456,0.5211499,0.47634384,0.2852067,0.30113044,0.04414689116213055,0.49402046,0.51686716,0.29272348,0.29186592,0.10218709956351651,0.48706204,0.49799964,0.28732464,0.28513435,-0.013888058164890875,0.49017972,0.5000223,0.29456073,0.28131557,-0.012223183755272286,2.643832067138266,1.3696226803341462,2.8504437324487304,1.6216686584568285,3.1216472988657507,0.8907239793976622,3.244369924160029,1.0132597762435929,3.043112434559581,1.5682686984789493,2.665723186383086,1.001244886204686,2.280078215501965,1.0749553690637985,2.3420433598676285,1.1466616329588921,2.527279080275873,0.9951280345958735,2.576567452786862,1.0523749591473741,0.0034938617085674716,0.012546959093578716,0.02023766070487083,0.02565720199657824,0.03422812844072527,0.0385871940805631,0.04320912549813065,0.04770337925222948,0.053854438451104714,0.05381538410698487,0.4443722069263458,0.034054309129714966,0.03211437910795212,0.031011249870061874,0.03095254860818386,0.030561894178390503,0.030177395790815353,0.02965530939400196,0.029237370938062668,0.029225166887044907,0.02908884361386299,0.029076820239424706,0.028529243543744087,0.028170283883810043,0.027895448729395866,0.027894578874111176,0.02717244066298008,0.027023864910006523,0.026930248364806175,0.026856321841478348,0.01247481791413976,0.01247481791413976,0.011419107391902775,0.011854951185486852,0.011767782426770037,0.011680613668053222,0.012377963737787743,0.012813807531371818,0.012552301255221372,0.012465132496504557,0.00912366341235998,0.007612738261268517,0.008251975825191828,0.00894932589492635,0.007787075778702147,0.008891213389115138,0.008426313342625459,0.008542538354247878,0.008241409915044335,0.008938759984778857,13.90235936,738.908201,119.83628,0.2714,0.2762
E8H8-1,0.8419801570897065,0.03927242662257131,0.03875568416701116,0.037308805291442745,0.042682926829268296,0.4947654,0.49745047,0.28846323,0.28939644,-0.003867637457110305,0.4844031,0.48030776,0.30015758,0.27377197,0.08768157189875238,0.47629267,0.48476836,0.28198597,0.28756362,-0.008817069631392031,0.50260115,0.48927182,0.28146103,0.28898376,0.041727675310426475,0.4940058,0.4923462,0.29300216,0.28752723,-0.034040953848072396,2.7273935320453226,1.3031372247850561,2.740862900002897,1.3113621023148831,3.1410361978270336,1.0250800509548004,3.1528550817697996,0.9147374174053715,2.654353795529197,1.3055289840366424,2.697719885057574,1.233818228818551,2.276592899010701,1.0569412340211028,2.423081326648336,1.1980582419543748,2.4613237003403694,0.986856444546415,2.490576865742509,1.033680327699304,0.0034294803406203327,0.012453203499311389,0.01997555913331911,0.025784467764565916,0.03416807298637648,0.03869545257631305,0.04331206072714811,0.04794935955877123,0.05346213282123898,0.054103543925668726,0.4679025411605835,0.0338890366256237,0.03338983282446861,0.03202906623482704,0.031262703239917755,0.03011244349181652,0.028233414515852928,0.027920272201299667,0.027700381353497505,0.02759706601500511,0.027242979034781456,0.027172919362783432,0.026820223778486252,0.026224268600344658,0.026171987876296043,0.025594765320420265,0.02537320926785469,0.025371629744768143,0.025012217462062836,0.024978993460536003,0.012353753360939527,0.013225783009947022,0.012671680837140176,0.011854153041195649,0.011690647482006742,0.012099411379979006,0.011690647482006742,0.011854153041195649,0.012671680837140176,0.011690647482006742,0.008066274253319338,0.009646827992145423,0.00833878351863418,0.008665794637011991,0.00872029649007496,0.008502289077823086,0.008502289077823086,0.00872029649007496,0.008086093108978598,0.007372614305245193,13.17528419,720.099954,120.37984,0.2888,0.2993
E8H8-2,0.8409466721785862,0.041029350971475816,0.038032244729226956,0.03844563869367507,0.04154609342703597,0.49432433,0.49561846,0.28856695,0.28913692,0.004375446234608391,0.49247402,0.5038851,0.27821398,0.28552848,-0.04379695028393848,0.48999205,0.4693948,0.2929356,0.28313679,0.014364637193007724,0.4997377,0.5073127,0.28790534,0.2909268,-0.04267509265044254,0.48495328,0.5041108,0.2969283,0.28349397,-0.021453200432204483,2.5966618891936313,1.2963490412446068,2.636331597243509,1.3128856587128024,3.171459505660039,0.9337837709236011,3.0753010151651887,0.9292035237298761,2.614578978198005,1.3251099250117226,2.7018480006604557,1.1198989028531698,2.335790393410929,1.052765394608163,2.4809818868317324,1.223479787432688,2.4813888770380608,0.9556994374932091,2.575564302144962,1.10998194731536,0.003436267495473872,0.012400053339077542,0.01987778170982516,0.025504028638981633,0.033953656547628205,0.03830284287025782,0.043302099200426714,0.0481077449366342,0.053859646423460986,0.05458921217156719,0.47034868597984314,0.03106309100985527,0.029745135456323624,0.029329365119338036,0.028622563928365707,0.02840474620461464,0.02832881733775139,0.028124574571847916,0.028005460277199745,0.02796485275030136,0.027795976027846336,0.027754738926887512,0.027454039081931114,0.027227221056818962,0.02705622836947441,0.0268404483795166,0.026744281873106956,0.026730665937066078,0.026252873241901398,0.026206279173493385,0.012345679012337657,0.01205689119918356,0.012264457439888068,0.012914230019484786,0.012508122157236836,0.01169590643274094,0.012183235867438478,0.011858349577640119,0.01128979857049299,0.012833008447035197,0.008501191249723738,0.00806800952999259,0.00806800952999259,0.009421702404152422,0.008392895819790951,0.008122157244958985,0.009205111544286848,0.00817630495992538,0.008269832831230966,0.008506113769266138,13.52642762,721.753651,117.85935,0.2611,0.2653
E8H8-3,0.8417734601074824,0.041029350971475816,0.037205456800330716,0.042786275320380325,0.037205456800330716,0.49442422,0.4962387,0.28885978,0.28920364,0.004683023854282715,0.49136817,0.5080903,0.2852889,0.28929263,-0.12032304361603423,0.48678863,0.48262712,0.29188544,0.28707123,0.042913570660744964,0.49955815,0.5007574,0.2883679,0.2847221,-0.015678489056086296,0.48550135,0.47879001,0.2844288,0.28060105,-0.0031984001223430425,2.517577394036502,1.3529855165926299,2.7431444133577463,1.366318189197104,3.071248846247369,0.8776839266779614,3.1919566448034504,0.9776795089084874,2.5678446569031546,1.1502392761165936,2.6033688728595057,1.111334769664172,2.3972306141276216,1.134033057114674,2.350950557305622,1.2250752037659418,2.748881444898199,1.1446909926093838,2.7237684782000318,1.1729327634191347,0.0034134326331917535,0.012254740339921001,0.019889709922874525,0.02556712760936884,0.033790397134785335,0.038509726343554235,0.04333637180556364,0.048313001428728436,0.053890860663421324,0.05436796545192426,0.47524458169937134,0.03006739541888237,0.029072435572743416,0.02900381200015545,0.028797287493944168,0.02837182581424713,0.028046222403645515,0.027829652652144432,0.02758556790649891,0.027437541633844376,0.02735007368028164,0.027310000732541084,0.027168873697519302,0.02704850770533085,0.02689243108034134,0.02677019126713276,0.026706809177994728,0.026564065366983414,0.026401497423648834,0.026331208646297455,0.011902169968785316,0.012773060454306194,0.012491835401690077,0.012328543435654912,0.012410189418672495,0.01224689745263733,0.012573481384707659,0.010777269758320851,0.012165251469619748,0.01224689745263733,0.00838232092313844,0.008001306335723057,0.008872196821243933,0.008817766165898877,0.009089919442624151,0.00860004354451866,0.008654474199863713,0.007674722403652727,0.008669318924048729,0.007956772163168011,13.68744184,728.158973,119.5756,0.2868,0.2897
E8H8-4,0.8415667631252584,0.03937577511368334,0.03906572964034725,0.03978916907813146,0.040202563042579575,0.49232617,0.49528036,0.2885232,0.28833476,0.0076358562638762575,0.4898534,0.4825615,0.29241025,0.28805733,-0.09991340142466493,0.51167893,0.51432604,0.30153367,0.2834235,0.016364031968601037,0.5198606,0.51063174,0.28351703,0.2929799,-0.023318404963556246,0.48789895,0.48603547,0.27785566,0.295402,-0.06488921412775649,2.7370877041977506,1.230284618842936,2.576028712575492,1.259483344156991,3.1474418203707377,1.0642232032531405,3.1476928442858987,0.9428387588164099,2.601579050742176,1.173091385238174,2.624605987805115,1.178837831033026,2.293661328864389,1.109022703449307,2.4952804330555587,1.3087127261410358,2.7520636485967964,1.1386465845214926,2.632531055133147,1.0442985514395688,0.003350050936446987,0.012653135856646553,0.019943578089491418,0.025852205939973356,0.03393934644620328,0.03835383851840242,0.04346576809549931,0.04799258156361831,0.05381500927304547,0.053967818614006215,0.4608934819698334,0.03432025760412216,0.03285110741853714,0.03216581046581268,0.03010491281747818,0.029469918459653854,0.029354987666010857,0.02806457132101059,0.027859238907694817,0.027786487713456154,0.027662234380841255,0.027031652629375458,0.026932695880532265,0.026759592816233635,0.026742449030280113,0.026680639013648033,0.02639651484787464,0.026362121105194092,0.026285646483302116,0.026275675743818283,0.011379285351880668,0.011524244400949213,0.012638617090663641,0.012475538160461529,0.012312459230259419,0.011986301369855195,0.011986301369855195,0.012230919765158362,0.011741682974552027,0.013861709067179477,0.008697542944112614,0.007882148293102057,0.008643183300711909,0.008643183300711909,0.008806262230914021,0.007555990432697833,0.008480104370509797,0.008153946510105575,0.009191721520482648,0.00877661151633182,13.82522731,717.269016,118.04448,0.2813,0.3005
E8H9-1,0.8315419594873915,0.04402645721372468,0.0444398511781728,0.03937577511368334,0.0406159570070277,0.49433592,0.49693185,0.2888743,0.28905633,-0.006487956822529166,0.5020325,0.49114746,0.28902632,0.27726114,0.09517855897055578,0.48667046,0.48356327,0.28559086,0.28846246,-0.023632966486453372,0.48588437,0.49944392,0.28452763,0.296466,0.03143719986742679,0.49190092,0.48660886,0.29068342,0.28475106,0.028115683502852457,2.5537818783865256,1.1904475014778368,2.4606047072074815,1.2727305604563548,3.167281569576947,0.9542456061549156,3.189677550593895,0.978914013009228,2.480225630129457,1.1692990064016748,2.5458244975622204,1.0757672983476623,2.354267167195419,1.1402408123552201,2.3839417098731803,1.1814786038556935,2.586045411660506,1.0301486970976415,2.5844694637567525,1.1237325343499924,0.0034690323730649517,0.01238613666799212,0.019768685469827647,0.025650957754589955,0.033879054631546716,0.03844272897213347,0.043383472048922955,0.04787744580493891,0.05392425717458968,0.05455156243572692,0.4722539484500885,0.03028598241508007,0.02914760634303093,0.028872136026620865,0.028679773211479187,0.028352031484246254,0.028348859399557114,0.028214087709784508,0.027513450011610985,0.027450093999505043,0.02741195820271969,0.0274066049605608,0.027404023334383965,0.02740033157169819,0.027387486770749092,0.02706066705286503,0.026898575946688652,0.026720784604549408,0.026702165603637695,0.02648939937353134,0.012338104976134216,0.01199727334695924,0.01211656441717048,0.01203987730060611,0.012499999999992331,0.013343558282200402,0.012423312883427962,0.01150306748465552,0.01134969325152678,0.012346625766863592,0.008895705521466936,0.008742331288338194,0.0075153374233082725,0.008844580777090688,0.009509202453981897,0.007975460122694494,0.008435582822080715,0.008844580777090688,0.00836586726156765,0.007529280535410886,13.32292702,713.120442,118.47102,0.2713,0.303
E8H9-2,0.8315419594873915,0.045576684580405126,0.042889623811492354,0.03927242662257131,0.04071930549813973,0.49508923,0.49477792,0.28877285,0.28816208,-0.0046064490472950016,0.4659311,0.5081671,0.28805017,0.29482767,0.05584467812972592,0.495886,0.50069433,0.2836739,0.29579052,0.009659011224745623,0.50137997,0.50245315,0.2925212,0.28622317,0.030334581966575323,0.49167392,0.4903424,0.28665572,0.28618348,-0.005389452073397264,2.460276758964012,1.2146534240281672,2.5000165741552616,1.1690956328840292,3.161653099606097,0.8907431515098413,3.0949859989436024,0.9108738156119284,2.481936556946864,1.2896201684959143,2.6299398301547776,1.1584126601198743,2.3169631553658445,1.1621112676310967,2.4533059116738154,1.1545983425685193,2.60941825384059,1.070118331771495,2.573672211149766,1.0599904577910637,0.0034731603680995763,0.012451649404782522,0.01985289872643089,0.025903217984689458,0.033929128130520625,0.03830175389980025,0.04364081425288949,0.047712078700336,0.053817820730425944,0.054250811135358575,0.46888211369514465,0.0364556647837162,0.03338287025690079,0.032088685780763626,0.03070978820323944,0.03024083934724331,0.028673211112618446,0.027837250381708145,0.02720925584435463,0.027110150083899498,0.02700881101191044,0.026870878413319588,0.02638811431825161,0.026242753490805626,0.02613925375044346,0.025890227407217026,0.02506667748093605,0.024782629683613777,0.0246756412088871,0.024345196783542633,0.01192910702112424,0.013019768234484173,0.01188650306747737,0.012730061349685441,0.012806748466249811,0.012730061349685441,0.010736196319011819,0.01203987730060611,0.012346625766863592,0.01165644171778426,0.008333333333328221,0.008435582822080715,0.008333333333328221,0.008384458077704467,0.00848670756645696,0.008026584867070741,0.008435582822080715,0.008640081799585702,0.008756274400440809,0.008979364194082611,13.22185015,715.498491,117.56315,0.2609,0.2815
E8H9-3,0.8328854898718479,0.041649441918148,0.0454733360892931,0.039169078131459284,0.04082265398925176,0.49310875,0.49449503,0.28822428,0.28894666,2.0909910049739698e-05,0.52526784,0.49697188,0.294893,0.28312507,-0.04968412529525438,0.49099225,0.52488446,0.28760785,0.28507167,0.04432247354775273,0.48828754,0.49467823,0.28860584,0.28945988,0.006320782881681529,0.4867243,0.4889938,0.29025823,0.28994182,-0.004481391941914324,2.5808663982848588,1.1572072563737834,2.4974467265257836,1.2708393192840608,3.126353801109532,0.8756763145782303,3.1327898711212825,0.8806253693378476,2.399248559128221,1.1620267223184668,2.6255179585989006,1.0753061148519232,2.2899422352265195,1.0314343735876177,2.370310489036895,1.0659144619091767,2.6490958701538774,1.1049558517741949,2.5344810884512485,1.0266343904476072,0.0034660318331053513,0.012564218876921291,0.019994444034193804,0.025932529007650588,0.03423014123171308,0.03855066654007504,0.04342913271842623,0.04769573937128503,0.05370180873646319,0.053768620983499715,0.4800998270511627,0.03427394852042198,0.02884201519191265,0.02884162962436676,0.028837095946073532,0.028401244431734085,0.027943048626184464,0.027446812018752098,0.02727961540222168,0.027076827362179756,0.026996051892638206,0.026522139087319374,0.026435604318976402,0.026258399710059166,0.026169538497924805,0.026056792587041855,0.025979408994317055,0.02578762359917164,0.025388048961758614,0.025364253669977188,0.011681440252861601,0.01312444169586215,0.012136672850951059,0.011440940012361508,0.011286332714897164,0.012909709338272783,0.012368583797147576,0.011363636363629337,0.012291280148415405,0.013296227581933644,0.0075757575757528905,0.008915687487110545,0.008400329828896063,0.007936507936503029,0.008761080189646199,0.008503401360538959,0.009276437847860683,0.0075757575757528905,0.009332658683302263,0.008545566987120144,13.36230987,715.994727,117.46067,0.2722,0.3036
E8H9-4,0.8320587019429516,0.044956593633732944,0.04299297230260438,0.040099214551467546,0.03989251756924349,0.49401075,0.495798,0.28879318,0.2895691,0.004757108169308459,0.5090272,0.48472628,0.2854599,0.28453097,-0.09558823370441892,0.48548898,0.4957831,0.29143068,0.27890065,0.0632535469044942,0.50352025,0.5001311,0.29040164,0.29029366,-0.020802136135752925,0.47399846,0.5030517,0.28307223,0.28267553,-0.037929506004313066,2.483929582236111,1.1958653061663505,2.4329579106758454,1.163939116284991,3.0703270965961944,0.9310778447030489,3.184458007373081,0.9772830304253003,2.426799277138783,1.1813986371005554,2.609743589115772,1.1430134637787406,2.474970504080354,1.2552571167771145,2.388322259039778,1.2070519786996843,2.595127213731082,0.993211251802052,2.5896168958302663,1.0971226673728902,0.0035082431727395916,0.0123387869218905,0.019838184709630943,0.025463018459090096,0.03381521730444085,0.03854957605398562,0.04365496605349472,0.04792924605308373,0.054104347687105356,0.05413174691787195,0.4742063581943512,0.03054727055132389,0.03006344847381115,0.029445895925164223,0.029283897951245308,0.02889312617480755,0.028628306463360786,0.028139488771557808,0.02753765694797039,0.027501055970788002,0.027411004528403282,0.027173923328518867,0.02694805897772312,0.02684011124074459,0.026794208213686943,0.026693088933825493,0.026291729882359505,0.02626488171517849,0.025674918666481972,0.025661500170826912,0.013264957264949103,0.011008547008540235,0.012307692307684734,0.01115384615383929,0.012307692307684734,0.01284615384614594,0.013076923076915029,0.011999999999992616,0.012692307692299882,0.011307692307685349,0.007948717948713057,0.008871794871789412,0.008358974358969215,0.008615384615379314,0.00902564102563547,0.008205128205123157,0.00907692307691749,0.008051282051277097,0.008727272727267357,0.007832167832163011,13.46409069,716.055457,119.82496,0.2823,0.2894
E8H10-1,0.822964034725093,0.04516329061595701,0.05188094253823894,0.041649441918148,0.038342290202563044,0.4946705,0.49435097,0.2880868,0.28796616,-0.007345532217195958,0.48867,0.4936974,0.29546314,0.2911026,0.02151595835306824,0.4852541,0.50960565,0.2871129,0.2887273,0.042700906315786234,0.49866852,0.49444842,0.29566684,0.29171702,0.04409416129558691,0.49010584,0.51119286,0.28673503,0.29629144,0.026092133048031756,2.544443185056606,1.2352363652431035,2.3722148107113483,1.190135115454099,3.0861760612913534,0.9071448945207784,3.3011143497163498,0.9987606101044738,2.285198875743795,1.185271440062914,2.6154808755043035,1.1615468737789525,2.43725713056906,1.1168798951029775,2.4849755782913796,1.2425859653446587,2.582873732554369,1.02074026668846,2.6513378262859324,1.1228224755278768,0.0035090943853433513,0.012708583549086654,0.020236974784589985,0.02572033088161507,0.034267014407145795,0.03850919473572463,0.04337882902724566,0.04766643110735061,0.053511048576978776,0.0538258318782528,0.4841274917125702,0.03059198707342148,0.02909267321228981,0.028653794899582863,0.028299538418650627,0.028074519708752632,0.02778150700032711,0.02776464819908142,0.02707263082265854,0.027048783376812935,0.027048783376812935,0.026950472965836525,0.0269284900277853,0.026440219953656197,0.026304282248020172,0.02627752721309662,0.025822700932621956,0.02560160867869854,0.025399930775165558,0.024718407541513443,0.01271323863267079,0.012453784783024448,0.012405137186215758,0.011894337419724522,0.01167542323408542,0.012551079976641826,0.010945709281955082,0.01298890834792003,0.011456509048446318,0.012769994162280928,0.008659272231946687,0.008561977038329309,0.008172796263859795,0.007832263086198969,0.008270091457477173,0.008075501070242417,0.008756567425564065,0.009145748200033579,0.00780130552459344,0.009499548904096775,12.39052769,691.627085,120.83918,0.294,0.3007
E8H10-2,0.8225506407606449,0.04681686647374948,0.05064076064489458,0.041029350971475816,0.03896238114923522,0.49345273,0.49664488,0.28867757,0.2887405,0.0012265401874047887,0.50837237,0.5080069,0.2926434,0.29421625,0.018137791356888904,0.4946242,0.48976132,0.27766383,0.28336716,-0.02299983235032926,0.47757572,0.4807454,0.2893241,0.28953248,-0.036411024332194376,0.5022643,0.48604056,0.2954938,0.2852211,0.013684747334484614,2.4121158513328393,1.25484385566046,2.338559525296626,1.1643148811909898,3.2111634049776296,1.0091602437747933,3.2864089958095297,1.0657651874632703,2.400485219183445,1.1724060963016032,2.5205937702101076,1.0021092453508895,2.498714954866,1.159146255793536,2.311801737132958,1.1286895388581468,2.6379139644727636,1.1332550723013477,2.5272416514374534,1.0363430002084268,0.003495858640490208,0.012560845968779724,0.020051971626973027,0.025840757111388793,0.034351421863311304,0.03865441561967047,0.04358011567209799,0.047660344280945184,0.053398360034067525,0.053739242515609104,0.475684255361557,0.031140463426709175,0.030616329982876778,0.030426355078816414,0.02999349683523178,0.028915198519825935,0.028907230123877525,0.02757267653942108,0.027282580733299255,0.026747744530439377,0.02661714144051075,0.026589814573526382,0.026406459510326385,0.026397446170449257,0.026397446170449257,0.026277244091033936,0.026173941791057587,0.026128334924578667,0.025978628545999527,0.025747252628207207,0.011777648353063741,0.012618908949711153,0.012740244612689144,0.012012230634821193,0.010337798485724905,0.012376237623755169,0.012740244612689144,0.01324985439719671,0.011793826441460807,0.012303436225968373,0.008250825082503445,0.009027373325562593,0.00849349640845943,0.008736167734415413,0.008153756552121052,0.008978839060371396,0.00834789361288584,0.008105222286929855,0.007994917138768045,0.008630274792180075,12.73070845,711.719631,114.48774,0.2485,0.255
E8H10-3,0.823170731707317,0.05002066969822241,0.04681686647374948,0.041132699462587845,0.03885903265812319,0.49387103,0.49404916,0.28810266,0.28929457,0.0008596772548509181,0.46606028,0.49635804,0.28830388,0.2877183,-0.11525908771677953,0.52705544,0.5133012,0.2980071,0.28168097,0.03420009325261449,0.48967397,0.5115408,0.28394338,0.2798758,0.08132942486329868,0.4949403,0.49346375,0.29019746,0.2927536,-0.0013922303797330657,2.365838600441344,1.1570471597497163,2.364300832555079,1.19672746620398,3.1223417068874437,0.9268346489186885,3.2063478089250816,0.9979626610661246,2.420185747588012,1.2398907396804806,2.4635458963999044,0.9733809849956119,2.3508787859919265,1.119059673747489,2.363363375778282,1.0773348687256186,2.5784776799329605,1.0220614399239274,2.5983486709888695,1.051364876514508,0.003538266646197355,0.012655464940560671,0.019890739829833186,0.02572658222031454,0.03404276206201157,0.03829641024677008,0.04339807275169159,0.04764754352600595,0.05384577627251754,0.05429171483743085,0.4769369661808014,0.031054915860295296,0.02993529848754406,0.029299065470695496,0.028984591364860535,0.028927970677614212,0.028438284993171692,0.028437074273824692,0.027910925447940826,0.027403974905610085,0.02734762243926525,0.026890186592936516,0.02668270282447338,0.02657213993370533,0.02639700286090374,0.02616187185049057,0.025984574109315872,0.025697408244013786,0.025600003078579903,0.025337517261505127,0.013117734917844142,0.012403402818357579,0.01022793687901214,0.01285797779075812,0.01190824079484985,0.01212741087082868,0.01190824079484985,0.0124926943307934,0.012273524254814568,0.0124926943307934,0.007646600428594791,0.008425871809852858,0.008231053964538342,0.0083284628871956,0.009156438729782296,0.008571985193838746,0.008523280732510118,0.008571985193838746,0.008554274480628336,0.008766803039153262,13.06460162,695.379309,117.23323,0.3053,0.3072
E8H10-4,0.822964034725093,0.04878048780487805,0.0482637453493179,0.040202563042579575,0.03978916907813146,0.49171624,0.49446273,0.28897488,0.2890991,-0.002693551272038406,0.4943417,0.4954216,0.28575924,0.28411347,0.010128825655859323,0.5223534,0.5061881,0.2800867,0.2860029,-0.004389959093787148,0.5059565,0.5035728,0.28770372,0.2884932,0.06481489829898175,0.49189103,0.50253135,0.29453915,0.2881222,-0.02195097675188877,2.4122533430145854,1.1712009969329134,2.363124873026647,1.237445968974652,3.0730593286873145,0.8640241459795781,3.2039155085454185,0.9628775655865826,2.419514705118421,1.1367211761877603,2.6347309342733958,1.1483841362200289,2.3083253680314733,1.1321676054488523,2.272310989757923,1.1885368721442144,2.5681646595921506,1.0480078392430394,2.4982740406447905,0.9975623659107647,0.0034946062184221553,0.012320700651042873,0.01979796357331208,0.025624709769555738,0.03405336224569121,0.038522010150214524,0.04340457428921213,0.04778982116141601,0.05411285498207907,0.054212730292387545,0.49808555841445923,0.028750235214829445,0.028231341391801834,0.02793320082128048,0.02731277234852314,0.027249155566096306,0.026899827644228935,0.026856638491153717,0.02640584670007229,0.02601776272058487,0.02590079978108406,0.02584756538271904,0.025833632797002792,0.025813251733779907,0.02569790743291378,0.02564024180173874,0.025585409253835678,0.025490330532193184,0.025305796414613724,0.025142671540379524,0.010572744373088463,0.012518648245436033,0.01204028021015059,0.01167542323408542,0.013061879743133064,0.01262405137185486,0.012769994162280928,0.011164623467594182,0.012551079976641826,0.013134851138346098,0.008172796263859795,0.008075501070242417,0.008318739054285863,0.008513329441520619,0.008172796263859795,0.00909710060322489,0.008659272231946687,0.008561977038329309,0.008809637531173545,0.008385076686297711,13.45159761,708.26317,118.0622,0.285,0.2963
E9H1-1,0.9002687060768912,0.004030591153369161,0.005787515502273667,0.04412980570483671,0.045783381562629184,0.49370992,0.4956241,0.28905416,0.28847927,-0.0028652243509535353,0.42682928,0.46132118,0.25383165,0.31693155,0.11084428269632593,0.5331011,0.48501816,0.27430037,0.27710417,0.009729298253195517,0.4997144,0.5100425,0.28750935,0.28834575,-0.021566894530443855,0.4930353,0.48911506,0.28542435,0.29080874,0.06393044980910143,8.346378098932018,5.528900601424952,7.668863639886845,4.921813157621466,3.030051743693898,0.891833631789303,2.9946891201124726,0.8339628041800373,7.512492686280948,4.629713653172318,2.5137159398111275,0.8996873357698166,2.3164282352546723,0.8583264725493595,2.605701867101389,1.3937218649813854,2.5003619420018492,0.9810585473224602,2.4215027980888055,0.9884703401559372,0.002881656496114328,0.01263821519845616,0.020067282115474885,0.025413341678401917,0.034022453450164296,0.03859594221040004,0.04368121838001356,0.048078678349762684,0.053773535701246544,0.054181009753298905,0.39927881956100464,0.03685498237609863,0.03610917925834656,0.034900836646556854,0.033906444907188416,0.03385106846690178,0.031549811363220215,0.030892135575413704,0.030849289149045944,0.030696222558617592,0.030567552894353867,0.03056497499346733,0.03033425845205784,0.030301351100206375,0.030234886333346367,0.03020050935447216,0.030037909746170044,0.029641887173056602,0.029634585604071617,0.02959323860704899,0.01255037420839229,0.010247553252723982,0.013082901554390588,0.012305699481852533,0.012435233160608876,0.013082901554390588,0.01269430051812156,0.011787564766827163,0.012564766839365218,0.011398963730558136,0.009240069084619095,0.00846286701208104,0.007685664939542986,0.007685664939542986,0.008808290155431288,0.008117443868730794,0.008981001727106409,0.00941278065629422,0.008384361752228713,0.00791333019311474,15.9820878,781.949295,124.73508,0.2458,0.2538
E9H1-2,0.9001653575857792,0.00413393964448119,0.005787515502273667,0.04371641174038859,0.04619677552707731,0.49286634,0.49615094,0.28883582,0.28846675,0.0026593415437765997,0.5057927,0.45741525,0.2795183,0.28476018,-0.09915127591480774,0.4483885,0.43734866,0.28533155,0.27953568,0.01644876270510842,0.5050741,0.5105581,0.28162104,0.28471187,-0.006728924412826226,0.5081574,0.48494673,0.29181373,0.296079,-0.041108150499070135,8.22334292329792,4.502958046200964,6.776124899969301,2.945066561947581,3.0072862406393095,0.8343753265393279,2.98721933700889,0.8235959821249895,6.381232528082874,3.966090193444554,2.332378853599514,1.0653679567557008,2.1745140543762753,0.9982427697309166,2.37176641825044,1.0605300831468563,2.426661917508563,0.9376401660396212,2.361546466482171,0.9415175307134994,0.0030313446272199037,0.012501841394549473,0.019972174482363533,0.02575333497012849,0.03453637777232179,0.03900810213601768,0.043253948768311644,0.04843276863900483,0.053762173663965955,0.053081266879450036,0.3991899788379669,0.03525412455201149,0.03468110039830208,0.03396910801529884,0.03323820233345032,0.03307253494858742,0.032490912824869156,0.032002151012420654,0.03197362273931503,0.03176972642540932,0.03152553737163544,0.03131711110472679,0.03111032024025917,0.0306240301579237,0.030030226334929466,0.029688432812690735,0.029563548043370247,0.029559647664427757,0.02950523979961872,0.029434479773044586,0.011042097998608306,0.012192316540130007,0.012810559006197918,0.010740165631458862,0.012551759834355537,0.012292960662513154,0.0116459627329072,0.013457556935803874,0.013198757763961491,0.012163561076591963,0.008195307108342103,0.009316770186325759,0.008799171842640995,0.008540372670798612,0.008540372670798612,0.008367839889570359,0.007591442374043211,0.008454106280184484,0.008187464709195364,0.008752117447760561,14.88026266,785.578749,125.90182,0.2489,0.2598
E9H1-3,0.9003720545680033,0.00434063662670525,0.005374121537825548,0.046403472509301366,0.04350971475816453,0.49384364,0.4948931,0.28876027,0.288515,-0.0015613538553803418,0.4997096,0.5133172,0.28897536,0.30649474,-0.0491313355817338,0.52392125,0.5555737,0.28439605,0.25829238,0.13130650440633215,0.49799013,0.5076441,0.28720394,0.29480696,-0.004437279712365819,0.4864724,0.49194816,0.28815374,0.28571635,0.02456106654620424,8.715371830104662,3.9903942466842173,7.056846932396672,3.528584896629761,2.997850497066579,0.8478831053079304,3.0540998372270525,0.9053963733088193,6.883122562433708,3.4954058256165506,2.2518442171811395,0.8732301843621727,2.3003011032659804,0.8965784569971604,2.2695669267339733,1.1531848055903873,2.392313388114782,0.9746350989594497,2.5049513394867056,1.0029169431321698,0.00291202902135378,0.01276939566328634,0.02002803198944678,0.026145601451067688,0.03423860169840877,0.03815978233984665,0.04353862643251711,0.04771704180064309,0.053811526094484294,0.054012696842278836,0.4017646312713623,0.03395964950323105,0.03325159102678299,0.03245774656534195,0.03240121901035309,0.03222671523690224,0.03209574520587921,0.031865619122982025,0.03169666603207588,0.031565070152282715,0.031565070152282715,0.03147484362125397,0.03118668682873249,0.030970463529229164,0.030766446143388748,0.030550118535757065,0.030498575419187546,0.030056919902563095,0.030033733695745468,0.029612421989440918,0.012217611802661371,0.012102351313957016,0.01257780082986247,0.011540456431523299,0.012966804979239662,0.011799792531108091,0.012318464730277678,0.011410788381730902,0.012448132780070075,0.01257780082986247,0.008471645919769911,0.008298755186713382,0.0077800829875437965,0.008558091286298176,0.008298755186713382,0.00803941908712859,0.008558091286298176,0.008644536652826442,0.0090531874764146,0.009147491512627252,15.54830962,780.917119,125.58265,0.2525,0.2568
E9H1-4,0.9001653575857792,0.00434063662670525,0.005580818520049607,0.04588673005374121,0.04402645721372468,0.49327236,0.49688262,0.2879352,0.28894272,-0.0037558225484815807,0.5566202,0.4634786,0.29812285,0.27296808,0.042857511119399845,0.47312555,0.4121155,0.30269662,0.30384108,-0.02047783779054992,0.49425948,0.50475264,0.29233977,0.28804782,0.017005907561457204,0.5028627,0.47728178,0.29568088,0.28054172,0.059639668770117754,7.342326954435769,4.168446854630656,6.993904646023048,4.0313725291771165,2.9575114284374844,0.8307003596957272,3.0335493029703917,0.7883668488842511,7.175067141854474,3.912048797701091,2.4052833761350523,0.9387643725424564,2.1124054234709897,0.8533577897731637,2.065135960416992,0.889251944360058,2.643857657451971,0.9082023463674784,2.487581025150707,1.027221439882074,0.003065935891047999,0.012595914299950174,0.020066434147151636,0.02558711177545258,0.03445607042019598,0.039053313403089186,0.043511044676963956,0.048197973758511876,0.053217073575817966,0.05358246138515197,0.3938884139060974,0.04151708260178566,0.03593556955456734,0.03547322377562523,0.034165091812610626,0.03329335153102875,0.03296928480267525,0.032548245042562485,0.03160758689045906,0.031177867203950882,0.031094707548618317,0.03046008013188839,0.030262082815170288,0.02995285764336586,0.029927512630820274,0.029702864587306976,0.02937130257487297,0.02906714379787445,0.028804944828152657,0.028780760243535042,0.012537382102586515,0.011962272831825665,0.012163561076591963,0.0116459627329072,0.011387163561064817,0.0116459627329072,0.011516563146986007,0.013069358178040301,0.012034161490670773,0.013975155279488638,0.008885438233255123,0.009230503795711631,0.008367839889570359,0.008281573498956231,0.008712905452026867,0.008626639061412741,0.008799171842640995,0.008626639061412741,0.007340485601347568,0.007716920760391033,15.55408746,790.3017,124.9259,0.2422,0.267
E9H2-1,0.8901405539479124,0.010231500620090947,0.009714758164530797,0.0434063662670525,0.046506821000413395,0.49317113,0.49486881,0.28877032,0.288781,0.0007045928095847719,0.50468093,0.5050505,0.28608346,0.2774955,-0.018444566744029344,0.47444212,0.48088714,0.27201775,0.29341936,0.012944355551998375,0.50447154,0.5033293,0.28700793,0.2883178,-0.029535754598839312,0.499729,0.50687385,0.29143807,0.28772458,0.012264879162325517,5.011747366707377,2.617648811815411,5.491394779342601,2.6384852953929028,3.1649161111618067,0.8673832073288292,2.987644181387562,0.8410205578666786,5.029475876486487,2.8457532925009295,2.4481279595202174,0.8567042786680273,2.121213844242928,0.9823941630723407,2.344662621007938,1.0581013515934714,2.460355649015842,0.933906845059749,2.3507517181649993,0.887835611940644,0.0030075797495034656,0.012646426979044221,0.020064042803291313,0.025954899814897382,0.03409401051166687,0.0387553537891992,0.04338697255887479,0.04814019158796427,0.05353113642197992,0.053752719116911894,0.4192192554473877,0.03605309873819351,0.03452930971980095,0.032661404460668564,0.03151770308613777,0.03150997310876846,0.03125784918665886,0.031019244343042374,0.03054671548306942,0.030427897348999977,0.030192455276846886,0.030037473887205124,0.02974821999669075,0.029333021491765976,0.029128098860383034,0.028681527823209763,0.02868020348250866,0.028597822412848473,0.02844008058309555,0.028418662026524544,0.012125013065735431,0.011079753318689274,0.012699905926610819,0.011759172154269276,0.012229539040440048,0.010700846660385042,0.013287864534324283,0.01364063969895236,0.012582314205068126,0.011994355597354662,0.008388209470045416,0.007525870178732337,0.008231420507988493,0.008701787394159265,0.009250548761358498,0.008388209470045416,0.008074631545931571,0.008466603951073879,0.008808688959198075,0.008979731463260174,15.12103812,779.549903,123.91772,0.2456,0.2593
E9H2-2,0.8901405539479124,0.009818106655642828,0.010128152128978917,0.04454319966928483,0.04536998759818107,0.4932391,0.496756,0.28859195,0.28849107,-0.00391464437415556,0.49974325,0.4442462,0.30199134,0.28845966,0.08147125218297234,0.5258835,0.46039432,0.2918691,0.3060603,0.17215998557051776,0.49069098,0.51211214,0.28439656,0.28827134,0.03616619670710091,0.5016667,0.4792672,0.28979105,0.2860524,-0.01176646908090127,5.51774740507223,2.5353792190410047,4.754570506397991,3.0163124725968644,3.051862491859388,0.8353060869262559,3.062334448166069,0.8904777100954211,5.29728063928956,2.8157222009314986,2.697077641164779,0.9997281670811046,2.1818665727595206,1.0143628260564126,2.4291609857467873,1.1982952888179317,2.4349648327614393,0.9997588168085765,2.417526246868916,0.9610141956365549,0.0029454280652559043,0.012637625398067539,0.01999576119208321,0.02576162683274099,0.03417403023682981,0.038486202136793934,0.04374938863347354,0.04786320606040845,0.05384101209690567,0.053879052680774295,0.4183718264102936,0.03475220873951912,0.033786069601774216,0.03335785120725632,0.03308885544538498,0.03294309601187706,0.030728956684470177,0.03030090220272541,0.030218401923775673,0.030173730105161667,0.030048800632357597,0.029939845204353333,0.029691943898797035,0.029679104685783386,0.029362360015511513,0.02885768748819828,0.028857609257102013,0.028812339529395103,0.028573719784617424,0.028454642742872238,0.011184279293393891,0.012334065015144663,0.012699905926610819,0.012582314205068126,0.011406396989641198,0.011641580432726584,0.01317027281278159,0.011171213546555812,0.012582314205068126,0.013287864534324283,0.008780181875187728,0.008780181875187728,0.009328943242386959,0.008388209470045416,0.008388209470045416,0.007917842583874646,0.00815302602696003,0.008231420507988493,0.008723167707167027,0.008038997690918632,15.4120948,774.435864,123.30498,0.2429,0.2598
E9H2-3,0.8902439024390244,0.009301364200082679,0.010541546093427036,0.04702356345597354,0.042889623811492354,0.49491045,0.4943096,0.28874764,0.28844383,0.0009913784485461575,0.46531165,0.54096043,0.27885062,0.28284794,-0.11453225077036383,0.54316115,0.49077767,0.26480648,0.30084124,-0.01696843244696288,0.486572,0.51395047,0.2871662,0.28620028,-0.031904804298996794,0.4751102,0.4974066,0.29390013,0.2926185,0.046516037788094114,5.338568411946587,3.2845968093291122,4.879736055745473,2.5633043064439445,2.9681900317268424,0.7988739474466889,3.137466455182766,0.8915483494855235,5.370277548029349,3.2666848896462297,2.493092684770811,0.9165393721482042,2.2442871440436396,1.047143041047295,2.142642305061237,0.9005802223431261,2.4252499938780785,0.9499874697513534,2.488723880812719,0.9674315349123211,0.0030285467057411778,0.012693773928376095,0.0200352105969203,0.026168493862635134,0.03448135117264349,0.038870430989678996,0.04339828518406652,0.04770845408064696,0.05334922436007325,0.05359956245255141,0.4257369637489319,0.032297588884830475,0.032201141119003296,0.032106444239616394,0.03209272027015686,0.03119191713631153,0.030545976012945175,0.03029884397983551,0.03012213297188282,0.029931139200925827,0.029740488156676292,0.029666241258382797,0.029636848717927933,0.02954922989010811,0.029513031244277954,0.02923896722495556,0.0292359609156847,0.028977015987038612,0.02897593006491661,0.028941351920366287,0.011822557020286001,0.013705796191658992,0.012947269303189315,0.012476459510346068,0.0108286252353947,0.012358757062135255,0.012241054613924444,0.012358757062135255,0.011299435028237948,0.011770244821081195,0.008003766478335212,0.008709981167600085,0.007846829880720798,0.008082234777142422,0.007846829880720798,0.008474576271178461,0.009102322661636124,0.008709981167600085,0.008902585173763232,0.009159390515314093,15.14783323,778.997542,124.31537,0.2442,0.26
E9H2-4,0.8902439024390244,0.008887970235634559,0.010954940057875156,0.04433650268706077,0.045576684580405126,0.49385712,0.49562302,0.2889315,0.28911963,-0.001533764025864225,0.4431367,0.4791092,0.29141346,0.27670014,0.02899448195259491,0.4897607,0.48504955,0.29572612,0.29495302,-0.08194444788702318,0.5078174,0.50025684,0.28744864,0.27699274,0.0047190004455719805,0.49214646,0.49994236,0.2808171,0.29143527,0.0387350011616372,6.007682378243569,3.306207533730329,4.699597692587278,2.821515787506616,2.98330222765787,0.8848115626704217,3.0456881613556432,0.8821595051268026,5.419666963293696,3.0593738160803077,2.5298041715932693,1.118594494929673,2.3760727467196787,1.2643038989134014,2.458908352342734,1.0688540405790479,2.476371123243777,0.9465135745232656,2.3731228246400664,0.953457183078976,0.0030272049074266364,0.01220999270488879,0.020098830119756973,0.02573523538714676,0.034302997385474744,0.03842180652513086,0.043874502787584466,0.047961362535077774,0.053770827010016134,0.0539305739708302,0.40254178643226624,0.03649211674928665,0.03408965840935707,0.03402017056941986,0.03320268541574478,0.033099930733442307,0.03303951770067215,0.03214701637625694,0.030886534601449966,0.03084895759820938,0.030804680660367012,0.030777091160416603,0.03055182471871376,0.030299872159957886,0.03023364022374153,0.03011716529726982,0.02944907359778881,0.02942175231873989,0.02911880984902382,0.028857657685875893,0.011299435028237948,0.012868801004382107,0.012829566854978504,0.012947269303189315,0.011064030131816324,0.011064030131816324,0.013418079096032563,0.012711864406767692,0.01259416195855688,0.011181732580027135,0.008317639673564045,0.008003766478335212,0.009023854362828918,0.008160703075949629,0.008474576271178461,0.009337727558057748,0.008239171374756837,0.008082234777142422,0.009244992295831048,0.007875363807559781,14.98377694,768.626999,124.84562,0.2485,0.2623
E9H3-1,0.8805291442744936,0.016122364613476645,0.01343530384456387,0.04505994212484498,0.044853245142620915,0.4949903,0.49735615,0.2885492,0.28839064,-0.0012260439723913654,0.49491867,0.4340504,0.28340906,0.28216565,-0.06113757255410464,0.4835835,0.4719687,0.2934391,0.3093731,0.003005032070369249,0.47068694,0.49611256,0.29243866,0.2904321,0.037909014253763425,0.49859503,0.49343905,0.28621668,0.28536788,0.0046277594090188435,4.088363218175473,2.3417950689562566,4.57637973262224,2.3896850622394865,3.07359186134716,0.8324309741601618,3.0599857006736673,0.8893061294385731,4.501304486212378,2.169379321454189,2.3692271523592763,0.8891618831066189,2.27301634574237,1.1685238440182923,2.1506487987406504,0.9911619707029243,2.4807371852045397,0.907119669540098,2.4708821526419156,1.0591532504501595,0.003124416764016673,0.012488450487441273,0.020117465167130952,0.026124363768747078,0.03383863170822187,0.03872341307969337,0.043642756583510176,0.04759205623950175,0.053804023493033426,0.05387775604203677,0.42950931191444397,0.0324428454041481,0.03201169893145561,0.03115214966237545,0.03108186647295952,0.03091348521411419,0.03067483939230442,0.03027166798710823,0.030223127454519272,0.029749082401394844,0.029661603271961212,0.029541922733187675,0.029449958354234695,0.029449958354234695,0.029387569054961205,0.029293585568666458,0.029195131734013557,0.028980908915400505,0.02864379622042179,0.02836531028151512,0.011822376009216993,0.014321414840433595,0.01157006920414224,0.01221885813147732,0.013192041522479938,0.01167820069203142,0.01157006920414224,0.0117863321799206,0.01157006920414224,0.01200259515569896,0.010164359861582904,0.00792964244520652,0.008506343713948813,0.0085784313725416,0.0085784313725416,0.0085784313725416,0.006992502883500296,0.009443483275655038,0.008178672538527056,0.007706826045919725,15.02922186,759.558051,121.16252,0.2419,0.2636
E9H3-2,0.8803224472922695,0.012608515915667631,0.01715584952459694,0.047333608929309635,0.04257957833815626,0.49362612,0.496483,0.28785473,0.2891879,0.0006677464769288276,0.47590962,0.471242,0.3122947,0.28362092,-0.0703226644605601,0.5431237,0.46936902,0.28825888,0.2696227,0.03574812460512454,0.4989349,0.5020539,0.29184547,0.2857837,0.022679415576468537,0.47951692,0.49177223,0.29216427,0.28900835,-0.026323552676805684,4.768234402418261,2.5093281110370693,4.065955969786591,2.127966873711196,2.966471113945595,0.8457735943626642,3.021357032029437,0.9017478903894389,4.2343117607752205,2.3252246098670004,2.340414783390125,0.8950682467159249,2.430419056343361,1.0217058689731566,2.2378334837155474,1.145154316061932,2.6416673384939413,1.1734629774651275,2.534597268503533,1.1133607434294208,0.0031654888103651354,0.012556132214369846,0.01995454210836278,0.025784010600706713,0.03405200971731449,0.03865301089517079,0.04357378165488811,0.047802101737338044,0.05404796083627797,0.05374429475853946,0.42231643199920654,0.037198521196842194,0.03437376394867897,0.03198428079485893,0.031180815771222115,0.031105557456612587,0.030946120619773865,0.030720336362719536,0.030544834211468697,0.03039798140525818,0.03026106022298336,0.029578473418951035,0.029404854401946068,0.02936178259551525,0.02899283356964588,0.0287175215780735,0.02839692495763302,0.0282659400254488,0.02813347615301609,0.02811840921640396,0.012281711763566442,0.012665515256177894,0.012089810017260717,0.011658031088072835,0.012413644214151628,0.011658031088072835,0.01090241796199404,0.011873920552666775,0.012737478411042542,0.013601036269418307,0.008347725964299066,0.008851468048351597,0.008563615428893008,0.008347725964299066,0.008923431203216243,0.00827576280943442,0.009427173287268774,0.008635578583757655,0.007379494426120178,0.007850525985234233,14.62970767,763.471287,121.35515,0.2456,0.2766
E9H3-3,0.8805291442744936,0.01312525837122778,0.016432410086812732,0.045576684580405126,0.04433650268706077,0.493964,0.495335,0.2889961,0.28876415,0.004320477244449925,0.4791627,0.5090084,0.30262893,0.27808595,-0.025830843446167907,0.48926213,0.48944676,0.27067846,0.30417836,-0.002181565067199191,0.50732815,0.4955609,0.27773225,0.28286728,-0.06439508133214576,0.4849622,0.50288415,0.29443818,0.2895493,-0.013326037229254711,4.678086827739917,2.8473899656313764,3.912894586583285,2.1376994875195425,2.997284102532319,0.9333612870447019,3.116832323357982,0.8881738408483926,3.751292215166719,2.040594812516812,2.473688037639067,1.0456892070009305,2.1735345792937966,0.9842056789314475,2.333562853343189,1.087848899023599,2.422671459455547,0.9640566051349423,2.4188117174482624,0.9378212013458205,0.003177970935140191,0.012572719184176306,0.019848059681062215,0.025740880158784476,0.033686948189720074,0.038797253211051035,0.04344215545365364,0.04824903611434308,0.05390231104419045,0.05391599936121187,0.42957913875579834,0.03375349938869476,0.03366214036941528,0.03159315511584282,0.030890582129359245,0.030729617923498154,0.03058497980237007,0.030236031860113144,0.030189936980605125,0.02991916798055172,0.029787827283143997,0.029398486018180847,0.02937493287026882,0.02937493287026882,0.0290459543466568,0.028820134699344635,0.028774987906217575,0.028414463624358177,0.027949802577495575,0.027920253574848175,0.012302960399835569,0.011630142252969563,0.011353806228363881,0.013732698961925837,0.013624567474036658,0.011353806228363881,0.012543252595144858,0.011245674740474701,0.01211072664358814,0.01211072664358814,0.00792964244520652,0.008650519031134386,0.008362168396763238,0.008794694348319958,0.008434256055356026,0.009155132641283892,0.008434256055356026,0.007352941176464228,0.008729160113235608,0.008965083359539272,14.59798152,767.67765,120.7701,0.2436,0.259
E9H3-4,0.8805291442744936,0.014572137246796197,0.014985531211244315,0.045576684580405126,0.04433650268706077,0.49406132,0.4946984,0.2882763,0.28876087,0.00168253966545477,0.44724098,0.49146533,0.29527515,0.2864842,0.07712236467911776,0.46198487,0.56849796,0.283626,0.26559943,-0.15381281335026847,0.51037,0.48597178,0.2923775,0.2885681,0.01615395565743153,0.49994314,0.5037928,0.28938937,0.29160944,-0.01861874784283455,4.079856446299092,2.292483499929694,3.904873433390536,2.226849797567168,3.0305994681377726,0.836552810777447,3.054682085815963,0.78589776899606,4.388575701776745,2.311544978841506,2.511459086991865,0.9173382280155735,2.4072339470954347,1.048256526441848,2.222607650064408,1.0126857732063186,2.3984470179536874,0.9317411428296372,2.4537468400907767,1.0441444133143845,0.003179510641886818,0.012618682859988307,0.019968990528478107,0.0254453278985884,0.03396022376730418,0.03860471242296734,0.043739067543804924,0.048023088423207655,0.053772087316386726,0.054021641930720864,0.41329604387283325,0.03670429065823555,0.03584219887852669,0.03523578867316246,0.03301373869180679,0.03263849392533302,0.032393280416727066,0.03136584907770157,0.030834851786494255,0.030105140060186386,0.03003610298037529,0.029615361243486404,0.029469376429915428,0.029469376429915428,0.02882937155663967,0.02876916155219078,0.028355393558740616,0.0282173752784729,0.0279354490339756,0.02787335030734539,0.01355247981544387,0.011245674740474701,0.012867647058812399,0.011137543252585522,0.011029411764696342,0.012326989619366499,0.01221885813147732,0.013408304498258297,0.0117863321799206,0.012326989619366499,0.008073817762392094,0.008217993079577665,0.007857554786613733,0.008362168396763238,0.009155132641283892,0.008434256055356026,0.008938869665505533,0.008145905420984879,0.008886442277438051,0.008729160113235608,14.32898197,764.036283,121.67698,0.2778,0.2862
E9H4-1,0.8704009921455147,0.018602728400165358,0.02108309218685407,0.04350971475816453,0.046403472509301366,0.49562123,0.49657777,0.28870928,0.28908545,-0.00026967427892269545,0.45813006,0.5053672,0.2903108,0.28366408,0.007588442736056938,0.47184363,0.4499003,0.2923933,0.28377143,0.09484989377814221,0.4860958,0.5021539,0.29008776,0.28187227,0.0012218830035011937,0.49334562,0.4914688,0.28234997,0.2894137,-0.046520701460689706,3.8553638623610054,2.0200529530795177,3.4857788781158203,1.8085669023656796,3.0833593720315386,0.8574236222200224,3.02438627093514,0.8867201020687926,3.3784169060217764,2.0062871424587096,2.3833357072466566,1.0180263126411557,2.2823053477868402,1.1604472650746116,2.4299830422113957,1.1012853732746024,2.4379447194663526,0.9115565526875968,2.352354581554355,0.8791138858549231,0.003213850961053864,0.012669318384468066,0.019715366782194724,0.025875570855915582,0.03403037845130376,0.03831615919611081,0.04321059446550829,0.04825040900033341,0.05374380684329278,0.054307878393152056,0.4351239502429962,0.03496921807527542,0.03496921807527542,0.03420795127749443,0.031322579830884933,0.030514473095536232,0.030514473095536232,0.029784444719552994,0.02907758206129074,0.029048321768641472,0.02896795980632305,0.02894596755504608,0.02889573574066162,0.028208333998918533,0.028207141906023026,0.027805529534816742,0.027728579938411713,0.027592724189162254,0.02747192792594433,0.026643872261047363,0.01258195995037097,0.01382243487505543,0.011463317384360875,0.012958532695364467,0.011961722488028738,0.012061403508762312,0.011862041467295166,0.012260765550229457,0.011064593301426583,0.01166267942582802,0.00950292397660061,0.007442849548106771,0.007974481658685827,0.008572567783087263,0.008971291866021554,0.009237107921311083,0.008904837852199171,0.008373205741620118,0.008699434536748173,0.0069595476293985385,14.13122731,740.741868,123.41599,0.2787,0.2812
E9H4-2,0.8705043406366267,0.019429516329061595,0.020152955766845806,0.04454319966928483,0.04536998759818107,0.49347603,0.49478325,0.2890897,0.28908843,-0.0009642577054548649,0.50674623,0.51140463,0.28536198,0.29380372,0.062368704477048995,0.46554095,0.50486743,0.29049903,0.27785406,0.005407006107961915,0.5110916,0.49069962,0.28688723,0.2818123,-0.031081978277284233,0.49230516,0.50878346,0.28124,0.28905547,0.020998342407738225,3.7663967989197515,2.122673906842305,3.6286574206986586,1.9708189603539457,3.0851076994493343,0.8340069300458854,3.057689794435409,0.9113109035444416,3.639976899078358,1.997480882587757,2.3710000816747456,0.9400413616615598,2.123532400835949,1.0164464246035172,2.288014036232454,1.1573032205788805,2.4399272553839375,0.9476481624087376,2.3485234343345787,0.9275277613025309,0.00322180916976456,0.012333938503213165,0.019590213538514742,0.025638069988376894,0.03401246842069873,0.03867323708250483,0.04370671354331768,0.04805433080698923,0.05383514404003727,0.054267408239916236,0.43663692474365234,0.03755545988678932,0.03335243836045265,0.03257495537400246,0.030220024287700653,0.030167965218424797,0.030019501224160194,0.029773611575365067,0.029102053493261337,0.029100753366947174,0.029065771028399467,0.028933608904480934,0.028614653274416924,0.028284737840294838,0.02806130424141884,0.028052918612957,0.02778078429400921,0.027739278972148895,0.027598844841122627,0.02736450545489788,0.011439212556521864,0.011793916821840372,0.012869114126087097,0.01047486033518717,0.014265762170778719,0.012869114126087097,0.012869114126087097,0.011771747805257964,0.011572226656016303,0.012170790103741284,0.008113860069160856,0.007847831870171976,0.008313381218402516,0.008645916467138618,0.007980845969666415,0.00964352221334692,0.008113860069160856,0.008379888268149737,0.009867227744314842,0.00790829282448763,14.38198003,755.106216,120.57547,0.2498,0.2659
E9H4-3,0.8706076891277388,0.019842910293509715,0.019636213311285657,0.044749896651508886,0.04516329061595701,0.49400958,0.49563092,0.28945506,0.28925744,0.0013733542386426712,0.44740853,0.48075566,0.2873671,0.29219624,0.07639862400802776,0.4977535,0.5074041,0.26869872,0.28226358,-0.07760224467429204,0.5070129,0.49604648,0.28656712,0.28638542,-0.03052793617740373,0.49760005,0.49955398,0.28213558,0.28024712,-0.004263821030463044,3.734523542427015,1.9341235511358574,3.7105633482978857,2.0222794997503404,2.98397655184264,0.8536266135308425,3.102909457019689,0.8956332124226576,3.782381551951614,2.0106088950338976,2.4489498692248524,1.0193639543150976,2.11698800932278,1.0396450203716523,2.3067255952886674,1.1192413674299477,2.3812639203570174,0.9021045770428825,2.373678744404782,0.9852563370868077,0.0032184249119783614,0.012280231224428074,0.019620598680293616,0.025502022928424285,0.03390759011875075,0.0387124017781227,0.043813947649237336,0.0478693152097207,0.05409312508678525,0.05431567574559226,0.43141618371009827,0.03601868450641632,0.03098573535680771,0.030971812084317207,0.03089471533894539,0.03088352456688881,0.030573327094316483,0.030449535697698593,0.0303876381367445,0.0303876381367445,0.02978741005063057,0.029619717970490456,0.029499029740691185,0.029425663873553276,0.02878650464117527,0.028316626325249672,0.02814764529466629,0.028043244034051895,0.027764689177274704,0.027640623971819878,0.012069577564775592,0.011714589989341016,0.012280351437689872,0.012080670926507922,0.012180511182098898,0.01287939297123572,0.014277156549509364,0.012080670926507922,0.011481629392962076,0.010982428115007202,0.008253461128853898,0.008186900958459914,0.008852502662399746,0.00851970181042983,0.008386581469641864,0.008386581469641864,0.009052183173581694,0.00898562300318771,0.007841998257327457,0.008205053732203729,13.92183655,744.115809,120.84383,0.2562,0.2658
E9H4-4,0.8707110376188507,0.020256304257957835,0.019119470855725507,0.0444398511781728,0.0454733360892931,0.49387708,0.49547455,0.28940842,0.28855377,-0.00382355943212746,0.49545795,0.5055344,0.28077146,0.28637552,0.1114348190288077,0.5132498,0.50174075,0.2912603,0.29336303,-0.03627476681348123,0.50198525,0.5011037,0.27815536,0.28692877,0.031225269139291193,0.47766078,0.4891949,0.2857619,0.29126754,0.009443357184632219,3.429557336700062,1.9855019785786763,3.611010247937993,1.9996106688864783,3.0185409792598215,0.9175503956852622,3.0428081266384273,0.8623174773457108,3.8086067454551027,1.7611523260685737,2.52631700585135,1.054808203006567,2.131681712208118,1.118861673838373,2.293135321180109,1.1417935719377477,2.4210242487812406,0.908365605524404,2.4029410554044124,0.8801769671800419,0.003124579124579125,0.012529100529100529,0.019794131794131795,0.02579124579124579,0.034177970177970175,0.038518518518518514,0.04390764790764791,0.04784415584415584,0.053860509860509866,0.05378547378547379,0.4226863980293274,0.037192512303590775,0.03473092243075371,0.03346855938434601,0.03314216807484627,0.033054422587156296,0.03187311068177223,0.031308017671108246,0.03038429096341133,0.02976524829864502,0.029484612867236137,0.029329610988497734,0.02880994789302349,0.028674272820353508,0.02835725247859955,0.028095118701457977,0.02761676348745823,0.027527742087841034,0.02734513208270073,0.02715395763516426,0.011546318500745723,0.011368682831503479,0.013589128697031504,0.012490007993595132,0.011990407673851327,0.01318944844123646,0.011890487609902566,0.01219024780174885,0.012490007993595132,0.01139088729015876,0.00852651212362761,0.008060218491866725,0.009392486011183539,0.007793764988003362,0.008393285371695928,0.00859312549959345,0.00845989874766177,0.008193445243798407,0.008938303902325534,0.00842961994040457,13.99783124,755.819925,120.77353,0.2453,0.2725
E9H5-1,0.8605828854898718,0.02532038032244729,0.024183546920214963,0.04454319966928483,0.04536998759818107,0.4939032,0.49646544,0.2884634,0.28803626,-0.004666515956947864,0.4771528,0.47104806,0.29512534,0.28468823,0.0579632062895398,0.49577862,0.48775896,0.2779212,0.29179984,0.004405853812467399,0.49861354,0.48861536,0.29088387,0.2897898,0.011620765119140767,0.497611,0.50750935,0.29167372,0.2988201,0.037299348954983866,3.240476575397761,1.7194343318199896,3.196727968126855,1.596922373512977,3.09191396501977,0.8679245882681096,3.0206737951910227,0.8920780075563021,3.4538695396061683,1.825379328571623,2.422445142992583,0.9153589340642487,2.280183477823793,1.0344810595469751,2.2283997645924605,0.9871197644334787,2.5098597172156847,1.0293583238466384,2.425539722623856,0.9256869152746404,0.0033394687954498457,0.012558043351568815,0.02008979308623999,0.025862938219827283,0.034004816081405105,0.0385303602832225,0.043741230476327206,0.04799503694095088,0.05341441030347465,0.05379723579486706,0.4555317759513855,0.03141728416085243,0.031315386295318604,0.03088117204606533,0.029775096103549004,0.029756439849734306,0.02930545061826706,0.028872637078166008,0.028693852946162224,0.028528252616524696,0.02829546481370926,0.028099851682782173,0.027966290712356567,0.02795734629034996,0.027747375890612602,0.027507975697517395,0.0273719672113657,0.026996741071343422,0.026989806443452835,0.026989806443452835,0.012272465200550989,0.012437196277068453,0.011767976278716258,0.011675315048175185,0.013250555967373425,0.011953298739798404,0.011767976278716258,0.012509266123044841,0.01121200889546982,0.013065233506291279,0.009389671361495386,0.008586607363472755,0.008339510748696561,0.007536446750673929,0.009019026439331095,0.00840128490239061,0.008339510748696561,0.007783543365450124,0.008760698160246893,0.008625918188550786,13.70595422,739.021225,119.85041,0.2504,0.2571
E9H5-2,0.8605828854898718,0.025630425795783382,0.023873501446878876,0.04609342703596527,0.043819760231500623,0.49306837,0.49776,0.28810573,0.28918597,0.00010382456193465457,0.5209481,0.48390514,0.297203,0.26591575,0.03954756360664023,0.5182663,0.4804828,0.30377242,0.30131885,-0.09119817033270751,0.49644536,0.48574904,0.28925294,0.29062593,-0.02110815726221846,0.47851473,0.4823313,0.28345272,0.2809906,0.05850270100760187,3.20454932014456,1.5479619618731588,3.2629845882915522,1.7451568036175142,2.9757719858006686,0.8222963109810808,3.1015923561328016,0.8837806586506601,3.473997967326078,1.7250196989379436,2.3484480801693493,0.9250726223839842,2.3876674874020862,1.1659879247105216,2.1441300233739407,0.9803815590411836,2.369324727967435,0.9333535333894265,2.4198017082634973,0.9308774284810345,0.003306011067289729,0.012604694569467579,0.020087519006610335,0.025676854716086387,0.03382290648832095,0.03827817408283085,0.043438859046471476,0.04774730532252593,0.05397961715075512,0.054391391882974975,0.4381031394004822,0.03330720216035843,0.031642667949199677,0.031551167368888855,0.030158568173646927,0.030033407732844353,0.029988214373588562,0.02980826608836651,0.02972162514925003,0.029587751254439354,0.02956375852227211,0.02953805960714817,0.029120594263076782,0.02898682840168476,0.028811290860176086,0.028651591390371323,0.028596529737114906,0.027937019243836403,0.02777630090713501,0.027116073295474052,0.011448809817963673,0.012601927353585915,0.011582653817634112,0.013157894736832352,0.013250555967373425,0.009729429206812655,0.012509266123044841,0.011767976278716258,0.012694588584126988,0.013250555967373425,0.009327897207801339,0.00790709167283822,0.008710155670860852,0.009327897207801339,0.008895478131942998,0.008648381517166803,0.008339510748696561,0.008524833209778707,0.007075948514045567,0.00781723835837415,13.36382213,732.40159,121.18702,0.2719,0.2745
E9H5-3,0.86099627945432,0.024080198429102934,0.025010334849111204,0.04681686647374948,0.04309632079371641,0.49313173,0.49565846,0.28829098,0.28852728,-0.0030748918391260266,0.49837744,0.5099294,0.29231727,0.28823888,0.054692576288505206,0.510129,0.5135523,0.2850993,0.2955538,0.06820601629912916,0.4852474,0.48591313,0.29215363,0.28912959,-0.04436409903418152,0.5067848,0.49030605,0.2913143,0.28634143,0.03648961735740018,3.3383456381454013,1.7992839267893803,3.1833577258594636,1.652231809658447,3.035449109529085,0.8740558610703586,3.0501866392101515,0.8981498853662462,3.40656048920178,1.836814200168737,2.443652347385024,0.9485820155963297,2.3707323844257955,1.1891016463630344,2.174134666524866,0.9772188258691047,2.4754043209025447,1.1356622825284972,2.547738637115033,1.0893723106503663,0.0033489355534525238,0.0124289161146209,0.01983954438106931,0.02558934615614156,0.034331704904894664,0.03894586967457008,0.04334518419998125,0.047983221219019365,0.05362559787195949,0.0538950132576242,0.43604642152786255,0.03716278448700905,0.03345426917076111,0.0316542349755764,0.03133706375956535,0.03097386844456196,0.030153222382068634,0.03001256100833416,0.029641779139637947,0.02946627326309681,0.02913247048854828,0.028999492526054382,0.02891496568918228,0.028184674680233,0.02783762477338314,0.027790352702140808,0.027693767100572586,0.027221105992794037,0.027221105992794037,0.027101974934339523,0.012308963238322118,0.011813300289127937,0.011988847583634209,0.012453531598503752,0.011710037174712484,0.011524163568764666,0.012918215613373295,0.011059479553895123,0.013940520446086289,0.012267657992555935,0.008488228004950318,0.00855018587359959,0.007868649318457595,0.009479553903338676,0.008674101610898136,0.008178438661703957,0.007682775712509778,0.008426270136301046,0.00851639067251817,0.008921933085495225,13.96704627,738.202117,119.50323,0.2523,0.2637
E9H5-4,0.86099627945432,0.02532038032244729,0.023770152955766847,0.04371641174038859,0.04619677552707731,0.49423108,0.49511218,0.28887388,0.28885657,0.0008792180059845912,0.481334,0.4940159,0.27927327,0.27848345,-0.07324284312661591,0.48197243,0.5069639,0.27845103,0.2892959,0.05527543469966073,0.48405698,0.48351166,0.29292312,0.2942305,-0.005110950797031263,0.5101217,0.5146741,0.28979558,0.28389496,-0.005829620834993788,3.369481758044021,1.7123980167948278,3.3378614305406913,1.9093552818289168,3.1365386163898346,0.930922786091127,2.9650582765069573,0.8303094344654482,3.581221883656608,1.7541067916023656,2.394670038052593,0.9369099779660658,2.1895572799300966,1.0230617011870433,2.263996749900698,1.0836598711953283,2.585520663923221,1.0943909685657152,2.482929105441624,1.0259420778900594,0.0031885843964753855,0.012417633848153347,0.0197392566254878,0.025481738872783224,0.034269706428011054,0.038845510224009,0.0434280480947619,0.0478910561386142,0.05407967083842597,0.05399212786661145,0.4500715732574463,0.03149895742535591,0.030250485986471176,0.02996951900422573,0.029666224494576454,0.029495470225811005,0.029339930042624474,0.029258616268634796,0.02897747792303562,0.02881813980638981,0.02878355048596859,0.028753548860549927,0.028597373515367508,0.028496962040662766,0.02839655987918377,0.028190257027745247,0.02818894200026989,0.028098709881305695,0.027925387024879456,0.027222326025366783,0.011978521272192663,0.012969847170581021,0.011617100371738574,0.011431226765790758,0.013475836431216746,0.011710037174712484,0.011524163568764666,0.013475836431216746,0.012453531598503752,0.01124535315984294,0.00799256505575614,0.008240396530353229,0.008426270136301046,0.008983890954144497,0.00855018587359959,0.008054522924405413,0.008859975216845952,0.008488228004950318,0.00851639067251817,0.008651571476843855,13.83132674,748.899177,119.54851,0.2663,0.2757
E9H6-1,0.8511781727986771,0.028420835055808186,0.03048780487804878,0.046610169491525424,0.04330301777594047,0.4928704,0.49485207,0.28865844,0.28766835,-0.0021432673173648912,0.52674055,0.48705703,0.2805917,0.28801888,0.06376852952516482,0.5134353,0.5213444,0.29864138,0.28898165,-0.008360574242911445,0.49786383,0.5033448,0.2842518,0.29788217,0.014852794237292329,0.47462016,0.49320415,0.28892437,0.29718044,-0.011577620938805638,2.9717074301240385,1.579945466469748,2.952008104809283,1.5712094057120247,2.961912833171348,0.8902149000389853,3.029126144731546,0.9105866619896955,3.0105764067723655,1.6331989437587464,2.356267482280048,0.9326423396821675,2.26565207600434,1.0311082905596587,2.207528174832685,1.0158268076215493,2.5986152644911797,1.036492812913449,2.4696460458196983,1.011335566406781,0.0034359470216545614,0.0127124043384078,0.020122476820099988,0.02565417163244961,0.034354972903690044,0.03873685472929925,0.04365391678472113,0.047644532391895845,0.05333663136276075,0.053681425348354364,0.44649744033813477,0.03263126313686371,0.03233163431286812,0.0303586944937706,0.029634535312652588,0.029533861204981804,0.029494840651750565,0.029467299580574036,0.029444966465234756,0.029390951618552208,0.029282433912158012,0.02907947450876236,0.02907748892903328,0.02897363156080246,0.028542988002300262,0.02775057777762413,0.027318613603711128,0.027261098846793175,0.02709486335515976,0.026833374053239822,0.012345679012337107,0.011033950617276288,0.012934027777768796,0.011718749999991862,0.011111111111103395,0.012934027777768796,0.012065972222213844,0.0128472222222133,0.012586805555546815,0.01249999999999132,0.008912037037030848,0.008275462962957216,0.008043981481475896,0.007754629629624244,0.00937499999999349,0.007754629629624244,0.007928240740735235,0.008796296296290187,0.008333333333327546,0.0096590909090842,14.11064725,730.176435,119.20593,0.2526,0.2646
E9H6-2,0.8513848697809012,0.027697395618023975,0.03100454733360893,0.04526663910706904,0.04464654816039686,0.49624142,0.49674925,0.28887305,0.28887734,0.0037484792819279136,0.48703128,0.5022451,0.2796,0.30652112,-0.0703936377614754,0.45943087,0.48980224,0.29205218,0.2898762,0.04565681757989315,0.4854661,0.48968732,0.28783402,0.2810204,0.008633950862713433,0.48605463,0.4832274,0.28655356,0.27938884,-0.07399520639548036,3.0698282855554324,1.727098930320507,2.8066019575460373,1.4397865994301906,3.0376101003294536,0.8621162990453709,3.092413976701164,0.9036622302237288,3.0832858393571856,1.739807610735076,2.5217768504716735,0.9237575891917454,2.2208949644861464,1.0529341540853738,2.2398909484775444,1.1787939623170092,2.425504545048926,0.943536451484699,2.412027415782696,0.9457549960935636,0.0033586626362715035,0.012289185252977697,0.019801442904935178,0.025437836141263295,0.03382569274250204,0.038678886918669025,0.04374328084139632,0.04791740916577567,0.05418593497687803,0.054095001752664566,0.4475724995136261,0.03626817464828491,0.034713372588157654,0.03248240426182747,0.03248240426182747,0.03139614686369896,0.02960679493844509,0.028766125440597534,0.028442367911338806,0.027745384722948074,0.02767234295606613,0.027589812874794006,0.0274945255368948,0.02733463980257511,0.02733168937265873,0.027193212881684303,0.02661961503326893,0.026503564789891243,0.02644631639122963,0.026338621973991394,0.013058259928904534,0.012671920877753512,0.011648122392203305,0.014082058414454741,0.011821974965221265,0.012343532684275144,0.011648122392203305,0.011300417246167385,0.012430458970784123,0.010778859527113506,0.008460825220207375,0.008634677793225335,0.009040333796933909,0.008982382939261254,0.00799721835882615,0.00851877607788003,0.008460825220207375,0.008229021789516762,0.00815526615247884,0.008218485269939917,13.33648187,730.335123,121.43811,0.3033,0.3048
E9H6-3,0.8512815212897892,0.03069450186027284,0.028110789582472095,0.04423315419594874,0.045680033071517155,0.4928579,0.49609864,0.2891196,0.28812385,0.0014316612596643363,0.5108401,0.4669292,0.27226058,0.29272828,-0.018511489625814708,0.48273855,0.5034272,0.29886103,0.28986943,0.023064380396570733,0.49581152,0.50243545,0.2891369,0.2944063,-0.03319408861267505,0.5070081,0.49769923,0.28294346,0.28851303,0.007656127641226223,2.8947982860058104,1.425102555647218,3.095678970039347,1.601196595670107,3.015630888655313,0.8948911422469654,3.025533187579876,0.8072043081563369,3.0745534198533977,1.7690711831238897,2.560612293871221,1.0614925171555603,2.2293133931465188,1.0032909705407167,2.407896128627906,1.2156362646188172,2.4768531741111,0.9858072838818922,2.447745921763218,1.0396969794289055,0.0033125507229726644,0.012549102783337974,0.019972515697425225,0.02553712958421523,0.034287624846634356,0.03852073768692934,0.043409290754757836,0.047817678622190996,0.05396556066651643,0.053961141968353284,0.4595879018306732,0.03350285440683365,0.03339550271630287,0.03122621588408947,0.0305576641112566,0.029318349435925484,0.028903454542160034,0.028719965368509293,0.0285990908741951,0.028160106390714645,0.027564117684960365,0.026884183287620544,0.02686903066933155,0.026807591319084167,0.026761643588542938,0.0267338789999485,0.0266918633133173,0.026631055399775505,0.02654317393898964,0.026542391628026962,0.010732761948876797,0.012045401899458852,0.012943015983312756,0.01268241834606485,0.01268241834606485,0.011466296038907945,0.012334954829734306,0.013116747741478028,0.01137943015982531,0.012769284225147485,0.008339124391933052,0.00914987259670432,0.00914987259670432,0.007528376187161783,0.008454945564043232,0.007875839703492326,0.008570766736153415,0.008454945564043232,0.008528649946295166,0.008718175500657281,13.38388454,736.513499,117.94377,0.2457,0.2526
E9H6-4,0.8511781727986771,0.028007441091360066,0.0309011988424969,0.04702356345597354,0.042889623811492354,0.49239805,0.49585634,0.28822935,0.28814393,0.0013368163203422575,0.48474485,0.4894615,0.28771597,0.30422702,-0.03173341663781234,0.5270414,0.49095854,0.2921683,0.29387078,-0.0019269192271265815,0.49916914,0.4816912,0.29042104,0.28151524,0.019916954686341352,0.50008816,0.51690835,0.2915119,0.29127586,-0.02385312505838051,3.198944127785287,1.5942597706727477,2.8220292417655113,1.443251087335565,2.960097051534213,0.8122828740509551,3.134243732115434,0.9081349012010559,3.197686530219143,1.5956248201354162,2.389045550582269,0.8850063643794552,2.3532801813254416,1.085329234312098,2.175992220513715,1.0445787728962959,2.4526306049639914,1.2067207721542215,2.441272487548273,0.9970129364185906,0.0034115642897988387,0.012884306205484251,0.020162509617946717,0.025701249360051016,0.03384918460769256,0.03804515420150833,0.04330695695650742,0.047690046136205096,0.05396229465496645,0.054320067303172646,0.4514814615249634,0.0341847762465477,0.03210577368736267,0.030817687511444092,0.030711984261870384,0.03016091324388981,0.029154302552342415,0.02859380468726158,0.02817799150943756,0.028127051889896393,0.02808303013443947,0.027943706139922142,0.02789022959768772,0.027824154123663902,0.02769308164715767,0.02764482982456684,0.02759053371846676,0.027389226481318474,0.02730175293982029,0.027123738080263138,0.012191358024682892,0.011419753086411822,0.011111111111103395,0.013368055555546272,0.010937499999992405,0.01232638888888033,0.013107638888879787,0.011458333333325377,0.013107638888879787,0.01302083333332429,0.008506944444438537,0.008738425925919857,0.008391203703697878,0.008912037037030848,0.008333333333327546,0.008101851851846226,0.008043981481475896,0.008159722222216555,0.008080808080802469,0.009532828282821662,13.14435028,728.659768,118.90724,0.2567,0.2747
E9H7-1,0.8423935510541546,0.03338156262918562,0.03431169904919388,0.046403472509301366,0.04350971475816453,0.49337804,0.49437627,0.28920403,0.28872716,-0.0019594252480651976,0.49826324,0.4915779,0.28918335,0.2818591,-0.06234779692477028,0.48960477,0.5120227,0.27441862,0.29290578,0.16451434870962467,0.49003205,0.5111925,0.28613007,0.2896769,-0.019315066116679165,0.50822663,0.49653772,0.290759,0.28727338,-0.018512417418807877,2.9590953562936324,1.438881530689154,2.9316133488942335,1.4794511491447155,2.9726180259992985,0.8381632135912552,3.0428702086600112,0.8676504928886689,2.7309877973299197,1.458370655807543,2.3823808634146224,0.9138366018870615,2.2850075707847464,1.079693153391815,2.240806740486098,1.0339954533629259,2.5611605166526377,1.1034333879643727,2.5226213751468087,1.0570952842429497,0.003307001963167243,0.012316537346919697,0.01970827750251888,0.025582198539569768,0.03392046575883166,0.038594673480622815,0.043862245904874676,0.04778987878221308,0.05396502653911273,0.05428702751550279,0.4760056138038635,0.02961120381951332,0.029430946335196495,0.028427962213754654,0.028222322463989258,0.028022632002830505,0.027983209118247032,0.027891146019101143,0.02787017449736595,0.027817603200674057,0.027755627408623695,0.027535730972886086,0.027164604514837265,0.027018707245588303,0.026903800666332245,0.026730721816420555,0.026493074372410774,0.026409119367599487,0.02635377086699009,0.026352036744356155,0.011584699453544317,0.011657559198535162,0.01172131147540215,0.012459016393434453,0.013032786885237355,0.012868852459007955,0.012622950819663853,0.012377049180319753,0.011311475409828648,0.012459016393434453,0.008633879781415103,0.008032786885240634,0.007486338797809298,0.00857923497267197,0.00857923497267197,0.008087431693983769,0.008306010928956302,0.01027322404370911,0.008286140089413344,0.008464977645299963,13.15501078,726.493601,119.14376,0.2794,0.2839
E9H7-2,0.8416701116163704,0.03441504754030591,0.03400165357585779,0.046713517982637454,0.04319966928482844,0.49440557,0.49596044,0.2884558,0.2882141,-0.0007471542111959548,0.4967406,0.47958976,0.29023674,0.29632553,0.06913947110770133,0.47042033,0.51089585,0.29167917,0.29109445,-0.07070905819435899,0.4962767,0.4930441,0.28487352,0.2921504,0.004166922793601652,0.4977535,0.49582353,0.29208106,0.28482878,0.013757283887168991,2.9230331535147496,1.4651170172188663,2.808296120450037,1.4600376645594257,3.0407579117342594,0.8995004484372323,3.116175800143997,0.8541895399480898,2.7936176231886276,1.3536385086301876,2.373291323228992,0.9077140251987055,2.284115395874552,1.076193399768003,2.1986322372399854,1.102110930992921,2.493579658217246,0.9648816810044276,2.454735253650616,0.9904100174303772,0.003406215064670905,0.012551489678473743,0.020159445988752543,0.025948307835867355,0.03442387260047942,0.03886283005490048,0.04350230728804208,0.04766866269034635,0.05323079302296017,0.053579409108840306,0.4732513129711151,0.0316380150616169,0.03013678267598152,0.030107419937849045,0.028881652280688286,0.028673674911260605,0.02809870056807995,0.02760680578649044,0.027368487790226936,0.027233052998781204,0.027166739106178284,0.026971202343702316,0.026939311996102333,0.026868214830756187,0.026786912232637405,0.02671539969742298,0.026682879775762558,0.026593616232275963,0.02629544399678707,0.025984372943639755,0.013272410791984374,0.012039454598193475,0.012483681462132844,0.011259791122708055,0.01174934725847797,0.011259791122708055,0.012483681462132844,0.013625979112262647,0.012238903394247887,0.011422976501298027,0.008594429939071849,0.00897519582244845,0.008431244560481877,0.008431244560481877,0.007996083550908618,0.008431244560481877,0.008104873803301932,0.008812010443858478,0.00807025872299497,0.008901020650362098,13.26529765,720.457874,119.19298,0.2742,0.2764
E9H7-3,0.8414634146341463,0.03420835055808185,0.03441504754030591,0.047540305911533694,0.0423728813559322,0.49364784,0.4966662,0.28872848,0.28876784,0.0009453657502960537,0.4964262,0.4913974,0.27703175,0.29591072,-0.07886637610134842,0.49798578,0.47961518,0.28816018,0.2764878,-0.02049865230137721,0.4831654,0.47905305,0.29425305,0.28810218,0.017481906813997385,0.50565135,0.5132079,0.2899185,0.28951386,0.03548769207569068,2.7275438330361346,1.364778166037224,2.793054234497682,1.4665606005571412,2.9423291007385837,0.829669594995454,3.0980825929662927,0.9302144275948409,2.8069949132690786,1.3041625588254875,2.4281397187706637,0.8972423588636462,2.2286738436057902,1.0811866445988014,2.1757188023524976,1.0099512101302555,2.472832603208378,1.0887604037665852,2.5591525638271495,1.0036233826427943,0.0033919330644700853,0.012436222834690624,0.019984376865303667,0.02548231886766011,0.0339699371441325,0.03834415533859641,0.04351250629337236,0.048322718944478184,0.05368051987148544,0.05420864410914395,0.4641779661178589,0.03115793690085411,0.03049187734723091,0.030373532325029373,0.02993176318705082,0.02976059727370739,0.029190821573138237,0.029079075902700424,0.0283163171261549,0.02766975574195385,0.027416912838816643,0.02739783003926277,0.02739482931792736,0.02725878544151783,0.02686409465968609,0.02686409465968609,0.02684875950217247,0.026739781722426414,0.026585405692458153,0.026479793712496758,0.012385919165572109,0.01137186730406328,0.012874837027371007,0.011571056062573944,0.013200782268570273,0.011897001303773209,0.011734028683173576,0.011734028683173576,0.013363754889169906,0.011897001303773209,0.008311603650581284,0.008963494132979815,0.008420252064314371,0.009235115167312536,0.008311603650581284,0.008094306823115106,0.008746197305513638,0.007985658409382018,0.008415313500053777,0.008237525186672359,12.5609046,711.482245,119.22102,0.2765,0.2774
E9H7-4,0.8406366267052501,0.03544853245142621,0.03400165357585779,0.042889623811492354,0.04702356345597354,0.4944662,0.4940082,0.2883935,0.28858697,0.005555205181217274,0.512444,0.5262638,0.27902773,0.2859797,-0.0458805462643055,0.49169695,0.49054658,0.29223585,0.28466442,-0.08672860718657481,0.48803994,0.5049214,0.2935008,0.28542706,0.0023911066184562485,0.47678906,0.499553,0.2923241,0.2962773,-0.00893955437654242,2.6544989196581392,1.3575154929215763,2.8056815358618117,1.5575697286958419,3.139955615695263,0.9305804297765242,3.0056454372647483,0.7977626061550321,2.885303830709281,1.3665436800802362,2.5240962093386896,0.9981409042703187,2.1472890212618765,0.9139004317265113,2.2080518260399407,1.037243903176442,2.314109815605092,0.9128776529987382,2.347911293054251,0.9120805190339994,0.003374732972967411,0.01243146681276791,0.020009182771885285,0.025740055533906164,0.0340174112557119,0.03839144587501913,0.04330435744389699,0.04791632102661846,0.05413848494552713,0.05400987469503295,0.46759623289108276,0.031299468129873276,0.0301212128251791,0.02990594319999218,0.029055064544081688,0.028601963073015213,0.028594601899385452,0.027932049706578255,0.02769433706998825,0.02769104763865471,0.027690306305885315,0.02760559692978859,0.02731858380138874,0.02711556851863861,0.027051758021116257,0.027003271505236626,0.026996923610568047,0.026993663981556892,0.02692151628434658,0.02681078389286995,0.012753999135313823,0.01232166018157437,0.011511024643312898,0.012726977950705105,0.01232166018157437,0.011267833981834457,0.012564850843052812,0.012402723735400517,0.01142996108948675,0.012564850843052812,0.008052313013397285,0.008106355382614717,0.00821444012104958,0.008484651967136738,0.008700821444006463,0.008268482490267012,0.008052313013397285,0.009241245136180777,0.008666430845413553,0.009020162716654921,13.27458647,715.174907,119.63758,0.2713,0.2982
E9H8-1,0.8321620504340637,0.03968582058701943,0.038238941711451015,0.04599007854485324,0.04392310872261265,0.49498078,0.4953996,0.2890346,0.28884858,-0.001188544854712981,0.4998412,0.49212128,0.28037798,0.2860415,-0.0075494382805532745,0.4744232,0.5021988,0.28707722,0.28780028,-0.014245309015917564,0.4875034,0.49590555,0.2929242,0.28679916,0.09495572256272766,0.49176472,0.50017947,0.28489348,0.29011425,-0.05752453351572039,2.590599988475588,1.3500540235031153,2.621640171170738,1.3446501009500362,3.086412484705696,0.8466136093084577,2.9985863230875163,0.9912606670554984,2.678755080921721,1.2864681819239567,2.3376031715083387,0.8700376883910395,2.2809583343421216,1.0410030789236637,2.14341470784182,0.965815933412984,2.602786598136712,1.0390168326903932,2.4595203674301014,0.9955947972939322,0.003356611202115125,0.012386125240681667,0.019931603299134983,0.025680374744949278,0.034055809408857086,0.03842974969106532,0.04367043135902521,0.04789723252004483,0.05379774118458488,0.054127654682874955,0.47230756282806396,0.03662668913602829,0.03343065828084946,0.031390998512506485,0.03020077757537365,0.029349934309720993,0.02755695953965187,0.02720893919467926,0.026976240798830986,0.026814918965101242,0.026104608550667763,0.026028621941804886,0.025907453149557114,0.025889577344059944,0.02583998255431652,0.025839075446128845,0.025761280208826065,0.025721333920955658,0.025706270709633827,0.025338102132081985,0.01258894362341863,0.012041598248487386,0.011930418719204477,0.012392241379302714,0.012392241379302714,0.013392857142848897,0.012084359605903889,0.012238300492603302,0.011545566502455945,0.011314655172406827,0.008210180623968673,0.008569376026267301,0.008569376026267301,0.008107553366169064,0.008877257799666126,0.008415435139567889,0.008466748768467694,0.008518062397367498,0.00845275414240411,0.008564711150912773,12.52193221,699.017447,117.00372,0.2641,0.2682
E9H8-2,0.8318520049607275,0.036482017362546505,0.04175279040926003,0.041959487391484085,0.04795369987598181,0.49555165,0.49587697,0.28889325,0.28903162,0.0001761585646306793,0.48279554,0.48773226,0.290334,0.2857829,-0.07079632392118826,0.48397124,0.5040275,0.27876392,0.280748,0.010388960432631612,0.47858346,0.49054438,0.2950369,0.29746345,0.008314078679973972,0.4957948,0.49726036,0.28525516,0.28317487,0.03460046740630732,2.823483566094489,1.4150776661675262,2.5461589065486656,1.3459677849222274,3.17358553601616,0.9163432189142384,2.981655832539562,0.8355181417828863,2.7053445968225214,1.3246754332205433,2.608732623512288,1.0370795191551245,2.06601674075056,0.9435120844839933,2.2957759124707753,1.1087889608572858,2.36460565534814,0.9242211040389846,2.3398590496069955,0.9535701763238077,0.003418563266835253,0.012327615549265916,0.019726697688443588,0.02560781438103788,0.034109106193618836,0.03867899314002974,0.04394104491761411,0.048121446373216185,0.05360965101643149,0.05379240080684032,0.47521117329597473,0.03710963949561119,0.030736038461327553,0.029774697497487068,0.0289293359965086,0.027757661417126656,0.02761606127023697,0.027578849345445633,0.02726914919912815,0.02719946950674057,0.026898793876171112,0.02627306990325451,0.026157481595873833,0.02612319588661194,0.026097562164068222,0.025947490707039833,0.025941450148820877,0.025941211730241776,0.02581132762134075,0.025626299902796745,0.012360855016041027,0.012087686949388186,0.01367547633680782,0.012676705593108373,0.012292562999377817,0.01190842040564726,0.011447449293170592,0.011985248924393371,0.011754763368155037,0.011754763368155037,0.008143822987087804,0.00845113706207225,0.008912108174548917,0.008502356074569657,0.008195041999585212,0.00865601311206188,0.008348699037077434,0.008912108174548917,0.008828295245007705,0.0077666648041523475,12.36202272,703.394105,119.45812,0.2861,0.2871
E9H8-3,0.8322653989251757,0.0395824720959074,0.038238941711451015,0.04505994212484498,0.044853245142620915,0.49310815,0.49485612,0.2888358,0.28874612,-0.006292166475628757,0.4942686,0.49865028,0.297406,0.28480226,0.0934455903574921,0.495089,0.48628035,0.27343237,0.29803377,0.04433493612182222,0.5001678,0.5164632,0.28698078,0.28324556,-0.07857901498712719,0.5010116,0.49732482,0.29154915,0.28689003,0.07105072341368014,2.6213787208877046,1.2816918174791736,2.7090846333905607,1.434628086447644,3.025651488208658,0.8601909583021502,2.963167393950062,0.9311844249230221,2.713989076499514,1.4720395267652735,2.5140894817446924,1.0157925455206265,2.283558420808654,1.0932898105132798,2.153123239793486,1.0367599167946335,2.4595172551988442,0.9833570499037269,2.500117760427784,1.031325054228685,0.0033899167319907785,0.012534136184008194,0.020023863533884138,0.025675266325825105,0.034024034648371296,0.03862562693804499,0.04347117298980944,0.048016112510087666,0.053764634335278026,0.053808569136033706,0.4662606418132782,0.03534437343478203,0.034538764506578445,0.030904434621334076,0.030097708106040955,0.029349353164434433,0.02894003689289093,0.028402341529726982,0.027696404606103897,0.027097152546048164,0.026705875992774963,0.02658812329173088,0.026456190273165703,0.026231857016682625,0.026121532544493675,0.026079431176185608,0.02604907937347889,0.02577907405793667,0.025686325505375862,0.025671465322375298,0.011912096939816033,0.011706715958095066,0.013555144793583761,0.010936537276641444,0.011398644485513618,0.013016019716566225,0.012399876771403327,0.013093037584711588,0.011552680221804341,0.012476894639548689,0.008163894023408402,0.008317929759699126,0.00811254877797816,0.009242144177443474,0.007804477305396711,0.008677346477710818,0.008934072704862024,0.00842062025055961,0.00840194925222134,0.008682014227295386,12.63203873,715.302108,118.5814,0.2697,0.2791
E9H8-4,0.8313352625051674,0.03710210830921869,0.041649441918148,0.04681686647374948,0.04309632079371641,0.49441487,0.49587125,0.2892416,0.28773043,-0.0010545297254358685,0.48994496,0.49431092,0.28017375,0.30204648,0.05919567912413115,0.49751863,0.4979392,0.2866398,0.30023298,-0.0470646352570261,0.48142466,0.48666143,0.28823695,0.28566068,0.00310599752410267,0.49748495,0.5027029,0.2865082,0.28645483,0.010416506755798192,2.6725459530451037,1.331890637121611,2.575754702772053,1.1989361988506324,3.0099720192365065,0.833687789781358,3.096511549652566,0.898498567670351,2.4978242204407306,1.2356742600182211,2.4646137498515652,0.9533970694944485,2.2161513860189657,1.0723592547712604,2.20205831442889,1.1058478546442745,2.5575510984042418,1.0316934797328219,2.409654366082281,0.9750590899820291,0.00337427453097584,0.012515386115062185,0.020099140223313525,0.02597326190253711,0.034343769935617684,0.0384263537185659,0.043469884744010805,0.04772089385397524,0.05360193712198032,0.05380843118729473,0.4724409878253937,0.03398134186863899,0.031388189643621445,0.029169205576181412,0.02906959317624569,0.028210893273353577,0.02793976105749607,0.027691273018717766,0.027648771181702614,0.027491873130202293,0.02730081044137478,0.02717711590230465,0.027087675407528877,0.026984449476003647,0.02665557526051998,0.026208842173218727,0.025962654501199722,0.025960437953472137,0.025825027376413345,0.025805525481700897,0.011778322440079928,0.012322984749447787,0.01263786764705108,0.012101715686267094,0.012867647058815644,0.011642156862737965,0.012867647058815644,0.012254901960776804,0.011948529411757385,0.01156556372548311,0.009752859477118207,0.007914624183001685,0.007812499999995213,0.00832312091502758,0.008629493464047,0.008527369281040526,0.008067810457511397,0.007659313725485503,0.009191176470582603,0.008968360071295752,12.3654115,719.506341,116.28228,0.2484,0.2906
E9H9-1,0.822964034725093,0.04692021496486151,0.040202563042579575,0.044853245142620915,0.04505994212484498,0.49294296,0.49591544,0.28779197,0.2883048,0.0026156890344755756,0.48893306,0.47481892,0.30116472,0.29262847,-0.022604524271316612,0.50915414,0.5010893,0.29574367,0.2886329,0.03966568651507433,0.50261325,0.5085722,0.28259534,0.28912026,-0.03919502027408879,0.494322,0.4972788,0.2900538,0.28953028,-0.02396415614341161,2.4791492601339526,1.1415595267114782,2.7354700906308516,1.2181068754948365,3.055057220241104,0.9324110456291373,3.1128561047068293,0.8768366254438167,2.565517472076554,1.2503977566395166,2.4373300654101206,0.929186154630571,2.18110672404836,1.037001724807516,2.192922813159897,0.9900972782286535,2.4612235732526577,0.9425465222629309,2.401682087571974,0.8962989019654639,0.0034367756179627673,0.012610339143221584,0.01987905600969586,0.025660339778876756,0.034184475605673434,0.038620289265479266,0.04352542832564191,0.04771651474508109,0.05349885793954496,0.05420125690215572,0.47889629006385803,0.03205575793981552,0.0297849141061306,0.029485169798135757,0.029485169798135757,0.028763707727193832,0.02843310870230198,0.027854464948177338,0.027555789798498154,0.02741990238428116,0.027336448431015015,0.027234556153416634,0.026193255558609962,0.026146266609430313,0.02575145661830902,0.02574455924332142,0.02560722827911377,0.02549334429204464,0.02541724033653736,0.025341417640447617,0.012324057858201277,0.012324057858201277,0.011602451838872386,0.011894337419724522,0.012769994162280928,0.01167542323408542,0.01131056625802025,0.011967308814937556,0.012478108581428792,0.013572679509624302,0.00836738665109455,0.009388986184077025,0.007637672698964213,0.00841603424790324,0.008805215022372755,0.008026853473433727,0.008561977038329309,0.008659272231946687,0.008385076686297711,0.00849121689751667,13.16406384,680.550854,119.49456,0.2999,0.3031
E9H9-2,0.822860686233981,0.0434063662670525,0.043819760231500623,0.04692021496486151,0.04299297230260438,0.4935578,0.49557114,0.2897744,0.28835177,0.00044178979944616535,0.49924505,0.49584344,0.28209808,0.29731584,0.027622847091952174,0.48504373,0.4924848,0.28476343,0.29182738,-0.04907421317953975,0.49366066,0.49520272,0.2835019,0.28408995,-0.0014459808507203372,0.5043973,0.5033002,0.28277266,0.2873769,0.013875290804585124,2.5403593691296216,1.2416973749321714,2.6459404377370315,1.3018271455646866,3.0055050621125234,0.7978363527974099,3.092478825952892,0.8585193534590778,2.4206690114093163,1.1771149614378111,2.397435380526578,0.9283465978411256,2.3179561014804726,1.0683469595104227,2.2075200271038313,0.9854922387198243,2.5683769013135582,1.132765233369669,2.5625161673823333,1.1242363486718807,0.0033318291680317484,0.012338276473824433,0.019976551505298576,0.02566868389657112,0.034167217850527176,0.03862923149516092,0.04365067100195954,0.048063232636678145,0.05367706601225174,0.05383057329302995,0.4755643308162689,0.03201957046985626,0.03120819292962551,0.03007812611758709,0.029280835762619972,0.029149789363145828,0.02872452698647976,0.02843395434319973,0.02817019261419773,0.027942771092057228,0.026992933824658394,0.026683956384658813,0.026350975036621094,0.02630498819053173,0.02566339261829853,0.025565018877387047,0.025559311732649803,0.02544933557510376,0.025440681725740433,0.025417154654860497,0.011474134577978527,0.012057565149740147,0.011595682613762197,0.012106184364053614,0.013345974329047055,0.013054259043166247,0.01283547257875564,0.011814469078172804,0.012324970828464222,0.011449824970821792,0.008362504861916554,0.009091793076618579,0.008070789576035743,0.008556981719170425,0.008022170361722274,0.008654220147797364,0.008313885647603084,0.008119408790349211,0.00885753686219914,0.008751458576424299,12.09622444,695.020044,117.8666,0.2792,0.3015
E9H9-3,0.8217238528317486,0.045576684580405126,0.042786275320380325,0.04464654816039686,0.04526663910706904,0.49406576,0.49497026,0.2888425,0.28940803,-0.00262290041964158,0.48293787,0.48791268,0.28540355,0.28074753,-0.017709508701433733,0.49298927,0.51050115,0.28101447,0.28022656,0.02376557421556968,0.4880025,0.49590003,0.2941173,0.2894452,0.029552895774064784,0.50865906,0.50398576,0.28951386,0.28950468,0.011530190619297134,2.4741432849749905,1.2710532863182131,2.4196381100187234,1.200015586100107,3.0501658961274916,0.8564607656733692,3.059286134545878,0.9061642476830505,2.591836908736155,1.4266099346468861,2.4761870599006666,0.8959564761707368,2.2089842282989536,1.013616375945321,2.1896828697711648,1.0179424365978913,2.4678961006673195,1.0006379344820808,2.3684702663812955,0.9162001262506951,0.0034224054563037616,0.012465007380261618,0.019977604723367435,0.025569298111670993,0.03391357459154069,0.03845981574795134,0.04337659693591897,0.048015473100218864,0.05373237644424086,0.05440118084185881,0.480564147233963,0.03452514111995697,0.033022016286849976,0.0329461470246315,0.027844702824950218,0.02741062268614769,0.02735268697142601,0.02721703238785267,0.02674618549644947,0.026302622631192207,0.02616133913397789,0.026011018082499504,0.025638015940785408,0.025638015940785408,0.02559029869735241,0.02559029869735241,0.02556680142879486,0.02555297128856182,0.025197044014930725,0.025122888386249542,0.011723027375194492,0.012624798711747915,0.012173913043471204,0.012463768115934803,0.011956521739123503,0.012898550724630203,0.011739130434775804,0.011956521739123503,0.012681159420282504,0.011739130434775804,0.008454106280188336,0.007681159420285402,0.008115942028980803,0.008743961352651937,0.008985507246371602,0.008695652173908002,0.008599033816420137,0.008695652173908002,0.00885375494070633,0.007905138339916367,12.23773177,708.103833,120.33501,0.2978,0.3004
E9H9-4,0.8215171558495246,0.04454319966928483,0.04402645721372468,0.04371641174038859,0.04619677552707731,0.4939339,0.4952334,0.28777614,0.2885077,-0.004364157098942154,0.48149508,0.5164969,0.29500192,0.28609204,-0.04333598018393049,0.50131685,0.4819169,0.29849908,0.29352465,0.11206326321312625,0.50219107,0.50094163,0.28530824,0.28958088,-0.005241459639319279,0.49039668,0.49347818,0.29115844,0.28728878,0.015780360345982524,2.501421332880033,1.1869223171186885,2.544295897251522,1.230780767654092,3.1240904244112833,0.8301997331569556,3.0013060065182016,0.8401242691865568,2.44458572206612,1.2573166645814706,2.4422459112410855,0.9756578431456536,2.242482783718346,1.0873857897168302,2.324233700941256,1.0906360525782925,2.4356965217579054,0.9490604760655533,2.367487091463144,0.9822142457091838,0.003477370558470706,0.01269000937495773,0.02012338318396872,0.02589819066437339,0.033861181952217885,0.038432124161482346,0.04334435229030945,0.04789552488837973,0.053458069174910076,0.05415312708426328,0.4741383194923401,0.033431340008974075,0.03275429829955101,0.03158721327781677,0.030497971922159195,0.029905658215284348,0.02958526462316513,0.02777414210140705,0.027554277330636978,0.02745061181485653,0.027256011962890625,0.02703116089105606,0.02655489183962345,0.026149222627282143,0.026140570640563965,0.024839211255311966,0.02452917769551277,0.024440322071313858,0.02420821599662304,0.0241721011698246,0.012867528791088219,0.012803191147132778,0.011580775911979398,0.01114649681528017,0.010639837869131072,0.013679791546025662,0.012232194557028238,0.012159814707578367,0.011942675159228753,0.012738853503177338,0.008589075468051387,0.008251302837285321,0.00820304960431874,0.008733835166951129,0.008589075468051387,0.008589075468051387,0.008685581933984549,0.007527504342786608,0.00847502237194856,0.009159340948565523,12.41361995,702.903833,119.19012,0.2999,0.3015
E9H10-1,0.812525837122778,0.049400578751550225,0.04816039685820587,0.0444398511781728,0.0454733360892931,0.49280268,0.4967145,0.28819272,0.28866678,0.0024038636796872436,0.48362076,0.49875897,0.2964703,0.2899497,-0.0398382837900153,0.51287556,0.46348295,0.29194298,0.28664196,0.051671248908375926,0.5085082,0.4935554,0.28723463,0.288507,-0.04824894063646997,0.49035478,0.5118452,0.28485155,0.287102,0.0032322657950694706,2.3358509277617916,1.0637981726159285,2.3723524144316404,1.261280358172615,3.0488751038403032,0.7936888537277175,3.0464518876482716,0.8860248231022517,2.3627213572051526,1.0916072396299412,2.460950181459707,1.0259194974519674,2.2904452981091237,1.0952018220083808,2.264440453165663,1.097691878360207,2.420200443873031,0.9510165017412057,2.3991846622868547,0.9558663076539392,0.0034276546773633456,0.01254341898726002,0.019955652026593808,0.02583657893480623,0.03405658531836847,0.03854473501196684,0.043443791424124065,0.04790947696909963,0.053613498706907445,0.05400194127684348,0.49238353967666626,0.03544236719608307,0.02955056168138981,0.028248127549886703,0.0272982120513916,0.026787016540765762,0.026698868721723557,0.026467539370059967,0.02610279805958271,0.026073670014739037,0.02602594532072544,0.0257557425647974,0.02550601400434971,0.02549891546368599,0.025371825322508812,0.025370970368385315,0.02537056803703308,0.025358259677886963,0.025358259677886963,0.025330781936645508,0.012250398137932729,0.01139287026827744,0.011921168687975789,0.012472436604182761,0.012334619625131018,0.011852260198449916,0.012196802646079275,0.012058985667027532,0.013161521499441477,0.012403528114656889,0.008774347666294317,0.008774347666294317,0.008177140757070097,0.008406835722156336,0.008820286659311566,0.008269018743104593,0.008774347666294317,0.008223079750087344,0.008018442417555968,0.008469479803543492,12.3057587,689.3921,117.37892,0.2988,0.303
E9H10-2,0.812525837122778,0.04816039685820587,0.049400578751550225,0.044956593633732944,0.044956593633732944,0.49415216,0.49399817,0.2885397,0.28810987,-0.0008054978481884749,0.50421333,0.50054556,0.30056903,0.2887239,-0.017003274856463954,0.48499846,0.4993263,0.2820435,0.29136947,0.012047890492930011,0.47656292,0.5132281,0.2871018,0.29023007,0.015216963022282825,0.50546676,0.5011494,0.28529096,0.29328576,0.007954896784662177,2.465215400120667,1.1356345454007069,2.377044613957643,1.139934076266711,3.030502986945082,0.8248754222359229,3.0030015097768366,0.7996581748759031,2.354408412963644,1.2007246002887366,2.3990934899809826,0.9309500646637248,2.294851518812163,1.1164819940716444,2.169744558008984,0.9623407745593655,2.4218644864799184,0.9792038559738927,2.5417263885200376,1.1603979996643496,0.0034538320238101956,0.01255186858516977,0.020090322313785436,0.02573358677729458,0.03420271380573934,0.03864174342371205,0.04342766036253015,0.047686195764778436,0.05346859118624183,0.05407681909027155,0.4896467626094818,0.03180444613099098,0.029564516618847847,0.029211098328232765,0.027852868661284447,0.02747350186109543,0.02729937620460987,0.026861170306801796,0.02641984075307846,0.026231199502944946,0.026188313961029053,0.02616371586918831,0.026090698316693306,0.025975992903113365,0.025697460398077965,0.025670688599348068,0.02560100518167019,0.025583382695913315,0.025356732308864594,0.025307217612862587,0.011637878231036094,0.012740414063450039,0.01329933847849322,0.01199007717750166,0.011714443219398173,0.011921168687975789,0.01199007717750166,0.012472436604182761,0.012265711135605145,0.011921168687975789,0.008452774715173583,0.008177140757070097,0.007993384785001107,0.008177140757070097,0.008406835722156336,0.008774347666294317,0.008774347666294317,0.00854465270120808,0.008118672947775418,0.009371554575518538,12.36716508,681.000105,117.47358,0.2926,0.2967
E9H10-3,0.8126291856138901,0.050227366680446466,0.0472302604381976,0.04588673005374121,0.04402645721372468,0.49439797,0.49610275,0.28964934,0.28880203,-0.004212510512277544,0.49801767,0.4939841,0.2765468,0.28509986,-0.022359439751846854,0.4908203,0.49905425,0.28235078,0.29650584,0.0915526039711947,0.5030488,0.4841579,0.28739667,0.28318164,0.03164793788923855,0.4738349,0.5000796,0.2908456,0.28699648,-0.026094877625470747,2.2864847079948794,1.1029198178244946,2.461447155198379,1.156433816226598,3.0510597041091034,0.8812606127288641,3.048602590509588,0.8472067836957566,2.513829217986112,1.2691350657289031,2.4127066251254203,0.9481620906413638,2.2442404842911827,1.0235950315364828,2.241722534996508,1.027444829158287,2.465100865822218,0.9574513929700196,2.427335041332728,0.9806366303182058,0.0033937903698682643,0.012362178721940627,0.019990431523647215,0.02585684059156236,0.034074204174453636,0.038614199216409476,0.04356766952714712,0.04793934720305021,0.05364109797808764,0.05389357402716678,0.4959660768508911,0.03127282112836838,0.029011357575654984,0.028139948844909668,0.027541961520910263,0.027231939136981964,0.027170127257704735,0.02653447352349758,0.026507843285799026,0.026440022513270378,0.02609615959227085,0.025911595672369003,0.025911595672369003,0.025702636688947678,0.02537832409143448,0.025324014946818352,0.02530335634946823,0.02509569749236107,0.024901224300265312,0.024559002369642258,0.011399154256290827,0.011766868909719562,0.013582460011023948,0.012410369553219851,0.011927744070594635,0.013582460011023948,0.012065637065630411,0.011651958080523082,0.012272476558184075,0.011445118587969419,0.007997793712075015,0.009100937672361224,0.008503401360539528,0.00854936569221812,0.008411472697182343,0.008273579702146568,0.008457437028860936,0.008503401360539528,0.008925437496861146,0.008022865165717883,12.02536903,686.292566,115.9413,0.259,0.2837
E9H10-4,0.8126291856138901,0.047436957420421665,0.05002066969822241,0.04795369987598181,0.041959487391484085,0.49377757,0.49758145,0.2888385,0.28950784,0.00020779761226722953,0.48049843,0.50348955,0.29043153,0.28134567,-0.005378175012942468,0.5019149,0.47644976,0.28911904,0.28108928,0.020599888550385973,0.5029699,0.48600963,0.29300553,0.28866678,0.017300116380107124,0.4915595,0.4859731,0.2765809,0.2880397,-0.03920912519932729,2.411692540318255,1.155960439459922,2.3667892004347295,1.2304516894394415,2.959078798988232,0.765849250943986,3.1310595065971176,0.9188305705511431,2.3358094532090656,1.072221379341317,2.3427928442085544,0.9284849036781949,2.288680093611527,1.0783389489401398,2.1063135793747363,0.9617761450958698,2.563774209796053,1.107541682305514,2.531788857270509,0.9965251745842651,0.0034202595879933686,0.012374854588588753,0.019806179183497752,0.025508138459142828,0.03382796112591942,0.03841975580042685,0.04352907770236231,0.048151099630861116,0.05385763879347458,0.05443836846106639,0.4803731143474579,0.03125464916229248,0.030654460191726685,0.030237345024943352,0.02988860197365284,0.028709985315799713,0.0286350529640913,0.027393901720643044,0.02715478651225567,0.02710244245827198,0.026520371437072754,0.026301758363842964,0.02606595866382122,0.026039034128189087,0.025979092344641685,0.02585035189986229,0.025765469297766685,0.025644954293966293,0.025402314960956573,0.02502644993364811,0.012318440889862666,0.012073297787576842,0.012617209045773516,0.01172090457804097,0.01172090457804097,0.012892995035845067,0.011927744070594635,0.012824048538327179,0.011996690568112523,0.011858797573076747,0.008641294355575303,0.008411472697182343,0.008503401360539528,0.009192866335718409,0.008595330023896713,0.007997793712075015,0.009146902004039816,0.008687258687253896,0.008173293887575093,0.007270721556431832,12.18083224,692.215971,116.6596,0.2646,0.2811
E10H1-1,0.8902439024390244,0.005684167011161637,0.00413393964448119,0.04981397271599835,0.050124018189334436,0.49306148,0.4957027,0.28845412,0.28933877,0.0008985680446021855,0.51352555,0.548074,0.28996962,0.28349409,-0.04839196611368997,0.4878049,0.45805085,0.28716856,0.29939342,-0.03350733164392618,0.49863374,0.49787256,0.28456137,0.28966856,0.05702025314923402,0.50241387,0.49190983,0.29585025,0.2742248,-0.06690148895233064,6.427214472061251,3.9427730830814838,7.725013211614725,3.7180869920401203,2.999658547220188,0.8274184033466707,2.900986938988995,0.7521423261486682,8.755081608834672,4.225829732932436,2.2855494950985222,0.7710028039097574,2.131851610038251,1.1122171076707543,2.0449580485419685,1.2013103594423153,2.1669439246068634,0.5738937424379235,2.2721307545254343,0.8839712873330831,0.002972341160498389,0.012663244457654849,0.019810252166997375,0.02605484638887327,0.03412568986431664,0.038627046162332666,0.043556848033033155,0.0481894157876838,0.053510174243458844,0.053823475068484346,0.40981799364089966,0.036541648209095,0.03473425656557083,0.03436005488038063,0.03402220457792282,0.03240130841732025,0.0323772132396698,0.03116414323449135,0.03115163743495941,0.030939379706978798,0.030296916142106056,0.02964923158288002,0.029550820589065552,0.029431141912937164,0.02938728965818882,0.0290493443608284,0.029007911682128906,0.02885589748620987,0.02876080758869648,0.02850073203444481,0.011508683825057169,0.012659552207562886,0.012476459510346068,0.011652542372870384,0.011534839924659571,0.011299435028237948,0.012711864406767692,0.012358757062135255,0.013300376647821752,0.012476459510346068,0.007925298179528004,0.008788449466407293,0.009023854362828918,0.007768361581913589,0.008317639673564045,0.009102322661636124,0.008631512868792877,0.009573132454479372,0.007532956685491966,0.007960965588076737,14.61638243,774.390787,123.19336,0.2514,0.256
E10H1-2,0.8901405539479124,0.0045473336089293095,0.005374121537825548,0.050434063662670524,0.049503927242662255,0.4933892,0.49540308,0.2888955,0.28753823,0.0024283784631079592,0.4753326,0.53543913,0.2694052,0.30690515,0.09681977851321287,0.5605066,0.4672425,0.2714504,0.33965477,-0.0731344517227669,0.50484806,0.49737775,0.28671446,0.29319027,-0.02858677074716309,0.48645556,0.5000354,0.2885888,0.295947,-0.010513667518161548,8.641272653403442,4.66965519678001,6.883851675947289,3.477550191489252,2.9180719805495023,0.7703651560844085,2.909771406599649,0.7610252164838174,7.629146765697879,4.191520833798741,2.2454897895599406,0.9551549924109223,2.1020414657317428,0.8472221153322103,2.2018146942632284,0.8760117964451963,2.42599529722187,0.908892336526077,2.322029649327968,0.9449943773460275,0.0029999199653367114,0.012684114223263593,0.02064618331249672,0.026157535815511824,0.03404784968938271,0.03888580709438295,0.043326350998915394,0.047946282941853435,0.05278700016282915,0.05385228912936085,0.4052198529243469,0.03841213509440422,0.03557558357715607,0.03367795795202255,0.03271085023880005,0.032391518354415894,0.03230360150337219,0.031775906682014465,0.0314703993499279,0.031031131744384766,0.030666492879390717,0.03035816363990307,0.03034866601228714,0.02992480993270874,0.02975902333855629,0.029476728290319443,0.028871148824691772,0.02881704457104206,0.028797976672649384,0.028411028906702995,0.012020487091030816,0.012125013065735431,0.011406396989641198,0.01105362182501312,0.012699905926610819,0.01364063969895236,0.012229539040440048,0.012229539040440048,0.012229539040440048,0.01234713076198274,0.009485732204443884,0.008936970837244651,0.007369081216675413,0.008466603951073879,0.00721229225461849,0.008074631545931571,0.008780181875187728,0.008231420507988493,0.008894210211229126,0.009407337723415421,14.30117915,767.259638,123.31231,0.2432,0.288
E10H1-3,0.8901405539479124,0.005580818520049607,0.00434063662670525,0.05146754857379082,0.048470442331541956,0.49312866,0.4948442,0.2885316,0.288503,-0.0035091869797260733,0.5018067,0.4494664,0.2951325,0.25577044,0.21233054167595733,0.5261324,0.5092817,0.30386093,0.28601992,-0.005905253331066936,0.503208,0.5164727,0.2898544,0.29048005,0.022718799929457436,0.49443546,0.49475986,0.28710887,0.29221347,0.01573213950123486,6.843567510580431,4.2512340720707655,7.301549719720661,5.002070073857469,2.8992567272979177,0.7863884630129934,2.9396095586724686,0.8314554972100267,8.223360990614324,4.422840626026193,2.2191161384842064,0.7826625076979103,2.13115171413163,0.8248724710984344,1.9811672916735232,0.8611868723277566,2.462155947351471,1.1689138203876321,2.349763555262796,0.9099499023134134,0.002910029100291003,0.012641035501264103,0.020203838402020384,0.025672074902567205,0.034143068703414305,0.03844129350384413,0.043516798804351685,0.04810957200481096,0.05356417200535642,0.054131450405413145,0.42166775465011597,0.03430870175361633,0.0337149016559124,0.0327119417488575,0.032598428428173065,0.030389726161956787,0.030204545706510544,0.03004947304725647,0.03004947304725647,0.02997506596148014,0.02991463989019394,0.02986164577305317,0.02962650917470455,0.029617907479405403,0.029516074806451797,0.029356589540839195,0.02933834306895733,0.02924462780356407,0.02896042726933956,0.028893189504742622,0.011393331242803121,0.012856694888667742,0.01281749764815351,0.011171213546555812,0.010112888052671578,0.01317027281278159,0.013523047977409669,0.01281749764815351,0.011641580432726584,0.012464722483525432,0.00815302602696003,0.00815302602696003,0.008544998432102342,0.00815302602696003,0.008388209470045416,0.008623392913130802,0.008701787394159265,0.008309814989016956,0.008808688959198075,0.008979731463260174,15.02011803,775.563518,124.50348,0.2452,0.2731
E10H1-4,0.8901405539479124,0.0045473336089293095,0.005374121537825548,0.05084745762711865,0.04909053327821414,0.493998,0.49596098,0.28905538,0.2884563,0.0025737691702526866,0.49445677,0.43489984,0.2744513,0.2905038,-0.15707060824489158,0.48030022,0.5283572,0.26679775,0.2844105,-0.04525821068704582,0.5101874,0.49135318,0.28257382,0.2908985,-0.0377761590218807,0.4767394,0.49880463,0.29015595,0.2895629,0.012365972770845063,6.764474896755095,4.204009699440325,6.489298034212769,3.96918072636494,2.8881888746945803,0.8250592388839058,2.892070942518917,0.7787502675615692,6.730716999824873,3.626567815829991,2.6655488841634205,0.9579020925242909,1.8894206024643376,0.7822454658235354,1.8533386139142585,0.913436780190695,2.5151059007503367,0.8993651608919604,2.3822936592740165,0.877381828055681,0.0029142010636833884,0.01252027123656567,0.02021322237782617,0.025437197617910464,0.03424456083259803,0.0384755490435754,0.04399364272434626,0.04798178084668334,0.05377510462791319,0.05377780296223141,0.40819668769836426,0.036568086594343185,0.03441214933991432,0.03290208429098129,0.03224140778183937,0.03221704438328743,0.03151566535234451,0.03151566535234451,0.031482256948947906,0.0314529687166214,0.03089853934943676,0.03063795529305935,0.03012259677052498,0.03003562241792679,0.029768073931336403,0.029492024332284927,0.029303977265954018,0.02925112470984459,0.029013294726610184,0.028972789645195007,0.011602383192212353,0.012334065015144663,0.01187676387581197,0.013052681091238897,0.01234713076198274,0.012699905926610819,0.012699905926610819,0.011994355597354662,0.010818438381927734,0.012582314205068126,0.008544998432102342,0.00815302602696003,0.008936970837244651,0.009172154280330035,0.008858576356216188,0.00815302602696003,0.007761053621817723,0.0072906867356469516,0.009236295219353322,0.008723167707167027,14.49276376,774.144559,124.47664,0.2458,0.2668
E10H2-1,0.8801157503100455,0.010644894584539065,0.009301364200082679,0.050330715171558495,0.049607275733774284,0.4943435,0.49635482,0.2886716,0.28857604,-0.001986951719486297,0.5042624,0.49399376,0.29029387,0.30918396,-0.11913135459376414,0.5210027,0.4927495,0.28803918,0.311185,0.019147831931231648,0.48860618,0.48390353,0.28153047,0.27962384,0.03143425453379628,0.48414636,0.49823448,0.2946742,0.29004517,0.027771184419233822,5.391887236944652,2.895490062784713,5.237355739730899,2.755417768275807,2.952483729712578,0.7538307305629205,2.9182280460992756,0.8332837077648096,5.880726779298243,3.537533028239495,2.2875565236589925,0.7696283970279343,2.1621529095024568,1.0588726556033217,2.1408836040362154,0.9746541577925164,2.473688158194398,0.9503100116441102,2.3081555552887387,0.8698315033924933,0.003086313990757049,0.012555426863953178,0.019890848199497876,0.025796193622226942,0.03372786066583055,0.03848640399872984,0.04346425609781171,0.04822051496439659,0.05372150984947652,0.05438400508065308,0.4175242781639099,0.038489390164613724,0.03485137224197388,0.0321614071726799,0.031758662313222885,0.03123684599995613,0.031090496107935905,0.030733730643987656,0.030667072162032127,0.030597800388932228,0.03054080717265606,0.030220674350857735,0.030170168727636337,0.02955084666609764,0.028804922476410866,0.028734218329191208,0.028344448655843735,0.028316814452409744,0.02815500646829605,0.028050914406776428,0.013409961685812195,0.012164750957843919,0.010344827586197978,0.01185344827585185,0.012499999999989225,0.013577586206884847,0.012499999999989225,0.01174568965516229,0.011206896551714477,0.012499999999989225,0.00905172413792323,0.0079022988505679,0.008548850574705273,0.009195402298842647,0.008261494252866442,0.00833333333332615,0.008405172413785857,0.008477011494245566,0.008150470219428711,0.008385579937296845,14.47547384,766.942853,122.55042,0.249,0.2839
E10H2-2,0.8802190988011575,0.010334849111202976,0.009508061182306739,0.04919388176932617,0.05074410913600661,0.49338052,0.49601793,0.28863,0.2889605,-0.003309243215928201,0.48585367,0.48432204,0.28820106,0.29276288,0.04950218914057343,0.52982503,0.5615328,0.2720108,0.2774045,0.1799625124558449,0.49800166,0.48354936,0.2904267,0.29112223,0.021667238659487165,0.49389002,0.49318236,0.28997907,0.28053996,-0.009761955416290267,5.292099772493646,2.5852814156243626,5.858390712509867,2.8370448493052502,2.9361046298575073,0.7283887057958762,2.9353193716528483,0.7651990030715986,5.10328051832756,2.626124130969135,2.4320429481145602,0.9566436632969658,1.9866728023617781,0.8620505648487218,2.1947230631108696,1.0365785180464282,2.316981874498029,0.879146939409839,2.307955030494769,0.8605640405979044,0.003046011159601423,0.012536908412500028,0.019785413294541084,0.02561790999924874,0.03433250694913981,0.03840296132385382,0.04343639232077366,0.048244445810368734,0.05381286381962514,0.054117920243680895,0.4093695878982544,0.036514800041913986,0.036117490381002426,0.03515103831887245,0.03210561349987984,0.03167659789323807,0.03167659789323807,0.03165186196565628,0.030858751386404037,0.03075580857694149,0.03019494190812111,0.030135367065668106,0.03005952201783657,0.029870055615901947,0.029413927346467972,0.029161030426621437,0.029061798006296158,0.028934450820088387,0.028732100501656532,0.02855873480439186,0.011983510689281196,0.012462851116852443,0.010893011216556607,0.012618636755813099,0.012618636755813099,0.011863675582388383,0.012079378774795445,0.012618636755813099,0.011971527178591915,0.01283433994822016,0.008268622375604025,0.008196721311468338,0.008700028760418149,0.008843830888689522,0.008700028760418149,0.008987633016960896,0.008556226632146773,0.007477710670111466,0.008392815122747484,0.008628127696282462,14.58135586,768.339764,122.45348,0.2474,0.2926
E10H2-3,0.8801157503100455,0.010644894584539065,0.009301364200082679,0.04878048780487805,0.051157503100454735,0.49348715,0.49628416,0.28922924,0.28930667,-0.002418453540224755,0.5174047,0.48675334,0.29393137,0.28599244,-0.08760250506627146,0.42642277,0.48728815,0.2760127,0.29036814,0.12458857447239684,0.5024287,0.4808245,0.27740824,0.28260246,0.06332424182876309,0.50029564,0.5044513,0.2885662,0.28295633,-0.018684918086593498,5.143873502599895,2.822720293488198,5.352148425698243,3.1303277262517217,3.075956378965431,0.8698923460319227,2.9369178038406365,0.7982105462283458,5.514337707659438,2.8042689432505283,2.2141550318194567,0.8704663519205454,2.17978649170031,1.0077306891540985,2.304856846500497,1.0482108701262813,2.451247369678807,1.0446943728396025,2.2936148386046207,0.9387652127529407,0.002898704420524241,0.012350425084398254,0.019683351892111633,0.025569135867932198,0.03411280202202308,0.038370274139668065,0.04373022606359475,0.048107004613182035,0.053833713346412855,0.05467769588348623,0.4143769145011902,0.0366390198469162,0.035420458763837814,0.035420458763837814,0.0341608040034771,0.03144282475113869,0.031294841319322586,0.030160414054989815,0.030131623148918152,0.030019422993063927,0.029773177579045296,0.029671577736735344,0.029580723494291306,0.029292117804288864,0.029211049899458885,0.028912264853715897,0.0287869181483984,0.02877712808549404,0.02875782549381256,0.028170326724648476,0.011685823754779197,0.011590038314166254,0.011637931034472726,0.013038793103437035,0.01185344827585185,0.013038793103437035,0.01325431034481616,0.011961206896541413,0.012931034482747473,0.011099137931024915,0.0079022988505679,0.008620689655164982,0.008979885057463523,0.008836206896544107,0.008189655172406734,0.00912356321838294,0.008692528735624691,0.008477011494245566,0.008307210031340802,0.007523510971780348,13.58121657,767.683192,122.70603,0.246,0.2717
E10H2-4,0.8801157503100455,0.00899131872674659,0.010954940057875156,0.05146754857379082,0.048470442331541956,0.49530438,0.4956144,0.28834143,0.2887734,0.0003205199003215756,0.46005043,0.4761348,0.27262658,0.26410654,0.019474746582385075,0.46421996,0.51479053,0.3023237,0.30456695,-0.07286323836611996,0.48827013,0.5038459,0.28987488,0.2911339,-0.028900557319067998,0.48741484,0.4892125,0.29182497,0.28423303,0.04069431563054271,6.252590261969513,2.840076505334654,5.5500608582784,2.6383660498123196,2.9145003948284876,0.7810922603811413,2.9612940405253023,0.7893425741501346,4.988535441419456,2.634786586537617,2.232173129538759,0.8059696196576666,1.9694351374969143,0.8411492945632398,2.1847637916672666,1.0095840751558773,2.315939022752689,0.8873386270853629,2.322178689488995,0.9167430725076715,0.003082975630572347,0.012610305947107913,0.019958330766088637,0.0259554143761139,0.034202545337541336,0.038791637856476185,0.043357910422557065,0.04771423942238136,0.05381857681082031,0.05384139676367429,0.4172593355178833,0.03464782238006592,0.034578580409288406,0.03441198542714119,0.03402014821767807,0.03363889828324318,0.033333953469991684,0.03177627921104431,0.031200187280774117,0.029749201610684395,0.029170598834753036,0.029093362390995026,0.028998292982578278,0.028970664367079735,0.02861635759472847,0.02858852595090866,0.02851245552301407,0.028221406042575836,0.02761017717421055,0.027601731941103935,0.01312260536397336,0.01283524904213453,0.013469827586195285,0.01185344827585185,0.01088362068964579,0.011422413793093602,0.012931034482747473,0.01174568965516229,0.01185344827585185,0.011637931034472726,0.008117816091947025,0.008548850574705273,0.008908045977003816,0.007974137931027608,0.009410919540221772,0.008117816091947025,0.007758620689648484,0.008548850574705273,0.009404388714725435,0.00799373040751662,13.99111089,767.707535,122.6271,0.2615,0.2696
E10H3-1,0.8704009921455147,0.015295576684580404,0.014365440264572137,0.050227366680446466,0.04971062422488632,0.49311325,0.4962769,0.28803697,0.2884937,0.0016993696364523234,0.5074983,0.5024049,0.31683704,0.28819463,0.06974672602777876,0.51052815,0.49939033,0.2926983,0.30530423,-0.13951699772391896,0.4954833,0.4842366,0.28507572,0.2891213,-0.0006935547382325134,0.497135,0.49531344,0.29245698,0.28611293,-0.009437888562731929,4.4999785475371255,2.2118058150745386,4.5742332197404325,2.501249001305347,2.9437506156518234,0.7717831206223011,2.9395441471850274,0.7502149095375636,4.358416760177422,2.2445460851558208,2.2894570572280064,0.8021979295934479,2.1758277322056205,0.9702831315861475,1.986209081581104,0.8921774927049845,2.25371547240639,0.80011938475936,2.3807176874837586,0.9256752403119991,0.0030883906469261944,0.012718177948063005,0.020124796997934503,0.025804913044163786,0.03427384387367359,0.03883843400659067,0.04369865821547388,0.04765030036422118,0.0535570692020245,0.05357874903426201,0.4432675838470459,0.03481532260775566,0.030756067484617233,0.030487120151519775,0.029754461720585823,0.02974146232008934,0.029306989163160324,0.029200298711657524,0.029190752655267715,0.029100999236106873,0.029087644070386887,0.028951125219464302,0.028650471940636635,0.028482459485530853,0.02832339145243168,0.028307493776082993,0.02830445021390915,0.028262410312891006,0.02807784266769886,0.0279316995292902,0.012050327839791914,0.012050327839791914,0.012659489633163748,0.010267145135558,0.012958532695364467,0.01236044657096303,0.011562998405094447,0.01166267942582802,0.01305821371609804,0.013357256778298758,0.00810738968633059,0.0099016480595349,0.007974481658685827,0.008572567783087263,0.007841573631041062,0.008240297713975353,0.008971291866021554,0.008373205741620118,0.008119472234298295,0.008626939248941938,12.91624095,751.290489,121.25645,0.2677,0.283
E10H3-2,0.8702976436544027,0.015812319140140554,0.013952046300124019,0.05084745762711865,0.04909053327821414,0.49368882,0.4957119,0.2883274,0.28839156,-0.00032517190071965963,0.4881237,0.50742215,0.30949616,0.2779164,-0.016087180237060135,0.5188799,0.47677338,0.2754795,0.28843078,-0.08631931760997573,0.49838886,0.4851006,0.28739923,0.2912547,0.012709723249990274,0.4878049,0.5093488,0.29198676,0.29345873,0.02405403268961181,4.256731473404098,2.057468915877361,4.245578233132555,2.154467946621094,2.928682922234287,0.7950886331153094,2.9334731706524813,0.786061735361109,4.5437721684671395,2.3025739726150127,2.1577456748047137,0.8349100426585724,2.112021805686013,0.868936227128664,2.091377867725215,0.8966138478558732,2.326734826394748,0.9394686497899218,2.375905869113807,1.0047600936671457,0.003217457657785225,0.012622031324978958,0.020225143369598565,0.025814394386362384,0.03435757046546936,0.03864095847198294,0.0436736443804624,0.04770923308081404,0.05369378299074096,0.05337911720513849,0.4334787130355835,0.03538614884018898,0.03517425060272217,0.03187176212668419,0.03144996240735054,0.030582210049033165,0.029986858367919922,0.029787324368953705,0.029787324368953705,0.0296877883374691,0.02966252714395523,0.029340047389268875,0.028822265565395355,0.028371375054121017,0.027982786297798157,0.027965659275650978,0.027943486347794533,0.027674861252307892,0.027652589604258537,0.027392057701945305,0.013280212483389153,0.010978308986268366,0.01324701195218068,0.011354581673297726,0.010657370517919795,0.012450199203177331,0.012948207171304424,0.011454183266923145,0.013645418326682354,0.011952191235050237,0.008964143426287678,0.008034528552450439,0.008366533864535166,0.008565737051786003,0.00816733067728433,0.00863213811420295,0.008432934926952112,0.007968127490033491,0.009272002897493518,0.0084027526258535,14.10964438,752.920202,121.20575,0.2574,0.2992
E10H3-3,0.8702976436544027,0.014572137246796197,0.015192228193468375,0.0472302604381976,0.05270773046713518,0.49474743,0.49518856,0.28825364,0.28874594,0.0013607992744608863,0.4839993,0.48713788,0.27959377,0.29367653,-0.05013900399178241,0.4778497,0.50478494,0.28402388,0.27004918,0.039632384154112896,0.49634412,0.4959018,0.29657307,0.28692007,-0.07285972232987246,0.48512673,0.50490195,0.29149657,0.2924232,0.04755313577917936,4.196319761224412,2.3954995704558044,4.402305945431199,2.4384898964453434,3.0633084387268803,0.9017083519044651,2.9095218809666936,0.8040193592559743,4.13349903895604,2.4231451676406293,2.461002308224415,0.8913649469781368,2.1294568328717824,0.9325604088125425,2.090247328207694,0.9137547480443852,2.2903644573013393,0.8605958462332194,2.179862739172969,0.801293656348588,0.0032942326490713585,0.01244574780058651,0.019988269794721406,0.025951124144672533,0.03404887585532747,0.03869403714565005,0.04355816226783969,0.047781036168132944,0.053759530791788857,0.05381231671554252,0.4402918219566345,0.03536582738161087,0.03443827107548714,0.03147340565919876,0.030477281659841537,0.029638908803462982,0.029603928327560425,0.029267702251672745,0.029058115556836128,0.02890111692249775,0.028812622651457787,0.028794949874281883,0.02873816527426243,0.028448889032006264,0.02835983969271183,0.02818816900253296,0.027787232771515846,0.027579214423894882,0.027416478842496872,0.027357986196875572,0.012660469234164326,0.012483399734385803,0.012649402390428168,0.013346613545806098,0.011155378486046889,0.01105577689242147,0.012649402390428168,0.011454183266923145,0.012549800796802749,0.011852589641424818,0.00830013280211822,0.00816733067728433,0.008764940239036841,0.008233731739701275,0.008034528552450439,0.009096945551121569,0.00830013280211822,0.008565737051786003,0.009127127852220182,0.008185440057943496,13.50691377,757.08317,120.34918,0.2419,0.257
E10H3-4,0.8702976436544027,0.015915667631252583,0.013848697809011988,0.050434063662670524,0.049503927242662255,0.4933717,0.49664882,0.28905755,0.28850627,0.0002086886955690491,0.48661703,0.48932424,0.28277758,0.29093948,-0.06861667491262977,0.50700766,0.46445736,0.2942463,0.2746281,-0.12049716141521635,0.5057477,0.4913344,0.28769955,0.29483473,0.012426540607002356,0.48984164,0.49552387,0.28234223,0.28763595,0.04087467110864819,3.9195149677625776,2.2114812164546818,4.522242208698702,2.611126600201873,2.9482012157934365,0.7511705080590614,2.95437302481585,0.7782732539396778,4.104639589099606,2.12039847381384,2.2744187186523366,0.7786143278059051,2.0452132412177053,0.9075220682943613,2.0277892544840177,0.9060389397231632,2.437728438787541,0.93721693386031,2.3037662121332474,0.9677363787982876,0.0031511388122987096,0.012394093159402828,0.020036377117171388,0.025794156491114252,0.03400797052758405,0.03826355260007569,0.043693088347737434,0.0482421588390216,0.053851263158707724,0.05389953428021965,0.43007439374923706,0.03299695998430252,0.03238111734390259,0.03212037682533264,0.03207993507385254,0.03188789635896683,0.03090735524892807,0.03087306208908558,0.03078254498541355,0.030127834528684616,0.029552819207310677,0.02953706681728363,0.02898241952061653,0.02869909629225731,0.028586240485310555,0.028326721861958504,0.028231877833604813,0.02799736149609089,0.02794194221496582,0.02791290543973446,0.011243913235936149,0.011952191235050237,0.013346613545806098,0.01105577689242147,0.013147410358555262,0.012749003984053587,0.011553784860548562,0.01324701195218068,0.011254980079672306,0.012549800796802749,0.008366533864535166,0.00956175298804019,0.008366533864535166,0.008499335989369057,0.008432934926952112,0.008034528552450439,0.008366533864535166,0.008432934926952112,0.0084027526258535,0.008257877580580164,13.5206383,760.142158,122.40832,0.2561,0.2701
E10H4-1,0.8602728400165358,0.019326167837949566,0.020463001240181893,0.050124018189334436,0.04981397271599835,0.49333107,0.4976095,0.28855258,0.28916648,-0.002342837227330811,0.55406284,0.44457537,0.28255698,0.2778226,0.06670471896704962,0.4781966,0.49867317,0.29180533,0.29480714,0.05172261835382793,0.48325372,0.48907918,0.2848221,0.27998927,-0.012968203429689136,0.4975964,0.48925734,0.29240465,0.28814813,0.02066794523028858,3.4777584649870903,1.8833234690719391,3.5697300621389383,1.7391676316957785,2.9254796557666336,0.765440187475649,2.937909195589627,0.729787622125556,3.7593347994313318,1.7523157312351914,2.305361758448164,0.9369207712868518,2.0281109168086715,1.0542129953680013,2.1822958295841417,1.0445670230842135,2.3028222131895943,0.9796101862816865,2.2957105058832354,0.9414957801844754,0.0032183701574756,0.012509230984172604,0.0200553526402278,0.02598646787617508,0.034103080986501146,0.03867532882262539,0.04355527613116979,0.04763853129220473,0.05345155646035833,0.05414013798242288,0.453045517206192,0.033949919044971466,0.03354785963892937,0.02981400117278099,0.02939748205244541,0.029375309124588966,0.029086366295814514,0.02895490825176239,0.02888512797653675,0.028601404279470444,0.0282352976500988,0.028073102235794067,0.027721231803297997,0.027719156816601753,0.02753123641014099,0.027417948469519615,0.02741575427353382,0.02708478271961212,0.02707781456410885,0.027065828442573547,0.011998685075599277,0.012656147271522526,0.011741863905316759,0.010909763313601398,0.0136834319526526,0.011094674556204812,0.012666420118333827,0.012296597633127,0.012111686390523586,0.012758875739635533,0.008752465483228241,0.008752465483228241,0.008690828402360436,0.00887573964496385,0.008505917159757022,0.008814102564096045,0.008444280078889217,0.008136094674550195,0.008270575578261769,0.007396449704136541,12.76332461,737.419866,119.46141,0.2468,0.2665
E10H4-2,0.8602728400165358,0.020256304257957835,0.019532864820173624,0.04981397271599835,0.050124018189334436,0.4939918,0.4956456,0.28916398,0.2894225,5.700816005981211e-07,0.5154928,0.4849533,0.28301752,0.2721078,0.03135263809091592,0.45083237,0.4886109,0.28253224,0.28241232,-0.08158726961846118,0.5001518,0.49912092,0.28303272,0.29022,-0.015568910088817561,0.49421674,0.5015901,0.28838885,0.28274652,0.03412989252802354,3.6011697424205176,1.831121256963481,3.6795460048139828,2.0172770773800677,2.954100213165765,0.7806353282014732,2.939264869815461,0.7193212467295385,3.7675078822560244,2.2061524985672794,2.3996033514481745,0.9214372538928232,2.055980454830977,0.9935945267757489,2.134551693844083,0.9080977079916766,2.258639184998193,0.9281767045954461,2.3869406113828084,1.0172903533208604,0.003231503400593695,0.012350943229771654,0.019735369605243594,0.02552364895221198,0.03406148351818905,0.038405552043051856,0.0436824762007453,0.04821115538499491,0.05378378334223712,0.05434741765629416,0.44907480478286743,0.03341476619243622,0.031062135472893715,0.030446549877524376,0.03043198212981224,0.03016079217195511,0.029959429055452347,0.029762759804725647,0.029559532180428505,0.029171820729970932,0.02916143089532852,0.028914310038089752,0.02879045158624649,0.027547989040613174,0.027490170672535896,0.02723553404211998,0.027140231803059578,0.026924600824713707,0.026886073872447014,0.026864750310778618,0.011176857330695218,0.013149243918464962,0.012481508875730412,0.011556952662713345,0.012943786982238947,0.011926775147920173,0.012943786982238947,0.012296597633127,0.011556952662713345,0.011926775147920173,0.007951183431946781,0.007889546351078977,0.008937376725831654,0.009060650887567263,0.008690828402360436,0.008752465483228241,0.00807445759368239,0.009245562130170677,0.008270575578261769,0.007799892415271261,13.18598728,741.070992,120.48363,0.2666,0.2853
E10H4-3,0.8603761885076477,0.020773046713517984,0.018912773873501446,0.049503927242662255,0.050434063662670524,0.4947645,0.49564514,0.2893896,0.28806257,0.00017638189529263308,0.48282978,0.48962814,0.2738373,0.30725247,-0.001994411070937932,0.4878715,0.50527924,0.2922536,0.27908787,-0.03239442348160285,0.4939152,0.5016808,0.28822416,0.2904735,0.026431797735969115,0.4860056,0.49091762,0.2807427,0.2925632,-0.017118651371307397,3.6665944327308484,1.8738487522914344,4.02399034705594,1.8358494537557448,2.8860203244391722,0.7865714335762334,2.8494794812436965,0.7664423651429447,3.5424736730346367,1.794999875895109,2.3426202962290015,0.9113386351378671,2.0324251868948346,0.9689683178355367,2.173298830359433,1.039254965098994,2.3407050269058827,0.9676779027474074,2.248226316446755,0.8858481045158093,0.003243905402458977,0.012348144782372061,0.019841250027046415,0.025333752760814822,0.034201648083699084,0.038485800216038445,0.043745287682313644,0.0482824278193599,0.05375828660545023,0.05409282995377976,0.44699129462242126,0.03336535021662712,0.03333049267530441,0.033132266253232956,0.032367609441280365,0.03167925402522087,0.02944491244852543,0.029286639764904976,0.028741005808115005,0.02864110842347145,0.028562046587467194,0.027604350820183754,0.027564654126763344,0.02743593603372574,0.027350513264536858,0.02709083817899227,0.027085289359092712,0.026988474652171135,0.026708899065852165,0.026629112660884857,0.011678591989464174,0.011843079200583388,0.012490747594365291,0.013971132494438215,0.012768319763128965,0.012305699481856176,0.011565507031819714,0.012490747594365291,0.011010362694292368,0.011935603256837946,0.00826548235874049,0.00888230940043754,0.009622501850474002,0.0077720207253828485,0.007586972612873733,0.008450530471249605,0.008388847767079901,0.008203799654570784,0.008343987618592843,0.009286050736821065,12.90020887,745.805534,120.36502,0.246,0.2653
E10H4-4,0.8606862339809839,0.0211864406779661,0.018189334435717238,0.050330715171558495,0.049607275733774284,0.4934924,0.49590313,0.28937548,0.28905627,-0.0016036858292167394,0.51207614,0.48701942,0.2869986,0.27917582,-0.008664561953430357,0.51295733,0.48854005,0.26234382,0.27174872,0.054369404890846636,0.4814945,0.49645007,0.28956726,0.29015285,0.02022518350816697,0.4988567,0.4990113,0.28427148,0.29024738,-0.004963966769992865,3.6749161316496277,1.8125218144288249,4.02988958052572,2.2710608185377827,2.901129202148741,0.7915620647410676,2.921298901155334,0.7755187920194453,3.851662789153758,2.3130195875320267,2.2884537655256305,0.898265997394956,2.1444727235474836,1.0175377533164327,1.9523721170521993,0.8261726807243729,2.4186234838885254,0.9547900709300289,2.2621427040767736,0.8403088781050708,0.00316721576099181,0.012450548432765716,0.019912938779290543,0.0254965003506265,0.03409511901454108,0.03862183939983329,0.04354549544185554,0.04804409955146271,0.05388566929967319,0.05411390730229297,0.4480327069759369,0.0372120626270771,0.032447073608636856,0.030613237991929054,0.030137065798044205,0.029607735574245453,0.028989171609282494,0.028939319774508476,0.02885294333100319,0.02874450758099556,0.028427038341760635,0.02827119268476963,0.028143156319856644,0.027983106672763824,0.027914736419916153,0.027882296591997147,0.02778497338294983,0.02675185352563858,0.026723649352788925,0.02654227428138256,0.011292449719741046,0.01219914276293193,0.012889465875361357,0.011313056379813566,0.013074925816014039,0.012982195845687699,0.01196216617209795,0.012611275964382336,0.012611275964382336,0.011127596439160885,0.008531157270023345,0.008036597428282862,0.008531157270023345,0.008654797230458465,0.009334817012851632,0.008345697329370664,0.0079747774480653,0.00914935707219895,0.0076881575397838835,0.00842999730239461,13.36415178,746.805499,120.07974,0.2515,0.2676
E10H5-1,0.850558081852005,0.023873501446878876,0.025630425795783382,0.04878048780487805,0.051157503100454735,0.49293482,0.49641865,0.2885108,0.28921726,-0.003402052269241542,0.51552105,0.51581186,0.29493973,0.28794065,0.05890000628770415,0.5265047,0.45704618,0.2914567,0.27979344,0.01123202922923512,0.49080196,0.49692976,0.2873767,0.28256842,-0.013643797781742458,0.48652378,0.49378532,0.28642112,0.28828833,0.041328362691300836,3.361880282144198,1.637206447340723,3.335808235105134,1.8031682330468466,2.9904544073687087,0.8064755274849406,2.9714202969136077,0.83178936053665,3.2708783459301443,1.6470003817184429,2.371880328988472,0.8639896279770446,2.1206544016616955,1.0509788344417212,2.1183534928978904,0.9506353198705443,2.3004525570414036,0.9662942017908276,2.256226690294933,0.8552631292800222,0.003196420706526716,0.012455720342986554,0.01983118130929695,0.0255786335483177,0.03396578565230094,0.03840937733026919,0.043514347553698846,0.04812510084205844,0.054028086057704185,0.0542286799901738,0.46556687355041504,0.03483448177576065,0.03021823614835739,0.02971569634974003,0.02931142784655094,0.028542065992951393,0.028307173401117325,0.02796947956085205,0.02796764299273491,0.027895880863070488,0.02748536877334118,0.027285665273666382,0.027223287150263786,0.027120498940348625,0.027045531198382378,0.026859872043132782,0.026826336979866028,0.026762790977954865,0.026535997167229652,0.02652565948665142,0.011602889196242168,0.011987090825256808,0.012621023513130967,0.011843015214376319,0.012102351313961202,0.012707468879659262,0.012707468879659262,0.011324343015206554,0.012102351313961202,0.013053250345772439,0.007895343476250878,0.008875057630238214,0.00864453665282943,0.00893268787459041,0.008586906408477233,0.008471645919772841,0.008817427385886019,0.008298755186716253,0.007921539041865515,0.008235885829241129,12.72354122,738.293245,118.89099,0.2471,0.276
E10H5-2,0.850661430343117,0.024390243902439025,0.025010334849111204,0.04878048780487805,0.051157503100454735,0.49489436,0.49640983,0.28876525,0.2882219,-0.006554629327480016,0.504444,0.473499,0.29662523,0.29746574,0.1520024556960135,0.48442855,0.49114022,0.2836063,0.28669855,0.027274823020070536,0.4833092,0.49274635,0.28525075,0.29113224,0.051416615571717506,0.48711506,0.5007533,0.28815502,0.28985813,-0.028682796473933552,3.4507462542121967,1.7560967264844234,3.2112670469250495,1.666935224968974,2.8726150949585416,0.7564621990484444,2.8421469355785827,0.7514153571797116,3.2768385962149327,1.6505130175602396,2.2688991478895026,0.9207927935049768,2.0788912686252523,0.899759426423018,2.180636668030611,0.9431075342790488,2.3569419269997316,0.8071160529928302,2.313187660874048,0.8566846609411861,0.0033056149870231088,0.012528398438361604,0.019908683856452787,0.025549404092316062,0.034348692385174726,0.038520413790061096,0.04356412349001184,0.0476329120438788,0.05394710721926903,0.05402798303078428,0.45465928316116333,0.04373539239168167,0.031663764268159866,0.02985800988972187,0.029499726369976997,0.02850836142897606,0.02841094508767128,0.028362777084112167,0.028111906722187996,0.028031274676322937,0.02798847295343876,0.02773897349834442,0.02705141343176365,0.027004461735486984,0.026920588687062263,0.026920154690742493,0.026501674205064774,0.026373568922281265,0.026346806436777115,0.02631237730383873,0.01245674740483567,0.012918108419829585,0.01167820069203344,0.01185121107265616,0.012197231833901593,0.012716262975769747,0.013321799307949259,0.0117647058823448,0.010640138408297134,0.012283737024212952,0.009284890426752512,0.008189158016141968,0.008477508650513164,0.008362168396764687,0.008246828143016208,0.008477508650513164,0.008535178777387404,0.008246828143016208,0.008367411135571436,0.008556149732614399,12.9363039,728.287621,120.31584,0.2604,0.2779
E10H5-3,0.8507647788342291,0.022943365026870607,0.02635386523356759,0.04971062422488632,0.050227366680446466,0.4930595,0.49562374,0.2891751,0.2892382,-0.0005465657729852321,0.4945067,0.55218357,0.27513564,0.28067452,0.01590147858232117,0.48158777,0.4704553,0.2860496,0.2878293,-0.04869463363171827,0.509533,0.48727936,0.28889018,0.28556952,-0.0117163584884837,0.4988959,0.49401897,0.2863399,0.28273502,0.039927945778984626,3.4510810492819073,1.6426039386886286,3.1445253129316475,1.5562019399489098,2.951739661484937,0.8272377940508928,3.0522548382792056,0.8256408353711999,3.455133526858196,2.0008732476151225,2.2647362054415487,0.9404697939198948,2.0713683048654237,0.8840279507295083,2.0453993742837406,0.9078460976038754,2.32714281099923,0.8834504901731363,2.2590100015314607,0.8535072610011367,0.003243026844255508,0.012371600186056424,0.019711612541815894,0.02537394893240766,0.03361544210721862,0.038585107133651014,0.04348276889977578,0.048368910144251334,0.05428757814153825,0.05429333840236286,0.4469376504421234,0.037580378353595734,0.033243853598833084,0.031078370288014412,0.030632346868515015,0.02985706552863121,0.029763706028461456,0.02917860448360443,0.028679754585027695,0.028515424579381943,0.028453052043914795,0.028088221326470375,0.027658747509121895,0.027637140825390816,0.02762007713317871,0.027149876579642296,0.02714572288095951,0.027105655521154404,0.026934383437037468,0.02673996426165104,0.011618959679893463,0.011618959679893463,0.012032548476445961,0.013157894736832994,0.01142659279777602,0.01211911357339881,0.014283240997220026,0.011772853185587415,0.011340027700823171,0.01272506925206875,0.008656509695284864,0.007733148661121144,0.008714219759920096,0.008194829178203005,0.008771929824555328,0.00859879963064963,0.009118190212366723,0.0085410895660144,0.008499118609916048,0.007869554268440786,12.91574949,735.069366,118.05795,0.2473,0.2658
E10H5-4,0.850661430343117,0.025527077304671353,0.023873501446878876,0.051157503100454735,0.04878048780487805,0.49549443,0.49630582,0.2888761,0.28874922,-0.0024187861202260887,0.46756196,0.48109517,0.28316736,0.2927943,0.011911985347097658,0.4732869,0.4878201,0.28863344,0.2822228,-0.10500289271379681,0.49748704,0.5017634,0.2895574,0.28982395,0.04282947020130735,0.48625466,0.49156135,0.28546965,0.2865539,0.037482182150708324,3.3227210447381625,1.6506686660529282,3.384179078384163,2.032670054347852,2.9363861172456245,0.7533495605269547,3.036191526786789,0.7904184661628034,3.3762901116198396,1.728967625431264,2.2499456068911043,0.8089152961310725,2.0690181721711722,0.866921257781278,2.1154670704522878,0.8930433060939924,2.3045987780762833,0.8505624649144449,2.2831000753757693,0.886247055734999,0.00323601931690521,0.012456777695102202,0.020065362337870762,0.025685356210151587,0.03407011861513547,0.03868195678499,0.04350972410673903,0.04753067507039582,0.053789702513823846,0.054307640682219396,0.44775182008743286,0.03935258463025093,0.03226463496685028,0.03209751844406128,0.03118782304227352,0.030443983152508736,0.029266612604260445,0.028817245736718178,0.028766846284270287,0.028736094012856483,0.028541915118694305,0.028017748147249222,0.027805352583527565,0.027529286220669746,0.02725503407418728,0.026890894398093224,0.026838308200240135,0.026348799467086792,0.02606835588812828,0.02601914294064045,0.011995386389841756,0.01353325643982147,0.01245674740483567,0.012110726643590235,0.012629757785458388,0.012370242214524312,0.011159169550165288,0.012370242214524312,0.012110726643590235,0.011072664359853929,0.008362168396764687,0.008708189158010122,0.008477508650513164,0.008592848904261643,0.008592848904261643,0.0088235294117586,0.008477508650513164,0.007785467128022294,0.008556149732614399,0.008367411135571436,12.49822634,735.628859,118.67506,0.2506,0.2791
E10H6-1,0.8409466721785862,0.031211244315832987,0.027904092600248037,0.049607275733774284,0.050330715171558495,0.4938762,0.4963694,0.2876899,0.28822485,-0.003163110386986829,0.49612337,0.4714895,0.30007648,0.2944003,0.008220139883337838,0.48292682,0.48166978,0.29803598,0.29296878,0.04309885422095678,0.501626,0.49710453,0.28948194,0.28979146,0.008266632148606064,0.49143586,0.5071695,0.29115865,0.2878369,0.013459510822010736,2.916153716215173,1.5502684514677953,3.2654090399006668,1.66335006290457,2.9205809468515374,0.795428772982079,2.9793190563044862,0.7746250691153306,3.1120449707930056,1.5215702743422543,2.3232538252412613,0.8782743510357568,2.117869434569164,0.9618862118815081,1.98639617015836,0.8598926911919802,2.3971407979876127,0.9953657778225795,2.2976609488330606,0.9309068146387661,0.003388565634670432,0.012819853566498294,0.02023909824598877,0.025989111760696064,0.034372185809425485,0.03861118912283617,0.04343692850917616,0.047532214447419875,0.05346418207013672,0.05348000416648537,0.4688618779182434,0.03169655054807663,0.030353670939803123,0.029552334919571877,0.029546797275543213,0.02836029790341854,0.02819187007844448,0.028176741674542427,0.028073327615857124,0.027634272351861,0.027628524228930473,0.027414735406637192,0.027329418808221817,0.026967614889144897,0.026931025087833405,0.026819618418812752,0.026798414066433907,0.026640666648745537,0.026522904634475708,0.026499351486563683,0.012851057685357327,0.012995451591934376,0.01128979857049299,0.012183235867438478,0.011858349577640119,0.011533463287841758,0.011533463287841758,0.012264457439888068,0.012345679012337657,0.012914230019484786,0.008284600389858164,0.009529997834085209,0.008013861815026198,0.009150963829320458,0.00855533896469013,0.007743123240194232,0.007851418670127019,0.008122157244958985,0.008860535176318893,0.008683324472792514,12.58955583,718.66662,119.3563,0.2757,0.3095
E10H6-2,0.8411533691608103,0.028524183546920216,0.03038445638693675,0.051157503100454735,0.04878048780487805,0.4947168,0.49474385,0.28869575,0.2880712,-0.0015227013615792164,0.46509367,0.5024257,0.29785365,0.29300916,0.0549236014604167,0.48809525,0.51346135,0.2779049,0.29050106,-0.024096910217252795,0.4933481,0.49130285,0.28352085,0.2904433,0.006536122408028784,0.5009043,0.5030882,0.29334772,0.2927404,0.0019180350054552617,3.238044530755767,1.8288733585927166,3.0949617288686877,1.563656426664012,2.874580019818827,0.7663515904357758,2.9712024298654764,0.7974579434734748,3.1215154976201895,1.6437132268221313,2.38560045354713,0.8644745647716755,2.0848041337805348,0.8996603943827187,1.9878185241972182,0.8926795811411196,2.412691537924406,0.8135801989397712,2.2903375532896377,0.8993883179898927,0.0033356629613867407,0.012509712206339972,0.0198656103950867,0.025795099451691453,0.03395400351136117,0.03863278164096917,0.04375145601753338,0.04798773496381267,0.05384694473835935,0.05365432744679273,0.46709421277046204,0.032077088952064514,0.03148633614182472,0.03123743273317814,0.030540654435753822,0.02960043027997017,0.029165735468268394,0.028799306601285934,0.028737841174006462,0.027567172423005104,0.027203667908906937,0.02682417444884777,0.026814403012394905,0.026729641482234,0.026335427537560463,0.026188159361481667,0.026167700067162514,0.025963084772229195,0.025761131197214127,0.025706306099891663,0.013156943540799652,0.012000289163586494,0.011955107351976607,0.012443070917363408,0.011141834742998607,0.012605725439159008,0.012605725439159008,0.013012361743648008,0.011304489264794207,0.011629798308385408,0.008512253307303073,0.008566471481234938,0.008674907829098672,0.0076447625243932045,0.008295380611575604,0.008349598785507471,0.008241162437643737,0.008674907829098672,0.00869462352871026,0.00916780031938837,12.84830143,721.39802,119.12256,0.27,0.2742
E10H6-3,0.8407399751963621,0.02997106242248863,0.029350971475816452,0.050330715171558495,0.049607275733774284,0.4930217,0.49467567,0.28881776,0.28812525,-0.0003264923690956798,0.47493693,0.5364699,0.28454944,0.29576457,0.10787330828407168,0.50626934,0.4851695,0.28224745,0.26990837,-0.08220201240640114,0.51344717,0.50092226,0.29289094,0.2917335,-0.000497817952397286,0.49314025,0.490625,0.28651515,0.29890698,-0.009980116214106447,3.175583693745969,1.5925946939466806,2.9516046011416996,1.5864751866813953,2.84691072404486,0.7472239841581109,2.971544566847784,0.7807087937065573,3.195081642526031,1.6468585102447548,2.347307347076456,0.8869610715802704,2.0287956851218607,0.9601661848418113,2.1189773508522634,0.9416451295235404,2.3619300203271827,0.8874028184403217,2.3573604197568288,0.9566248544461913,0.00332123611569339,0.012562992864582323,0.020078793642168184,0.025823354746055467,0.0342422419314146,0.03870462734747478,0.043543514403451916,0.04768115098233289,0.05355509409306448,0.05382032720709531,0.45486024022102356,0.04050537571310997,0.03175991401076317,0.031368743628263474,0.030037464573979378,0.02900923788547516,0.028737887740135193,0.02782731130719185,0.027819180861115456,0.027743857353925705,0.027586789801716805,0.02735455147922039,0.027290569618344307,0.027252385392785072,0.02709132805466652,0.02703770250082016,0.026957659050822258,0.026869559660553932,0.02654728852212429,0.026342986151576042,0.011320210541488074,0.013194895089759986,0.01095068137572294,0.01249188838415802,0.012816353017512773,0.012005191434125888,0.011356262167416382,0.012816353017512773,0.01297858533419015,0.012005191434125888,0.008652390222793434,0.008057538394976384,0.008544235345008516,0.008219770711653761,0.007841228639406549,0.008976854856148188,0.008003460956083926,0.008382003028331138,0.00914400330363397,0.00902601616423224,12.26961501,714.001296,118.7803,0.2659,0.2733
E10H6-4,0.8415667631252584,0.028937577511368336,0.029557668458040514,0.05188094253823894,0.04805704836709384,0.49198323,0.4965823,0.2891795,0.28862622,-0.00242594544005149,0.51132405,0.4978511,0.2796824,0.28386623,0.041525273823419154,0.49991474,0.48316935,0.27775663,0.2851588,0.010338371894833942,0.505393,0.49809235,0.28953618,0.29069903,-0.010202277271023468,0.5009179,0.48538363,0.28957632,0.29173735,0.02462308605040377,2.9775217178595224,1.4099417889566606,3.0085750585941597,1.6044781839212636,2.876343833086518,0.7968768334753504,2.8980623294484786,0.7891388413807443,2.8284939522354553,1.4415940450552926,2.258355314838093,0.8720926313510644,2.25773618539769,0.9500670066610507,2.052047959757079,0.9019837555811824,2.361219862719076,0.8516689853459555,2.3509966088790297,0.9771830218473477,0.0033382774952849734,0.01239396838059978,0.020094210166900967,0.025907150445813664,0.03424251695279552,0.03841600927385364,0.04332273501228295,0.04762273591591568,0.053795838383994855,0.0541998913058913,0.4669114947319031,0.03071618266403675,0.030172055587172508,0.030103441327810287,0.029987318441271782,0.029377195984125137,0.02892359159886837,0.028335822746157646,0.028196122497320175,0.027787452563643456,0.027658043429255486,0.027468528598546982,0.02718481235206127,0.027164975181221962,0.026860378682613373,0.026741579174995422,0.026699325069785118,0.026617003604769707,0.026569310575723648,0.02652532234787941,0.011089367253743581,0.0118141624990863,0.011578604044349915,0.011660143509450972,0.01304631441616892,0.012638617090663641,0.012801696020865753,0.012393998695360474,0.01320939334637103,0.01190476190475414,0.008860621874314726,0.008425744727109094,0.008534464013910502,0.008425744727109094,0.008425744727109094,0.008697542944112614,0.008153946510105575,0.008751902587513316,0.008183597224687776,0.008242898653852181,12.61956207,726.989128,119.09381,0.2761,0.2801
E10H7-1,0.8317486564696155,0.03482844150475403,0.033484911120297646,0.051260851591566764,0.04867713931376602,0.49374637,0.49627343,0.28938854,0.28950325,0.005647274006932354,0.485706,0.5131771,0.29616785,0.2794202,-0.08836342086579227,0.49725235,0.48788974,0.27695245,0.2794348,0.017466337912590946,0.49542683,0.49444708,0.28199545,0.28372538,0.0035342889326982576,0.4985242,0.4813775,0.28529355,0.29139832,-0.04678657096213184,2.6848906200705516,1.4159845373058344,2.820444646617335,1.3467035731318662,2.9044397633330816,0.8017846926873444,2.922594597493323,0.7939869904449544,2.843951456351267,1.413503988809516,2.3446783713587593,0.8806136312386873,2.075216562969978,1.0488109489731936,2.018719247756419,0.9356227245467995,2.3886907960381545,0.9449453492246913,2.4133683506282138,0.9387749280186265,0.0033477354647136522,0.012398895123431558,0.019890480742920266,0.025706509560695583,0.03416311680590228,0.03838916833603021,0.043659064728515884,0.047908763229635734,0.05381149760771477,0.054058101733773394,0.47025424242019653,0.03404834493994713,0.03287779912352562,0.031623102724552155,0.030644655227661133,0.027940470725297928,0.027411937713623047,0.027363143861293793,0.02724151499569416,0.027021415531635284,0.026992367580533028,0.026809142902493477,0.026506491005420685,0.026506491005420685,0.02644670009613037,0.026273241266608238,0.026132257655262947,0.025987347587943077,0.025960836559534073,0.025958586484193802,0.012012012012004634,0.011807261807254554,0.011517199017191943,0.01190110565109834,0.013743857493849052,0.012822481572473697,0.011824324324317062,0.012438574938567298,0.012822481572473697,0.011133292383285545,0.00788288288287804,0.009162571662566035,0.008650696150690838,0.008343570843565719,0.008292383292378198,0.008292383292378198,0.009469696969691153,0.009009009009003475,0.007371007371002844,0.0081527808800486,11.86043616,696.565488,118.91637,0.2797,0.2843
E10H7-2,0.8316453079785036,0.0357585779247623,0.032658123191401406,0.049400578751550225,0.05053741215378255,0.49502313,0.49638355,0.2882315,0.2896731,-5.295138587272877e-06,0.47821793,0.4871167,0.29994613,0.2851516,0.09267635807586215,0.47171193,0.5208914,0.29364353,0.2816937,-0.05205241705917541,0.49938768,0.4893979,0.29062018,0.2879718,-0.016919098222471354,0.4955359,0.48164707,0.28122875,0.27822906,-0.014374058909736424,2.768318943071016,1.2951643493634002,2.910828862373816,1.5058491501759004,2.852571146621356,0.7741056304558751,2.921429839830725,0.7734158172192687,2.892854082901841,1.517206474495815,2.3670461477975793,0.8774536478577302,2.0792278994101703,1.0591968879848,2.1897234052098837,1.0075901899852506,2.371033123078359,1.0257936255293638,2.3445277295065807,1.0181662579962072,0.0033752628490250325,0.012512245233115933,0.019732482569563833,0.025804280692325095,0.033970831940850786,0.0385427684505373,0.043548814982997355,0.047879579257809675,0.053622923765456555,0.05434414359165177,0.4720596373081207,0.03573889657855034,0.03158655762672424,0.030094794929027557,0.02845427766442299,0.027791613712906837,0.027375992387533188,0.027328912168741226,0.027277985587716103,0.02717340923845768,0.027100974693894386,0.026972142979502678,0.02687264047563076,0.026625482365489006,0.026532571762800217,0.026359032839536667,0.026341674849390984,0.026147665455937386,0.0261000394821167,0.02606573887169361,0.0123456790123381,0.013095968897065829,0.012814610190292931,0.0117403314917055,0.01158686310619301,0.012737875997536686,0.011049723756899294,0.01220073664824297,0.011663597298949255,0.012584407612024196,0.008184980560666145,0.00798035604664949,0.008645385717203614,0.009310415387757738,0.00874769797421194,0.009208103130749412,0.008184980560666145,0.008901166359724431,0.007645515932804057,0.007812935989726773,12.63798777,712.364529,116.81704,0.2794,0.2843
E10H7-3,0.8309218685407193,0.03420835055808185,0.03493178999586606,0.049503927242662255,0.050434063662670524,0.49385694,0.49672294,0.2886868,0.2884017,0.0030907477730663722,0.48187312,0.52306825,0.29239318,0.29755065,-0.009182812844612283,0.50443786,0.47492728,0.29197267,0.29164776,-0.1285316627912878,0.5016803,0.4685963,0.28164104,0.28384912,0.01113176566128123,0.48787987,0.50251806,0.2895723,0.28672445,0.04375785463046049,2.842546197296124,1.5207499337334651,2.9439846825824256,1.4345055802352162,2.8821902785470894,0.7780080500964178,2.9044906666419106,0.7843235783697626,2.714253826391489,1.3953585781760747,2.3924943290745726,0.860945807196419,2.0916365835327637,0.9422824850231842,2.085543111012834,0.9497311314512861,2.302090770052714,0.8681201093788388,2.2710937251035697,0.8709913805003119,0.003391566320391649,0.012687948343482773,0.01994755357159259,0.02576281539040901,0.03398110642675411,0.03841517180568185,0.04325452591551624,0.04768285066086174,0.05376792225804378,0.054441872640599596,0.4779762029647827,0.032365716993808746,0.030747339129447937,0.03065449930727482,0.028803925961256027,0.02847447246313095,0.028168221935629845,0.02813827246427536,0.027590874582529068,0.026797296479344368,0.02678130567073822,0.026636993512511253,0.026556184515357018,0.026546476408839226,0.026159098371863365,0.025763235986232758,0.025702469050884247,0.02561848796904087,0.02533772401511669,0.02518121711909771,0.011681608258618232,0.01229285520238314,0.012072127139356924,0.012683374083121831,0.012606968215151218,0.013218215158916125,0.011231662591680177,0.011002444987768336,0.01199572127138631,0.013218215158916125,0.008914017929904903,0.008404645476767478,0.008608394458022448,0.008761206193963676,0.008251833740826251,0.008251833740826251,0.008200896495512509,0.008200896495512509,0.00872416092464459,0.00844632140475145,12.65026116,715.676004,118.81691,0.297,0.3302
E10H7-4,0.8314386109962795,0.034621744522529974,0.03400165357585779,0.04909053327821414,0.05084745762711865,0.4944277,0.49726436,0.2889031,0.2887941,-0.0005905765075094053,0.49417546,0.49208194,0.27901402,0.28473106,-0.03610086340368931,0.4965157,0.48495698,0.2941689,0.29522124,0.032775314071089516,0.48451862,0.48358607,0.2866109,0.29046968,0.024289783331367203,0.49244002,0.4926967,0.28910202,0.28248224,-0.014758616022267529,2.707134335840349,1.524845904017129,2.805924091205853,1.499456748793731,2.993567655163182,0.7736618731466653,2.9283831847058543,0.759612366883427,2.809880663499004,1.452770045860022,2.3239308336756888,0.8755053737104618,2.0762821267103537,0.9585944275718427,2.11167115421735,0.9690310770247146,2.301845566013055,0.8903327471009853,2.3049595034673724,0.8200151494150448,0.0034174417121003646,0.012503031786920842,0.020027610813967256,0.02562908860174562,0.03405142140516283,0.0387919291820555,0.04330138893199486,0.04782694157933396,0.053598544282480926,0.054185935037571166,0.4669104814529419,0.03318421170115471,0.03200386092066765,0.02988254837691784,0.029827123507857323,0.02929951809346676,0.028825709596276283,0.028627105057239532,0.027922580018639565,0.02736274152994156,0.027345161885023117,0.027301039546728134,0.027276035398244858,0.027041120454669,0.026782263070344925,0.02674282155930996,0.026666659861803055,0.026219476014375687,0.025685204192996025,0.02509431168437004,0.012126166632596967,0.012126166632596967,0.013258736971175194,0.012109135499686015,0.011802575107288901,0.013182096873075916,0.011266094420593951,0.011879215205388179,0.012109135499686015,0.012109135499686015,0.00899243817698202,0.0085836909871192,0.008481504189653497,0.008379317392187792,0.008685877784584906,0.00919681177191343,0.008226037195989234,0.008021663601057825,0.00785909369599875,0.00824926146814053,11.87651742,704.92566,118.53083,0.2765,0.2825
E10H8-1,0.8219305498139727,0.038238941711451015,0.03989251756924349,0.05188094253823894,0.04805704836709384,0.4940228,0.49623847,0.28836378,0.2888717,-0.004384277560149318,0.47478577,0.47549245,0.29524484,0.2894099,0.01663792233089721,0.50527614,0.50818914,0.29044622,0.28113696,0.09106143736286558,0.49696335,0.49912217,0.28292966,0.29171672,-0.025033353774270736,0.49430895,0.48981225,0.29220048,0.28650063,0.008814551242808376,2.6780124156323044,1.3915306715366849,2.627675876983758,1.3608071757069264,2.941373543230262,0.7805625243911334,2.9667510818328924,0.8181416505586585,2.559977243656367,1.2831665955601987,2.3579594133481376,0.9484128133162097,2.0524871973030527,0.9476851353260067,2.1324645010452508,0.9693512180351266,2.45739858809401,0.9246483454012421,2.3106498956615678,0.9056818478251523,0.003330661789810382,0.012452074675314628,0.01986122414456454,0.025699423503600397,0.03401834184823364,0.03855274544935052,0.04344507399350371,0.04784435319249451,0.05402500523478123,0.05410442950167977,0.48555809259414673,0.02948044426739216,0.028984174132347107,0.02833258919417858,0.02733432501554489,0.02727479860186577,0.02723614312708378,0.027221905067563057,0.026916416361927986,0.026880547404289246,0.026773173362016678,0.026737548410892487,0.026682421565055847,0.02664923295378685,0.02658112160861492,0.026450293138623238,0.026318207383155823,0.026264069601893425,0.026257194578647614,0.026067353785037994,0.012381505126709779,0.012445992132578059,0.011607661056290419,0.012550783517114016,0.012260591990706756,0.012623331398715831,0.011825304701095865,0.011680208937892234,0.011825304701095865,0.012695879280317646,0.008657380537816605,0.008318823757008134,0.009189398336229915,0.007931901721798452,0.008463919520211765,0.008270458502606924,0.008995937318625075,0.008415554265810555,0.008705745792217815,0.007756028069430416,11.847325,701.417498,117.05481,0.2664,0.3112
E10H8-2,0.8223439437784208,0.038135593220338986,0.0395824720959074,0.049297230260438196,0.05064076064489458,0.49413002,0.4954107,0.2900922,0.28859586,-0.0005509210957927162,0.510741,0.5050296,0.27827176,0.2942907,0.041054635489342295,0.48755014,0.49435765,0.2762548,0.28644025,-0.04685527853875991,0.48207805,0.5076929,0.28206173,0.2839844,-0.008619522399911787,0.49400198,0.48398477,0.28807792,0.2911485,0.02149189959176935,2.6596592769933443,1.3492670133789948,2.645557945750665,1.301126112603022,2.901295751212354,0.7727599992287658,3.0087173269555847,0.8009354515175677,2.595444825837781,1.2923506571641235,2.3808692492581356,0.8961062065314346,2.1068802101429926,0.9905099598943086,2.0427649423343692,0.9665200456921486,2.2523670902593693,0.8835317716414235,2.297857608105598,0.9058031484206862,0.0033607386292463697,0.012382794240305034,0.01984159718594152,0.025553834450015123,0.0340391902860396,0.03859350033149104,0.04380060839553246,0.04814512687806731,0.053567118533251454,0.054048824403443434,0.4738801121711731,0.036631397902965546,0.03181729465723038,0.029105111956596375,0.028354257345199585,0.028021566569805145,0.02790466696023941,0.027392182499170303,0.02723129652440548,0.027129707857966423,0.026866456493735313,0.02684960700571537,0.026787301525473595,0.02658570557832718,0.02649424411356449,0.02626776695251465,0.02576235681772232,0.02570791356265545,0.02562103606760502,0.025590039789676666,0.010535841251367408,0.012474953138122146,0.013670738801620902,0.012579988365321362,0.012725421756827967,0.012870855148334573,0.01148923792902182,0.012143688190801546,0.012070971495048244,0.011561954624775123,0.008677525693227451,0.008289703315876504,0.0081442699243699,0.00838665891021424,0.00843513670738311,0.008968392476240662,0.00838665891021424,0.008289703315876504,0.008461579142202491,0.00872600349039632,12.19199718,703.467832,117.80011,0.2852,0.2951
E10H8-3,0.8222405952873088,0.03782554774700289,0.03999586606035552,0.047540305911533694,0.05239768499379909,0.49282488,0.49643484,0.28774294,0.28875652,-0.0018612778774194855,0.4823737,0.48883948,0.29233038,0.2900048,-0.001184623797551327,0.5210815,0.4928612,0.29734018,0.293835,-0.04098708075323625,0.49231175,0.4928703,0.28934848,0.2901468,0.047247142743317115,0.49983165,0.4950523,0.29163516,0.28071868,0.020128275469978467,2.631454536176994,1.371662477796659,2.5773113006338346,1.3375316846447973,2.9089050997844126,0.7641487383757697,2.8577381739543704,0.7331265518027986,2.53879312754582,1.1769156929968636,2.397075211810803,0.9022969126289194,2.088537714225582,0.9730125310890352,2.136503146600557,0.9718015395205438,2.3553480099658186,0.915067577748605,2.2961070383705744,0.9170255975740147,0.0033916994380993933,0.01249551452457099,0.019825016764954812,0.025641749916044454,0.03386887032974391,0.038421824048006877,0.04335977017627003,0.048000602596815656,0.05395856937657383,0.054369716162253376,0.48059239983558655,0.03247903287410736,0.03163444250822067,0.029591543599963188,0.029563022777438164,0.029056591913104057,0.02799050509929657,0.02767139859497547,0.027021190151572227,0.0268858615309,0.02663123607635498,0.026539070531725883,0.026035547256469727,0.025844302028417587,0.02559518814086914,0.025445321574807167,0.02543359436094761,0.02535165846347809,0.025323649868369102,0.025314485654234886,0.012919896640819361,0.011369509043921039,0.011773255813946644,0.012499999999992732,0.01126453488371438,0.01264534883720195,0.01133720930231899,0.012499999999992732,0.012499999999992732,0.013154069767434213,0.00838178294573156,0.008672480620149997,0.008672480620149997,0.008672480620149997,0.008817829457359214,0.008527131782940778,0.008575581395343852,0.007509689922476254,0.008350951374202333,0.008562367864688468,12.29292415,695.335794,118.5399,0.3035,0.3069
E10H8-4,0.8219305498139727,0.03937577511368334,0.03875568416701116,0.05053741215378255,0.049400578751550225,0.4942835,0.4952443,0.28874663,0.28924432,-0.0052254588072416334,0.49555084,0.51045424,0.29396597,0.2797733,0.011663954333434989,0.50250405,0.49579662,0.28763065,0.2828731,0.002148161067857239,0.49311686,0.49974006,0.2847563,0.2890309,0.029557863798822265,0.48030412,0.48858237,0.2871611,0.28968853,0.045200306145894535,2.5472554341930267,1.3220099188035774,2.7132422382224948,1.3734323997654154,2.9319132842384628,0.817121884841928,2.991465572011503,0.8488756083287451,2.539929930088691,1.1993830621478772,2.3559184141064584,0.9082821753527982,2.049303294664469,0.9206519977524312,2.0378250910640436,0.9643316674757136,2.311177560681542,0.8943106934032778,2.3582826155915435,0.886651773109037,0.003350279155819703,0.012652062151055224,0.020084278861109747,0.02563771959984937,0.034282544984200275,0.038541513171897766,0.04332543346922737,0.04774505951503839,0.05373237880053048,0.053982063624605,0.47683534026145935,0.0315265990793705,0.030840592458844185,0.029888495802879333,0.029099205508828163,0.028516599908471107,0.028512943536043167,0.02845696173608303,0.02841360494494438,0.028288697823882103,0.028015874326229095,0.026656458154320717,0.02641991898417473,0.025970738381147385,0.02582743763923645,0.025769157335162163,0.025700144469738007,0.02553793229162693,0.025143718346953392,0.02457962930202484,0.01218804410910494,0.013090862191260863,0.011099825885077713,0.01204294834590131,0.012623331398715831,0.01189785258269768,0.012840975043521276,0.011535113174688603,0.013348810214733981,0.011172373766679528,0.007980266976199663,0.008028632230600874,0.009382859353834757,0.008463919520211765,0.008609015283415395,0.008318823757008134,0.008802476301020235,0.007931901721798452,0.008916794175059459,0.008336411122244937,12.10762868,708.532552,117.74661,0.281,0.2882
E10H9-1,0.8122157916494419,0.042786275320380325,0.04505994212484498,0.049503927242662255,0.050434063662670524,0.49486527,0.4968103,0.2888884,0.28791967,0.0007713045220471183,0.47543302,0.4987104,0.28138795,0.2964942,-0.10969464660296592,0.5039718,0.48860985,0.2887876,0.29434583,0.029990637755151213,0.48856866,0.49580693,0.29045424,0.28207943,0.002477632501712067,0.49030387,0.48273826,0.28831112,0.29470155,0.05062750407574515,2.5106859449643215,1.269612154540386,2.48515613895916,1.1753035414457345,2.895703993916234,0.7854846034708792,2.9046923060292644,0.7610230285065903,2.4370795635116944,1.1786202172763658,2.3214090500448097,0.9580309532547523,2.1854742050475373,1.0467488597559296,2.1642330077930505,1.0653181813095036,2.308144836183656,0.8352824510289253,2.266543095858314,0.9164157818492852,0.0034686751023203176,0.01273557929579738,0.01997053771927615,0.025714656225189595,0.03404955223490711,0.03874131315195092,0.04376520110945359,0.04775072559495988,0.053593735860111076,0.05354335703936732,0.4843796193599701,0.0312846302986145,0.03040803223848343,0.030340295284986496,0.02858283929526806,0.027965011075139046,0.027780914679169655,0.02766111120581627,0.027493281289935112,0.02739970199763775,0.02708304300904274,0.02660788781940937,0.026447877287864685,0.02635301649570465,0.02523714490234852,0.025137191638350487,0.025011533871293068,0.02495870739221573,0.024955427274107933,0.0249127559363842,0.01235247355224661,0.012230171833907535,0.012658227848094299,0.01210787011556846,0.012383048981831379,0.01286461199779149,0.010525591634556674,0.013621353880014517,0.011282333516779701,0.01190148596587127,0.008759860576036272,0.009218492019807805,0.007980187121624667,0.008668134287281967,0.008851586864790578,0.007934323977247514,0.007521555677853134,0.008622271142904812,0.008355431030165011,0.008855756241552137,11.63363162,681.076161,119.14741,0.2947,0.2991
E10H9-2,0.8116990491938818,0.044749896651508886,0.04361306324927656,0.049297230260438196,0.05064076064489458,0.49459028,0.49704564,0.2888103,0.28833717,-0.0001835453440603079,0.46828708,0.49385446,0.28857848,0.29766944,-0.0026439145913353377,0.5021963,0.4667845,0.27933094,0.28720954,-0.03610685405657375,0.49821034,0.49212947,0.28788924,0.28680462,0.004148614956823682,0.4941762,0.5053788,0.2936562,0.28739747,0.03281215121912497,2.4902149106340357,1.246605793226474,2.4401078415535244,1.181771814718448,2.891206474234449,0.7463696677898954,2.875494515485258,0.7346390656099961,2.537610093661169,1.1650329421084678,2.390148170868248,0.9084591112763363,2.12437772290046,1.0056185723608393,2.01823821035891,0.95027251027419,2.3154666908946933,0.8876390611522494,2.2912205422980505,0.9614117845249991,0.0034176935403658066,0.012459707870549447,0.02018934998434363,0.025713285811644653,0.034008399182184894,0.03840047153303494,0.04345471625131237,0.047979407268239675,0.05368108894660256,0.05402921294505535,0.48912057280540466,0.031155426055192947,0.028326287865638733,0.028319211676716805,0.027939535677433014,0.027609098702669144,0.02738994173705578,0.027319351211190224,0.02712995558977127,0.027122478932142258,0.026695840060710907,0.026527568697929382,0.02648822031915188,0.02639838308095932,0.026135047897696495,0.025987565517425537,0.025446875020861626,0.025119801983237267,0.024896277114748955,0.02487250231206417,0.012196609342596062,0.012623490669586925,0.012143249176722205,0.012554884742034821,0.012829308452243234,0.011388583973649074,0.011937431394065896,0.012554884742034821,0.01131997804609697,0.012349066959378513,0.008369923161356548,0.009010245151842842,0.008690084156599694,0.009055982436877576,0.008461397731426018,0.008324185876321812,0.007409440175627108,0.00855287230149549,0.008232711306252341,0.008631873066555485,11.65010675,680.721965,116.00238,0.281,0.2967
E10H9-3,0.8130425795783381,0.04392310872261265,0.04309632079371641,0.050434063662670524,0.049503927242662255,0.49392185,0.49664012,0.28883407,0.28752378,0.007260414404443454,0.49104732,0.4796012,0.27339926,0.2961802,0.02008436014792097,0.4847634,0.50971425,0.29606676,0.29463783,-0.07116665746900278,0.48807976,0.4861767,0.29593685,0.2846535,-0.06092741826941288,0.5100056,0.49331236,0.28413448,0.29836378,-0.007785009406225852,2.574228995965075,1.1986969959490803,2.560819655685238,1.3107181495481548,2.9149980832623643,0.8152738315918047,2.9694668555930894,0.8539551824653042,2.486196732555527,1.2097651381087,2.2946760678615075,0.9243709988871617,2.0726099364094623,0.8627213058089881,2.1611051569431665,0.9909100252251395,2.257936802288053,0.9003301053235198,2.258469725005719,0.8634963674749474,0.003459221840170178,0.012581303976642942,0.02019404470480584,0.025675784032111237,0.03399508520703919,0.03842405890204846,0.04351525613995368,0.047692358487451236,0.053804247852726014,0.05399197219038455,0.480771541595459,0.03250738978385925,0.030986052006483078,0.02912398986518383,0.028921255841851234,0.027885856106877327,0.027645912021398544,0.027358299121260643,0.027317626401782036,0.02724887989461422,0.027244290336966515,0.02661372721195221,0.026533067226409912,0.02624734304845333,0.026243053376674652,0.026243053376674652,0.02607777528464794,0.02535439468920231,0.02484031207859516,0.02483610436320305,0.012529942878194658,0.011854308703390043,0.011885019347699345,0.012299613045874904,0.012783305693746388,0.011470425649523787,0.01257600884465861,0.012299613045874904,0.01236871199557083,0.011885019347699345,0.009581721024501796,0.008476137829366974,0.008337939929975122,0.008107610097655368,0.00829187396351117,0.007877280265335613,0.008337939929975122,0.008844665561078583,0.007739082365943759,0.009146188250660808,12.15522232,692.136264,120.42876,0.3072,0.3111
E10H9-4,0.812422488631666,0.04423315419594874,0.0434063662670525,0.050124018189334436,0.04981397271599835,0.49304223,0.49567917,0.28876227,0.28851098,-0.0021983507000822985,0.5054992,0.49467367,0.27627382,0.2969991,-0.023891967339563534,0.48754358,0.48728815,0.29353508,0.28324705,0.03635098345077567,0.49036962,0.50312775,0.2999601,0.2877846,0.032626904878355116,0.5067301,0.49806598,0.2810544,0.289011,-0.009603955784832583,2.513562524109614,1.2640772475837847,2.5421518923172224,1.2176624538951921,2.9072436089642824,0.8068626783049809,2.9194253956554754,0.778194104704001,2.455334116659439,1.2004001598602487,2.2983435677640673,0.9424317440436145,2.122258110169067,1.0404177583799992,2.0500392073895077,0.9547905332854503,2.362952715219407,0.9205470365981376,2.2900966763346284,0.8774338737089018,0.00346348134297117,0.012551514982370945,0.01982175583526369,0.025714232554677977,0.03399105058003777,0.03832807717711851,0.04345678323239653,0.047774273673634564,0.05386397253774664,0.05436819141711554,0.49558690190315247,0.03145945072174072,0.027903806418180466,0.027786163613200188,0.02772333472967148,0.027337927371263504,0.026693986728787422,0.0265919491648674,0.026462586596608162,0.026280751451849937,0.026280751451849937,0.026048246771097183,0.025921333581209183,0.025596948340535164,0.025582320988178253,0.02558208256959915,0.025523675605654716,0.02522979862987995,0.02521875500679016,0.02518920600414276,0.012243648607278225,0.012304866850314615,0.011088154269966342,0.011707988980709802,0.012327823691453263,0.012878787878780783,0.011845730027541683,0.013292011019276424,0.011914600550957622,0.012327823691453263,0.008585858585853855,0.00890725436179491,0.007943067033971749,0.008264462809912802,0.008402203856744683,0.007897153351694455,0.00932047750229055,0.009136822773181374,0.007162534435257762,0.009065865264207376,12.02469422,677.581612,116.90248,0.2946,0.2981
E10H10-1,0.8029144274493593,0.04764365440264572,0.049503927242662255,0.046713517982637454,0.05322447292269533,0.49533165,0.4949364,0.2894657,0.28950828,0.0005417770375691105,0.4727792,0.514302,0.28106642,0.2923355,0.009294604146360479,0.48523346,0.4899331,0.28437212,0.27799517,-0.01754632948825758,0.4934438,0.49321285,0.29104847,0.28071922,0.013702624452884029,0.49971586,0.4992924,0.28396812,0.28859586,-0.009287960076790747,2.42985154118726,1.289178811646108,2.2658541835432264,1.1189844115459862,3.0130096855777295,0.8316755010456727,2.831740559874849,0.7055141784036716,2.42145349736708,1.2574770083250733,2.3594047517940004,0.9369603425915802,1.9268008988745315,0.8569089565821453,2.190585723735119,1.0443596149504697,2.266960828386767,0.8589035597191274,2.262756976700273,0.8733122163499718,0.0034102303615140797,0.012463530968500478,0.019729735742163846,0.02571473534255966,0.03414267599680646,0.03843038771493144,0.043645840285210284,0.04759079872225532,0.05392843871760838,0.054276959481783404,0.49798619747161865,0.03257936239242554,0.03199158236384392,0.027913205325603485,0.026861228048801422,0.0264796931296587,0.026476917788386345,0.026423409581184387,0.026319056749343872,0.026106437668204308,0.02598743513226509,0.025543032214045525,0.025406701490283012,0.02518567070364952,0.025158826261758804,0.02509465627372265,0.025053277611732483,0.024784795939922333,0.024546660482883453,0.02410186640918255,0.011652974421715033,0.012701742119669386,0.012781856318818677,0.012912952281062972,0.012716308337696531,0.01297850026218512,0.010553224960665677,0.012388568432085795,0.011208704771887148,0.01206082852647506,0.0077783604264947855,0.00825904562139053,0.009089320048937725,0.008171648313227668,0.008564936199960549,0.008608634854041982,0.008739730816286276,0.008608634854041982,0.009200552986599553,0.007722743957663872,12.28160602,675.31173,118.67886,0.3113,0.3292
E10H10-2,0.8029144274493593,0.050434063662670524,0.046713517982637454,0.04857379082265399,0.05136420008267879,0.49229738,0.49692497,0.28774273,0.2888425,-0.00649533902240308,0.49365252,0.48265144,0.29643023,0.27968413,0.055134884689556615,0.5011332,0.4821134,0.2975319,0.2941007,0.03446428592055951,0.49789828,0.4952398,0.2896449,0.28542715,-0.008916894797677538,0.5088826,0.5033762,0.28540936,0.29187942,0.022909405115117222,2.320874808709663,1.145561265974092,2.4217271073362805,1.2436809246633207,2.9656744211949038,0.8163806435296256,2.8791239959086763,0.7318433673758266,2.4747825369865923,1.1987188179311576,2.4370239774316156,0.9873441951279689,2.154617648623794,1.0774513802318255,2.1067885216091393,0.9333684366263486,2.3564557309620575,0.991218753910846,2.278662885032717,0.9255439625361626,0.0034952081823306754,0.012575289395268797,0.020108255659685575,0.026165316649923918,0.0341043476049389,0.03865074621804572,0.04338618956184857,0.04754008723185107,0.053687855783454766,0.05362003704598534,0.4942875802516937,0.030093729496002197,0.028844717890024185,0.02856369875371456,0.028221014887094498,0.027721093967556953,0.027458831667900085,0.02711113728582859,0.0269353948533535,0.026522787287831306,0.026522787287831306,0.026429271325469017,0.025769637897610664,0.025632252916693687,0.02525302581489086,0.025081373751163483,0.025052836164832115,0.02491326443850994,0.024816280230879784,0.02476923167705536,0.012876536735995113,0.011478179805389309,0.01160199265862003,0.012191924488719355,0.01140534871525359,0.011733088620864324,0.012126376507597207,0.013240692186673708,0.012454116413207943,0.012847404299940825,0.008390141583634825,0.009089320048937725,0.008171648313227668,0.009001922740774864,0.008652333508123413,0.008171648313227668,0.008084251005064805,0.008346442929553393,0.008866854173614077,0.007961100252653498,11.54078376,684.465946,119.95869,0.3437,0.3489
E10H10-3,0.8029144274493593,0.04795369987598181,0.04919388176932617,0.04981397271599835,0.050124018189334436,0.49353907,0.4966392,0.28875846,0.28790545,-0.012771301251783313,0.4864119,0.49872148,0.29317364,0.29567972,0.14550267747186194,0.49802724,0.4980594,0.28279114,0.29142618,0.053892869100643746,0.49511692,0.49657148,0.28754264,0.2886203,-0.04053714919595808,0.5016344,0.47583434,0.2891817,0.2905999,0.04873177086896241,2.4607341377271554,1.2468766164010134,2.465516530475748,1.2447407354365145,2.908922904934848,0.71787600348662,2.9537121246888796,0.7834085871132724,2.4025339469200455,1.1869562404130187,2.3645938541260523,0.8643251552481971,2.1264934519724563,0.957956560148768,2.1208242516049274,0.9668906882621717,2.254668829362331,0.8819370769601562,2.2540148412379217,0.8739653515604323,0.0034244496600841696,0.012481284396244739,0.019728101057515917,0.02550464686522068,0.03411635372828316,0.03840829691378008,0.0433291518290709,0.04808561292759254,0.054181672871479444,0.05407376308406172,0.48451298475265503,0.0320914126932621,0.030712425708770752,0.029827630147337914,0.029194384813308716,0.029089488089084625,0.02809533290565014,0.027326196432113647,0.027218278497457504,0.02710316888988018,0.026808099821209908,0.026343677192926407,0.026040025055408478,0.026032859459519386,0.02568027749657631,0.02493351697921753,0.024878816679120064,0.024707840755581856,0.024706117808818817,0.0246975589543581,0.012934801608103688,0.010429412107434956,0.012847404299940825,0.012323020450963649,0.011864184583108619,0.012912952281062972,0.012257472469841501,0.011995280545352913,0.012126376507597207,0.012388568432085795,0.008914525432612001,0.0082153469673091,0.00917671735710059,0.008390141583634825,0.008346442929553393,0.007341373885680472,0.00887082677853057,0.008696032162204843,0.008247127806641049,0.0085331553606286,11.81528667,686.048381,118.07129,0.2978,0.3065
E10H10-4,0.8028110789582472,0.04898718478710211,0.0482637453493179,0.05281107895824721,0.04712691194708557,0.4914094,0.49594817,0.2890153,0.28874213,0.0075357915208854554,0.497067,0.48996997,0.28712904,0.28845435,-0.06352776369690365,0.5071029,0.5023772,0.27901167,0.28864866,-0.034695365735855445,0.50847214,0.50480944,0.29009923,0.2920703,0.008138494743970392,0.503236,0.48171276,0.29107216,0.28304842,-0.03924983354732703,2.4131604359383303,1.1626530848253895,2.369581740583742,1.191362084616656,2.8856605676790674,0.8119510194618486,2.95325224500743,0.8296920492910722,2.3682567672178294,1.1569862870808802,2.328535033814452,0.8822395010579601,2.1548140766739805,1.0928536212977906,1.9799511474104927,0.8807524802031126,2.5167523090147883,1.1372628582015456,2.4416616025409246,1.0529666265008786,0.003428438123565409,0.012356540901725051,0.019957425713702504,0.02539793627187556,0.03391362668766221,0.03845432845520327,0.04360406746899617,0.04801396369938055,0.053918542309759177,0.05428846370146344,0.4924851953983307,0.031057151034474373,0.030361322686076164,0.029519706964492798,0.028300132602453232,0.027890438213944435,0.0278837401419878,0.027453482151031494,0.027447901666164398,0.027258366346359253,0.026839932426810265,0.025602063164114952,0.025367647409439087,0.02506856992840767,0.02487274259328842,0.02474583126604557,0.024630367755889893,0.024599749594926834,0.024348823353648186,0.02426682971417904,0.01193803866759216,0.011239226648025787,0.011923480083851194,0.011726939203348151,0.0117924528301825,0.012709643605863359,0.013364779874206832,0.012840670859532053,0.011923480083851194,0.012644129979029013,0.008909853249471222,0.007206498951778194,0.009433962264145999,0.008298392732350647,0.008342068483573545,0.008254716981127749,0.008822501747025424,0.008997204751917018,0.008052220316367039,0.008385744234796443,11.55979727,684.102651,118.18937,0.296,0.3
