,frac_C,frac_H+,frac_H-,frac_CH3+,frac_CH3-,C_mean_r,C_mean_c,C_std_r,C_std_c,C_corr_rc,H+_mean_r,H+_mean_c,H+_std_r,H+_std_c,H+_corr_rc,H-_mean_r,H-_mean_c,H-_std_r,H-_std_c,H-_corr_rc,CH3+_mean_r,CH3+_mean_c,CH3+_std_r,CH3+_std_c,CH3+_corr_rc,CH3-_mean_r,CH3-_mean_c,CH3-_std_r,CH3-_std_c,CH3-_corr_rc,H+_nn_mean,H+_nn_std,H-_nn_mean,H-_nn_std,CH3+_nn_mean,CH3+_nn_std,CH3-_nn_mean,CH3-_nn_std,dist_H+-H-_mean,dist_H+-H-_std,dist_H+-CH3+_mean,dist_H+-CH3+_std,dist_H+-CH3-_mean,dist_H+-CH3-_std,dist_H--CH3+_mean,dist_H--CH3+_std,dist_H--CH3-_mean,dist_H--CH3-_std,dist_CH3+-CH3-_mean,dist_CH3+-CH3-_std,rdf_nc_bin0,rdf_nc_bin1,rdf_nc_bin2,rdf_nc_bin3,rdf_nc_bin4,rdf_nc_bin5,rdf_nc_bin6,rdf_nc_bin7,rdf_nc_bin8,rdf_nc_bin9,fft_top0,fft_top1,fft_top2,fft_top3,fft_top4,fft_top5,fft_top6,fft_top7,fft_top8,fft_top9,fft_top10,fft_top11,fft_top12,fft_top13,fft_top14,fft_top15,fft_top16,fft_top17,fft_top18,fft_top19,row_marginal_0,row_marginal_1,row_marginal_2,row_marginal_3,row_marginal_4,row_marginal_5,row_marginal_6,row_marginal_7,row_marginal_8,row_marginal_9,col_marginal_0,col_marginal_1,col_marginal_2,col_marginal_3,col_marginal_4,col_marginal_5,col_marginal_6,col_marginal_7,col_marginal_8,col_marginal_9,Thermal conductivity,Young's modulus,Maximum stress,Strain at maximum stress,Strain at fracture
M1H1-1,0.9801570897064903,0.004857379082265399,0.005064076064489459,0.004857379082265399,0.005064076064489459,0.4946328,0.49553037,0.2883774,0.28871948,-0.0020310613515430297,0.46315515,0.5375045,0.29853272,0.29112566,0.19545926993755133,0.5009955,0.45122796,0.29188165,0.2799231,0.03768959393260953,0.42968345,0.5169492,0.28385997,0.25845167,0.22044764390656654,0.43653557,0.52490485,0.31790468,0.30286387,0.02493755413294517,7.592748690391475,3.3753104325451173,7.661766479870172,3.8665741467645027,7.563758476910804,3.53435784302247,7.916637968021804,3.6450002684149383,8.157699644670664,4.347268684815607,6.631501681522355,3.145715478789861,6.276223740549014,3.5777793280568684,8.121204913791987,4.834517696776566,8.508888992733885,3.8606904250809486,8.289149903389394,4.269211179117936,0.0030943785456420837,0.012893243940175348,0.020973010142685232,0.028451091627986935,0.0332645693656524,0.03790613718411552,0.04254770500257865,0.04727522778064294,0.05475330926594465,0.05217466047790958,0.2222372144460678,0.04621201753616333,0.0449596643447876,0.043911177664995193,0.04278547689318657,0.04252460598945618,0.04247882589697838,0.04136435315012932,0.04084603860974312,0.040584634989500046,0.040483564138412476,0.04009772837162018,0.039457231760025024,0.039345234632492065,0.03928243741393089,0.039070263504981995,0.03900470584630966,0.03872889280319214,0.03867920860648155,0.03794671967625618,0.016203703703619312,0.01678240740732,0.009765624999949138,0.013020833333265517,0.009114583333285861,0.011067708333275689,0.011718749999938965,0.009765624999949138,0.011067708333275689,0.012369791666602242,0.006944444444408275,0.008246527777734828,0.00781249999995931,0.009114583333285861,0.011718749999938965,0.005642361111081724,0.008680555555510346,0.009114583333285861,0.008049242424200501,0.009469696969647648,44.75,883.959134,137.48514,0.2412,0.2635
M1H1-2,0.9801570897064903,0.004857379082265399,0.005064076064489459,0.005064076064489459,0.004857379082265399,0.4942316,0.49556792,0.28864956,0.2883628,-5.6310272464454605e-05,0.44395432,0.5239813,0.2796309,0.28723967,0.03781324866381212,0.50074667,0.44586647,0.28743434,0.30723813,0.2799400015342648,0.4800896,0.52040815,0.32332632,0.29769737,-0.20613854054744812,0.48469126,0.5331771,0.25433663,0.31115407,-0.059406500370585695,7.844687342636091,4.16842585556063,7.551925920096373,4.6080061870428874,8.860975733811687,3.7976156407678356,7.526219835941122,2.107396821689053,7.810719634481873,3.891220240712691,7.143307252703685,3.147909100694759,7.526537581189387,4.645995543705926,7.585701258343241,3.7536368338445123,8.399386264720736,4.596061331594233,8.356324368504326,5.65400401624262,0.0035832896346792518,0.010749868904037755,0.01983918895298025,0.027879741303967837,0.03338577171823108,0.03635728019576997,0.04413564062226884,0.04929208180388044,0.05104002796713861,0.057070442230379305,0.2252793163061142,0.047388508915901184,0.04402710124850273,0.04370368644595146,0.043525151908397675,0.04258894920349121,0.041505489498376846,0.041500918567180634,0.041171904653310776,0.04102885350584984,0.04097393900156021,0.03986679017543793,0.03940904885530472,0.03913712128996849,0.03878398612141609,0.03858931362628937,0.038007091730833054,0.03796578198671341,0.037856873124837875,0.03769012540578842,0.01388888888881655,0.009837962962911723,0.016276041666581895,0.010416666666612414,0.011718749999938965,0.014973958333255344,0.011718749999938965,0.009765624999949138,0.013671874999928793,0.009765624999949138,0.009982638888836897,0.00781249999995931,0.007378472222183794,0.009114583333285861,0.006944444444408275,0.006944444444408275,0.008680555555510346,0.009114583333285861,0.008996212121165267,0.009943181818130031,46.13,884.360687,136.95219,0.2399,0.2502
M1H1-3,0.9801570897064903,0.0047540305911533695,0.005167424555601488,0.005064076064489459,0.004857379082265399,0.49392045,0.49578145,0.2884601,0.28868455,-0.0021830577126416882,0.55408275,0.45044214,0.2837499,0.29143268,0.1391308412072925,0.52756095,0.49932203,0.30295795,0.29662395,-0.04137777282966589,0.38327527,0.468523,0.26763573,0.27630502,0.12272880440036996,0.51089776,0.56094486,0.30659336,0.27336195,0.21726314591467874,6.485905564697402,3.7703630728988746,8.11226174224308,4.885817170682841,7.742093560821679,3.4668676018782247,6.591729199809251,2.9275216057489293,6.910447264005905,3.486941652745883,8.204732260433625,4.11357496216884,7.8396085441532115,5.243763878510394,8.451345418618617,4.039153452791082,8.436505240390641,5.657329699501459,7.821160358993519,3.8429449838779153,0.0033775006495193557,0.013510002598077423,0.018532952281978002,0.02442192777344765,0.032389365203083054,0.03940417424439248,0.045119944574348314,0.04728500909327098,0.054992638780635664,0.05429981813458041,0.22999826073646545,0.047112345695495605,0.0455455556511879,0.0437050461769104,0.04280911386013031,0.041337594389915466,0.04129888489842415,0.04026491940021515,0.04015703871846199,0.0398571603000164,0.03958003595471382,0.03947533294558525,0.03943273797631264,0.03941506892442703,0.03899364545941353,0.03885016217827797,0.03858818858861923,0.03839458152651787,0.03761984035372734,0.03756445646286011,0.012731481481415173,0.012152777777714483,0.013671874999928793,0.012369791666602242,0.011067708333275689,0.013020833333265517,0.006510416666632758,0.01562499999991862,0.00781249999995931,0.016927083333245174,0.008246527777734828,0.009548611111061379,0.006944444444408275,0.009548611111061379,0.00781249999995931,0.012152777777714483,0.006510416666632758,0.006510416666632758,0.008049242424200501,0.009469696969647648,45.57,883.515981,142.88124,0.2989,0.3019
M1H1-4,0.9801570897064903,0.0046506821000413395,0.005270773046713518,0.005580818520049607,0.00434063662670525,0.49328396,0.4960558,0.2888135,0.28895643,0.0007675423292716891,0.4878049,0.4314501,0.25911885,0.2774628,0.022744052309955735,0.6233859,0.53655696,0.25831005,0.28626496,-0.1669733653342078,0.46205962,0.5062775,0.28516838,0.25210017,-0.08869168869374137,0.52380955,0.43543178,0.28258762,0.26253575,0.03256262815733504,7.049393294982528,3.5016581398261764,6.084661524361395,4.385407175478736,7.1949202489204245,3.2958689660398357,9.138844080332836,4.798869442169118,7.6902569378873675,3.954456474289862,7.394896325149169,3.5502672053219015,6.477157712439159,3.5748792009693484,7.908605775487194,4.170747074388335,7.558604977828955,3.778790215799458,7.529302007947122,3.8842488399819652,0.00401227283455275,0.010699394225474,0.019353316025489734,0.026905829596412557,0.031154118480056645,0.040673432460073954,0.04366296908189757,0.04767524191645032,0.05632916371646605,0.05286759499645976,0.2249765694141388,0.04819018393754959,0.04382301867008209,0.042334653437137604,0.042232200503349304,0.04197710379958153,0.0417037308216095,0.041161634027957916,0.040312331169843674,0.040312331169843674,0.04001477733254433,0.04000409319996834,0.03986721113324165,0.03964173421263695,0.03961704298853874,0.039527375251054764,0.03869346156716347,0.038645725697278976,0.03863926976919174,0.038325536996126175,0.006944444444408275,0.008680555555510346,0.019531249999898276,0.013020833333265517,0.012369791666602242,0.007161458333296035,0.01562499999991862,0.01432291666659207,0.009114583333285861,0.016276041666581895,0.0060763888888572416,0.009548611111061379,0.009548611111061379,0.00781249999995931,0.011284722222163448,0.011718749999938965,0.009114583333285861,0.005642361111081724,0.004261363636341442,0.009469696969647648,44.0,881.968931,136.80316,0.2492,0.252
M1H2-1,0.9701322860686235,0.010644894584539065,0.009301364200082679,0.004857379082265399,0.005064076064489459,0.49427205,0.4960015,0.28854045,0.28885242,0.002121582799878279,0.44044518,0.47103834,0.28381312,0.28126216,-0.18805438898178448,0.5062331,0.46986815,0.30291095,0.26032302,-0.006239195878866497,0.51453036,0.5265056,0.2821204,0.29578018,0.12495412973316028,0.49303135,0.52006227,0.2881472,0.303315,-0.16262106439463075,4.742819069207706,3.1175726951860274,5.784284412016721,3.3957241834090817,7.972244195029416,3.9080826154090405,7.306600085814913,3.548688070640221,5.657754961300981,2.4926110343870174,7.672928609945583,4.01453083296348,7.164799681624678,4.206515391126381,7.797402808149152,3.829774943013542,6.639815034414893,3.679005100700483,7.39229964078522,3.7406154431038674,0.00323553202441356,0.012721523641444223,0.019817633649533054,0.02467093168615339,0.033715714390764026,0.03963526729906611,0.04364291492021472,0.04776086476946834,0.05493050959629384,0.05320244135598205,0.25809815526008606,0.04869959503412247,0.045553065836429596,0.04258371889591217,0.040623024106025696,0.040484003722667694,0.04033870995044708,0.03946677967905998,0.038734495639801025,0.03840959817171097,0.03816056251525879,0.03780089318752289,0.037466827780008316,0.0368129201233387,0.036486100405454636,0.036439236253499985,0.0364142470061779,0.03630402684211731,0.03591814264655113,0.03520587831735611,0.011534025374815916,0.015763168012248415,0.01211072664355671,0.012543252595112308,0.01211072664355671,0.010380622837334324,0.011678200692001114,0.011245674740445516,0.011678200692001114,0.012543252595112308,0.008650519031111937,0.00922722029985273,0.006632064590519151,0.008650519031111937,0.00807381776237114,0.010380622837334324,0.009803921568593528,0.008362168396741539,0.008178672538505832,0.006605850896485479,40.33,868.572341,134.03011,0.2407,0.2499
M1H2-2,0.9701322860686235,0.009611409673418768,0.010334849111202976,0.005580818520049607,0.00434063662670525,0.49385244,0.49553025,0.28857353,0.28852898,0.0002533791282190034,0.4702334,0.5268817,0.30575255,0.2880381,-0.16652315939461054,0.5184146,0.4661017,0.29344156,0.27187678,0.31494236518575486,0.50654924,0.5086315,0.27218285,0.31696165,-0.22347292803310276,0.48286876,0.5328894,0.27092025,0.3101168,-0.04425470190591648,5.463119882556128,2.383527400566236,5.628050440453106,3.2256857007023467,7.374109174584203,3.062968028003613,8.354735592940337,5.043459964166579,5.495640236588875,3.7058632275022134,6.9939964032374835,4.037210432333443,7.935285469279244,4.2539112179355545,6.8150512806060535,3.7556725153705557,8.205596447159484,4.662422862242723,7.408508398853328,4.692697594297668,0.003657671779942522,0.012092710782667115,0.0207890120553876,0.0254917329153137,0.034188034188034185,0.0403463591236517,0.0418392863807711,0.048258873586384504,0.05370805807487031,0.0529615944463106,0.2621236741542816,0.04586806148290634,0.04220661520957947,0.040485646575689316,0.04033477231860161,0.0399395115673542,0.039302993565797806,0.03881815820932388,0.03866339474916458,0.038449477404356,0.03839626535773277,0.03815727308392525,0.03814833238720894,0.03765004873275757,0.03738236054778099,0.037290092557668686,0.03711294010281563,0.036710225045681,0.03657491132616997,0.036385275423526764,0.009611687812346595,0.014994232987260688,0.015138408304445888,0.009948096885778726,0.011245674740445516,0.012975778546667904,0.012543252595112308,0.007785467128000743,0.01211072664355671,0.015570934256001485,0.008362168396741539,0.007497116493630344,0.010092272202963925,0.007208765859259948,0.007208765859259948,0.008362168396741539,0.008938869665482334,0.00951557093422313,0.008178672538505832,0.009436929852122111,41.31,869.167314,134.22004,0.2386,0.248
M1H2-3,0.9704423315419595,0.010128152128978917,0.009508061182306739,0.00434063662670525,0.005580818520049607,0.49401674,0.49595764,0.28847927,0.28860727,0.0016731292105033005,0.44985068,0.5171221,0.29881418,0.28179896,-0.04038657143018114,0.47865853,0.49668387,0.29464605,0.2998844,-0.06960587651292023,0.5159698,0.448749,0.27181312,0.29561085,0.06432966797827352,0.5627823,0.45809793,0.28693745,0.27897733,-0.08074998506964882,5.187340658187142,2.7254782313928207,5.339029635349963,2.4528558219531833,8.219041055748434,4.281158313456073,7.613368362004596,3.795654430371372,6.048211132223331,3.6632147220781057,8.836524284723234,4.400547483817585,6.981338682693722,3.3769464521045354,7.120620860823566,3.4958077178075073,7.484072135457758,3.4451558823765054,6.616774141145052,3.043997209705231,0.003155181038131517,0.011735734349147717,0.01920043095155643,0.02658817191888876,0.03351417907576282,0.038246950632960096,0.04378775635845934,0.04794336065258378,0.05329177729039209,0.055869791065450765,0.25797733664512634,0.04753260686993599,0.04320833832025528,0.04317692294716835,0.042183391749858856,0.04178519546985626,0.039900027215480804,0.039765309542417526,0.03909756615757942,0.03908973187208176,0.03819527104496956,0.03721435368061066,0.036743540316820145,0.0367337167263031,0.03644853085279465,0.036358900368213654,0.036304447799921036,0.03625959903001785,0.03614543005824089,0.03587976470589638,0.012820512820467993,0.012820512820467993,0.012674825174780857,0.01223776223771945,0.011363636363596632,0.009178321678289587,0.015297202797149311,0.009615384615350995,0.013111888111842267,0.012674825174780857,0.010489510489473813,0.008158508158479632,0.00786713286710536,0.004662004661988361,0.009615384615350995,0.01019813519809954,0.009032634032602451,0.009615384615350995,0.00794659885566198,0.006993006992982542,40.82,872.3792,134.59032,0.243,0.2555
M1H2-4,0.9701322860686235,0.010231500620090947,0.009714758164530797,0.005374121537825548,0.0045473336089293095,0.49369264,0.49500662,0.28857806,0.28870672,0.0033128366052238923,0.49975362,0.5036809,0.30907428,0.30607504,-0.17425746782411675,0.5062273,0.5108186,0.28138182,0.27309945,0.04686694880273447,0.51899624,0.5650261,0.29909536,0.25380626,-0.42427919499149097,0.4695122,0.5252311,0.25499314,0.29766205,0.088365280880462,5.454866165174535,2.5882388944182697,5.555538695531757,2.542789223764301,7.632582899599443,4.108320053909814,7.357459554936297,3.4118200670908583,5.496890456642373,3.2045348792800636,8.176701648546105,5.530460613286011,8.41565215418214,4.567676379372579,7.266890528716692,6.130735605530891,7.273099882816978,3.791914271083738,8.291627214125759,4.343305510478595,0.0030767003293879175,0.011546675353820538,0.01972707858254606,0.024794585007420277,0.034097078944510806,0.03912838889492163,0.04582473667064828,0.04817750751076846,0.05291924566547218,0.05404133637383719,0.2640571594238281,0.046217162162065506,0.046217162162065506,0.04254571720957756,0.041172463446855545,0.039368681609630585,0.039368681609630585,0.038684628903865814,0.03791237995028496,0.037891581654548645,0.03746139630675316,0.0372101329267025,0.03702017292380333,0.03671962395310402,0.0367024764418602,0.03663787245750427,0.036543525755405426,0.036526456475257874,0.035921357572078705,0.03582136332988739,0.012687427912297506,0.011534025374815916,0.01211072664355671,0.013408304498223502,0.009948096885778726,0.010380622837334324,0.013408304498223502,0.014705882352890292,0.011678200692001114,0.01211072664355671,0.007785467128000743,0.00807381776237114,0.007208765859259948,0.007497116493630344,0.006343713956148753,0.010380622837334324,0.009803921568593528,0.010668973471704722,0.0062912865680814075,0.010695187165738394,38.9,871.310914,133.00691,0.2364,0.2443
M1H3-1,0.9603141794129806,0.013848697809011988,0.015915667631252583,0.0047540305911533695,0.005167424555601488,0.4944642,0.49566332,0.28873202,0.2888775,-0.0017658573363141161,0.49262834,0.50069565,0.28112817,0.2830954,0.07390876668147298,0.4382325,0.48910412,0.29445493,0.2896606,0.0027077832833358882,0.52465534,0.5127119,0.2491546,0.29462835,0.259643791992307,0.5360975,0.5059322,0.28856823,0.251963,-0.11913107793833477,4.150255565295307,2.2409032552637673,4.244328576486931,2.2080048288957177,7.645503463346027,4.281224764902688,7.129208523411493,3.918467280674543,4.156082325783724,2.000774626061922,7.483871792503341,4.2618428859376785,7.124367757313847,3.9347414182759386,8.078551556674118,4.483373853449492,8.01435457620725,4.565965703413459,7.499439410665187,3.847322027934673,0.0038051288278988806,0.012730989535895723,0.019713805736029308,0.024895257756997996,0.03307223672758921,0.03926569109640334,0.04147185621470642,0.048818993260064364,0.0545469265488696,0.0550124476288785,0.2926611304283142,0.040756817907094955,0.039895541965961456,0.03969981521368027,0.03856504708528519,0.03854241222143173,0.038447052240371704,0.03841903433203697,0.03829589858651161,0.037377484142780304,0.037268031388521194,0.036513470113277435,0.03639779984951019,0.03617105260491371,0.03600549325346947,0.035183895379304886,0.035079434514045715,0.03496959060430527,0.03494337946176529,0.03480759263038635,0.013020833333299425,0.013310185185150522,0.012044270833301968,0.012044270833301968,0.010742187499972026,0.015299479166626825,0.011393229166636997,0.013997395833296882,0.0074869791666471695,0.012369791666634454,0.008246527777756302,0.007595486111091331,0.009114583333309598,0.009114583333309598,0.008463541666644626,0.007595486111091331,0.00868055555553295,0.009548611111086245,0.007575757575737848,0.008759469696946886,36.57,859.190923,133.15207,0.2417,0.2514
M1H3-2,0.9602108309218685,0.014468788755684168,0.015398925175692435,0.004857379082265399,0.005064076064489459,0.49370492,0.495578,0.28858027,0.2885639,0.0014069000806062615,0.5358014,0.5056901,0.30584243,0.30475238,-0.005488297708255131,0.47037157,0.49783868,0.28305513,0.2896508,-0.08412930454343434,0.4841723,0.45672557,0.2947612,0.26748875,0.07453322480544419,0.49253362,0.5335524,0.24833962,0.27104026,-0.10065471424371579,4.368254933655026,2.3323330392607087,4.47442475915994,2.2404891276219896,7.954404914535626,4.061206705207215,7.7250983331178915,3.346700877590846,4.349643346303924,2.3364875750847527,8.259080616061974,4.1181325802865985,8.07715529391836,4.7549513517939,7.3508041430283795,4.1343917605084695,7.650258894637403,3.9557597866044154,7.155031740266889,3.858837542415086,0.0033736057519978073,0.01262993653404179,0.019735593649187172,0.025639403715183334,0.03320893162122841,0.03928142197482447,0.04470027621397094,0.04701963016846944,0.05269150483901575,0.055053028865414216,0.29514262080192566,0.04366995766758919,0.04132721200585365,0.04048004001379013,0.03937448561191559,0.03858489915728569,0.037903279066085815,0.03749052435159683,0.03718065097928047,0.03681059926748276,0.03596235811710358,0.035919539630413055,0.03575313091278076,0.03543885424733162,0.03540140390396118,0.0353594534099102,0.035263653844594955,0.03464117273688316,0.03416343033313751,0.03413282334804535,0.012698412698379716,0.011255411255382021,0.01168831168828133,0.012662337662304773,0.012012987012955811,0.014610389610351661,0.011038961038932366,0.010389610389583404,0.011038961038932366,0.014610389610351661,0.007575757575737898,0.009956709956684096,0.008008658008637207,0.00714285714283859,0.009956709956684096,0.007792207792187553,0.007575757575737898,0.009307359307335132,0.008264462809895888,0.009208972845312562,37.95,859.033184,132.77327,0.2432,0.2538
M1H3-3,0.9606242248863167,0.016329061595700703,0.01312525837122778,0.0045473336089293095,0.005374121537825548,0.4937719,0.49716085,0.28914434,0.28912905,-0.00039239144788416223,0.48842233,0.46792534,0.27399907,0.2819843,-0.02713084670172899,0.49116573,0.48418525,0.28385836,0.26472938,0.07098885043455332,0.5113637,0.43644068,0.26313317,0.27737838,0.12520124122042278,0.52579737,0.4088983,0.2737344,0.26675442,-0.0738022152981302,4.163657728773023,2.293227207777159,4.245377601742164,2.6413574197041076,8.65201536080123,4.159533760597514,8.310466334900322,4.077800508705166,4.698049403141832,2.5701258715308266,7.713114856676393,3.9299577692994903,6.648398888503704,3.701016940863407,6.925250690756655,3.7080404916205163,6.8117614318461355,3.6502487099418826,6.9504899817667285,2.809845986509897,0.003513317238807435,0.01150169777620758,0.018469449841998862,0.025653104084476634,0.035074289976250755,0.03839133250897957,0.04408329898525977,0.04849947987202889,0.05346522993581817,0.05468213311350566,0.2856824994087219,0.04328416287899017,0.04220128804445267,0.03910624235868454,0.038998447358608246,0.03843606635928154,0.03834788128733635,0.03815406188368797,0.03794195130467415,0.03776364400982857,0.03767897188663483,0.036619141697883606,0.03619394823908806,0.036065760999917984,0.03589314594864845,0.03586883097887039,0.03557660058140755,0.035483937710523605,0.035418182611465454,0.03528525307774544,0.009915427238235859,0.010790317876903729,0.013123359580018049,0.014107611548519403,0.012139107611516696,0.015091863517020757,0.015091863517020757,0.009842519685013536,0.01049868766401444,0.011811023622016244,0.007655293088343861,0.010061242344680504,0.011592300962349278,0.008530183727011732,0.008092738407677798,0.009186351706012634,0.010061242344680504,0.006999125109342959,0.00668098305891828,0.005487950369825729,35.99,861.303513,132.18067,0.2443,0.2476
M1H3-4,0.9605208763952047,0.014468788755684168,0.015088879702356346,0.005374121537825548,0.0045473336089293095,0.4942554,0.49514812,0.28903937,0.2886665,-0.0006483143694365949,0.46132404,0.5343826,0.28173086,0.28229332,0.1599135764162901,0.5149516,0.50766194,0.27354446,0.2926202,-0.07980134240680663,0.47983113,0.42878097,0.26924914,0.26803735,0.10625360273112248,0.46978936,0.5423729,0.29002032,0.29642302,-0.15912282645437323,4.221013584991463,2.358307813642856,4.318913456625924,2.159179253171491,7.916829969555133,5.483958719132896,8.276697391838674,4.366286992641771,3.955002647439048,2.0268088362620973,7.357481635352461,4.443651135499134,7.633117001811557,3.5856594104967527,7.264301781872439,4.485569147921924,7.538591066518444,3.6081795687439744,7.07538259126063,3.845141744258572,0.0035901180479493734,0.012230741146403797,0.020404851730152933,0.024887428501886334,0.03381201573972658,0.037868646302381244,0.041965843170662445,0.04847673522372317,0.05480507890146444,0.055291874568983,0.293430358171463,0.04258408024907112,0.04242127016186714,0.040055401623249054,0.039697542786598206,0.03943873196840286,0.039109595119953156,0.03758751228451729,0.03699751943349838,0.036797598004341125,0.0366412028670311,0.03634044528007507,0.035956427454948425,0.03556489944458008,0.034861814230680466,0.03470432758331299,0.03463376313447952,0.03457123041152954,0.03436969220638275,0.03423665091395378,0.011634671320504738,0.011925538103517356,0.011125654450232655,0.015052356020903004,0.01308900523556783,0.014070680628235417,0.01308900523556783,0.009162303664897481,0.012761780104678634,0.010143979057565068,0.007635253054081234,0.006108202443264988,0.010034904013935336,0.009598603839416409,0.009162303664897481,0.006544502617783915,0.009598603839416409,0.00850785340311909,0.006663493574470895,0.010947168015202185,37.83,863.063386,132.54038,0.2415,0.2528
M1H4-1,0.9504960727573377,0.020049607275733773,0.019532864820173624,0.005684167011161637,0.00423728813559322,0.494643,0.4959115,0.28858513,0.28853562,-0.0014040651227406969,0.50201154,0.48462343,0.28305706,0.28626093,0.059690780707365866,0.4808362,0.5037665,0.30265972,0.30096957,0.05692001786359851,0.4235033,0.5405239,0.28550372,0.26520115,-0.038721732690138934,0.44408092,0.418148,0.24744564,0.2845607,-0.21847160789879844,3.5287492454308813,2.097246820664776,3.396328076956851,1.7364389260607829,6.83980923924848,4.939516955382308,9.200362343556822,5.756198446209067,3.940495727629508,2.1160453822422736,7.414900710532533,4.474863360161895,7.764606953034065,4.439693555291294,7.693975702736619,4.794572251085985,7.997396201483832,4.802376288636282,7.708466904042401,4.3167213766733195,0.004011053874221936,0.012958789439793948,0.019411354367890106,0.024857802103455676,0.03422139944194033,0.03867514488087572,0.045154539600772696,0.04764971023824855,0.05227784932388925,0.05411569006224512,0.30382782220840454,0.04322649538516998,0.041600100696086884,0.041554395109415054,0.04096484184265137,0.03906003758311272,0.0378236398100853,0.036660484969615936,0.036524832248687744,0.035675641149282455,0.035585761070251465,0.03506626561284065,0.03473358228802681,0.034585852175951004,0.03438922017812729,0.03415064141154289,0.033799849450588226,0.033764343708753586,0.03363658860325813,0.03336963802576065,0.014149849222888576,0.01043841336114731,0.01696242171186438,0.01043841336114731,0.01226513569934809,0.009655532359061261,0.014091858037548869,0.010699373695175993,0.011482254697262042,0.011743215031290725,0.009046624912994334,0.009046624912994334,0.007306889352803117,0.009568545581051701,0.008002783576879604,0.007828810020860482,0.008872651356975214,0.008698677800956093,0.007022205352044554,0.009299677358113058,34.53,851.999153,130.13022,0.2393,0.2522
M1H4-2,0.9507027697395618,0.020049607275733773,0.019326167837949566,0.004960727573377429,0.004960727573377429,0.49530968,0.496748,0.28869942,0.28894427,0.00019344607910090457,0.47139806,0.50122315,0.2804193,0.28103432,-0.05565583742393008,0.47110996,0.45209825,0.28608096,0.2772968,-0.010115798136674922,0.47230694,0.45338982,0.31418458,0.27585256,0.1562489641402718,0.42555892,0.4973517,0.27925053,0.30450135,-0.0027489035737143465,3.9605443769463826,2.2267505776681884,3.7254092512180463,2.031421547715265,8.48667580942808,4.281413361535522,7.022985104162554,3.7928898692216486,3.9227077838463824,1.860881271459448,7.390212564379273,3.6152904812200104,7.486262167273363,4.083812954505581,7.310840329666445,3.4757769547007054,8.00270753280309,4.347165584033455,8.069533902071454,4.318964683422728,0.0032533818047707484,0.012723752321492077,0.02058718931520923,0.025170901331647372,0.03404855046693273,0.03790782523939358,0.044783393264050786,0.04856363851898684,0.05384544460689401,0.05244925646395595,0.3140958547592163,0.03988585248589516,0.03926805034279823,0.037982843816280365,0.03781987354159355,0.03766355291008949,0.03723564371466637,0.03674870729446411,0.0366949737071991,0.03582536429166794,0.0355154313147068,0.03545799106359482,0.03533291816711426,0.03520616516470909,0.03495290130376816,0.034606121480464935,0.034141093492507935,0.03403612598776817,0.03382262587547302,0.033707860857248306,0.01351036571159525,0.012112741672464707,0.016247379454892564,0.011792452830163957,0.013364779874185818,0.009696016771468143,0.013626834381522795,0.011268343815490004,0.008909853249457212,0.011268343815490004,0.00838574423478326,0.008560447239674576,0.009259259259239849,0.01065688329837039,0.00838574423478326,0.008560447239674576,0.007861635220109305,0.008560447239674576,0.006479893272332518,0.007813988946048036,34.69,848.899863,130.20148,0.2397,0.2479
M1H4-3,0.9503927242662257,0.020359652749069864,0.019326167837949566,0.005270773046713518,0.0046506821000413395,0.49382555,0.49581894,0.288572,0.2886657,0.003700394987278696,0.48960012,0.49040693,0.29383713,0.2831109,-0.05310013732686808,0.4865006,0.49954683,0.29268274,0.29187772,-0.05967426245673492,0.5294118,0.5314058,0.2673255,0.2893319,-0.0481505218333958,0.5189702,0.45160073,0.28473347,0.29215443,-0.2231093071416939,3.6273041476704893,2.090594030896088,3.919738921507432,1.9123381399614725,7.454309210725189,3.430248901206869,8.3771593669591,4.492077080385527,3.304188374250886,1.6938539541300892,7.1844853366079695,3.5355228350416,7.461247081514268,3.888659172669113,7.235866823562219,3.814619538140405,7.211897456890224,3.662102533292648,8.517690032134762,4.053313295729174,0.0038804656558787056,0.012228134042751799,0.019629022149324587,0.024976330492992495,0.03327065914576416,0.037244469336320356,0.044271979304183175,0.04827245936179009,0.05535330906375432,0.05420650478057367,0.3195238411426544,0.045299407094717026,0.03928690031170845,0.03653866425156593,0.03612155839800835,0.03608844056725502,0.0356546975672245,0.0355808362364769,0.03549735248088837,0.03521362319588661,0.03509710729122162,0.03493652865290642,0.034908849745988846,0.03484262153506279,0.034766603261232376,0.03461410850286484,0.03443314880132675,0.03406501188874245,0.03379543870687485,0.03373526409268379,0.012731481481454957,0.011342592592568963,0.01197916666664171,0.014062499999970703,0.011718749999975586,0.010937499999977214,0.011718749999975586,0.012239583333307835,0.01328124999997233,0.01197916666664171,0.008680555555537471,0.007291666666651476,0.010763888888866466,0.007638888888872974,0.008159722222205222,0.007118055555540726,0.011111111111087963,0.007638888888872974,0.007196969696954703,0.00909090909089015,35.61,849.541804,129.6155,0.2431,0.2477
M1H4-4,0.9509094667217859,0.019532864820173624,0.019636213311285657,0.005167424555601488,0.0047540305911533695,0.4937507,0.49647146,0.2886004,0.28896442,0.0037107565633485635,0.47961026,0.4922877,0.305714,0.28415534,-0.027032834508413213,0.5071245,0.4470116,0.2808032,0.26737812,-0.17669884543671535,0.5017073,0.57711864,0.27406225,0.28139806,0.23776674684718221,0.5198834,0.48120853,0.26999077,0.30876717,-0.18252732666563612,3.7382720463357715,1.9338065626815628,3.5532388480666954,1.9603353644775274,7.521209505454181,3.681223651867088,7.288162659826365,3.652287883374354,3.6197621193623504,1.8524885245584974,7.914246974294971,4.8007535358943985,7.466972036693186,4.143062095102717,8.185337648070304,4.9810414476163904,7.61471880114521,3.743099574095102,7.202907017340634,3.5380970166948575,0.0038648513984836856,0.012389070685034812,0.02018610538789911,0.025599590622012145,0.032036520825758495,0.03798866130704696,0.04194777737378634,0.04948895083424231,0.055158297310763674,0.05467350758830579,0.3127942979335785,0.0413690060377121,0.04076659306883812,0.040204185992479324,0.039007674902677536,0.03714252635836601,0.03694697469472885,0.035915307700634,0.03565995395183563,0.03517799824476242,0.035096149891614914,0.03504657372832298,0.035044457763433456,0.034764714539051056,0.034538112580776215,0.03421134501695633,0.034157756716012955,0.03408972546458244,0.03405992314219475,0.03400671109557152,0.01380116959061422,0.010526315789451525,0.011578947368396677,0.013157894736814404,0.011578947368396677,0.01236842105260554,0.011578947368396677,0.011578947368396677,0.013947368421023268,0.011842105263132964,0.009298245614015514,0.008771929824542937,0.00824561403507036,0.007719298245597784,0.008596491228052077,0.010701754385942381,0.009122807017524654,0.007192982456125208,0.007081339712903752,0.00784688995213659,35.3,847.939255,130.97976,0.2418,0.2712
M1H5-1,0.940677966101695,0.02583712277800744,0.023563455973542785,0.005167424555601488,0.0047540305911533695,0.49485505,0.49528134,0.28849402,0.28896034,0.000653222352852153,0.48531708,0.48915255,0.28594127,0.2808124,0.0268267916011235,0.4615426,0.50367975,0.29557,0.28343248,-0.0163773442437127,0.51926833,0.5640678,0.29803133,0.28062576,-0.14151883462816164,0.48488864,0.5134488,0.27832612,0.29610744,-0.04232400370372719,3.177019383215677,1.6120011906546095,3.6063197068078345,1.6802992414181788,7.205831615477584,3.8073600735133666,8.098028250114151,3.7224616947725355,3.524398362448925,1.7557380735085002,6.99589588924091,3.6939735660805884,7.29088884329444,3.9818261984577714,7.30423633407012,3.75381326549287,7.537714756893704,4.055909281943569,7.022608277196928,3.095637734788291,0.0031036794211362407,0.012561637420456736,0.019577054810243976,0.026537377299064305,0.03392927651212547,0.039787700981607485,0.04304748262214999,0.04767545430337089,0.05381853576118197,0.053295134201996275,0.33295392990112305,0.05024595931172371,0.03858401998877525,0.036727216094732285,0.036719419062137604,0.03630731999874115,0.03521796688437462,0.03513972461223602,0.03496965393424034,0.03449521213769913,0.03363480791449547,0.03320767357945442,0.03304547443985939,0.03302771970629692,0.033025577664375305,0.032860055565834045,0.03262496367096901,0.032531462609767914,0.032481249421834946,0.03220053389668465,0.013162988772721939,0.013550135501331407,0.011324041811826962,0.013283972125412397,0.01371951219509805,0.010670731707298483,0.009799651567927179,0.012195121951198266,0.012848432055726744,0.011106271776984136,0.007113821138198988,0.009436701509855802,0.007839721254341743,0.008275261324027396,0.00740418118465609,0.0091463414633987,0.0091463414633987,0.010307781649227106,0.008869179600871467,0.007127019322128857,31.79,839.28206,130.26112,0.2437,0.254
M1H5-2,0.940677966101695,0.023460107482430756,0.02594047126911947,0.004960727573377429,0.004960727573377429,0.492919,0.49630925,0.28845793,0.28849643,0.00192263377310116,0.49409047,0.4876428,0.30064726,0.28197253,-0.07376050180378362,0.5248761,0.48909447,0.28102446,0.2932175,0.013605767233483881,0.5294716,0.42514125,0.27859062,0.32119805,0.01888029148383942,0.48196137,0.53601694,0.30519283,0.28090748,-0.04827642917095621,3.449429557072825,1.7573331703924377,3.137624224556077,1.6398715703711508,7.307602170190859,3.5052033496249337,8.105632912941063,4.639814839766049,3.2433078630369994,1.582081077973071,7.941021521032376,4.365170632109881,7.109653744666779,3.5107079523909253,7.478420337522988,4.196555475732479,6.872858727562863,3.3080350329899586,6.489845680287154,2.6744600164129406,0.003522989157127205,0.01210850428803506,0.02025954890626771,0.024887604367373153,0.03457818580225924,0.037798934602742834,0.04335260115606936,0.04763119120480562,0.055121085042880345,0.05407268880577279,0.3359774649143219,0.04039948433637619,0.03799328953027725,0.03698665276169777,0.03683637082576752,0.03601052612066269,0.03575599193572998,0.03548700734972954,0.034945257008075714,0.03436829522252083,0.034317340701818466,0.03385923057794571,0.03375951945781708,0.033671870827674866,0.033571723848581314,0.033530160784721375,0.03329821303486824,0.03312339261174202,0.03306680545210838,0.033041369169950485,0.011227255129674594,0.012195121951198266,0.012195121951198266,0.012412891986041093,0.010670731707298483,0.010452961672455657,0.013283972125412397,0.012630662020883919,0.01197735191635544,0.015026132404155007,0.009436701509855802,0.007694541231113193,0.0091463414633987,0.00929152148662725,0.00740418118465609,0.009436701509855802,0.007549361207884641,0.008420441347255945,0.008077288565079372,0.00823566677223779,32.79,838.02157,130.08212,0.2527,0.2585
M1H5-3,0.940677966101695,0.024906986357999174,0.024493592393551054,0.005167424555601488,0.0047540305911533695,0.49344826,0.494989,0.28870693,0.28846288,0.0009071385592223426,0.5319806,0.51301074,0.28456318,0.28884315,-0.011484806144577126,0.48255637,0.5062576,0.27872503,0.29609725,-0.027553285076176232,0.42658535,0.5035593,0.30184332,0.27418935,-0.0788599161186946,0.5159067,0.49594694,0.31043577,0.2999951,0.06954392293885413,3.3046024956032696,1.7310733069935034,3.2094952445437106,1.85860553557087,6.726587537682757,3.897822481577506,8.318943016257412,3.53423814508517,3.3275119662053774,1.7729725744113458,7.768824265622615,4.120857812996643,7.084329109805629,3.6209164931937563,7.198402356740237,4.051030931965645,7.52942746016719,3.881651168377491,6.952725183672603,4.140001512116241,0.003853187042842215,0.013070980743394536,0.01990968801313629,0.025059710404537992,0.033531124048365425,0.03750559785042544,0.045221301686818934,0.04872928795342588,0.05321689804448425,0.053235557545902375,0.34185075759887695,0.03933979570865631,0.03933979570865631,0.03681579604744911,0.036173053085803986,0.035242244601249695,0.03496202081441879,0.034909121692180634,0.03488292917609215,0.03481100872159004,0.034470539540052414,0.033822037279605865,0.03357577323913574,0.03350965306162834,0.033176638185977936,0.033069808036088943,0.03278212994337082,0.03261788189411163,0.03260815516114235,0.0320407897233963,0.012001548586893533,0.011807975222588798,0.012848432055726744,0.01088850174214131,0.009799651567927179,0.014590592334469354,0.012630662020883919,0.012195121951198266,0.012630662020883919,0.012630662020883919,0.007549361207884641,0.00929152148662725,0.008420441347255945,0.006097560975599133,0.00900116144017015,0.008565621370484498,0.008420441347255945,0.010162601625998555,0.007918910357920953,0.009344314222346724,32.81,837.466376,129.21653,0.2428,0.2532
M1H5-4,0.9411947085572551,0.024700289375775113,0.024183546920214963,0.0045473336089293095,0.005374121537825548,0.49480164,0.4951453,0.28824908,0.28813377,0.000215772638228593,0.5063272,0.50453866,0.29082915,0.30358958,0.04336115539646152,0.46205962,0.4963784,0.29397333,0.28623396,0.026684263968170332,0.41906872,0.52060866,0.3078798,0.3009608,-0.07231830596488253,0.48592868,0.5397653,0.29075533,0.30595964,-0.2648444238311393,3.2311121158276985,1.7233561256906935,3.3684171551167177,1.6933520256552117,8.413925541365517,3.564527596240067,7.6480597566258774,4.866236624143617,3.18219955495944,1.546749638531972,7.478445878782942,3.7752832418384257,6.959832150547929,3.2516593821393114,7.476160602527227,4.182300566654088,6.7446196921943855,3.311702004246258,7.11970973010288,3.017480390082583,0.00408421593932022,0.013498679799448186,0.021083652258185738,0.025949110471613215,0.034018650923151476,0.038745661138635895,0.044273691913648,0.04653830559428803,0.053282700922657016,0.05185866437238556,0.3413738012313843,0.03809032589197159,0.03779181092977524,0.03718632459640503,0.036939799785614014,0.03523685410618782,0.03514745831489563,0.03499820455908775,0.03453005477786064,0.034082747995853424,0.03395025059580803,0.03390466421842575,0.033692989498376846,0.0336216576397419,0.03330862149596214,0.033303629606962204,0.033263757824897766,0.03319849073886871,0.03319220989942551,0.03318633884191513,0.013864479593804964,0.014840851396185595,0.012302284709995955,0.010544815465710818,0.009666080843568249,0.011203866432317744,0.01186291739892467,0.013840070298745448,0.01296133567660288,0.010325131810175176,0.00937316930285406,0.00688342120678345,0.008933801991782776,0.007762155828926019,0.009080257762139872,0.008201523139997302,0.007469244288211829,0.008055067369640208,0.007828726633633789,0.01134366512220406,32.81,839.321566,129.08596,0.244,0.2508
M1H6-1,0.9308598594460521,0.027904092600248037,0.03131459280694502,0.004857379082265399,0.005064076064489459,0.49436077,0.4975142,0.28889564,0.28865558,-0.0018484126224193559,0.4806233,0.44579408,0.292972,0.28241646,-0.031092728941870786,0.48313612,0.47619846,0.27441156,0.28867427,0.056725120263086765,0.5928905,0.536603,0.28997353,0.27378345,-0.14386792335465381,0.45445493,0.5309581,0.28278622,0.30401903,0.21033316838678284,2.896468319560684,1.5785920167233798,2.9795695877581805,1.6106248062245965,7.8226498050744615,4.7532498429728784,7.668673036531886,3.444549788655106,2.8588069379947227,1.4457475070828236,8.454360364474867,4.568987051792579,7.200823885078421,4.111860240249342,7.99329017153931,4.384384082710838,6.937931899130181,3.721814025834697,8.037124620965026,4.071221019919603,0.0037978440657843253,0.012351425372026822,0.020088773761821884,0.025721455457967377,0.033931004708517155,0.038868876566695,0.04359763090082433,0.046612970683072276,0.05563200712348727,0.052731344693136895,0.35936519503593445,0.03669789806008339,0.036459553986787796,0.0361880399286747,0.036039579659700394,0.035472892224788666,0.035404641181230545,0.03435458987951279,0.03434409573674202,0.033738620579242706,0.033488404005765915,0.03290760517120361,0.03283323720097542,0.03259638696908951,0.032188259065151215,0.03172852098941803,0.03171610087156296,0.03157708793878555,0.03145028278231621,0.03144901245832443,0.010795548912124704,0.014449427005459217,0.01289237668159508,0.011584454409549201,0.013266068759322472,0.01289237668159508,0.011584454409549201,0.00990284005977593,0.011771300448412897,0.012705530642731382,0.009715994020912234,0.00946686596909397,0.009217737917275709,0.008844045839548315,0.008345789735911789,0.008844045839548315,0.007224713502729609,0.007722969606366135,0.008153281695870405,0.007066177469754352,30.76,828.880685,128.87858,0.2473,0.263
M1H6-2,0.9309632079371641,0.03079785035138487,0.028317486564696154,0.005374121537825548,0.0045473336089293095,0.49295747,0.49600637,0.2888128,0.28819072,-0.0013039002123059929,0.50916684,0.50324196,0.28375828,0.2934063,-0.00022781793958639177,0.5148656,0.47213286,0.2790491,0.299303,0.014136689993446054,0.3925891,0.51222295,0.31089777,0.27933198,0.052055082900430684,0.5731707,0.5229199,0.28065646,0.28811052,0.14628607145636666,3.1501316293707746,1.5203848349996425,3.2127746458689366,1.7714212061111458,8.051711904330189,4.877019584239145,7.29391066153753,3.843974504179482,2.968492661556058,1.4540377625536856,7.227310898874002,3.7404290376616105,8.126480956679703,4.882571237738842,7.037090923706688,3.759825213763837,7.9696552313902025,4.607507030946349,8.151524825552928,4.4022228584338405,0.0037900874635568515,0.012689157295571291,0.020061085658753298,0.026239067055393587,0.03438150770512287,0.038032764126058584,0.043322226849923644,0.046876301541024575,0.05408163265306123,0.05385950298486742,0.35114437341690063,0.03792943060398102,0.036646801978349686,0.03630648925900459,0.036106571555137634,0.03596729412674904,0.03556567430496216,0.03546033054590225,0.03541485220193863,0.035108137875795364,0.03450333699584007,0.034435924142599106,0.03382008895277977,0.03229198232293129,0.031916920095682144,0.031812068074941635,0.031704533845186234,0.03144463151693344,0.03127073124051094,0.031149830669164658,0.011310711909497373,0.011144377910828293,0.01010479041914655,0.013285928143692685,0.014034431137703541,0.012350299401179116,0.01253742514968183,0.01160179640716826,0.0134730538921954,0.012350299401179116,0.01010479041914655,0.008732534930126648,0.00823353293411941,0.0069860279441013185,0.007859281437113983,0.008732534930126648,0.00860778443112484,0.007859281437113983,0.009526401741956342,0.00816548720739115,29.62,829.068359,126.80132,0.24,0.2523
M1H6-3,0.9312732534105002,0.029247622984704423,0.029557668458040514,0.003823894171145101,0.006097560975609756,0.49214104,0.49631524,0.2883106,0.2887498,-0.0011327152017053125,0.5260278,0.47802,0.28501707,0.28917488,0.033034403105224715,0.51795155,0.48533246,0.29351613,0.28328055,-0.027198747400569663,0.54021096,0.5146587,0.29601303,0.28590152,0.49407872235090716,0.46320793,0.53519106,0.31084684,0.2940602,-0.10018261768396919,3.0503818826502846,1.5880886290361182,3.0239820680725162,1.655339190797842,9.228638383080636,5.359489293414322,6.592232168044929,2.544538942996189,3.0256599471762486,1.4170130746273044,9.46364181942375,5.459252797849456,7.054121284967556,3.6724273607913918,9.150855026096508,5.352239500992054,7.007213347310873,3.496303180567036,7.386708380183141,3.727733730511293,0.0035620429815205953,0.012575196748851573,0.020040848477244053,0.02618206152366214,0.03390563025854437,0.0384087217772573,0.0432742912510369,0.047017573210090834,0.05422530793199356,0.05414165917313202,0.35663366317749023,0.03750822693109512,0.03701255843043327,0.03511705994606018,0.034938011318445206,0.034703295677900314,0.034703295677900314,0.03453459590673447,0.034255821257829666,0.03360367566347122,0.03359600529074669,0.03307625651359558,0.033071119338274,0.03275401145219803,0.032753556966781616,0.03265237808227539,0.0324992761015892,0.03232012689113617,0.032242484390735626,0.032024528831243515,0.010359231411847414,0.011862990810341393,0.012218045112763582,0.012030075187951834,0.009586466165399118,0.011090225563893098,0.013909774436069309,0.014849624060128045,0.010714285714269602,0.015601503759375036,0.008771929824548212,0.008395989974924717,0.008771929824548212,0.008897243107756045,0.008646616541340382,0.0075187969924698965,0.008771929824548212,0.009147869674171707,0.00710868079288063,0.00861244019137461,30.54,827.385031,128.50626,0.245,0.2579
M1H6-4,0.9309632079371641,0.030177759404712692,0.028937577511368336,0.005374121537825548,0.0045473336089293095,0.49540514,0.49619263,0.28917965,0.28850898,-0.0006028381948558124,0.48909956,0.47971323,0.28836125,0.2895252,-0.035579876983641484,0.455662,0.49527845,0.2720563,0.28977734,0.024036111696917294,0.49812382,0.5110822,0.30367857,0.29381028,0.06897399078105536,0.4564856,0.49922958,0.24408804,0.29792696,0.13710236919819382,3.08179976761844,1.5568375217148565,3.040885921065585,1.5104913914473452,7.753120199370676,3.1932459162743347,7.2187952925222705,3.490623020337889,3.059877704792036,1.517080087984961,6.886659008934686,3.4559789797331466,7.848262098871105,4.329413715887373,7.031773690111886,3.4242644965713196,7.785187712737302,4.171518496082502,8.33646485205013,5.072881134158581,0.003549414075729865,0.011955564587143535,0.020138183296078034,0.024872993294045926,0.03432229221702906,0.03855584908216487,0.043588701483438325,0.0490212016527806,0.053403779719569194,0.05392535392535392,0.35383862257003784,0.04647096246480942,0.03665050119161606,0.03622286766767502,0.03493480756878853,0.034597352147102356,0.03442838415503502,0.03442838415503502,0.034221671521663666,0.03395982086658478,0.03333108127117157,0.03309563919901848,0.03222876787185669,0.03217487409710884,0.03197775408625603,0.03186938539147377,0.03144291415810585,0.03142731636762619,0.031420331448316574,0.03127850592136383,0.013306719893526322,0.012142381902842767,0.013660179640698114,0.01253742514968183,0.013285928143692685,0.012350299401179116,0.011227544910162833,0.01253742514968183,0.011040419161660119,0.009730538922141123,0.00860778443112484,0.008732534930126648,0.00835828343312122,0.009481037924137504,0.00848303393212303,0.007485029940108555,0.009106786427132075,0.0069860279441013185,0.009390310288499824,0.00816548720739115,30.68,823.54912,128.22203,0.2453,0.251
M1H7-1,0.9214551467548574,0.036688714344770564,0.031934683753617195,0.00434063662670525,0.005580818520049607,0.4933006,0.4941982,0.28892365,0.28883123,-3.5451718964334644e-05,0.5025421,0.49560753,0.27925405,0.28801644,-0.04892829340064447,0.49676374,0.5432505,0.28553125,0.2832473,0.03635706424590489,0.47502905,0.5066586,0.28755617,0.27955425,0.07473698694580282,0.5347787,0.47489014,0.31760612,0.27898473,0.05586237508084741,2.8792328904712887,1.3645990760969637,3.041516494877904,1.597424930364299,7.929019175422583,3.9685894893310136,6.670074421883504,3.964064947782659,2.8217163448622773,1.4655292641454305,9.05050994181429,5.807555975867904,7.17477487720341,3.926983194609642,7.709300167284122,5.094291334358628,7.616095845569947,4.167015251943187,7.611985771519081,3.799819074001216,0.0036934153167493783,0.012724075865871803,0.01990802875661954,0.025406535784512626,0.033485231540726405,0.03806818772953796,0.04371755256614335,0.04833172071537813,0.05414234734750357,0.053856237710290585,0.3767223656177521,0.03912338614463806,0.03785833343863487,0.03518323227763176,0.03382387012243271,0.033808741718530655,0.03369548171758652,0.03336181119084358,0.03320258855819702,0.032904207706451416,0.032739780843257904,0.03179144114255905,0.0317239910364151,0.031691666692495346,0.030924828723073006,0.030470460653305054,0.03027520328760147,0.03023516573011875,0.03023516573011875,0.03022829070687294,0.012426900584778971,0.012426900584778971,0.009046052631567044,0.011348684210511384,0.012006578947352624,0.013322368421035102,0.013486842105245412,0.014309210526296962,0.012993421052614482,0.010526315789459834,0.007565789473674256,0.006798245614026143,0.008552631578936116,0.009649122807004848,0.007675438596481129,0.008223684210515496,0.010087719298232342,0.008442982456129242,0.006818181818172847,0.011004784688980735,28.77,816.659985,125.71559,0.2448,0.2601
M1H7-2,0.9217651922281934,0.035551880942538236,0.032761471682513435,0.00434063662670525,0.005580818520049607,0.49437347,0.49712858,0.28839275,0.28890792,0.0004048046729465088,0.47029212,0.47447774,0.29716316,0.29187045,-0.002039328764266038,0.5052705,0.49216703,0.28530276,0.27503228,-0.03742011279905541,0.5261324,0.42493945,0.2833087,0.2788072,0.25383389996197187,0.4747064,0.48195228,0.29082188,0.30062762,-0.0498558695118769,2.843114414296251,1.4460702029542167,2.993880586883138,1.5652246620983017,8.82356869013158,3.7861737626535112,7.95251414919403,3.6053098961960934,2.9761114568019185,1.5784795868159622,7.786114285655066,4.149982477466169,6.399632506233634,3.511765152004365,7.85362191591795,4.193895754912739,6.784369356100382,3.304823634308828,6.66174702419178,3.440263405606855,0.003525897476929642,0.012722035525684109,0.019459113458153304,0.025236037766042566,0.033349335893743,0.03883821411425828,0.042972208886755216,0.04867445457939937,0.05391796020696645,0.0546380754254014,0.37000131607055664,0.03975372016429901,0.03556917607784271,0.035499054938554764,0.03494443744421005,0.03465144708752632,0.03394453227519989,0.03346913307905197,0.03345446288585663,0.03330573812127113,0.03329555317759514,0.032620422542095184,0.03234277665615082,0.03172167390584946,0.03151766210794449,0.031507473438978195,0.031433142721652985,0.030592067167162895,0.03024795465171337,0.03012824058532715,0.011889035667091296,0.012916483193876964,0.013375165125477708,0.014200792602359048,0.00990752972257608,0.012219286657843833,0.011063408190209956,0.011723910171715028,0.010898282694833688,0.013705416116230244,0.009467195068239365,0.008476442095981758,0.009026860413902651,0.007595772787308328,0.008696609423150115,0.009797446058991901,0.009577278731823544,0.006715103478634898,0.007685841239331747,0.007565749969967189,27.65,815.198482,125.54288,0.2406,0.2452
M1H7-3,0.9211451012815213,0.034518396031417944,0.03441504754030591,0.005477470028937578,0.0044439851178172795,0.49371842,0.49613023,0.28843784,0.28911453,0.0008782945797046644,0.49182123,0.49045977,0.28198537,0.29115954,0.023787867265259263,0.49908447,0.5012979,0.29894325,0.27882928,-0.08144870593834974,0.43879429,0.42021108,0.29934222,0.27620396,0.10739495382158494,0.5760068,0.51103663,0.27090767,0.24974707,0.06799087980075776,2.8079143547475813,1.3870833464271017,2.858180993038665,1.3552886840221594,7.229346024265604,3.923892636136427,8.285964315997802,3.6591401970842905,2.907436762450775,1.6210027130461713,7.373479345019214,3.664860644851288,7.801119367966449,4.342592021939685,7.208988011121963,3.920054615925158,8.12663967577909,4.247211869112983,8.750846804856463,4.521233031205281,0.0033992194384993074,0.012647404423181836,0.019582231734441225,0.024812203617440933,0.03354630911914054,0.038398589953418105,0.043549876201267365,0.04851756263376558,0.05356393470141424,0.0553160015107642,0.3721839189529419,0.04008713737130165,0.037455134093761444,0.03455071151256561,0.03398781269788742,0.03359118476510048,0.03329005464911461,0.03312474116683006,0.032880980521440506,0.03246680647134781,0.031976111233234406,0.031970854848623276,0.03194976598024368,0.03194976598024368,0.031880851835012436,0.03173661231994629,0.03154250979423523,0.031488362699747086,0.031018802896142006,0.03086795285344124,0.012523663899794275,0.012378039900959458,0.011304062909552682,0.010484927916106834,0.012450851900376867,0.014908256880714406,0.012123197902998529,0.01179554390562019,0.00933813892528265,0.014580602883336067,0.008955875928341255,0.008409785932710691,0.007536041939701788,0.008846657929215141,0.008409785932710691,0.009283529925719593,0.009065093927467368,0.009392747924845707,0.006672226855704349,0.007982842845217704,28.55,814.978846,127.01009,0.2474,0.2691
M1H7-4,0.9212484497726333,0.03617197188921042,0.032658123191401406,0.005167424555601488,0.0047540305911533695,0.49305558,0.4954547,0.28873852,0.28836048,-0.00046933748486172624,0.5157491,0.5131235,0.2811946,0.29706112,0.03953504712702122,0.48996603,0.47535402,0.29166332,0.2880868,-0.03331516058121419,0.537561,0.5881356,0.29964128,0.26411328,0.03735939153562265,0.47136796,0.463154,0.2840524,0.28542012,-0.12513399900648667,2.7933939856599963,1.4292180822368732,3.0084439883476506,1.4872535079208873,7.43467021290044,4.030592862769809,9.344075981569471,3.1953064299205054,2.8507192250118836,1.388411183487572,7.199492043757603,3.8095969074936633,7.495486929852525,4.608125274073266,7.371682102345723,3.8294427918275264,7.582192405294048,4.132027283107139,8.322500182023136,4.253938260039146,0.003464650484149091,0.012272184639872662,0.019954901180527923,0.025621435203607906,0.03361188486536676,0.03878498474598753,0.043263032232391564,0.04784188884467436,0.05483485873458018,0.05368351240217535,0.3680058717727661,0.03870668262243271,0.03693380951881409,0.03507136180996895,0.03503858298063278,0.03409434109926224,0.03384977951645851,0.03295230120420456,0.03286314010620117,0.03277059271931648,0.032763946801424026,0.0327322855591774,0.03256852552294731,0.03250311315059662,0.032237809151411057,0.031762924045324326,0.03159099444746971,0.03137381002306938,0.03110867738723755,0.031071430072188377,0.011665208515586908,0.011811023622031744,0.011646981627281304,0.0108267716535291,0.012467191601033508,0.012467191601033508,0.013779527559037035,0.012795275590534389,0.012303149606283066,0.012303149606283066,0.008530183727022926,0.009076990376191063,0.0084208223971893,0.0067804024496848905,0.007655293088353908,0.009295713035858317,0.009076990376191063,0.008639545056856553,0.008231925554749397,0.00906704843711528,29.23,815.184792,125.91291,0.2438,0.2635
M1H8-1,0.9117403885903266,0.03482844150475403,0.04350971475816453,0.0045473336089293095,0.005374121537825548,0.49248967,0.49580115,0.28916928,0.28816885,-0.001407374094384086,0.49793732,0.50756925,0.29465404,0.29130524,-0.013416331090492414,0.5068652,0.48802286,0.2753659,0.29890275,0.03295660413324047,0.54517734,0.5007704,0.2540114,0.26015717,0.028014885139785534,0.55909944,0.47115386,0.27999166,0.29061392,0.07043683245551242,2.670956678903687,1.4328063510460265,2.480925796900027,1.3192778805630567,7.255621997525514,4.489031518543663,8.053328393642424,4.566775694698744,2.485715496284212,1.2177600501666135,8.723589131997894,5.134095179182719,7.085052856568394,3.193224823488198,8.484265765909512,4.949928785698552,6.55553879828019,3.2245670530235566,7.358058362277986,3.4304617832592035,0.0037345818102915893,0.012159297648256639,0.019983142222889855,0.025470265217899288,0.03390749920718375,0.03850166074140837,0.044109792532505465,0.04817401899420827,0.053686178291856526,0.05360689666683357,0.3829943537712097,0.0362856425344944,0.035321786999702454,0.033727016299963,0.03364136442542076,0.032896738499403,0.03282256796956062,0.032683417201042175,0.032358668744564056,0.03198849409818649,0.03198849409818649,0.031983181834220886,0.031978677958250046,0.03191842511296272,0.0315740741789341,0.031362369656562805,0.03129638731479645,0.03113022819161415,0.03113022819161415,0.03091793693602085,0.011059068436104666,0.009237574811334488,0.012734192037455815,0.013319672131131945,0.012734192037455815,0.012002341920360654,0.014783372365322268,0.012148711943779686,0.012002341920360654,0.01244145199061775,0.008587041373916564,0.009855581576881512,0.007903981264627748,0.00780640124901506,0.008391881342691188,0.008587041373916564,0.007513661202176994,0.008099141295853124,0.009261230572695138,0.008835426868203409,27.0,801.944574,125.0147,0.2483,0.2647
M1H8-2,0.9110169491525424,0.03865233567589913,0.04040926002480364,0.004960727573377429,0.004960727573377429,0.4938367,0.49697837,0.28887033,0.28945643,-0.003030817163210712,0.49582624,0.48969,0.2826487,0.28668955,-0.020078020902584825,0.4878049,0.4829208,0.2856603,0.27362263,0.08109476306114473,0.54751015,0.46627823,0.30139515,0.28457993,0.1165047686737987,0.4870427,0.4539195,0.30051148,0.27358636,-0.020042237200329122,2.688430858751011,1.3825255696985792,2.5930595155915204,1.3186955484960465,8.185594144558406,3.771632957650811,8.088399287821629,4.455180164044983,2.553550877448314,1.253110931718352,7.269220558839001,4.059139599118787,6.803953690404945,3.4319683407913195,7.108571060834546,3.731415340030848,6.89457704867712,3.213518305996542,8.031572274596298,2.9179924830727995,0.003686922530206112,0.01261549395877754,0.020041836273179556,0.025642889448859597,0.034127253343671254,0.03824223040640951,0.04281756800413517,0.04862053369516056,0.05290107902048201,0.05463752665245203,0.39382731914520264,0.04091459885239601,0.03671486675739288,0.03350496664643288,0.03345596417784691,0.032824769616127014,0.032213784754276276,0.032030198723077774,0.0313166007399559,0.031003564596176147,0.030934391543269157,0.030615391209721565,0.030455073341727257,0.030306657776236534,0.030223367735743523,0.030109059065580368,0.03006860427558422,0.029950009658932686,0.02985636331140995,0.029674435034394264,0.012130597496437067,0.010969157310607986,0.014082462253177604,0.012340301974433983,0.011759581881519442,0.012340301974433983,0.010162601626004457,0.0136469221834917,0.012775842044119889,0.011904761904748078,0.008710801393718106,0.008614014711565683,0.008517228029413258,0.007742934572193872,0.010065814943852032,0.009485094850937492,0.008807588075870528,0.008033294618651142,0.007918910357925552,0.006651884700657463,25.82,804.255833,123.84833,0.2425,0.2512
M1H8-3,0.9115336916081025,0.03772219925589086,0.04082265398925176,0.005167424555601488,0.0047540305911533695,0.49374342,0.49529958,0.28888825,0.28825733,0.0004263819447829127,0.49518877,0.49089855,0.27904317,0.29377463,0.029778358008482095,0.50815064,0.5194164,0.29172269,0.29383707,-0.03357816093919941,0.46512195,0.41949153,0.29725102,0.29762658,-0.16145388583887796,0.4231177,0.5029477,0.26868847,0.24857499,0.13966369969942433,2.6716467032310263,1.3806301132284289,2.6002134362443248,1.2929816233727152,7.057927659874136,3.6613736695376513,7.5461733232254575,4.264469833220674,2.688846383087922,1.3396875241643385,7.713967266331887,3.918193877354145,7.367579256888627,4.031163943922339,7.386244661453143,3.888033889085064,8.019951757981206,4.263696515568308,8.000365270204872,4.614559084387124,0.0034782170357021336,0.012421603592477305,0.0195460674723696,0.02634287322571024,0.03361436318802956,0.03863425371660933,0.04388098448664793,0.0476112462350821,0.05376113722574385,0.05404258715496128,0.3869936168193817,0.03695390000939369,0.03622700273990631,0.034616224467754364,0.03446837514638901,0.033811867237091064,0.033620476722717285,0.03309180587530136,0.03244956582784653,0.03183010593056679,0.03152094781398773,0.031371813267469406,0.031200099736452103,0.03103829361498356,0.03051569312810898,0.030307171866297722,0.030076995491981506,0.030011849477887154,0.029995162039995193,0.029899146407842636,0.012201453790224583,0.010124610591888484,0.0125584112149386,0.013434579439236642,0.013434579439236642,0.010952102803725524,0.0125584112149386,0.011390186915874545,0.01445677570091769,0.01109813084110853,0.007593457943916363,0.009151090342668438,0.008859034267902422,0.008566978193136409,0.007690809968838367,0.009345794392512447,0.007009345794384335,0.007496105918994358,0.00977060322853574,0.009451996601518272,25.91,802.369433,124.16531,0.2474,0.257
M1H8-4,0.9117403885903266,0.041236047953699874,0.03710210830921869,0.005580818520049607,0.00434063662670525,0.49462956,0.49651968,0.2891621,0.28874204,0.0015388419725322752,0.4755792,0.4881271,0.27009064,0.29030198,-0.0008470157219814362,0.5025477,0.49171427,0.29062858,0.27895224,-0.019447251263818553,0.47425476,0.5163214,0.30256274,0.30571988,-0.19770704175993598,0.4666086,0.41747376,0.307596,0.30258062,0.08455273379466548,2.6090603990372196,1.404369059659756,2.7995829127473244,1.2790125562753605,7.72462581788116,3.242736677392879,9.633014483341249,5.683332654259808,2.6975051704559814,1.2011511565899118,6.789822336431523,3.164031383311928,8.286148145577695,4.4127747494903735,6.414456265235197,3.021213551336231,7.950386511245926,3.933675835053103,8.442829943157081,4.2334768517890735,0.0034814058482697534,0.012289485662266727,0.020015008180688652,0.025727138153173658,0.03382991548672022,0.03833236969331644,0.043540126380363066,0.04889960511262286,0.053287242636355064,0.05393103617955689,0.38160762190818787,0.036258209496736526,0.036232661455869675,0.03393492102622986,0.033607207238674164,0.03351912647485733,0.033135030418634415,0.03312523290514946,0.03262466564774513,0.03254588693380356,0.0324692502617836,0.03245260939002037,0.032329197973012924,0.03210074454545975,0.031602680683135986,0.031362395733594894,0.031160451471805573,0.030536644160747528,0.029908163473010063,0.029487309977412224,0.012880562060874847,0.011319281811071835,0.012880562060874847,0.013758782201389042,0.0099531615924942,0.013758782201389042,0.013026932084293879,0.012002341920360654,0.012002341920360654,0.010392271662751298,0.008196721311465812,0.009758001561268824,0.008099141295853124,0.009660421545656135,0.008587041373916564,0.007025761124113553,0.00780640124901506,0.009367681498818071,0.008303172237588745,0.007877368533097014,26.35,810.328909,124.4091,0.2411,0.2523
M1H9-1,0.902542372881356,0.043819760231500623,0.04371641174038859,0.0047540305911533695,0.005167424555601488,0.49361965,0.49368748,0.28860995,0.28906524,-0.00579524362137957,0.4897607,0.5193476,0.29126725,0.28490305,0.0057358429942015385,0.4988468,0.5196738,0.28357893,0.28216544,0.07297317332040647,0.49708375,0.47457626,0.2974404,0.26366693,0.1535519979471572,0.5336585,0.47542372,0.3045516,0.30686978,0.21964474463568268,2.3818259301470115,1.2688278474260613,2.6140912719264313,1.2561346821772543,7.735050284141642,3.390440098028875,7.948052252272695,3.362806178646481,2.555013471483816,1.2248298034129772,7.028729094278511,3.4549370415033933,7.969487448819165,5.535179599555936,7.415224168799463,3.698160226481715,7.952207182819932,5.211257043735282,8.339837881491382,5.142674801155652,0.0036931808538444044,0.012162377756732077,0.02033965043771661,0.02599483362016585,0.03431127947670886,0.039165368282772735,0.043696982657664536,0.04739355797920549,0.05296387946924103,0.05361222279928173,0.39285773038864136,0.037357863038778305,0.035256266593933105,0.03500397875905037,0.033744774758815765,0.03327956795692444,0.03307917341589928,0.03188948333263397,0.0318879634141922,0.03181254863739014,0.03178735077381134,0.03142920881509781,0.031298793852329254,0.030527016147971153,0.030527016147971153,0.030088815838098526,0.029659681022167206,0.029593592509627342,0.029529718682169914,0.02938961237668991,0.012018381053363007,0.012254035583821104,0.01219512195120658,0.011930010604441219,0.01219512195120658,0.011002120890762458,0.012857900318119982,0.012857900318119982,0.012725344644737301,0.011930010604441219,0.006451042771290437,0.008483563096491535,0.00830682219864796,0.008660303994335107,0.008130081300804387,0.007864969954039026,0.009632378932474763,0.009190526687865828,0.009254796105263492,0.008869179600877512,25.66,797.298505,123.95524,0.266,0.2696
M1H9-2,0.9018189334435717,0.04588673005374121,0.0423728813559322,0.0046506821000413395,0.005270773046713518,0.49364388,0.49577925,0.2891745,0.28804785,-0.0032284083916851425,0.4866513,0.48650557,0.2879537,0.2939697,0.06287102356732852,0.5018739,0.49892515,0.27881542,0.28842223,0.022562439613279188,0.47317073,0.5047081,0.28015885,0.31206983,-0.2697776054393685,0.55547583,0.5402127,0.28166857,0.32115304,0.028117370154887137,2.4411279298237543,1.1846970257610192,2.517795669152829,1.2394816353995806,8.861977763072591,3.8091724260331588,7.8509094481053046,3.3063345699779494,2.5907408778896275,1.2126393264545365,7.393246390485944,3.8866018030320966,7.471998552375434,3.9890451083614797,7.561413322189228,3.8626610674816906,7.181159880410886,3.6644922905618005,6.668130558003153,3.4868692381055495,0.0036218142555975823,0.01252942724082673,0.01970471963399175,0.025622627455402138,0.03402113636130672,0.03829556054409217,0.042641737650809274,0.04849130935418952,0.053753190442510534,0.05465181039460692,0.4082270562648773,0.03878463804721832,0.03651886805891991,0.032060809433460236,0.03194068372249603,0.0315733440220356,0.030891917645931244,0.030839594081044197,0.03048434853553772,0.03048124350607395,0.030136652290821075,0.030035387724637985,0.029956253245472908,0.029833229258656502,0.029778867959976196,0.029736921191215515,0.02971702814102173,0.029693126678466797,0.02965787798166275,0.02965228073298931,0.010994152046772053,0.011228070175426777,0.012631578947355124,0.012236842105250277,0.01552631578945734,0.013026315789459973,0.011184210526304016,0.010526315789462604,0.012105263157881995,0.012763157894723407,0.00921052631577978,0.008333333333324562,0.008684210526306649,0.007807017543851431,0.007894736842096952,0.008421052631570083,0.009122807017534255,0.007982456140342474,0.007464114832528028,0.009856459330133165,26.09,793.743276,123.8473,0.2632,0.2678
M1H9-3,0.902542372881356,0.04371641174038859,0.043819760231500623,0.005167424555601488,0.0047540305911533695,0.49390593,0.4945754,0.2888849,0.2889319,-0.000744836271541012,0.4786946,0.49084425,0.2862442,0.28029904,0.03517609185216711,0.5145824,0.5211864,0.28775474,0.29381594,-0.011219086783734919,0.42682928,0.4757627,0.24369502,0.30017716,-0.1501803455800242,0.51537645,0.5537951,0.30012667,0.22919685,-0.02476292700528502,2.562715484677857,1.3613570902221963,2.5412793652721204,1.285592565413281,7.604747943066702,4.752663329378881,8.649909334908823,5.525114893358665,2.48944048941164,1.0975323697426944,7.385909741269449,3.9165788960397308,7.760031674851336,4.867936115267457,7.388943897211091,3.9474996348176967,8.12953936781826,4.407618302559254,8.31118836020455,4.530358489258925,0.0035598078315772293,0.012189026815858995,0.01995464390021658,0.025275655606442335,0.033806274373803624,0.03895388569854854,0.043571095856410884,0.04864050700911542,0.053638518004739615,0.05374391823662012,0.40434908866882324,0.034074656665325165,0.033504419028759,0.03299457207322121,0.03269977867603302,0.032220982015132904,0.03189300000667572,0.0316728837788105,0.031187908723950386,0.030941754579544067,0.03084498643875122,0.03082329034805298,0.03073051944375038,0.030722569674253464,0.030474679544568062,0.03044327348470688,0.030338242650032043,0.030113650485873222,0.029988279566168785,0.029981540516018867,0.010957935666301565,0.012371862849050154,0.013653234358416063,0.012725344644737301,0.01166489925767586,0.01259278897135462,0.011002120890762458,0.012725344644737301,0.01259278897135462,0.01179745493105854,0.00857193354541332,0.006627783669134011,0.0080417108518826,0.009544008483552975,0.007864969954039026,0.008660303994335107,0.009278897136787615,0.009278897136787615,0.008772775474781018,0.008097946592105556,25.01,791.549337,124.10749,0.2548,0.2559
M1H9-4,0.9016122364613477,0.04040926002480364,0.04805704836709384,0.0046506821000413395,0.005270773046713518,0.49503192,0.49545673,0.28885886,0.28890398,-0.005471825206199019,0.4910798,0.48699555,0.28718403,0.28644556,-0.007881345728473819,0.48303172,0.50605065,0.2849303,0.28276193,0.10222872169635654,0.48726287,0.53596985,0.28686583,0.32047972,-0.004009750773739873,0.4273075,0.48604187,0.28997996,0.28291172,0.10713562561007794,2.6411145663551765,1.2588153753338063,2.4066216853268205,1.190283249589075,7.534745630277927,3.4936207671677053,7.969700422844446,3.6959904975998485,2.4812296457457332,1.2671415795673386,8.228746062226723,4.803160099251367,6.798101969352084,3.3710257681276814,8.067473907943413,4.7285172620326135,6.825249712266729,3.304745483284446,7.0867956755438275,3.2659173201387395,0.0036277618200431356,0.012486789314833404,0.020086867502211444,0.025702444018168628,0.03407776993695314,0.03815941611256332,0.043483446473119775,0.04810842866561312,0.053684248887652025,0.053916160602175335,0.4016963839530945,0.03671113774180412,0.03656621649861336,0.034681081771850586,0.0338413268327713,0.03330426290631294,0.032274406403303146,0.03220675513148308,0.03140895441174507,0.031190956011414528,0.031085269525647163,0.031052356585860252,0.030789824202656746,0.029850149527192116,0.02937627024948597,0.029324213042855263,0.028805766254663467,0.028764644637703896,0.028603054583072662,0.02846691757440567,0.013422035480844913,0.012605042016793482,0.011292016806710829,0.01207983193276042,0.013130252100826544,0.012342436974776952,0.012736344537801748,0.012473739495785216,0.01037289915965297,0.011292016806710829,0.007528011204473885,0.00875350140055103,0.008490896358534498,0.009278711484584092,0.009978991596628174,0.006565126050413272,0.008490896358534498,0.008053221288506947,0.008785332314734851,0.008880825057286318,25.08,794.519456,123.26187,0.2455,0.249
M1H10-1,0.8927242662257131,0.04878048780487805,0.04857379082265399,0.0047540305911533695,0.005167424555601488,0.4939829,0.49542034,0.2886923,0.28827217,0.002052935063997191,0.49677035,0.49184862,0.285476,0.29237217,-0.04646278804912027,0.4937727,0.4966282,0.29059073,0.29287708,0.011607220842920601,0.47985157,0.53629327,0.27812895,0.27879804,0.039505589328979636,0.46707317,0.5464407,0.30108124,0.28283378,-0.035418812569008855,2.4233078456197674,1.1314245260904674,2.347716369823536,1.1563580834133356,8.868286163138253,4.022385795173354,7.756910904960754,4.248568372110885,2.3183502271723935,1.115300987162803,6.960053677972574,3.380907297704663,6.8302461996884265,3.5731258551953546,7.205817525705436,3.450504458811632,7.41755112585367,3.856348617157048,7.706518550943545,3.120898365306327,0.0037759687585246443,0.012447775337037515,0.0207434207692639,0.025461228123070737,0.03437136580953611,0.03875321244490388,0.04302594363325724,0.0475169057156394,0.05327992419347892,0.05395758854862098,0.4074479043483734,0.04322713240981102,0.035970598459243774,0.035158220678567886,0.03464851155877113,0.03282985836267471,0.03164941817522049,0.03150799125432968,0.030304066836833954,0.029938433319330215,0.029766282066702843,0.029569920152425766,0.029023747891187668,0.029020823538303375,0.02898159809410572,0.028848187997937202,0.028512028977274895,0.028134986758232117,0.027930302545428276,0.02752993255853653,0.011667737101251872,0.013487475915208587,0.012644508670508049,0.0108381502890069,0.011681117533707437,0.012403660886307897,0.012524084778407973,0.013487475915208587,0.010356454720606593,0.012764932562608126,0.008349389852271981,0.009312780989072594,0.0069043031470710624,0.009794476557472901,0.008429672447005366,0.008188824662805213,0.008108542068071828,0.0072254335260046,0.009020844280951196,0.009546330355569713,24.76,785.612699,122.51792,0.253,0.2621
M1H10-2,0.8929309632079372,0.050434063662670524,0.046713517982637454,0.0044439851178172795,0.005477470028937578,0.49327716,0.49530563,0.28872252,0.2885926,-0.005915899167898764,0.5030987,0.49654418,0.2846169,0.29294708,0.07478423890706416,0.4966814,0.5160117,0.2913712,0.2828777,-0.0014220151819894923,0.5076574,0.42451712,0.25723654,0.30862707,0.029319963669254056,0.47630003,0.44819313,0.31184775,0.27532053,0.24949421182000925,2.323190834161651,1.1692427508273784,2.3919936187107673,1.1471604715627164,8.787133469714366,4.990246933288274,7.607225860101803,3.411678278452199,2.5385639057848044,1.2900774603192044,7.448027921675507,3.4665017202220856,7.140857524351592,4.228605519149709,7.860893592558757,3.710267704592623,7.543050700635461,4.516753114131273,7.273520809351617,3.5962625513516957,0.003641014709017267,0.012312939671711789,0.01997868258367086,0.025714488737298372,0.03409365451573936,0.038246287216656,0.04365806864208058,0.047432672493427135,0.05382505506999218,0.05443046969373978,0.4113186001777649,0.04205749183893204,0.03429742902517319,0.033263251185417175,0.033100079745054245,0.03264090046286583,0.032126881182193756,0.030771829187870026,0.030765967443585396,0.02987349033355713,0.02950606308877468,0.029484909027814865,0.02941322885453701,0.029150256887078285,0.029138781130313873,0.029077930375933647,0.028622327372431755,0.02857215143740177,0.028465712442994118,0.028352726250886917,0.012762762762750443,0.011046761046750384,0.011462355212344148,0.011341698841687894,0.012910231660219198,0.01327220077218796,0.012186293436281673,0.01182432432431291,0.012548262548250436,0.01266891891890669,0.00836550836550029,0.008445945945937793,0.00828507078506279,0.009250321750312823,0.007319819819812754,0.007158944658937749,0.010456885456875365,0.00836550836550029,0.008160758160750283,0.008950508950500312,24.37,776.439639,122.66218,0.2625,0.2781
M1H10-3,0.892414220752377,0.047540305911533694,0.050124018189334436,0.005167424555601488,0.0047540305911533695,0.4963351,0.49665138,0.28794134,0.28848964,0.0013636748716127122,0.47486743,0.48699337,0.29204834,0.2932568,-0.0218622900908192,0.4775962,0.49124587,0.2969278,0.28729346,0.025228428452881563,0.422439,0.47254235,0.27811038,0.2815476,-0.1635418129257292,0.47720045,0.48949888,0.28766477,0.2942117,-0.18989880765684275,2.490171454253732,1.1873987087904558,2.4161329019882745,1.085724018934159,6.946705117160354,4.6068739960213945,8.854793848984434,4.342061199154706,2.3071688735716585,1.1424677931509946,7.907178834411141,4.284248329661305,7.178272159200716,3.4152178783014673,7.970190018236195,4.385283371512706,7.254579133944014,3.401629255128215,6.687657914794523,3.29776160670934,0.0036570779516921516,0.012296386806983728,0.019989157839484396,0.025550784622489168,0.034092571399068954,0.03828028419081055,0.043973852609719505,0.047630930561411655,0.0535510943985039,0.05431119295316933,0.4191599190235138,0.035698167979717255,0.034580592066049576,0.03335633501410484,0.03154841437935829,0.03140503913164139,0.030930528417229652,0.030562613159418106,0.030562613159418106,0.03048476204276085,0.030322683975100517,0.030242716893553734,0.029863277450203896,0.029841581359505653,0.029195385053753853,0.028731707483530045,0.028592603281140327,0.02847827970981598,0.028345195576548576,0.02809758484363556,0.01526310171841847,0.01195431742981027,0.012848222862619742,0.012007684918336209,0.011167146974052673,0.012848222862619742,0.01092699327568595,0.011767531219969483,0.011647454370786122,0.011167146974052673,0.008805635606779886,0.008805635606779886,0.009526096701880057,0.008165225744468622,0.007925072046101897,0.007684918347735173,0.008405379442835346,0.009365994236302242,0.007510261112559374,0.00847087590602627,24.43,781.221447,122.15962,0.2427,0.26
M1H10-4,0.8928276147168251,0.049607275733774284,0.04764365440264572,0.005167424555601488,0.0047540305911533695,0.49366882,0.49583876,0.28882006,0.28876284,-0.0014142186635665412,0.4960366,0.49526834,0.28965944,0.2850891,0.02716803079762992,0.49785724,0.49487114,0.2814361,0.29455337,0.00046238148287487495,0.4504878,0.5149152,0.28795373,0.26738092,0.02113538536582128,0.5230647,0.4747605,0.31268093,0.2677535,-0.022055865565917262,2.368448426825455,1.1460229998279678,2.361223522635869,1.1415552645058944,6.8072544226210585,3.0726677701479583,9.723510264621165,4.138509535724797,2.313805051947972,1.0813060844398812,8.029129670929176,4.586410367677324,6.910790518636365,3.458584644165739,7.78879664227591,4.521165506561632,7.226322820162529,3.5710025108697074,6.8920623007804815,3.139980452512478,0.0036894204523574914,0.012280135458077084,0.01961084117653721,0.025797628351058408,0.03411085816542648,0.038745993453614666,0.04333865651863681,0.04774727328327274,0.053877430826905874,0.05413509564744657,0.4199112355709076,0.03493909910321236,0.03170548751950264,0.031355008482933044,0.031218063086271286,0.03119930438697338,0.03106297366321087,0.030963275581598282,0.030545810237526894,0.030435699969530106,0.030378898605704308,0.03026469796895981,0.03010568767786026,0.030029723420739174,0.02969510853290558,0.029601164162158966,0.029491692781448364,0.02932044304907322,0.028954841196537018,0.028821712359786034,0.011464695167673506,0.012964748741013964,0.011571841851483538,0.012174541947914971,0.012295081967201258,0.011812921890056111,0.013982642237209275,0.012415621986487546,0.010486981677906956,0.012777242044346406,0.008437801350040079,0.008919961427185227,0.008357441337182555,0.00739312118289226,0.0091610414657578,0.0094824815171879,0.007955641272894932,0.008196721311467505,0.008328219514325273,0.008503550451468963,24.92,784.214558,122.17152,0.2511,0.2567
M2H1-1,0.9702356345597354,0.005477470028937578,0.00434063662670525,0.011264985531211245,0.0086812732534105,0.49352702,0.49574468,0.28888547,0.28851074,0.0009769947085250979,0.4516797,0.49616244,0.27122566,0.28969073,-0.2090921239111618,0.5037747,0.45520583,0.26496577,0.2898001,0.17922112999373924,0.5321101,0.50684184,0.28706598,0.285361,-0.00960341695136944,0.5079849,0.5034302,0.28102693,0.30656397,-0.05852689412304282,6.742015644843547,3.9950368439236574,7.843906602053375,3.6899846017457363,5.25427477052773,2.679848402705617,6.016643911291639,2.7150367614722697,8.846166643672438,5.151484110677793,5.587797509247291,2.399510589916507,4.941775988848211,2.5204037338695673,5.042070295070429,2.0543573891671154,5.572154908067331,2.907075795451703,5.642264945084298,2.8686349494069683,0.003007016371533578,0.012213683780673423,0.020529383376025542,0.026320674165645767,0.03586145450495601,0.03801462672160968,0.04354605189887515,0.04640457363477744,0.05267847199019935,0.054757396889037385,0.26545780897140503,0.047229841351509094,0.04206075519323349,0.040687937289476395,0.04037223383784294,0.03968644514679909,0.039032839238643646,0.03881228342652321,0.03864768147468567,0.03815964609384537,0.03804270178079605,0.03791017085313797,0.037732917815446854,0.03753417730331421,0.03727719560265541,0.03665791451931,0.0365435853600502,0.0361977145075798,0.03618697077035904,0.03576913848519325,0.009645061728361572,0.013503086419706201,0.013020833333288122,0.010416666666630499,0.009982638888854227,0.012586805555511851,0.013454861111064394,0.0177951388888271,0.01215277777773558,0.009548611111077956,0.009548611111077956,0.00723379629627118,0.008969907407376262,0.01012731481477965,0.007812499999972873,0.006655092592569485,0.009548611111077956,0.006655092592569485,0.007575757575731271,0.010732323232285967,38.44,871.446905,135.80592,0.2437,0.2509
M2H1-2,0.9701322860686235,0.005064076064489459,0.004857379082265399,0.00878462174452253,0.011161637040099214,0.49385113,0.4954282,0.28858134,0.28834713,-0.0012004918231950364,0.4773519,0.4920443,0.2628873,0.31454363,-0.050131973733921836,0.5192008,0.4853949,0.29874733,0.27779818,0.12631835540708633,0.47073168,0.51814556,0.29885414,0.28840277,-0.018891741397563434,0.5130985,0.5134181,0.29138952,0.3069278,0.08315066575540342,7.50785589706707,3.8860632501256664,7.59966231078996,3.7544901906578274,6.213961870946677,3.2264852824994543,5.023604395154353,2.5917373680003872,6.92385428518316,3.5798524939398173,5.480204383571821,2.9221205460604764,4.743639038040494,2.6240510244313215,5.66630158584279,2.4709901448047695,4.883580755700227,2.08377742675568,5.125186524251499,2.7933942304882367,0.003060560847775355,0.013581238762003137,0.021615210987413445,0.024446229771605647,0.03355139829373732,0.038754351734955436,0.043115650943035315,0.04682658097096293,0.05390412793144344,0.05447798309040132,0.26500120759010315,0.04733862727880478,0.04195907339453697,0.04131035879254341,0.04093470796942711,0.04035767540335655,0.040243346244096756,0.0401717871427536,0.039594534784555435,0.03941130265593529,0.03765982389450073,0.03708616644144058,0.03694877028465271,0.03677910193800926,0.036429956555366516,0.03614819422364235,0.035899754613637924,0.035684991627931595,0.035528287291526794,0.03551224619150162,0.012302960399803642,0.014609765474766827,0.010380622837334324,0.01081314878888992,0.00951557093422313,0.012975778546667904,0.013840830449779098,0.014273356401334696,0.011245674740445516,0.011678200692001114,0.010668973471704722,0.007497116493630344,0.004901960784296764,0.008650519031111937,0.00807381776237114,0.007785467128000743,0.010380622837334324,0.008650519031111937,0.009436929852122111,0.008807801195313972,37.42,874.284369,135.5005,0.2402,0.246
M2H1-3,0.9701322860686235,0.005270773046713518,0.0046506821000413395,0.0086812732534105,0.011264985531211245,0.4926949,0.49558893,0.288885,0.28853637,-0.0014634712348713889,0.61956,0.51994014,0.2513801,0.26151013,0.04791962906465241,0.49457997,0.50113,0.27405193,0.3009375,0.23847462868064684,0.5519745,0.47730026,0.28928238,0.31498802,0.07119683371726801,0.49407023,0.511429,0.27245903,0.28402764,-0.060802063866130296,7.56502351809542,4.533732777320847,7.214938487394492,3.908707709262362,6.586957886378752,2.990872637944667,5.713424501807884,2.8939815282745913,7.466904683582535,4.353299530153465,5.017043484040135,2.6020090602914223,5.05723711308002,3.0985195449313148,5.372290469752146,2.948567561404319,4.951043404699695,2.7564978352777207,4.875670641593001,2.124511727532323,0.0031456657730116176,0.011867739052725649,0.018909740840035747,0.0245218945487042,0.03431635388739947,0.0406076854334227,0.043002680965147456,0.0464343163538874,0.05462019660411081,0.055907059874888296,0.2634331285953522,0.041754238307476044,0.04087138921022415,0.04041192680597305,0.04037808999419212,0.040123019367456436,0.03990209102630615,0.03987269848585129,0.039555080235004425,0.03953080251812935,0.039154961705207825,0.03868364170193672,0.038474854081869125,0.03785599768161774,0.03753913193941116,0.03709797188639641,0.037042416632175446,0.03650779277086258,0.03597021475434303,0.03584050014615059,0.00922722029985273,0.008458285274865005,0.009948096885778726,0.015570934256001485,0.011245674740445516,0.013840830449779098,0.015138408304445888,0.011245674740445516,0.013408304498223502,0.014705882352890292,0.00951557093422313,0.007208765859259948,0.00922722029985273,0.008362168396741539,0.006920415224889549,0.007497116493630344,0.008938869665482334,0.00951557093422313,0.008493236866909901,0.009122365523718041,38.09,872.516965,135.46591,0.2415,0.2451
M2H1-4,0.9701322860686235,0.005477470028937578,0.0044439851178172795,0.010231500620090947,0.009714758164530797,0.4937225,0.4962272,0.288496,0.2886736,-0.0019807691890502683,0.48021168,0.48848736,0.31650826,0.2930879,0.03618003515106252,0.568633,0.5271975,0.28006238,0.29971936,0.14042598420175684,0.48731214,0.47842833,0.276531,0.2728274,0.022357832178619794,0.49234563,0.45735666,0.2994059,0.29234076,0.06980332320443655,6.221943916529659,3.8022658008501056,8.359392964599447,4.547382631612279,5.51633960215616,2.327763356135769,5.523140507576848,2.3006067186699433,9.003643197338217,6.029054943741011,5.208646764451679,2.5811725462192063,6.214248319418061,3.606349862956139,5.443148901066276,2.5517964112644096,4.105605009673777,2.2526073920417464,5.684497058646242,2.7615008835117467,0.0035229742897833743,0.01218049621467656,0.020987931939134997,0.026122479574244812,0.036129225695225246,0.03766584214076906,0.04392474327261825,0.04800989431077131,0.05198260999925043,0.05280713589685931,0.2589695453643799,0.047409746795892715,0.04165738448500633,0.04164179041981697,0.04153987392783165,0.04135720059275627,0.040115199983119965,0.03977121412754059,0.03976520150899887,0.039292193949222565,0.03877554461359978,0.038525767624378204,0.03796927258372307,0.03664389252662659,0.03658638894557953,0.03654429316520691,0.03616373613476753,0.03582005202770233,0.03575453534722328,0.03569715842604637,0.010380622837334324,0.014609765474766827,0.012543252595112308,0.013408304498223502,0.010380622837334324,0.011245674740445516,0.010380622837334324,0.008650519031111937,0.018166089965335065,0.01211072664355671,0.008362168396741539,0.00951557093422313,0.008362168396741539,0.00922722029985273,0.010957324106075118,0.007497116493630344,0.007785467128000743,0.005190311418667162,0.008807801195313972,0.009122365523718041,37.85,873.065546,136.18521,0.2428,0.2472
M2H2-1,0.9603141794129806,0.009508061182306739,0.010231500620090947,0.009611409673418768,0.010334849111202976,0.49380666,0.49697116,0.28887713,0.2889059,-0.0005699319879845498,0.48104453,0.45781136,0.3158286,0.29256365,0.05541523063848342,0.50036955,0.45694232,0.2767131,0.27902,-0.07448305713658802,0.49645948,0.4814106,0.27093554,0.27028584,0.04688767419932589,0.50585365,0.47016948,0.2679126,0.2819156,0.031238500871040353,6.192924018472824,2.446354149170055,5.229626934110076,2.3771836550907133,5.817851658006026,2.6216468474917485,5.208759268452638,2.7926379792785063,5.2726962305078215,2.7668025227542055,4.996855771237546,2.612452997150303,5.508762624612289,2.8093886844752056,5.147769589892078,2.82404244375502,5.355947976146322,2.737816549484698,4.90852735379163,2.2843351711315454,0.002923449670611321,0.012054223984301475,0.01974329709056687,0.02563024368755131,0.033259245910174005,0.03826515288039887,0.04447247752347771,0.0483570613323722,0.053743417232334154,0.05488476402154542,0.2909846901893616,0.04362175241112709,0.04130617529153824,0.04044368118047714,0.03947608545422554,0.03916332870721817,0.03883890062570572,0.038314338773489,0.038313183933496475,0.03708237037062645,0.0367218442261219,0.03660303354263306,0.03650520741939545,0.035313401371240616,0.035000018775463104,0.035000018775463104,0.03493338078260422,0.03447183594107628,0.034329090267419815,0.03357772156596184,0.010706018518490637,0.011284722222192834,0.013997395833296882,0.010742187499972026,0.016601562499956767,0.012369791666634454,0.010091145833307055,0.01269531249996694,0.010742187499972026,0.013020833333299425,0.007595486111091331,0.009982638888862893,0.009982638888862893,0.010633680555527863,0.008897569444421273,0.008463541666644626,0.00694444444442636,0.007595486111091331,0.007575757575737848,0.006865530303012424,34.8,863.156065,133.10727,0.2403,0.2459
M2H2-2,0.9601074824307565,0.010024803637866887,0.009921455146754857,0.009611409673418768,0.010334849111202976,0.49349684,0.49574354,0.2888716,0.28836218,-0.0037986011692949556,0.47573552,0.47492573,0.27472177,0.28486887,0.1035904067368873,0.48856708,0.48472813,0.27895266,0.3121907,-0.050710504534097076,0.54209286,0.49990886,0.27357247,0.29644087,-0.005091269596822156,0.5095122,0.52449155,0.29941237,0.2871891,0.2918630660520089,4.877455622880367,2.6890602826143044,5.453108002975074,2.9213774903669223,5.731577744623375,2.6515536931100527,5.497744686963199,2.3632188550720232,5.190077670013351,2.612657722926392,5.2230420949996725,2.3060289283075632,4.916211301588708,2.5898175800479204,5.426070258979229,2.9607591725694977,5.46503090649547,2.9805095522492966,5.090698264741298,2.7117537465007793,0.0034054110519168494,0.01234722657474146,0.018343257077196282,0.025885302413036666,0.03470176538180299,0.039130888958529196,0.0453776245691006,0.04711166823357359,0.05350464849054633,0.05352554058288938,0.28451982140541077,0.04403967782855034,0.04312035068869591,0.04201647266745567,0.038937970995903015,0.03863333538174629,0.03843425214290619,0.03810713440179825,0.037760134786367416,0.03690144047141075,0.036883994936943054,0.036707255989313126,0.03665875643491745,0.03657834231853485,0.036393288522958755,0.035536039620637894,0.03521956130862236,0.03499247878789902,0.03488180413842201,0.03367793932557106,0.010074841681033198,0.01065054691994938,0.015867875647627285,0.0116580310880527,0.011981865284943053,0.011334196891162347,0.012953367875614111,0.014248704663175522,0.010362694300491289,0.013277202072504464,0.009715025906710584,0.008851468048336308,0.008203799654555604,0.0064766839378070555,0.008203799654555604,0.009067357512929877,0.008851468048336308,0.006908462866994192,0.01012717852093467,0.008478568064038327,35.99,861.531657,132.09376,0.241,0.2483
M2H2-3,0.9602108309218685,0.008887970235634559,0.010954940057875156,0.010644894584539065,0.009301364200082679,0.4949164,0.49581608,0.28849518,0.2888856,-0.0014305253202354128,0.49574587,0.5082775,0.2926402,0.2708382,0.07640684396081905,0.4466176,0.48784778,0.28604734,0.277108,0.03792933141638318,0.48804167,0.4973671,0.28427407,0.2975057,-0.014253260999095144,0.4498645,0.48578155,0.30077147,0.28484,0.040415068264106915,5.220423486145392,3.078918115968087,4.788971012159827,2.489544560033219,5.280305097084306,2.4159521277639673,5.703064495673058,2.4894331845654403,5.392926080422792,2.856664897674785,4.837268881675418,2.571469944088671,5.010670720939313,2.9409170134177343,5.156021289351236,2.5680128011315855,5.320633968835162,3.006644437483584,5.5651216061834985,2.7360066132963303,0.0032871083718541347,0.012347200821777093,0.020380071905495636,0.026153055983564457,0.032090395480225985,0.038027734976887516,0.04402670775552132,0.04694401643554186,0.05499743194658449,0.05507960965588084,0.28974756598472595,0.04131246358156204,0.0402003675699234,0.039709463715553284,0.039287347346544266,0.0391232855618,0.03899923712015152,0.03820265829563141,0.03812370449304581,0.03738284483551979,0.03730599954724312,0.03629555180668831,0.03629530221223831,0.036134812980890274,0.03569408506155014,0.03546927496790886,0.03535861521959305,0.035338275134563446,0.035073958337306976,0.03494526073336601,0.015007215007176028,0.01471861471857649,0.008766233766210997,0.012662337662304773,0.012987012986979254,0.011363636363606848,0.0139610389610027,0.009415584415559959,0.011038961038932366,0.011363636363606848,0.008441558441536516,0.00865800865798617,0.008008658008637207,0.007575757575737898,0.009307359307335132,0.008441558441536516,0.009523809523784786,0.00909090909088548,0.00802833530104172,0.007556080283333385,33.82,859.714114,132.40392,0.2423,0.2603
M2H2-4,0.9602108309218685,0.009714758164530797,0.010128152128978917,0.009094667217858619,0.010851591566763125,0.49388736,0.49544117,0.28810915,0.28845257,0.002276319303375317,0.49740532,0.5118103,0.28571245,0.28554448,0.0035560446084368195,0.48320058,0.5393462,0.31305856,0.28923288,-0.056652293908852104,0.4986142,0.49768874,0.30743623,0.29106283,-0.2703591989122384,0.49814168,0.46755448,0.2989637,0.3024649,0.0946734056796939,5.3041703079662375,3.108641131509858,5.365592404888161,2.7079267206108666,6.002937517367659,2.9635996660752975,5.314421794089269,2.1832189088666287,5.356894194147423,2.879764972152639,5.222767218000546,2.6894871043474393,5.135362164104198,2.5202102489288847,5.597323771407813,3.2129469062720015,4.98258808700955,2.3926630275393537,4.915498934917884,2.6558951996888434,0.0036132514910104047,0.012602847068042313,0.021614209220321274,0.025728091942013843,0.033781724783422576,0.038940403116973575,0.04355491706934831,0.04769056636628793,0.05263157894736842,0.05317574332854469,0.2987740635871887,0.042269717901945114,0.04044869542121887,0.03974219039082527,0.03896518051624298,0.03840048611164093,0.03784076124429703,0.03768487647175789,0.036660436540842056,0.03652649372816086,0.036495041102170944,0.03608434274792671,0.03574608266353607,0.035649724304676056,0.03553115949034691,0.035297684371471405,0.03475462272763252,0.03458229824900627,0.0343475341796875,0.03419852256774902,0.013852813852777871,0.01443001442997695,0.009415584415559959,0.012337662337630293,0.010064935064908923,0.010064935064908923,0.012012987012955811,0.011038961038932366,0.01428571428567718,0.0139610389610027,0.01017316017313375,0.006493506493489627,0.00865800865798617,0.00714285714283859,0.008008658008637207,0.007359307359288245,0.01168831168828133,0.008008658008637207,0.00802833530104172,0.009208972845312562,35.62,860.764668,132.55534,0.2393,0.2442
M2H3-1,0.9501860272840017,0.016122364613476645,0.013745349317899959,0.009404712691194708,0.010541546093427036,0.49350056,0.4956005,0.28876743,0.288292,-0.00123708548787676,0.5152439,0.47968277,0.28128752,0.30243194,-0.013624335351970822,0.5246653,0.5011469,0.26884836,0.2804752,0.061578867388690624,0.45081747,0.51666975,0.2948163,0.29885256,0.13562772950250207,0.49581543,0.5093054,0.30233514,0.29999378,-0.05048938460297247,3.795556581832974,2.246970947571996,4.254988830274509,2.6613981248680547,5.842656314620419,3.3734034306186484,5.254023582006933,2.5250006646687773,4.330573522435587,1.765765510642541,5.657515116810768,3.0051596033354357,5.061236837024127,2.569402731667173,5.170043780140132,2.5998786733125896,5.80500782858065,3.0634279617831157,4.886664182879086,2.8438611307164146,0.003529723991507431,0.01260615711252654,0.019493099787685774,0.02501326963906582,0.033943736730360934,0.03943736730360934,0.04417462845010616,0.04812898089171975,0.05334394904458599,0.05366242038216561,0.31438207626342773,0.03953982889652252,0.03913493826985359,0.038341183215379715,0.037706468254327774,0.03764492645859718,0.03698841854929924,0.03671826794743538,0.03652571886777878,0.036025065928697586,0.03591898828744888,0.03591272234916687,0.035375118255615234,0.03522263467311859,0.03467254713177681,0.03456587716937065,0.034193865954875946,0.033804863691329956,0.03369435667991638,0.03363213688135147,0.01198709082524023,0.010373443983380968,0.014263485477148832,0.010114107883796445,0.014522821576733356,0.00985477178421192,0.013744813277979783,0.012707468879641685,0.012707468879641685,0.011929460580888113,0.00950899031809922,0.007780082987535726,0.008817427385873823,0.007434301521423027,0.00985477178421192,0.006224066390028581,0.008298755186704775,0.007952973720592076,0.009807619766105643,0.009241795548830317,33.18,847.240781,131.37582,0.2432,0.2517
M2H3-2,0.9503927242662257,0.01364200082678793,0.016019016122364612,0.009094667217858619,0.010851591566763125,0.49526703,0.49644557,0.28827477,0.28842425,-0.0008327450265866807,0.47542498,0.5030175,0.29842764,0.29413843,0.05996307197903934,0.45601887,0.48316023,0.30050045,0.29450235,0.013201565301259103,0.45371395,0.48854005,0.28339592,0.29504883,-0.05213171751425899,0.48722416,0.45149314,0.28872362,0.2845706,0.0026640361810069822,4.474538454347504,2.3211196715499933,4.018874721467174,2.209276813273582,6.1364747613374675,2.9061917057794036,5.41090810597741,2.4374415044705335,3.844137504337932,2.0382406701762945,5.2331150485617375,2.4666178987053615,4.817363359303008,2.7103580146311184,5.292059649693169,2.810218936407097,5.177160282738394,2.6682563692414183,4.860741218043587,2.43516180017475,0.003664957264957265,0.012540170940170941,0.020704273504273504,0.026502564102564102,0.03349059829059829,0.038523076923076924,0.04381538461538462,0.04809572649572649,0.052977777777777776,0.05301880341880342,0.3236619830131531,0.04267003759741783,0.040233660489320755,0.0395316556096077,0.038068097084760666,0.03762371093034744,0.035782940685749054,0.035325586795806885,0.03489619493484497,0.03481512516736984,0.03475003316998482,0.03448411822319031,0.034469712525606155,0.03402993455529213,0.03355058282613754,0.033361561596393585,0.033314548432826996,0.033206693828105927,0.033116430044174194,0.0331074520945549,0.015740740740707946,0.013657407407378955,0.012760416666640084,0.012239583333307835,0.009114583333314346,0.01197916666664171,0.010416666666644965,0.01197916666664171,0.01197916666664171,0.011458333333309463,0.008506944444426722,0.010416666666644965,0.008854166666648221,0.008854166666648221,0.006770833333319228,0.008854166666648221,0.008506944444426722,0.007291666666651476,0.007575757575741793,0.00909090909089015,31.56,850.863712,129.8965,0.2369,0.2515
M2H3-3,0.9501860272840017,0.014675485737908226,0.015192228193468375,0.009094667217858619,0.010851591566763125,0.49404833,0.49526036,0.28870142,0.2888396,0.0013222009785059641,0.49716592,0.49421105,0.28550494,0.29665515,0.058394107482456284,0.5055583,0.51648796,0.28500605,0.28086257,-0.17793625193926985,0.47921288,0.49865177,0.28133103,0.27713963,-0.06660556866568074,0.47270617,0.5104116,0.298232,0.2810681,0.09509664204765131,4.457964698406822,2.449446913974315,4.206592949468396,2.2387627723097547,5.971996995967828,2.6957503708558423,5.021777421975512,2.3846411530666183,4.195581872807447,2.1335468886420905,5.168276457270837,2.4552708773042387,4.68496305504194,2.4368925123103127,4.895521441275328,2.4116763346650822,5.1908792267478905,2.5555749508687255,4.97918535767463,2.2770564115083527,0.003367265003755796,0.012769704975781594,0.020074079830082626,0.024865956950812028,0.03363379697982231,0.0390343720050768,0.04337296345222369,0.047737456937861016,0.05425181961820395,0.054225917579713526,0.32071763277053833,0.04677152261137962,0.03700926527380943,0.03661356493830681,0.03641236200928688,0.0363086462020874,0.03579765930771828,0.03537144884467125,0.03534173220396042,0.03485845401883125,0.034849610179662704,0.0348375029861927,0.03458859771490097,0.03446125611662865,0.034450143575668335,0.03442169725894928,0.03440510481595993,0.03437696024775505,0.03426133841276169,0.03414550796151161,0.011295527893014832,0.01313969571228256,0.012707468879641685,0.012707468879641685,0.01296680497922621,0.01296680497922621,0.008817427385873823,0.010892116182550017,0.014263485477148832,0.012188796680472638,0.00639695712308493,0.00950899031809922,0.009163208851986522,0.008990318118930172,0.006742738589197629,0.009163208851986522,0.008125864453648424,0.008990318118930172,0.0088645794039801,0.0088645794039801,31.95,849.264475,131.62616,0.2473,0.2614
M2H3-4,0.9505994212484498,0.01364200082678793,0.015812319140140554,0.009508061182306739,0.010438197602315007,0.49356169,0.4950404,0.28887334,0.28842854,-0.0033682447214010702,0.49741316,0.5265794,0.28012618,0.27774352,0.20455117219006766,0.52582496,0.51285034,0.27691793,0.304475,0.018327792221389822,0.4673913,0.48931468,0.29163778,0.2942104,-0.03196047547515975,0.4961362,0.5012586,0.2904605,0.29133683,0.044399050533716754,4.451604952080381,2.4713267236154453,4.3559233773243315,2.1019249257821957,6.395117395032647,2.729523693010808,5.753427275769414,2.1006965672321787,3.961117385074168,2.0354071816215353,4.914058901783256,2.2010109841227474,4.561095029184025,2.3819498025830637,4.851827440484588,2.4177244265617754,4.511853863548665,2.227877050442747,4.643891780912143,1.9917022425123763,0.003493695285519235,0.012930688298128665,0.020118865954541803,0.025794447567799108,0.03354482906326132,0.03836371911225337,0.043450325275078305,0.047292051508580304,0.05346290793242845,0.05488180333574278,0.31369975209236145,0.044322121888399124,0.0422922819852829,0.04103419929742813,0.039769064635038376,0.039373353123664856,0.037411101162433624,0.03586030378937721,0.03586030378937721,0.03526751697063446,0.034730639308691025,0.03427950292825699,0.03400307893753052,0.03379010036587715,0.033640552312135696,0.03357519581913948,0.03307946398854256,0.03285946324467659,0.032602693885564804,0.03254936635494232,0.01046025104600322,0.014179451417915477,0.010721757322153302,0.010983263598303383,0.012813807531353947,0.013075313807504027,0.012552301255203865,0.012552301255203865,0.012029288702903705,0.012552301255203865,0.009588563458836286,0.0061018131101685455,0.0094142259414029,0.007322175732202255,0.006624825662468707,0.010808926080869996,0.006624825662468707,0.008891213389102738,0.010650437428657825,0.00893875998476639,32.45,850.172263,130.42202,0.2421,0.2475
M2H4-1,0.9403679206283588,0.019739561802397686,0.019946258784621744,0.010438197602315007,0.009508061182306739,0.49312308,0.4964133,0.28886205,0.28896776,-0.00036911186963673695,0.48493168,0.46184224,0.28446734,0.28315565,-0.03775697736228138,0.5116896,0.4829191,0.27819085,0.28656927,0.08358532325058131,0.5200435,0.5579795,0.2866006,0.28113496,-0.12982446969706202,0.5235949,0.4604827,0.29599905,0.26744515,0.07611701982408198,3.6181165422586608,1.9652257549162298,3.698442664525436,2.1535050576638537,5.730171777866931,2.8155830006876177,5.72107468138328,2.661676517035747,3.467669703620702,1.7369950038342192,5.033038164937113,2.485232430463561,5.159364402985655,2.781542719357884,5.08630307063166,3.2891701452900555,5.637501258013885,2.837741435910532,5.823020040600952,3.1753010277233056,0.0034802052058820875,0.01200039670732917,0.01986241468538404,0.026083506892789845,0.035225807614977504,0.037786373103243086,0.0427271825665161,0.047253252549295396,0.053907116388520734,0.055007077619395384,0.3403853476047516,0.03742207959294319,0.037256233394145966,0.037203166633844376,0.03717683255672455,0.03612682223320007,0.03588878735899925,0.034886434674263,0.0348554328083992,0.03451177850365639,0.034108858555555344,0.03395180031657219,0.0338108204305172,0.033807624131441116,0.03361855819821358,0.033382680267095566,0.03314243257045746,0.03305024653673172,0.03274727985262871,0.032666753977537155,0.009050645099156276,0.013479684190232752,0.013648180242610662,0.011698440207951997,0.010398613518179552,0.013648180242610662,0.012348353552838217,0.012564991334466959,0.012564991334466959,0.0127816291160957,0.008232235701892146,0.008087810514139652,0.010109763142674564,0.009243212016159602,0.007510109763129676,0.008665511265149627,0.008232235701892146,0.008665511265149627,0.009610839766802314,0.00630219001101791,28.46,836.542439,129.84778,0.2468,0.2603
M2H4-2,0.9400578751550227,0.020773046713517984,0.019222819346837536,0.009714758164530797,0.010231500620090947,0.49443337,0.49773324,0.28880474,0.2883293,0.0019882113074071784,0.49666303,0.44455686,0.28742027,0.2947182,-0.0849779685685094,0.47619984,0.46810645,0.2902146,0.2922957,-0.03137594176565124,0.4883238,0.47683015,0.288534,0.29425204,0.18180006213833297,0.4780734,0.48861498,0.27241,0.28173798,-0.14585525853687675,3.6138851696771135,1.8378370236942816,4.0075759092465555,1.8209007160326312,5.479935072512161,2.7429004886092447,5.333642345013858,2.7664543076807164,3.567979878097044,1.7120780156824509,5.119168644523403,2.5427847293809993,5.605529646592752,3.028213529816673,5.040422703780043,2.8629162587915657,5.0372268052905875,2.937979315132766,5.466770163360195,2.553170440872226,0.0036241806795567,0.012342297931387048,0.020293586021799856,0.026072191488196308,0.034397765240729586,0.03813149294334593,0.04280549926055759,0.04778988880977159,0.053449818334520095,0.05442661262346862,0.336755633354187,0.04457391798496246,0.04012206196784973,0.037261899560689926,0.03674706444144249,0.036285966634750366,0.03614712879061699,0.035839829593896866,0.0347389280796051,0.03463829681277275,0.03341307491064072,0.03325297310948372,0.032823532819747925,0.03280032426118851,0.03276883810758591,0.032597366720438004,0.03258809074759483,0.0324026383459568,0.03231329098343849,0.0319291315972805,0.013409961685800635,0.012260536398446294,0.009913793103431183,0.01379310344825208,0.013146551724115265,0.01400862068963102,0.011422413793083754,0.011637931034462694,0.009913793103431183,0.012284482758599509,0.011063218390785523,0.009626436781592598,0.009195402298834721,0.0073275862068839185,0.00689655172412604,0.010201149425269769,0.008189655172399673,0.007758620689641796,0.006426332288390174,0.007836990595597775,29.99,839.147786,128.92375,0.2403,0.252
M2H4-3,0.9403679206283588,0.018602728400165358,0.02108309218685407,0.009921455146754857,0.010024803637866887,0.49381602,0.49601465,0.28888822,0.2891517,0.0021250197632521326,0.49065042,0.5213277,0.27676958,0.27585503,-0.022077201871826085,0.51237446,0.4714191,0.2883428,0.27580607,-0.05978467207035161,0.49542683,0.478637,0.291092,0.28214043,0.012495224738230823,0.46768925,0.49283594,0.28396216,0.2941785,-0.041761287643647296,3.873034416432981,2.1394817566185074,3.5921937015992564,1.988463614815603,5.767919110915424,2.610448709181996,5.737352109601524,2.3331556983448376,3.612297253750849,1.823055340017492,4.81122564338438,2.1491334242217786,5.082578645835602,2.565942512131284,4.977519259513049,2.485011551951726,5.027964625801365,2.3946351713868803,5.358769015460891,2.7084456746018803,0.0034324532630711046,0.01196429531644889,0.019483429226936244,0.024995070889570002,0.033831621587711275,0.038635263752218096,0.04388700686490652,0.04734634618486853,0.05494613826602857,0.054811707981574094,0.33530497550964355,0.041008200496435165,0.038223013281822205,0.038223013281822205,0.03703779727220535,0.036112118512392044,0.036031220108270645,0.03584408015012741,0.03553202748298645,0.0353257916867733,0.03464426100254059,0.034633148461580276,0.033852916210889816,0.033615607768297195,0.033048681914806366,0.03291218727827072,0.03247412294149399,0.03226371482014656,0.03203493729233742,0.03187812119722366,0.012709416522219451,0.010591180435182876,0.01299826689772444,0.011915077989580736,0.013214904679353181,0.0127816291160957,0.012131715771209478,0.013214904679353181,0.008882149046778367,0.013648180242610662,0.008376660889644639,0.007798960138634664,0.009098786828407108,0.007510109763129676,0.010398613518179552,0.009387637203912096,0.008087810514139652,0.009098786828407108,0.0066172995115688065,0.008192847014323284,30.34,834.210362,129.29452,0.2412,0.2478
M2H4-4,0.9405746176105829,0.020463001240181893,0.019016122364613478,0.009921455146754857,0.010024803637866887,0.493418,0.49501917,0.28869238,0.2883619,-0.0007520162552691983,0.5001232,0.50744736,0.2845924,0.30184263,0.015848311275291266,0.48111084,0.5127119,0.286119,0.29441497,0.004970812206238386,0.52959853,0.49258474,0.2993283,0.27661696,0.09421004436630016,0.51558965,0.5126682,0.28352287,0.28818214,-0.06663905106574429,3.7119701628142225,1.8800023466762676,3.821581336514855,2.022663655261145,5.604989928055201,2.996651671404782,5.31484866689907,1.963536715079788,3.8110907208140845,2.194076424400167,5.209025991938548,2.6642769089627047,5.4810938584028905,2.7639515728746575,5.14962964786613,2.8718667861939995,5.49832475970174,2.9803616008184988,5.2663437030355285,2.7528392618345934,0.003185158280014529,0.012647499837016756,0.020256489061495908,0.0266361189498291,0.03430098814413307,0.0389855922811135,0.04380058301435184,0.047199947845361495,0.05299283805053412,0.05332811786948302,0.3484227955341339,0.036841705441474915,0.03644378110766411,0.03564605489373207,0.035438403487205505,0.0353606715798378,0.03531992435455322,0.03524678945541382,0.03513817489147186,0.034925542771816254,0.03415858745574951,0.0335371196269989,0.03345995768904686,0.03344603255391121,0.03325986489653587,0.033111538738012314,0.03294859826564789,0.03267708420753479,0.03232840076088905,0.032288916409015656,0.01178743961350607,0.012173913043457088,0.011086956521719848,0.013043478260846881,0.010434782608677504,0.011304347826067297,0.013260869565194329,0.014565217391279018,0.012608695652151985,0.011739130434762194,0.007536231884044864,0.009855072463750978,0.007536231884044864,0.00797101449273976,0.008260869565203026,0.006086956521728544,0.009710144927519345,0.009710144927519345,0.009011857707494209,0.009169960474292353,29.73,837.016715,129.79234,0.2439,0.2565
M2H5-1,0.930653162463828,0.022943365026870607,0.02645721372467962,0.009818106655642828,0.010128152128978917,0.49338847,0.49630997,0.28902188,0.2888765,-0.004231818871299393,0.48308066,0.48446327,0.269636,0.27949372,0.1579009321370054,0.5093369,0.49334612,0.28763342,0.29028285,0.02199907446862468,0.50629014,0.511686,0.3026122,0.28732947,-0.0783049062433972,0.5133151,0.4619509,0.28270856,0.2836736,0.0950523329878448,3.4305649526814492,1.8100467260484667,3.2315564885184003,1.570731966795934,6.197890060142624,2.917614537916023,5.201346381454371,2.3748417570760223,3.0249924901601255,1.5135593400710412,5.010012765825452,2.166232877383869,5.087387169066192,2.638339275825423,4.945000700603673,2.4003774330361423,5.360365592319846,2.6012459931105125,5.059506224389208,2.4626316533545354,0.0035252101947760997,0.012077963153316992,0.01918109696634248,0.025368335046519596,0.03408581745341451,0.03822382119606758,0.043719195593157796,0.048430457816082864,0.05428823699955194,0.054433198914103476,0.3628426194190979,0.03803856298327446,0.03720620274543762,0.0359218455851078,0.03474818170070648,0.03418705612421036,0.03401714190840721,0.033723972737789154,0.033496055752038956,0.033027730882167816,0.032869450747966766,0.032643064856529236,0.03249901160597801,0.032441724091768265,0.03236699104309082,0.032331157475709915,0.03204998001456261,0.03200565651059151,0.031963884830474854,0.03161973878741264,0.011756913396240139,0.010928961748617592,0.011736214605049573,0.011922503725764646,0.013040238450055083,0.01285394932934001,0.013785394932915373,0.013785394932915373,0.010245901639328992,0.012108792846479718,0.008320914058606575,0.008941877794323485,0.008817685047180104,0.009687034277183775,0.00720317933431614,0.008072528564319814,0.009066070541466865,0.008817685047180104,0.00812897981302135,0.007587047825486593,28.79,827.152175,128.11605,0.2466,0.2587
M2H5-2,0.9304464654816039,0.024803637866887142,0.024803637866887142,0.00899131872674659,0.010954940057875156,0.49454787,0.4962282,0.28819758,0.28852972,0.002284805187043532,0.4918699,0.4727754,0.30105048,0.28847095,-0.021420777585942435,0.50655484,0.48739406,0.29637706,0.29704967,-0.04716190875073696,0.4287917,0.49649328,0.2813724,0.26470917,-0.0989670629000241,0.46847674,0.52662295,0.2788517,0.2960327,0.05400886114471419,3.3404309656541455,1.7606403088172908,3.4653514709055835,1.7223063557603524,5.925183432740849,2.4012006385898204,5.197852008330171,2.217272370199237,3.2676297772374037,1.6155790413692026,5.31952281853347,2.7565395546654248,5.368300101114042,3.1201795927551395,5.351652950416525,3.0354534035238907,5.060157027620417,2.763417724935984,5.398254225678901,3.00520633368881,0.003563149604132703,0.012629232959821705,0.020450277554221095,0.02571933662133625,0.03457905996134189,0.038747532278145785,0.04321866595128528,0.04786864497135035,0.053062038699381614,0.05349539473231667,0.3527580797672272,0.0440157875418663,0.0393662229180336,0.037847183644771576,0.03562783822417259,0.03549846261739731,0.03493848815560341,0.03458065167069435,0.03392612934112549,0.03387830778956413,0.03342239558696747,0.032704975455999374,0.03265545517206192,0.032582927495241165,0.031509093940258026,0.031424861401319504,0.03134981915354729,0.030689654871821404,0.03061399795114994,0.030609669163823128,0.014033349843135827,0.01238236750864926,0.012630014858822244,0.011144130757784332,0.012444279346192504,0.009472511144116683,0.013558692421970938,0.010215453194635639,0.013744427934600676,0.012072808320933028,0.007305596830103063,0.011144130757784332,0.008543833580967988,0.008048538880622019,0.008543833580967988,0.007924715205535525,0.008791480931140974,0.007924715205535525,0.007564500878011184,0.008915304606227466,28.18,826.717937,128.08831,0.2569,0.2575
M2H5-3,0.930343116990492,0.024906986357999174,0.024803637866887142,0.009508061182306739,0.010438197602315007,0.49413276,0.49604326,0.28864163,0.28906932,0.0015422902156268002,0.48962653,0.5110767,0.29587936,0.28791487,-0.024963598984862896,0.46996948,0.4740113,0.29084328,0.27303007,-0.10238457648958653,0.51246023,0.46158805,0.25702992,0.30067864,0.007675693572183324,0.523545,0.51703304,0.2897668,0.27338403,0.14194559812431046,3.508357021819538,1.7001767943160704,3.230484922059296,1.6012392601817949,5.630589255768955,2.8327946452901265,5.254935801642722,2.251403570541109,3.2097933698075147,1.7735160848502916,5.32733775324373,2.5330126254697904,5.000722112295249,2.5671557664164673,5.6700308192102264,2.843984969933247,5.218405219737146,2.8353271938091087,5.216682058194067,2.1577287876624847,0.0034017001843974467,0.012102330597327902,0.020403544158861395,0.025582649331975318,0.03341121961935574,0.039096252804239146,0.04406233565660802,0.0471045606747482,0.054793335064139685,0.053375405241680475,0.35467904806137085,0.03770942986011505,0.03641379997134209,0.03610927239060402,0.03564377501606941,0.035623110830783844,0.035146452486515045,0.03418257459998131,0.03415462747216225,0.0336882546544075,0.03367872163653374,0.03366713225841522,0.03328592702746391,0.03311328962445259,0.03306927531957626,0.03260236606001854,0.03257802128791809,0.03196167200803757,0.03149155154824257,0.031201744452118874,0.012363996043502922,0.012693702604663,0.012240356083067894,0.01205489614241535,0.011313056379805174,0.01261127596437298,0.01205489614241535,0.012425816023720436,0.012425816023720436,0.01168397626111026,0.00791295746784187,0.008407517309581988,0.008283877349146958,0.00927299703262719,0.009520276953497251,0.008407517309581988,0.009149357072192162,0.0076656775469718125,0.007553277582939967,0.008497437280807462,27.94,828.155187,127.78637,0.2482,0.2537
M2H5-4,0.9304464654816039,0.023770152955766847,0.02583712277800744,0.010541546093427036,0.009404712691194708,0.49515337,0.4948774,0.28834206,0.2885598,-0.0016610837384026095,0.4395016,0.50316876,0.2862548,0.29420745,0.09130334979303364,0.5072195,0.54338986,0.29815054,0.27879292,-0.046200993707899964,0.48648974,0.48479563,0.2766033,0.2910903,-0.05179242995551882,0.47936213,0.44607934,0.2975325,0.29312003,0.09213375273416367,3.395750224033099,1.6783046514073903,3.00087820208997,1.6083314385478116,5.678376690569162,2.5439584183926076,5.760701138205588,2.723732365830469,3.477576076145684,1.9454370984908267,4.800497757188147,2.4430032258456897,5.160639647706065,2.686191451382561,4.703303957789129,2.3226992660792583,5.5044151930839025,2.7410606308775995,5.044134973605634,2.449056724258695,0.003625870483083841,0.012714536382080387,0.019507046115040852,0.026011679552557985,0.034689093600921206,0.038479464824258375,0.04391484345012885,0.0479245489938038,0.0524346109557493,0.05403163897570872,0.3496963381767273,0.038772813975811005,0.03843546658754349,0.03764647990465164,0.03541749343276024,0.034800320863723755,0.03460030257701874,0.034382641315460205,0.034225739538669586,0.03412263095378876,0.033866509795188904,0.03366216644644737,0.03333588317036629,0.033008452504873276,0.03278972953557968,0.03278972953557968,0.03261460363864899,0.032266028225421906,0.0318155437707901,0.031751226633787155,0.0133729569093412,0.014693742776930455,0.010772659732524855,0.013744427934600676,0.009101040118857205,0.011329866270414072,0.014115898959860155,0.011144130757784332,0.012072808320933028,0.011144130757784332,0.00718177315501657,0.008915304606227466,0.009162951956400453,0.006810302129757092,0.008543833580967988,0.008543833580967988,0.008791480931140974,0.009162951956400453,0.00864514386058421,0.009050384979049095,28.33,825.426235,127.82489,0.2459,0.2527
M2H6-1,0.9209384042992972,0.03172798677139314,0.027387350144687888,0.010334849111202976,0.009611409673418768,0.4925606,0.49674463,0.28924853,0.28845954,0.0008007719165183036,0.49098274,0.5014354,0.28497365,0.27985427,-0.03278787233961796,0.5168431,0.45394945,0.27006745,0.29259938,-0.0017775423461889024,0.53073174,0.48491526,0.27431968,0.29777876,0.006801119734263778,0.527144,0.5137598,0.3022474,0.30547664,0.05175345374230741,2.8866164255449656,1.4471197979068195,3.0636400684111598,1.5802304892483858,5.402100080046279,2.768991644112345,6.027991828341301,2.861851889577903,3.1338872430672273,1.8580544617743717,5.182129932645061,2.47836075505441,5.196938949589562,2.631858463982131,4.865071016569205,2.6276736687417377,5.139772627715187,2.625294516364566,4.955965125175815,2.24464021126796,0.003587346450701163,0.012413357559569104,0.020064292702622957,0.025727434141392183,0.03480709600940061,0.0380838496938073,0.043586518203324376,0.04802799476133534,0.05280077027006041,0.054234673541119896,0.3650553226470947,0.04607674479484558,0.03603444993495941,0.03578973934054375,0.03520985320210457,0.034229084849357605,0.03415625914931297,0.03373048081994057,0.033127084374427795,0.03247375413775444,0.03217553719878197,0.0318409726023674,0.03176841512322426,0.031752850860357285,0.03147563338279724,0.031280841678380966,0.031100286170840263,0.03107794001698494,0.030881362035870552,0.030763406306505203,0.010021786492361628,0.011328976034843579,0.011601307189527319,0.012254901960768295,0.014705882352921954,0.01127450980390683,0.013725490196060489,0.010947712418286343,0.015032679738542441,0.011437908496717076,0.009259259259247156,0.008932461873626667,0.008823529411753172,0.008169934640512196,0.008823529411753172,0.007952069716765204,0.008169934640512196,0.007952069716765204,0.008674985145562041,0.007961972667844612,26.46,817.067983,125.31182,0.2394,0.2553
M2H6-2,0.9210417527904092,0.028627532038032245,0.03038445638693675,0.010851591566763125,0.009094667217858619,0.4935904,0.4965434,0.28872693,0.2886045,-0.0035738965057666083,0.51650965,0.49534968,0.28262958,0.28756392,0.0325878663182401,0.48394725,0.4734521,0.2884013,0.28388724,-0.048793034185010624,0.501626,0.4959645,0.2866987,0.29753712,0.039850002758947484,0.47838137,0.49229583,0.29906163,0.3000696,0.3384180478321909,3.096974415854273,1.6413250816035083,3.0881561931284036,1.6456577062154696,5.185572684171422,2.2877162107623206,5.680998995696342,3.176458212307147,2.9003828115429444,1.3843046637579153,4.982121527662552,2.451283335999461,5.512605835491508,3.0949452220961406,4.93937398168177,2.562258711195802,5.930555573296025,3.222255787605158,5.625382142129101,3.3427718100496526,0.0035661312210054598,0.012449900590147379,0.020513144191624325,0.025289024941879425,0.034067598699782244,0.038806660986103664,0.04368773734759786,0.04719075120185986,0.05409684307970672,0.05366554107362641,0.3757140040397644,0.03660823777318001,0.03657853975892067,0.03654664009809494,0.03644980490207672,0.035525526851415634,0.03505496680736542,0.034240785986185074,0.03379729017615318,0.03297342732548714,0.03151299059391022,0.03116495907306671,0.030935687944293022,0.030631817877292633,0.030468782410025597,0.030408566817641258,0.030408566817641258,0.0303789209574461,0.030306274071335793,0.03029426373541355,0.012798138452571965,0.01047120418846797,0.011780104712026465,0.012761780104695338,0.012270942408360902,0.013907068062809022,0.009980366492133535,0.013416230366474586,0.01374345549736421,0.010962041884802405,0.008180628272240602,0.009271378708539347,0.009489528795799097,0.007635253054091228,0.008289703315870476,0.009489528795799097,0.008507853403130225,0.007635253054091228,0.006901475487853889,0.00928129462159661,26.74,817.253937,127.61231,0.2529,0.2575
M2H6-3,0.9212484497726333,0.028110789582472095,0.03069450186027284,0.010334849111202976,0.009611409673418768,0.49446884,0.4957827,0.2886145,0.28864065,-0.0008271032991024048,0.49210903,0.50875497,0.2873704,0.29721785,-0.04003771283516064,0.4984397,0.47648805,0.296689,0.27905375,0.0661070334917039,0.43804875,0.5329661,0.27933848,0.2926464,0.12265827879543319,0.4904275,0.4774011,0.27358028,0.28536803,-0.11704256026383195,3.0185058250056302,1.5094132856047147,2.9583819381760135,1.5038099352451249,5.459426933353194,2.419639964824878,5.651202180444391,2.79004373142563,3.015153884947356,1.438962041184277,5.102810406920442,2.4528499770365007,5.065628767438473,2.7070972976114236,4.8851571752026555,2.7365625750385036,5.413454822412939,2.68131616573719,5.522512037652201,2.731640678051662,0.003641089590798356,0.012691196666193115,0.019805001762666204,0.02608219812368129,0.03445354716842144,0.03896807732579859,0.04336158860949314,0.04671328524148527,0.05305888357458183,0.0545584652702141,0.3718477487564087,0.04101258143782616,0.038184862583875656,0.03610116243362427,0.035097796469926834,0.03426128998398781,0.03350304439663887,0.03338376060128212,0.03266892954707146,0.03240194171667099,0.03194921091198921,0.031945694237947464,0.0319027453660965,0.031869810074567795,0.03179800882935524,0.03115050308406353,0.030443625524640083,0.030209459364414215,0.030174188315868378,0.03009364753961563,0.011081948089807562,0.014435695538038798,0.012139107611532626,0.013615485564286593,0.011646981627281304,0.010662729658778658,0.011811023622031744,0.011975065616782184,0.012631233595783949,0.011811023622031744,0.008202099737522044,0.009405074365691945,0.007436570428686654,0.009623797025359199,0.007217847769019399,0.0084208223971893,0.009405074365691945,0.00798337707785479,0.008828441899296456,0.008231925554749397,26.42,821.504433,127.10136,0.2452,0.2515
M2H6-4,0.9213517982637454,0.03028110789582472,0.028420835055808186,0.010024803637866887,0.009921455146754857,0.4937814,0.4970807,0.28914276,0.28839964,-0.0005115899601382073,0.4925081,0.4628044,0.28688645,0.29746205,0.025369937512726818,0.47946787,0.48582435,0.26999006,0.28452307,0.0024340140519867855,0.54588884,0.5303163,0.29034123,0.29478067,-0.20449165126661886,0.49822155,0.46751413,0.2927622,0.2814786,0.14893269923521332,2.9568945476159807,1.3490420920117718,3.1150642791080068,1.598297955703858,5.908585387165486,2.7594187646043835,5.550191431141688,2.465926143327909,3.087443963330821,1.5423853513071515,5.297040010346161,2.639824025017227,5.483176927823925,2.9517668903161063,5.043619858813085,2.8048802586279544,5.583969464855656,2.8363250097642525,5.704175076097948,2.9894169172844833,0.0034293876993692655,0.01264619537531576,0.019300152825699926,0.025150593709463112,0.03464049198321543,0.03865282307405482,0.04449276047328701,0.047370715234779134,0.05370431640696801,0.05394589655118085,0.3707933723926544,0.04024791345000267,0.03906871750950813,0.03834139555692673,0.03591504693031311,0.034089166671037674,0.03391779586672783,0.03290950134396553,0.03267597034573555,0.032514702528715134,0.0324644036591053,0.03155076503753662,0.03126953914761543,0.03088676743209362,0.030686190351843834,0.03068108670413494,0.030677031725645065,0.030495474115014076,0.030451908707618713,0.0303632915019989,0.011096510439465634,0.01138852387208315,0.013797634691177665,0.01149802890931472,0.013961892247025017,0.014290407358719724,0.011169513797620014,0.011662286465162073,0.010019710906688541,0.013304862023635605,0.009417433201914915,0.00985545335084119,0.007884362680672951,0.008541392904062363,0.009198423127451776,0.007993867717904519,0.008212877792367658,0.007227332457283539,0.008123282761905465,0.008242742802521722,26.98,816.153767,126.53629,0.2451,0.2516
M2H7-1,0.9109136006614303,0.034518396031417944,0.034621744522529974,0.010128152128978917,0.009818106655642828,0.49409616,0.49642327,0.28851408,0.28866374,0.0012034853676438893,0.50697386,0.48713592,0.2901371,0.28300846,-0.12425890940507864,0.46956682,0.48628888,0.28779572,0.28745368,0.03991070648421215,0.47760078,0.48910412,0.28733867,0.29878142,0.08482621026032106,0.5326059,0.50508475,0.29297933,0.3005496,0.07399889425286757,2.836390391922543,1.3874254664121612,2.871017495927562,1.3423988444127992,5.700981972309425,2.6222806050861704,5.118139064700686,2.111228100734772,2.784829444052617,1.3400086459162894,5.112563529008154,2.325210601536213,5.532989714219559,2.8098054840626787,4.888272647647186,2.5772279594751004,5.281484887507329,2.556514840422474,5.831370884396679,2.763687889662622,0.0035486952961175286,0.012428705553418618,0.02008859330214783,0.025655660748038496,0.033749829389649225,0.03827462269262425,0.04335777714358981,0.04785775439554304,0.053867374751322486,0.05450432006088205,0.39205607771873474,0.03762795776128769,0.03424009680747986,0.03391705080866814,0.03286115452647209,0.03282409906387329,0.03241237998008728,0.03231881931424141,0.03223022073507309,0.03177729249000549,0.03140418604016304,0.0310969315469265,0.03107646107673645,0.031057847663760185,0.030897554010152817,0.03074292279779911,0.030610261484980583,0.03041420318186283,0.030243098735809326,0.03019147552549839,0.013663315287429369,0.012116524877531704,0.010440835266809233,0.01058584686773714,0.01348607888629526,0.014066125290006884,0.01131090487237667,0.01131090487237667,0.012906032482583636,0.011890951276088293,0.00889404485691157,0.00889404485691157,0.00841067285381855,0.009184068058767382,0.007927300850725528,0.008797370456292966,0.007733952049488321,0.008604021655055758,0.006644167897060422,0.009597131406865054,25.33,801.454487,125.4695,0.2482,0.2621
M2H7-2,0.9113269946258785,0.03513848697809012,0.033588259611409675,0.009508061182306739,0.010438197602315007,0.49319848,0.49619135,0.28930926,0.28794762,-0.002618527714460373,0.49558824,0.48584247,0.28356376,0.30504566,0.002651423010856658,0.48607883,0.4940287,0.27453384,0.28968203,0.03958407045361237,0.527439,0.5103169,0.28852552,0.2789674,0.025345124473086494,0.54431295,0.48405772,0.28615394,0.29853565,0.07573009546410192,2.8229546497951166,1.489685315534049,2.8872386138136257,1.3931174623220568,5.688381649222788,2.4805611820720785,5.53119066434282,2.6810647236701697,2.8435796158860915,1.4077293869706071,5.316200791606487,2.7498251862777137,4.993112083529443,2.6073441441470946,5.357492069229173,2.8184095824241653,5.280365169531889,2.5487654295474123,4.7412376490431765,2.218747274553599,0.003524427280566908,0.012531296997571228,0.019838442919692216,0.025787476201783878,0.03382367032023963,0.03859789450880899,0.04402201308953962,0.04797970329821404,0.054187027941292876,0.05304138077562396,0.3847160339355469,0.03959658369421959,0.03709253668785095,0.03549119830131531,0.035313352942466736,0.033599890768527985,0.03280003368854523,0.03240149840712547,0.03231171891093254,0.032034218311309814,0.031453318893909454,0.0312943197786808,0.031133968383073807,0.030805861577391624,0.03069540113210678,0.030614320188760757,0.03005334734916687,0.02983056753873825,0.029447831213474274,0.02931392192840576,0.00997150997149835,0.012691012690997901,0.011509324009310595,0.013986013985997685,0.011655011654998071,0.010926573426560691,0.015151515151497492,0.013548951048935257,0.01136363636362312,0.01136363636362312,0.009518259518248424,0.008449883449873602,0.008255633255623633,0.008741258741248554,0.008547008546998585,0.008352758352748619,0.006993006992998842,0.008061383061373667,0.009324009323998458,0.008582326764134942,25.69,807.5862,125.39791,0.2473,0.2754
M2H7-3,0.9110169491525424,0.03338156262918562,0.03565522943365027,0.009818106655642828,0.010128152128978917,0.49412033,0.49554208,0.28818965,0.28907531,0.0011197120348001698,0.5072114,0.5043554,0.2914249,0.28612712,0.03877442367405519,0.46553552,0.5028003,0.29802737,0.28556016,-0.03970042969798555,0.48536584,0.4896521,0.28996706,0.2658319,-0.004293228231786849,0.5385764,0.4684365,0.27661255,0.29007673,-0.06644304082001165,2.964857045312582,1.5346444333374623,2.870038922384794,1.42462038826594,5.73973395548722,2.8823750101564505,5.949154087356018,2.444363431176039,2.6859007657820992,1.361634507303444,5.413385978307345,2.514703804029741,4.843896296055501,2.6070540064533456,5.250390299668027,2.5732872941537916,4.890244414834791,2.347678964360091,4.73553828456295,2.204288475167075,0.003439047571407133,0.012459773564770814,0.020138228869658013,0.026366031380788024,0.034427992596668504,0.03830056858919847,0.0435445950677805,0.04732963166758374,0.052957164057159056,0.05437029996831908,0.39119336009025574,0.03658929094672203,0.036192040890455246,0.03593995422124863,0.034403812140226364,0.033007536083459854,0.032990336418151855,0.032233648002147675,0.03215343505144119,0.03178800269961357,0.03172527253627777,0.031346697360277176,0.031332794576883316,0.030641136690974236,0.030237264931201935,0.030227648094296455,0.029827022925019264,0.029698364436626434,0.029251903295516968,0.029220594093203545,0.012517744225046762,0.014453477868095229,0.010452961672461727,0.011759581881519442,0.010162601626004457,0.012921022067348523,0.01306620209057716,0.012049941927976713,0.012049941927976713,0.012195121951205349,0.008033294618651142,0.008323654665108413,0.007839721254346295,0.009097948122327799,0.008807588075870528,0.008710801393718106,0.008904374758022953,0.008420441347260835,0.008446837715120588,0.008130081300803565,25.04,806.448014,125.03514,0.257,0.2602
M2H7-4,0.9108102521703183,0.032864820173625464,0.036378668871434476,0.011058288548987185,0.008887970235634559,0.49455628,0.49740654,0.2890365,0.2883117,0.0024615421323891007,0.5035665,0.47766763,0.2893643,0.295468,-0.06531586478289896,0.4833703,0.47775424,0.27946275,0.2889087,-0.004941928144443335,0.46649188,0.48582292,0.2841878,0.2872088,-0.06955595997240815,0.4683778,0.4802917,0.2850645,0.294617,0.0875328984166264,2.7449922758780394,1.3642741001955008,2.67404883438917,1.358904677382123,5.066528761023659,2.192469344766022,5.82388384672518,2.3478946948262083,2.9094664051529766,1.5491239819653078,5.03686597189595,2.5061772837098113,5.314459265097441,2.7469675818474077,4.5578999297136615,2.3472620517971805,5.111111292856346,2.4124102408624766,5.180270098222587,2.9028406694911117,0.0036567389055844673,0.01249317924535985,0.019497178040020522,0.025568667692833932,0.03397753833874922,0.03806999112283874,0.04352252274263562,0.04760275924975771,0.054081458134818836,0.05486329986073444,0.38321343064308167,0.03924551606178284,0.03863217681646347,0.03594342619180679,0.03413613140583038,0.03373119235038757,0.03319741412997246,0.03260581195354462,0.032594095915555954,0.03235074132680893,0.03214746713638306,0.030914297327399254,0.03090704046189785,0.030558275058865547,0.03040825016796589,0.030128292739391327,0.03008676879107952,0.029975276440382004,0.02978256717324257,0.02944175899028778,0.013518733101567957,0.01029998712500416,0.012456546929301905,0.012891077636138018,0.012746234067192646,0.01462920046348247,0.011008111239848194,0.012022016222465792,0.010863267670902824,0.01158748551562968,0.008980301274613,0.010042487446879054,0.008304364619534604,0.008400926998831517,0.00820780224023769,0.009366550791800658,0.007338740826565463,0.008111239860940775,0.0070578320867926226,0.008848625302844483,25.55,803.984339,125.02186,0.2426,0.2594
M2H8-1,0.9013021909880116,0.03968582058701943,0.03906572964034725,0.011161637040099214,0.00878462174452253,0.49471277,0.49588662,0.28940386,0.28885972,-0.0068058161931188275,0.48138973,0.50075036,0.27944458,0.293298,0.02746150171689791,0.48996645,0.50065017,0.28842637,0.28197113,0.08140567134287675,0.48644987,0.49129,0.2790078,0.27683726,0.015556571380178548,0.49426112,0.44446662,0.26284805,0.28670543,0.233151864641021,2.6651994890253174,1.2750993492139557,2.677756403547049,1.4616767598005656,5.4593505975951935,2.34937547586823,5.731311650947303,2.9344318511642875,2.6764685449093926,1.3752103941254212,5.35266820023882,2.9306187864485973,5.541021249399132,3.2226736074840012,4.95946429906752,2.713674874886852,5.720433583384314,3.074287363388801,6.0662182237031015,3.849852832613573,0.003520942236895544,0.012413368444496848,0.019638669444116914,0.02601894430688205,0.033866551376279,0.0386091786869997,0.043512295457820746,0.04773415084699131,0.05395721154476018,0.05406202098809103,0.39902108907699585,0.03620225936174393,0.034734442830085754,0.03469282388687134,0.033620573580265045,0.03360620141029358,0.03269507735967636,0.03195963427424431,0.031714946031570435,0.03168118745088577,0.031260814517736435,0.030801957473158836,0.030677828937768936,0.0303950235247612,0.029952287673950195,0.029933206737041473,0.02974897436797619,0.029159191995859146,0.02908637747168541,0.02905610390007496,0.011751018033728241,0.012914485165780544,0.011387434554961898,0.013089005235588388,0.012041884816741318,0.014267015706791343,0.012041884816741318,0.012172774869097201,0.011649214659673666,0.010602094240826594,0.0077661431064491105,0.008551483420584413,0.009249563699815794,0.008638743455488337,0.008289703315872646,0.009598603839431485,0.007242582897025575,0.008464223385680493,0.008376963350776569,0.008567348881476035,23.66,789.079892,123.54796,0.2468,0.2603
M2H8-2,0.9010954940057875,0.041959487391484085,0.03699875981810666,0.010334849111202976,0.009611409673418768,0.49255344,0.4953093,0.28845066,0.28917462,-0.005152522306812405,0.49576476,0.50663775,0.2916285,0.2861992,0.05643897479198352,0.5026911,0.4864833,0.28796354,0.28180203,-0.01569904133798548,0.49670732,0.4951695,0.27870512,0.28227913,0.04510569934837547,0.57539994,0.5271551,0.2953586,0.28112912,0.22194362022973638,2.429462841354382,1.1959191518448182,2.736111958611828,1.376073987145231,5.612786777308978,2.248693974836395,5.953635356592917,2.711074503855974,2.722842463016842,1.258437867916087,5.11520177020879,2.803451692454283,5.113514631961218,2.60867209115325,4.972576910396825,2.498550102200301,5.3758056027930605,2.6346719423646983,4.624534804882438,2.4400159504460097,0.0035477157863442674,0.012417005252204936,0.020037657318402537,0.025854722029531266,0.03385525055329832,0.03841707131767581,0.04332573580418195,0.04760347504376838,0.054140653387507016,0.05413404684041886,0.3999236822128296,0.04152360185980797,0.039920806884765625,0.03585069626569748,0.03387022390961647,0.03331150859594345,0.03084724210202694,0.030809754505753517,0.030809754505753517,0.0302374716848135,0.030032839626073837,0.0297685656696558,0.02973954938352108,0.02935999631881714,0.029288694262504578,0.029037335887551308,0.028982097283005714,0.028954539448022842,0.028875119984149933,0.02885655127465725,0.012074770695447733,0.011145942180413293,0.011494252873551207,0.011494252873551207,0.012669801462891673,0.010449320794137462,0.01436781609193901,0.012147335423184798,0.013192267502598545,0.013061650992671828,0.007140369209327265,0.008969000348301321,0.008707767328447885,0.009578544061292672,0.008446534308594449,0.008185301288741011,0.008620689655163405,0.008446534308594449,0.007314524555896223,0.009309394889322465,23.46,792.485564,124.46433,0.2484,0.2575
M2H8-3,0.9014055394791236,0.038342290202563044,0.04030591153369161,0.010851591566763125,0.009094667217858619,0.49463788,0.49580255,0.28915507,0.28837216,0.0029013963385045353,0.4885938,0.48910412,0.28380492,0.29749343,-0.07332269817945003,0.4823327,0.50369406,0.2821257,0.28954962,0.004428904161338031,0.50499415,0.46876514,0.28652394,0.29686788,0.01389145378380473,0.48143014,0.5169492,0.28847197,0.26165038,-0.00021783340042331605,2.760680871577243,1.3701435751090603,2.720416561065875,1.2857604318552787,5.334777154982556,2.0230011515214645,5.698134002435143,2.416213374706513,2.561728865890692,1.2909902128954227,5.101961307903904,2.5649864001855174,5.204330598138794,2.81861537300917,5.155819675528314,2.8937749964095962,5.534256361266178,2.8586721616486304,5.5371742821211,2.5997593327968436,0.0033710610975532193,0.012469913196013645,0.0196472269925917,0.02518755084209575,0.0337474348802721,0.03833703246194584,0.04332165011264767,0.04792463820513593,0.05506512809697408,0.0542616974481034,0.396492063999176,0.03839394077658653,0.0349227599799633,0.03427882492542267,0.03372977674007416,0.0334809347987175,0.03341583535075188,0.0327836349606514,0.032303210347890854,0.03158637136220932,0.031500156968832016,0.031149741262197495,0.03032306768000126,0.029779929667711258,0.02957760915160179,0.029576987028121948,0.029260382056236267,0.02925121784210205,0.0292375348508358,0.02895599789917469,0.011996273002549736,0.01187980433262207,0.013233752620531202,0.011661425576507692,0.014150943396211582,0.012971698113193951,0.013626834381537079,0.0086477987421293,0.011792452830176318,0.01205450733751357,0.0084730957372378,0.008909853249466552,0.008298392732346298,0.008298392732346298,0.009783368273924058,0.00690076869321429,0.008123689727454798,0.0084730957372378,0.008862206975405233,0.00867162187915996,24.95,790.476757,124.51962,0.2473,0.2673
M2H8-4,0.9017155849524597,0.03999586606035552,0.038342290202563044,0.010128152128978917,0.009818106655642828,0.493871,0.49525133,0.28831333,0.2891702,0.0025968480251212034,0.48329866,0.48307273,0.294129,0.28889042,-0.04072375159191731,0.50364864,0.5233222,0.2907314,0.27014267,0.06301198390855746,0.5267546,0.46722588,0.28591424,0.2839948,-0.08056939692211539,0.46803597,0.51623553,0.2875196,0.30699587,-0.209225747695329,2.740292843714813,1.2294173275624145,2.539229832537735,1.4292927955063077,5.531701679910521,2.985042814786377,5.684335365910416,3.0251428631714137,2.8418406802145166,1.4587926224117522,5.090547683241709,2.4728016615273196,5.654085159628906,3.6055947159554944,5.394421008531703,2.6503228484546253,6.08940728562592,3.7963640980932754,6.126554967980465,3.1969401409989215,0.0035864744451067354,0.012473522389366524,0.01990914264739063,0.025701383065778974,0.034241570101263184,0.038797908058286104,0.04321280758648791,0.047240435226250974,0.053820689748071214,0.05434940006533109,0.3976973593235016,0.03949534893035889,0.03554241731762886,0.03424239903688431,0.033357251435518265,0.03246261924505234,0.0320894680917263,0.031378503888845444,0.031321268528699875,0.031211933121085167,0.0307967197149992,0.030753158032894135,0.03072734735906124,0.030654478818178177,0.029992161318659782,0.029900962486863136,0.029792048037052155,0.02971729077398777,0.029449598863720894,0.029417555779218674,0.01086575534523919,0.01483818203059545,0.013012618296516286,0.010646687697149689,0.011961093585686687,0.011172450052564488,0.012618296529955187,0.011041009463710788,0.011566771819125587,0.014064143007345884,0.007886435331221991,0.00832457062740099,0.00849982474587259,0.007623554153514592,0.009463722397466389,0.007623554153514592,0.010252365930588588,0.00885033298281579,0.007647452442397082,0.008507790842166754,24.53,792.355552,123.02509,0.2419,0.2473
M2H9-1,0.8923108722612649,0.04505994212484498,0.042682926829268296,0.011368334022323274,0.00857792476229847,0.49415106,0.49518555,0.28930297,0.28856874,0.002817638769100635,0.4898467,0.49679288,0.28634351,0.2888078,-0.06224273103364155,0.4986417,0.4927976,0.27314833,0.28780606,0.031461842974880756,0.4833703,0.5005393,0.28519964,0.29342172,0.006865923429192711,0.47972378,0.5588115,0.3109347,0.28872764,-0.10505379727795339,2.4853284036150303,1.166121766322364,2.632571746505488,1.2629290274257716,5.237483379823258,2.192061012480895,5.980329715919036,3.0151414851782223,2.5470392506180572,1.2493022826464708,4.849207448166105,2.44083268350589,5.781292279229572,3.056210243096908,4.691910710964426,2.3222302946422526,5.808789229789574,3.1305495628142634,5.687896880925551,2.799774662873153,0.0035141401643090436,0.012128103088876257,0.01976390328729559,0.025554849569162513,0.03377866211862801,0.03862210034667648,0.04335128025058801,0.048108328038435386,0.0544148301731153,0.05409713629624675,0.41391801834106445,0.03551390767097473,0.033452779054641724,0.03330504521727562,0.03217395395040512,0.032129570841789246,0.031515128910541534,0.03149373456835747,0.031168632209300995,0.03108278103172779,0.030709831044077873,0.030039850622415543,0.02974867634475231,0.029718831181526184,0.029495947062969208,0.02935636043548584,0.029330773279070854,0.02889077365398407,0.0285495575517416,0.028405914083123207,0.011622947323511984,0.011729579867764389,0.012476007677531212,0.012476007677531212,0.012595969289815167,0.012835892514383076,0.01391554702493866,0.010916506717839811,0.01331573896351889,0.010196737044136088,0.008477287268066082,0.008317338451687474,0.007757517594362357,0.008477287268066082,0.008877159309012594,0.008477287268066082,0.008877159309012594,0.007917466410740962,0.008375501657643331,0.00924794974698118,23.24,774.53225,121.65716,0.2446,0.2667
M2H9-2,0.8920008267879289,0.04423315419594874,0.043819760231500623,0.011058288548987185,0.008887970235634559,0.4951847,0.49629146,0.2884699,0.28900436,-0.0008812088494139478,0.49455777,0.5131079,0.29249397,0.28145054,-0.0027471591864435692,0.47627127,0.46524227,0.28377354,0.2932633,-0.04469739080544734,0.46090722,0.5095042,0.297827,0.29434133,0.10129641952497428,0.48993194,0.4897517,0.29472718,0.24578348,0.18708189462463443,2.5378133834568284,1.2856753768633196,2.5105341081285224,1.1832365277502932,5.444400409709611,2.247241189503374,5.8879636053361954,2.2607419909574493,2.517592535711298,1.2192186757390748,5.181176154422453,2.6640199777574636,5.468647725508556,3.151985651873623,5.0063745073451225,2.852901063984541,5.604473567943138,3.130083576526037,5.634109385017571,3.103327764409984,0.0035591719251632905,0.012387910993025573,0.019940772722240672,0.02567253404184656,0.03370973098638326,0.03870530277870032,0.043869699988929485,0.04763090888962693,0.05391066090999668,0.05394664009742057,0.4086536169052124,0.0368814654648304,0.03543669730424881,0.034865301102399826,0.03300340101122856,0.032701652497053146,0.032593030482530594,0.030666733160614967,0.03020005114376545,0.0301473680883646,0.029995016753673553,0.02970987744629383,0.029661549255251884,0.029590144753456116,0.029564233496785164,0.029326699674129486,0.029326699674129486,0.02931472659111023,0.0292990542948246,0.029062766581773758,0.01414141414140061,0.012227538543316317,0.011483253588505759,0.011961722488026832,0.011602870813386026,0.012440191387547905,0.01267942583730844,0.0120813397129071,0.012200956937787368,0.010885167464104416,0.009011164274313546,0.008133971291858244,0.009409888357247775,0.007097288676229253,0.008293460925031935,0.008931419457726701,0.009170653907487237,0.008692185007966164,0.00896041757284919,0.006959547629397429,22.87,781.868845,122.09911,0.2509,0.2642
M2H9-3,0.8915874328234807,0.04599007854485324,0.04247622984704423,0.00899131872674659,0.010954940057875156,0.49065468,0.4952239,0.28842115,0.28899124,-0.0018939839028420976,0.5275144,0.5072367,0.29065412,0.28714177,0.02707500731891226,0.52522105,0.49880406,0.28572506,0.28476948,0.031853031732328514,0.49004763,0.49435028,0.29703984,0.2784694,-0.08193580063508567,0.4988495,0.48081228,0.28710032,0.29022384,-0.03823542253207658,2.4743101922558566,1.2119407198596155,2.572206782890824,1.2563436902364369,5.956740977708403,2.7501298034790653,5.385683656899601,2.4865821508825237,2.3955811821356345,1.1099447358547052,5.377099938791464,2.5889238276410294,4.773422305406575,2.4602117269531902,5.237506062161226,2.573808718491726,4.827058849586675,2.40412038663414,4.804916895661138,2.37179621889214,0.003677233525080725,0.012517535340455379,0.019769626438451298,0.02574340159319117,0.03385047023765055,0.03850719260236903,0.04343230597681876,0.04735856208824807,0.054032367402390064,0.05444463812867827,0.40516746044158936,0.03885568305850029,0.03770846873521805,0.03620893880724907,0.036135654896497726,0.03368440270423889,0.032703135162591934,0.02984337881207466,0.029802223667502403,0.029613332822918892,0.029531143605709076,0.029326103627681732,0.029301717877388,0.029249556362628937,0.02901405468583107,0.02901405468583107,0.028910081833600998,0.028897138312458992,0.028861844912171364,0.02817154861986637,0.01090986124350194,0.010380256328768836,0.011558627264049992,0.011796949475679889,0.012035271687309786,0.011796949475679889,0.013584366062904115,0.011439466158235044,0.015133460438498444,0.013703527168719063,0.007705751509366662,0.00826183666983642,0.00897680330472611,0.00826183666983642,0.008738481093096214,0.008738481093096214,0.008659040355886249,0.008102955195416489,0.008752924863498025,0.008579599618676282,23.35,782.357792,122.93937,0.2577,0.2664
M2H9-4,0.8929309632079372,0.04257957833815626,0.04454319966928483,0.010438197602315007,0.009508061182306739,0.4930386,0.49754688,0.2886016,0.28863418,0.0035833565858895064,0.4985792,0.48706186,0.2853391,0.28732643,-0.005887605633236497,0.5069888,0.46720278,0.29194245,0.2896798,-0.03606914192463379,0.49396282,0.50067127,0.2905603,0.28153926,-0.03183479347639208,0.49270943,0.49557847,0.2890206,0.2926797,-0.07854658707295134,2.4964240024313358,1.339614209095635,2.5359211968139976,1.2083273396110636,5.53967926468591,2.355754105755777,6.015941532519792,2.3367972505861316,2.598845237370535,1.2602525310052841,5.124120389364374,2.5709716236608333,4.986971207534953,2.6793024959003344,5.104975497942129,2.673148272193684,5.113272313849269,2.3217254621192187,5.315899823205848,2.6752664640738963,0.0035344082513407856,0.012526400741796452,0.01970969200565505,0.026051593774862488,0.034388218257579664,0.03896720870466084,0.043354453926770495,0.047870483255204314,0.05387754634796893,0.05305332806749432,0.40269866585731506,0.03481321781873703,0.034406304359436035,0.03396308794617653,0.03375500440597534,0.03319602832198143,0.033103182911872864,0.03274059668183327,0.032595936208963394,0.030539514496922493,0.03042939305305481,0.030362918972969055,0.03015154041349888,0.03003809228539467,0.02995227836072445,0.02980956807732582,0.029780792072415352,0.029474124312400818,0.029176782816648483,0.029012996703386307,0.010832260832250376,0.013406263406250467,0.012065637065625419,0.011341698841687894,0.010738416988406623,0.011583011583000402,0.015202702702688028,0.012186293436281673,0.011944980694969165,0.01266891891890669,0.009330759330750324,0.00828507078506279,0.009250321750312823,0.00892857142856281,0.009491634491625331,0.007963320463312776,0.0075611325611252625,0.007641570141562766,0.007985257985250278,0.008248508248500286,22.87,779.496564,123.59243,0.2632,0.2767
M2H10-1,0.8825961140967342,0.046506821000413395,0.050950806118230677,0.010644894584539065,0.009301364200082679,0.49305135,0.49571213,0.28854132,0.2885797,0.0045347574517568745,0.4892954,0.49041432,0.28930312,0.28614166,-0.01900076788932312,0.5092515,0.5160209,0.29287884,0.28939226,-0.013029594500835224,0.51918066,0.47358894,0.27824005,0.28668556,-0.06537395319599797,0.48468837,0.44171375,0.28037915,0.29725736,-0.2115899334120318,2.5272663284261525,1.2638707804391396,2.36424773096381,1.152907959897735,5.309903507763377,2.533095976010203,5.943448292454002,3.0327618794009896,2.2364360272950927,1.0669366878201085,5.057510042233069,2.5340860626094885,5.117844689632665,2.8780585971022696,4.834280520966243,2.4882921794610433,5.477337136287447,2.9331280862061684,4.98227012800251,2.5028709540027325,0.0037307935421627197,0.01245419678628969,0.019428642038676686,0.025452566643378912,0.034266269349035934,0.038923820522691305,0.0435671138866314,0.048074958058276426,0.05357847260837124,0.05385649989781903,0.4220121204853058,0.03665560111403465,0.03495826572179794,0.034791234880685806,0.03450150042772293,0.03257057070732117,0.031140699982643127,0.031106000766158104,0.030936148017644882,0.029887935146689415,0.02903882786631584,0.028361136093735695,0.02833276428282261,0.02824924886226654,0.028130214661359787,0.028018413111567497,0.027912085875868797,0.027829380705952644,0.027829380705952644,0.02773851715028286,0.013399843505465511,0.009683098591540772,0.012984154929566035,0.010563380281680843,0.012323943661960983,0.011883802816890948,0.014084507042241123,0.012323943661960983,0.013644366197171088,0.011223591549285894,0.008802816901400702,0.008582746478865684,0.008656103286377358,0.007629107981213941,0.007702464788725614,0.009022887323935719,0.009242957746470737,0.007849178403748958,0.00960307298334622,0.007682458386676976,21.6,776.234078,122.29588,0.2655,0.2683
M2H10-2,0.881976023150062,0.05074410913600661,0.047333608929309635,0.009714758164530797,0.010231500620090947,0.49508137,0.4943258,0.28922865,0.28837124,0.003939256239838652,0.4773732,0.53027374,0.27398923,0.28330764,-0.06285465695981697,0.48618066,0.4834764,0.28838938,0.28441077,0.003505131548244504,0.5179035,0.4937793,0.3091742,0.32175186,0.0074967394725883475,0.48718894,0.5071905,0.28690493,0.3135428,-0.038954179431566364,2.356092986953013,1.2204749216542048,2.4370518870347073,1.1595778950378441,5.333123394889312,2.6122312879400265,5.470751041469916,2.300674958458508,2.5052929510507917,1.2670362885500919,5.387836057158354,2.648009784487272,4.954266523673906,2.7504950183203927,5.352032965084268,2.718580077626534,5.399972704311806,2.7121170025428847,5.409760886902122,2.617538619226031,0.0035312755162571273,0.012585112347135084,0.020017540064158484,0.025554058989515505,0.0341217057130827,0.03804146806149723,0.04321043657080115,0.04775829140234441,0.05396244937458272,0.05455099529395892,0.4281514286994934,0.035756293684244156,0.033816855400800705,0.03175664320588112,0.030991965904831886,0.030875029042363167,0.03085038624703884,0.0301193930208683,0.029698098078370094,0.029426446184515953,0.02936527691781521,0.029256749898195267,0.02924942411482334,0.02918228507041931,0.028999976813793182,0.028900623321533203,0.02877424843609333,0.028579022735357285,0.0281484704464674,0.028101367875933647,0.011578128040464661,0.012356489589403462,0.012806479859883707,0.013791593695259377,0.013353765323981302,0.011821366024508038,0.011930823117327556,0.011930823117327556,0.010398423817854292,0.012040280210147076,0.008464681844709459,0.007661996497366321,0.007443082311727283,0.009486281377691636,0.00934033858726561,0.007661996497366321,0.007953882078218372,0.007880910683005359,0.008995382900804096,0.010030249960188638,22.33,775.687426,121.78412,0.2516,0.2577
M2H10-3,0.8828028110789582,0.048470442331541956,0.04878048780487805,0.010541546093427036,0.009404712691194708,0.4961339,0.49598297,0.28776118,0.28801504,-0.0009053206479642702,0.47394562,0.48062956,0.2925232,0.2938718,0.0310033512994823,0.476359,0.5077025,0.29622233,0.2936408,0.029612140846050915,0.48493543,0.51620144,0.27699977,0.2959426,-0.06016973224310307,0.48834094,0.46824363,0.31656203,0.28269544,-0.16747913295140374,2.4462358336235637,1.176775332138698,2.3617269605465903,1.145458978882239,5.880139076508043,2.445973828628366,6.059616866631821,2.276431929737867,2.395663513738625,1.2158455236872365,4.77515311850719,2.17605747342456,5.141556772250548,2.442385480670351,4.569377914579736,2.1755628258784356,5.212731244414287,2.499384824097882,4.94663474878111,2.4537727565083545,0.003882699788573138,0.012827871063952946,0.02002423314839615,0.025744041049187403,0.034409599073842424,0.03881473414666451,0.043273829671380847,0.04769122848326981,0.053089726420508895,0.05357537048755721,0.42743945121765137,0.03458886966109276,0.03337817266583443,0.032354697585105896,0.03128865733742714,0.03044349141418934,0.030369944870471954,0.030227085575461388,0.03005044348537922,0.029947776347398758,0.029677970334887505,0.029616141691803932,0.02934996597468853,0.02909899316728115,0.029052063822746277,0.028916584327816963,0.028906697407364845,0.02876114286482334,0.02827221155166626,0.02825966477394104,0.01401136586320536,0.01361943954535346,0.012896825396814023,0.01091269841268879,0.01300705467370987,0.011684303350959714,0.009479717813042786,0.011904761904751407,0.011463844797168022,0.012566137566126486,0.009920634920626172,0.008303938859487091,0.006981187536736936,0.008230452674889862,0.008744855967070477,0.0073486184597230915,0.009038800705459402,0.009626690182237248,0.00857784191116768,0.007936507936500938,22.63,772.796639,121.46187,0.2514,0.2725
M2H10-4,0.8822860686233981,0.04898718478710211,0.04878048780487805,0.010231500620090947,0.009714758164530797,0.49312317,0.4981099,0.2887281,0.28846344,-0.008142678441050844,0.49148402,0.46996352,0.28821823,0.28413278,0.05812904427109525,0.5011627,0.48913744,0.28275383,0.29778758,0.07250206989964648,0.50246364,0.45480227,0.29552278,0.28241655,0.08377441233290223,0.5313959,0.48909122,0.30257818,0.27924165,0.0033508392688597574,2.3616199445943984,1.1865847229778832,2.365856495309431,1.165431901991037,5.264113032605149,2.641208561781009,5.734991508105331,2.3797192883450418,2.4521297568212828,1.2272110647658563,5.119586431226409,2.687045686258029,5.210106962288569,2.7769273533710526,4.869624198872867,2.829307424217955,5.289641462949009,2.7460662108056737,6.042540883535275,2.9512576798759818,0.0036728737761998723,0.01267353621363961,0.020361110914658725,0.026066088153685486,0.03438073886527531,0.038647684651489544,0.04339083101715972,0.047780363091154694,0.05288183860572242,0.05347826804434795,0.4246404469013214,0.03382420539855957,0.03315993770956993,0.03206561133265495,0.031641922891139984,0.03155798837542534,0.0314825139939785,0.030980562791228294,0.03075798973441124,0.02992180734872818,0.029883041977882385,0.029671579599380493,0.029582437127828598,0.029113145545125008,0.028988830745220184,0.028893809765577316,0.02887752838432789,0.028497353196144104,0.028315993025898933,0.028143322095274925,0.011706175007306082,0.012096380840882952,0.012291483757671386,0.011852502194897408,0.012949956101832354,0.011303775241429935,0.011962247585590903,0.012730465320445365,0.013059701492525848,0.012071992976284397,0.009584430787231854,0.009584430787231854,0.00775534094234028,0.008706467661683898,0.008633304067888236,0.00775534094234028,0.008706467661683898,0.008194322505114258,0.008380557107503217,0.007342964322764724,21.58,772.987952,121.08789,0.2454,0.255
M3H1-1,0.9603141794129806,0.004960727573377429,0.0047540305911533695,0.014158743282348077,0.015812319140140554,0.49418855,0.4967632,0.28832614,0.28829488,-0.00283590587788589,0.4479167,0.4332627,0.27930045,0.29220203,0.045710144245749006,0.48011664,0.4397568,0.31023252,0.30420956,-0.0364981970224572,0.46884456,0.4739577,0.28891602,0.2868951,0.14325375945590155,0.51753545,0.4909715,0.30099332,0.30184057,0.022255631005198458,6.943260911452657,4.069638958043693,7.383247920550199,4.906588088012921,4.75630511661643,2.0158603683067153,4.730774625526749,1.9997140820108545,7.636783445998835,4.194783101137033,4.199879677012379,2.0172615179871274,4.30871341656479,2.254067884347743,4.405273340940536,2.3558625874038266,3.871311387868181,1.7851781932458164,4.19198255383607,1.9955016396589276,0.002991563360881543,0.012956267217630853,0.02122073002754821,0.02724690082644628,0.03490874655647383,0.03919163223140496,0.042957988980716254,0.047714359504132234,0.05229855371900827,0.05184659090909091,0.2858552038669586,0.04569743946194649,0.044437360018491745,0.04231651872396469,0.04155649244785309,0.04032858461141586,0.038105908781290054,0.03747672960162163,0.037292275577783585,0.0370066799223423,0.03631764277815819,0.035985805094242096,0.03552956506609917,0.034749358892440796,0.03472685441374779,0.03470631688833237,0.03458259999752045,0.034471023827791214,0.03444477170705795,0.034412845969200134,0.013599537037001622,0.013599537037001622,0.013346354166631911,0.01041666666663954,0.00813802083331214,0.012369791666634454,0.012044270833301968,0.012369791666634454,0.013671874999964397,0.012044270833301968,0.009331597222197922,0.010850694444416189,0.009331597222197922,0.008463541666644626,0.007161458333314684,0.009548611111086245,0.007161458333314684,0.00520833333331977,0.008759469696946886,0.008996212121188694,33.84,861.502255,133.10615,0.2402,0.2461
M3H1-2,0.9601074824307565,0.0044439851178172795,0.005477470028937578,0.015398925175692435,0.014572137246796197,0.4943015,0.4949928,0.28848922,0.2883609,0.000489326738430344,0.51474756,0.56148994,0.27315453,0.28061253,-0.07125024925187393,0.47606993,0.50975376,0.26316014,0.29933372,-0.2446552583554802,0.49492553,0.52616316,0.30795178,0.2912022,0.03420577764032568,0.46687424,0.4890612,0.2904412,0.29985696,0.028342440773921375,8.02733183028245,5.119873677858847,6.829259946467453,3.8366260111735015,4.5592201725226555,1.9521339233526207,4.314546791889316,2.063256262835406,6.353458693740336,3.235857217069525,4.22174310381335,1.8776907026203096,3.8974624030577525,1.9578157805842653,4.356187745762375,2.142350592111099,4.388622855108745,2.344079012480006,4.828063058440765,2.3612948024310847,0.002955082742316785,0.012601317122593719,0.0192080378250591,0.026764606551840594,0.03373015873015873,0.038268321513002364,0.044452887537993924,0.04821006416751098,0.054331306990881456,0.05281155015197568,0.29151690006256104,0.048604149371385574,0.04314202070236206,0.041951846331357956,0.04016971215605736,0.0385814905166626,0.03813903033733368,0.03672471269965172,0.03651083633303642,0.035761136561632156,0.03572095185518265,0.035648688673973083,0.03545355424284935,0.0354374535381794,0.035047873854637146,0.034802138805389404,0.0342990979552269,0.034239355474710464,0.03419892489910126,0.03405002877116203,0.015256188831278843,0.01065054691994938,0.010362694300491289,0.01522020725384658,0.011334196891162347,0.009715025906710584,0.013601036269394816,0.0116580310880527,0.011981865284943053,0.011981865284943053,0.007556131260774898,0.008851468048336308,0.00734024179618133,0.009715025906710584,0.006908462866994192,0.008635578583742741,0.006044905008619919,0.010578583765084856,0.010362694300491289,0.008949599623151568,32.83,860.305124,134.02978,0.2453,0.2488
M3H1-3,0.9601074824307565,0.005684167011161637,0.00423728813559322,0.015398925175692435,0.014572137246796197,0.4950117,0.4954854,0.2889856,0.288879,-0.00011851364788916962,0.42372504,0.49768874,0.2914629,0.27167448,-0.09814557527897608,0.48274836,0.5134353,0.24766544,0.28994143,0.0736444469089548,0.46677035,0.49897623,0.2797515,0.27917355,-0.0018565860640989802,0.48010725,0.50474817,0.2806867,0.29013917,0.03248085353771762,7.277351071180546,4.005017027028392,8.538662264981348,4.940477699101102,4.570206874918655,1.8224332118685251,4.78377287099129,1.7989120308270443,7.948896508818032,3.914605369790348,4.082270792109034,2.317634314609862,4.185023928798796,1.9711861189094961,4.025500241112348,1.8253583688301005,4.704330630392565,1.686678118684135,3.8356079203876208,1.85176982327048,0.0028956188889549986,0.012355962793280576,0.01933718093651455,0.026734892207611907,0.03405327145435434,0.03770254457468118,0.04291862517601793,0.04902719105134765,0.054302770670950594,0.0540052755796196,0.28426259756088257,0.04554612189531326,0.045261774212121964,0.04437365382909775,0.044343773275613785,0.04430851712822914,0.03930950537323952,0.03835390880703926,0.03685784712433815,0.03648258373141289,0.035335738211870193,0.0351376086473465,0.03426207974553108,0.03397766128182411,0.033858880400657654,0.03383110463619232,0.03376324474811554,0.03363388776779175,0.03359542787075043,0.03350413218140602,0.013529073114530294,0.013816925733988385,0.012953367875614111,0.011334196891162347,0.011981865284943053,0.015867875647627285,0.011010362694271995,0.010038860103600935,0.013277202072504464,0.007772020725368467,0.008419689119149172,0.007987910189962035,0.007556131260774898,0.006260794473213487,0.009930915371304153,0.009499136442117015,0.01014680483589772,0.009930915371304153,0.0073009891662552265,0.007536504945811847,32.78,860.134975,133.2381,0.2428,0.2471
M3H1-4,0.9601074824307565,0.00413393964448119,0.005787515502273667,0.014882182720132286,0.015088879702356346,0.49398905,0.49654815,0.28873783,0.2886752,0.0007257803172981277,0.44634145,0.53474575,0.25922596,0.2670823,0.17023065511865956,0.50283104,0.4485472,0.310009,0.28087297,0.062290364433081266,0.5327744,0.4647481,0.2791793,0.2896456,-0.027977150546698176,0.45965585,0.48380545,0.28589255,0.2914995,-0.0657857260944711,7.869040959957945,3.688250855148566,6.7096824980908405,3.791176323737873,4.470586276933739,1.7559335935439524,4.546386594854419,2.0461019802760765,7.087586534526565,3.18843490063663,3.953188026493951,2.0055683551514423,4.392803614070614,1.9308745190219243,4.665926082916974,1.8984556325484807,4.216899487427811,2.11792725460253,4.3666990541553306,2.2549317391479318,0.002752274734528724,0.01217984266847413,0.018937293322652864,0.0258590588863557,0.033520241542917,0.039394499558403684,0.04294780947686241,0.047445930125084725,0.05451147123462115,0.05578491178343295,0.2873358428478241,0.04207565262913704,0.04173470288515091,0.04139571636915207,0.0405762679874897,0.03812706470489502,0.03812706470489502,0.03798949345946312,0.03766053169965744,0.036794472485780716,0.03670736029744148,0.03665861487388611,0.0363331101834774,0.035893943160772324,0.0358273908495903,0.03578634932637215,0.03576081618666649,0.03537214919924736,0.03504257649183273,0.03480095788836479,0.013529073114530294,0.011226252158865562,0.012305699481833405,0.0116580310880527,0.010038860103600935,0.013601036269394816,0.014572538860065874,0.011334196891162347,0.010686528497381642,0.012953367875614111,0.01014680483589772,0.00734024179618133,0.008419689119149172,0.010794473229678426,0.009499136442117015,0.007772020725368467,0.008419689119149172,0.0064766839378070555,0.008243052284481706,0.007536504945811847,32.33,861.59313,133.15025,0.2429,0.2519
M3H2-1,0.9502893757751136,0.010231500620090947,0.009508061182306739,0.014468788755684168,0.015502273666804465,0.49375856,0.49570236,0.2887177,0.2890071,-0.002108678609430391,0.49778268,0.47731552,0.30404845,0.28005332,-0.05590718501395651,0.48117706,0.48968312,0.29015574,0.28468728,0.1584746158088009,0.50609756,0.52378935,0.28340214,0.28675947,0.08311895050868058,0.49658537,0.48920903,0.27757454,0.275384,-0.00926121387901076,5.529198200863062,2.527362897402871,5.761068538027399,3.026204782744779,4.660638343365431,1.8244040759524547,4.565571284940512,1.9344832666097966,5.4139953307637505,2.9321912399363064,4.641072330756889,2.436225583855134,4.064777830522025,2.096848374987704,4.2734895544405935,2.1715312334047523,4.210312021602435,2.0003833508393423,4.260881595613994,2.2429004244219644,0.002832934147158052,0.012271755646552834,0.01941847588142883,0.025702438898761237,0.03527003013211775,0.03878544386927297,0.04303484509001004,0.04844317391640269,0.05414767313090731,0.053426562620721624,0.3159717619419098,0.046098362654447556,0.042029790580272675,0.041051194071769714,0.036834802478551865,0.036624908447265625,0.036288321018218994,0.03580376133322716,0.03549715131521225,0.03495462238788605,0.03478971868753433,0.03470194712281227,0.034656450152397156,0.034656450152397156,0.03418353572487831,0.0338761992752552,0.03356713429093361,0.03290615230798721,0.03287458419799805,0.03263317048549652,0.010857010856988286,0.012705012704986291,0.013513513513485419,0.013773388773360139,0.009875259875239345,0.0132536382536107,0.011694386694362381,0.012214137214111822,0.010654885654863503,0.013513513513485419,0.007623007622991775,0.008142758142741215,0.009528759528739718,0.007969507969491401,0.007796257796241588,0.009702009701989532,0.007969507969491401,0.01022176022173897,0.009450009449989805,0.00623700623699327,29.79,850.98327,131.86052,0.2433,0.2498
M3H2-2,0.9503927242662257,0.00899131872674659,0.010644894584539065,0.014572137246796197,0.015398925175692435,0.49355102,0.49541345,0.28891706,0.2889112,0.003756949190665776,0.51682085,0.5074031,0.27398106,0.28048426,-0.20096798853730605,0.465309,0.52344906,0.29175773,0.2851514,0.06502749605688675,0.49757826,0.50264454,0.28306213,0.28420588,-0.12938895552893218,0.5184973,0.48487088,0.28113154,0.2833595,-0.045176800030151544,5.275411761159329,2.7725930335215385,5.317074298005856,2.5995859522388893,4.778259193752955,2.1466148675000114,4.579564608618839,2.1922845356884384,4.681401952471833,2.4713284413731884,4.190107301596584,2.2907637377644186,3.979900988744401,1.9207091794374418,3.880386496040487,2.0171301974784956,4.255406307965936,2.490421001713206,4.335964422041361,2.359704824132176,0.0033662187006395818,0.012014811362282813,0.02002900126880551,0.025622103109868198,0.034348377741526194,0.03906108392242161,0.04319117532820632,0.048020404464123874,0.05385949921023331,0.05382065822522593,0.31622400879859924,0.04862426966428757,0.04063874110579491,0.03668644279241562,0.03656022623181343,0.03626382723450661,0.03615081310272217,0.03567904606461525,0.035509467124938965,0.035259075462818146,0.03486467897891998,0.03484021872282028,0.03467774763703346,0.03452865406870842,0.034317243844270706,0.03403424471616745,0.03399432450532913,0.03395697474479675,0.03383272513747215,0.03335728123784065,0.009490740740720968,0.013194444444416956,0.013541666666638455,0.012239583333307835,0.01380208333330458,0.009374999999980468,0.012760416666640084,0.01328124999997233,0.013020833333306206,0.011458333333309463,0.009895833333312717,0.006597222222208478,0.007291666666651476,0.007812499999983724,0.008333333333315972,0.009895833333312717,0.008854166666648221,0.009722222222201968,0.009280303030283696,0.007007575757561159,29.44,846.632507,130.83803,0.2424,0.2476
M3H2-3,0.9501860272840017,0.010748243075651096,0.009094667217858619,0.014675485737908226,0.015295576684580404,0.4933984,0.49688908,0.28836793,0.28869605,-0.0032119567905060276,0.47537524,0.4517601,0.304587,0.29167312,-0.036861173447794625,0.50970066,0.46475345,0.28472862,0.2733204,0.11694228560351914,0.5496393,0.49265936,0.29559782,0.27727488,0.06707513012695479,0.47536254,0.47812644,0.2839681,0.29993233,0.09180392356094233,5.4212528972507394,2.74639933945207,5.733608447873589,3.2140752357432567,4.625838226084397,1.9652440271828961,4.6386588651429514,2.03592880400884,5.265843660803754,2.719538663077418,4.3144424669261605,1.8452146132130205,4.1988976701445315,2.364405253294932,3.547958114271971,1.7328884298421436,4.47509254398171,1.9905233197417387,3.9290895771495684,1.8966988064371906,0.003514961976932227,0.01277681996177646,0.019699824920144875,0.02509923419269476,0.034133889312109915,0.0383972842575144,0.04343584192026516,0.04739184475361854,0.05371343036232175,0.05517020167595525,0.32021191716194153,0.04474882408976555,0.03951561450958252,0.03843339905142784,0.03796887397766113,0.03748326748609543,0.03629470244050026,0.03617656230926514,0.03562863916158676,0.035134267061948776,0.034546859562397,0.034217555075883865,0.03412286564707756,0.03398000821471214,0.0336504727602005,0.03362681716680527,0.0335933119058609,0.033566541969776154,0.0335661917924881,0.033533353358507156,0.011526048870423298,0.011526048870423298,0.013226141078810734,0.012707468879641685,0.00985477178421192,0.013226141078810734,0.010892116182550017,0.011929460580888113,0.012188796680472638,0.015041493775902404,0.010027662517268268,0.008644536652817475,0.008817427385873823,0.008644536652817475,0.008990318118930172,0.008298755186704775,0.007780082987535726,0.008644536652817475,0.007167106752154123,0.007544322897004341,30.74,851.456437,131.71663,0.2443,0.248
M3H2-4,0.9501860272840017,0.010334849111202976,0.009508061182306739,0.015708970649028525,0.014262091773460108,0.49428576,0.4965407,0.28854638,0.28908694,0.00407070779906661,0.50439024,0.48194915,0.28679296,0.257297,-0.10384180876804885,0.50013256,0.47991896,0.29374418,0.29259232,-0.10181247030608609,0.5060173,0.46515387,0.28796813,0.28935722,-0.06642611536066301,0.44326618,0.49821913,0.28955355,0.2759357,-0.05576977594363172,5.22775705210838,2.660931454233855,5.695954407006625,2.793940477766448,4.776308691172701,2.0105070118064408,4.692979220521205,2.278889497124423,6.079394278694244,3.0234029179352997,3.9182803579057692,1.595957091168131,4.369205524199139,2.379084506129978,4.016984379115638,2.0282594750033716,4.451277704289884,2.4252379209481343,4.425151881694231,2.2963653850885186,0.002705139765554554,0.012205799715110884,0.020438833784189963,0.025953659779668327,0.03380771291540884,0.03878673828099476,0.04321689470864207,0.048235124998366456,0.054037453770860285,0.053945975614537185,0.31571584939956665,0.04217291250824928,0.040838051587343216,0.03974036127328873,0.03678007796406746,0.036660075187683105,0.036504149436950684,0.03604811429977417,0.03570453077554703,0.035677067935466766,0.03557368740439415,0.035030920058488846,0.034780461341142654,0.034511543810367584,0.034457188099622726,0.03437858447432518,0.03427146375179291,0.034105151891708374,0.0335567481815815,0.03349308297038078,0.013600737667099492,0.01198709082524023,0.011929460580888113,0.011410788381719064,0.013226141078810734,0.012188796680472638,0.012448132780057162,0.010632780082965492,0.012188796680472638,0.012188796680472638,0.008817427385873823,0.007780082987535726,0.01020055325032462,0.008644536652817475,0.009163208851986522,0.01020055325032462,0.007261410788366678,0.007607192254479376,0.008110147114279665,0.006789890607303907,29.96,850.499084,131.9269,0.2433,0.2461
M3H3-1,0.940677966101695,0.014468788755684168,0.014882182720132286,0.014055394791236048,0.015915667631252583,0.4948323,0.49448714,0.2887927,0.28863612,-0.0021639445994793556,0.46803135,0.5077482,0.30426234,0.29370505,-0.042926338993280265,0.47306913,0.53060263,0.27274376,0.27141827,0.11577120714540744,0.44574964,0.5185693,0.27049613,0.27931625,0.046061856449861084,0.52446944,0.5075391,0.28884846,0.30561098,0.05326247608682891,4.34128260294197,2.206252722531831,4.454427553213968,2.454817860600615,5.146593926728559,2.3321752810618697,4.555700739981373,1.8354747045682192,4.219678505118582,2.2459548778727085,4.365975151319306,2.3865045223517227,4.3013918097140085,2.3079427912963264,4.007803228438474,2.0258775749745617,3.939443681024337,1.78580984916389,4.073583982924298,1.579287443178177,0.0034588070795157667,0.012436987158258823,0.02002612503219634,0.0256006917614159,0.033373808735327665,0.037908893549692756,0.044035397578835046,0.04874526253817566,0.054742981197335984,0.05300437870257939,0.3390543758869171,0.046491820365190506,0.040849361568689346,0.03658678010106087,0.035800959914922714,0.03508426249027252,0.03474118560552597,0.03423282876610756,0.03388379141688347,0.03384513780474663,0.03335367888212204,0.03312162682414055,0.03310050442814827,0.03307380527257919,0.033051639795303345,0.03303079679608345,0.03277856856584549,0.032712846994400024,0.032711975276470184,0.032494042068719864,0.011614401858284064,0.012582268679807735,0.014372822299626529,0.012412891986041093,0.014155052264783701,0.014372822299626529,0.010235191637612832,0.009364111498241526,0.009581881533084353,0.013283972125412397,0.007839721254341743,0.007694541231113193,0.008275261324027396,0.006823461091741887,0.008855981416941598,0.009727061556312902,0.00740418118465609,0.010452961672455657,0.007918910357920953,0.00981944884382198,28.05,839.446227,128.25539,0.2417,0.2472
M3H3-2,0.9401612236461347,0.015812319140140554,0.014055394791236048,0.015088879702356346,0.014882182720132286,0.49337894,0.49497974,0.2882937,0.28811532,-0.0017888476864490969,0.48732665,0.5202171,0.29362422,0.29301438,-0.03493504488116335,0.4874462,0.47488785,0.29552713,0.301854,-0.1167979942087691,0.5260608,0.5307058,0.2984816,0.30247143,0.03147636056401035,0.50745255,0.5035311,0.28703588,0.2874797,0.22192157686688238,4.2886406684737475,2.0563259103052673,4.297940545252627,2.062922258822213,4.683248158912339,1.8147214880814244,4.823275931361768,1.9525363450740547,4.323213590099507,2.6176913329324463,4.702480417038577,2.554838703947018,4.008300273781232,2.237280568020449,4.238186312639925,2.171231762752859,3.9675644365069824,1.9329701546158484,4.203882633539316,2.399766166263208,0.003605118147006631,0.01317829457364341,0.020855515083590175,0.027262538526197814,0.034183244606332305,0.039226674138414123,0.043849817876155786,0.04709068833473429,0.05201270197067339,0.05206874007658541,0.33422717452049255,0.04018329456448555,0.038481082767248154,0.03836129605770111,0.036724962294101715,0.03644881397485733,0.03624388948082924,0.03620998188853264,0.03546440228819847,0.03405769169330597,0.03400301933288574,0.03390369191765785,0.03388389199972153,0.03388108313083649,0.03353140503168106,0.033498190343379974,0.03329523652791977,0.033030230551958084,0.03237571194767952,0.032194990664720535,0.012089810017250277,0.012089810017250277,0.011873920552656523,0.014464594127781581,0.012305699481844031,0.009499136442125218,0.009715025906718973,0.011010362694281501,0.014248704663187827,0.014680483592375336,0.008779504893479367,0.009499136442125218,0.007915947035104348,0.006332757628083478,0.007340241796187668,0.007484168105916837,0.008635578583750197,0.009499136442125218,0.011775788977841178,0.007693515465522903,28.7,839.989425,129.02942,0.2496,0.2512
M3H3-3,0.9402645721372468,0.015088879702356346,0.014675485737908226,0.014778834229020257,0.015192228193468375,0.49360755,0.49526715,0.28896794,0.28843018,-0.0005073255413809458,0.49766123,0.5092872,0.30684733,0.2947825,0.09610585490866079,0.48978016,0.48872045,0.27608314,0.29589093,-0.063526855062922,0.5044346,0.49448857,0.26800779,0.28968492,0.09546960309188972,0.502157,0.52104235,0.28133848,0.28743848,-0.10507887716314188,4.4086945616052535,2.1330057740979695,4.617845507578086,2.2233102576886816,4.879138330140628,2.168985630621382,4.4443030523593485,2.1084234134428503,4.309794486617853,2.38020955180749,4.396202090017194,2.1506887218398205,4.160710496736355,2.2153253134787443,3.8517738969359003,2.1184384600113026,4.075608099719849,2.033690608410581,4.051170780259972,1.7780443983754688,0.003268861603100438,0.012514035278351262,0.020047810496577202,0.025833967184613713,0.03420080408562425,0.03901807381650911,0.04343692274258394,0.0477652214857474,0.05337027780796117,0.05387735883226484,0.3434462249279022,0.0381610170006752,0.03782276809215546,0.037112146615982056,0.03649257868528366,0.03630010038614273,0.03499623015522957,0.03479931131005287,0.034761130809783936,0.03474407643079758,0.034270912408828735,0.03359890729188919,0.03351574391126633,0.03332776576280594,0.033196333795785904,0.033070795238018036,0.032674700021743774,0.0326562337577343,0.03257167339324951,0.03248133137822151,0.012495194156072193,0.010765090349846813,0.011029411764686801,0.012326989619355836,0.013840830449803044,0.012975778546690353,0.01189446366779949,0.013624567474024872,0.010596885813130456,0.01254325259513401,0.009227220299868695,0.00792964244519966,0.00879469434831235,0.006776239907716073,0.0089388696654978,0.007785467128014212,0.008362168396756004,0.009083044982683247,0.009908776344745362,0.008021390374317674,28.31,841.271824,129.5729,0.243,0.2525
M3H3-4,0.9405746176105829,0.01364200082678793,0.015812319140140554,0.015088879702356346,0.014882182720132286,0.49345827,0.49564308,0.28850186,0.2882423,0.004783953040831077,0.50184774,0.48959938,0.28491747,0.31206805,-0.12000751719921772,0.5071736,0.5093608,0.28820008,0.29620582,-0.018360737494331827,0.4951554,0.5160204,0.29952016,0.29076487,0.021349341068146694,0.49932247,0.4739878,0.29040077,0.28071594,-0.19185142355213336,4.564961266995124,2.25339639156118,4.26212293445515,2.039878789833439,4.765227890293257,1.6063232509205587,5.000245649265601,1.9322666891791973,4.184094543048092,2.153437310156617,4.2129135386496745,2.169309791248758,3.8639964184279587,1.9270368632476398,3.9355919146015736,2.117775363647676,3.937012097600715,1.9037118347800341,4.211541678751397,1.941588525720206,0.0032856204108454045,0.012866299058122149,0.01990419321352723,0.02575164519108978,0.03426568764701961,0.03837985581364342,0.04427492547831967,0.04797958153576564,0.05415083378570136,0.05247469119929907,0.33648380637168884,0.04283042997121811,0.040029678493738174,0.037593476474285126,0.03725080564618111,0.036143891513347626,0.035301342606544495,0.034838203340768814,0.0347931943833828,0.034665610641241074,0.03459644690155983,0.03445110470056534,0.0335833840072155,0.033580049872398376,0.033352553844451904,0.032518159598112106,0.032466765493154526,0.03206930682063103,0.03187676519155502,0.031575024127960205,0.012367149758432597,0.012367149758432597,0.011521739130414745,0.012391304347804537,0.011086956521719848,0.012391304347804537,0.0108695652173724,0.013913043478236672,0.011956521739109641,0.013043478260846881,0.008840579710129552,0.008405797101434655,0.008260869565203026,0.007826086956508129,0.008840579710129552,0.008405797101434655,0.006811594202886705,0.008840579710129552,0.009960474308283073,0.00869565217389792,28.19,839.379615,130.45226,0.2457,0.252
M3H4-1,0.930343116990492,0.01808598594460521,0.02159983464241422,0.015502273666804465,0.014468788755684168,0.49486294,0.49548405,0.2890625,0.28864717,0.0013721512703726557,0.47707316,0.4631477,0.27890095,0.2896724,-0.05226315063764936,0.47555143,0.5356013,0.28768414,0.26801884,0.03430563969189145,0.48325205,0.49322036,0.27048823,0.28851587,-0.09840248096453709,0.49198607,0.49769977,0.2927946,0.31110692,0.02846174051126823,3.973063799440886,1.9979757012324277,3.667569615762795,2.0020647484719905,4.697862250957679,1.9858055303478677,4.468473427063116,1.8833562981859076,3.5645386066483065,1.8829479794041895,3.9347702602992687,1.7689012324301776,4.256383158937266,2.2291067022530595,4.137543039705467,2.0567012158394715,4.627108540006627,2.226721269406954,4.452672776116863,2.1323785972854554,0.0032191048897207675,0.012086577328209315,0.01997836230527734,0.025746201788096612,0.033525152160782674,0.0384566881052415,0.043408136038708904,0.048717999774330785,0.05429335669673377,0.053901754246231656,0.3588099181652069,0.04346950724720955,0.0381084606051445,0.03758232668042183,0.036136798560619354,0.03486540541052818,0.03306354582309723,0.0327715128660202,0.032668448984622955,0.032611992210149765,0.03233690932393074,0.03225213289260864,0.03221307694911957,0.032140567898750305,0.03213253989815712,0.032090477645397186,0.031907178461551666,0.031664855778217316,0.03164343163371086,0.031530898064374924,0.011869436201762805,0.013353115726983156,0.012425816023720436,0.013724035608288243,0.013353115726983156,0.011498516320457718,0.012425816023720436,0.01112759643915263,0.010385756676542455,0.01168397626111026,0.009025717111757132,0.008160237388711928,0.0071711177052316945,0.009149357072192162,0.00791295746784187,0.009025717111757132,0.008654797230452045,0.0080365974282769,0.009036957108160317,0.008632317237645676,26.96,828.885899,127.32731,0.2443,0.2553
M3H4-2,0.930549813972716,0.0211864406779661,0.018292682926829267,0.015192228193468375,0.014778834229020257,0.49448347,0.49711993,0.288501,0.28797844,-0.0022910248114694546,0.48370016,0.44266227,0.2859398,0.2991609,0.08710635498075774,0.4915943,0.44785982,0.2837267,0.28709084,-0.010634844468336903,0.48141694,0.5194858,0.30041814,0.30598566,-0.09812612149024617,0.48763433,0.5213346,0.29511744,0.28583938,0.13217023338676037,3.5341040107356005,1.867007926442763,3.9119936582557098,2.0045796357521435,4.418213009680087,1.8543401722885184,4.850466141583719,1.7967256230695614,3.818151329792161,1.9461690783030496,4.184125457229309,1.9141122917641733,4.234078874497639,1.9366530058378069,4.085578346154177,2.109334614348611,4.123500817083038,2.1555645491703137,4.034772955105726,2.102685776062664,0.003490729708827157,0.012694829400165827,0.020442716498400952,0.025912223128000393,0.034328992565651494,0.038404994321467635,0.04329619642844701,0.04744187342795231,0.05298802282560983,0.054332755028810714,0.3583449125289917,0.03837565332651138,0.03637261688709259,0.03606092929840088,0.0356462337076664,0.03459518030285835,0.03411304950714111,0.033975955098867416,0.03391147032380104,0.03386358171701431,0.03340032696723938,0.03308317810297012,0.03285050392150879,0.03255760669708252,0.032520558685064316,0.03246128186583519,0.03232073411345482,0.03216772899031639,0.03179142624139786,0.0315871462225914,0.01372354497352455,0.01173941798940052,0.012090773809505817,0.012090773809505817,0.012276785714267446,0.013764880952360468,0.010602678571412795,0.011346726190459306,0.012462797619029074,0.01171874999998256,0.009300595238081398,0.01066468253966667,0.008556547619034887,0.008556547619034887,0.007192460317449614,0.009052579365065894,0.006820436507926358,0.0076884920634806226,0.007440476190465118,0.009469696969682877,26.35,827.595785,127.29653,0.2399,0.2478
M3H4-3,0.93075651095494,0.019119470855725507,0.020152955766845806,0.014572137246796197,0.015398925175692435,0.49329716,0.49559242,0.28924403,0.2890274,-0.0007487251472907516,0.48938695,0.5279432,0.2922361,0.28209195,0.021385837817636005,0.52889305,0.4936984,0.25878516,0.28768608,-0.09899123163132185,0.4865075,0.49423006,0.3001544,0.2754731,0.07788285008404201,0.49729905,0.47025368,0.27091327,0.28488132,0.07113506629149775,3.7302392874718118,1.8509066423626896,3.620613047054177,2.0702736433555984,4.94616948992511,2.183907033306472,4.6326990281283935,1.8630581367253425,4.037981355135745,2.3965298296129633,4.098281333959022,1.8199445639445078,3.8787585501611743,2.1532099736515855,3.7744128466212374,1.9401196028897232,3.983456588879153,1.8112955455234823,4.119850837541526,1.8713648445380522,0.003436899444455376,0.012527629654407953,0.019394869574913258,0.025829217580658915,0.032932580363760386,0.03958337432688587,0.0434138118756682,0.04681135750969088,0.05479362205912254,0.054609970943769966,0.3551425337791443,0.04118015617132187,0.03881845995783806,0.036104679107666016,0.0357455275952816,0.03440048545598984,0.03431234136223793,0.033604662865400314,0.03358521685004234,0.03358521685004234,0.033532217144966125,0.033478740602731705,0.033162858337163925,0.032256994396448135,0.032084520906209946,0.03203381597995758,0.03192903846502304,0.03178084269165993,0.03168502077460289,0.03157677501440048,0.00961857379766392,0.0117744610281748,0.013059701492517822,0.012499999999981344,0.013805970149233125,0.013992537313411952,0.011753731343266039,0.012313432835802517,0.01082089552237191,0.012686567164160169,0.008706467661678548,0.006840796019890287,0.009203980099488751,0.009203980099488751,0.008582089552225997,0.006840796019890287,0.009825870646751503,0.009825870646751503,0.007598371777464914,0.008005427408400535,27.29,828.672008,127.70701,0.2437,0.2497
M3H4-4,0.9301364200082679,0.021909880115750312,0.01798263745349318,0.014985531211244315,0.014985531211244315,0.4922778,0.495613,0.28824028,0.28940186,0.0026711164926402115,0.5140934,0.4974816,0.3033508,0.26714277,-0.042880428873004466,0.49299133,0.48412237,0.28487286,0.2946718,0.020856441518467102,0.54079056,0.47171244,0.28227347,0.27673715,-0.08909042020741274,0.51942813,0.5405611,0.29670802,0.27231497,-0.049325612896145385,3.552822377652157,1.9751045690075377,3.945791242058357,2.018516691785111,4.6584445782780595,1.9534931508510842,4.567355469804414,2.00205632530383,3.6039412601852874,1.8344974728899859,4.359815468383355,2.3675338706795785,3.95806079114013,2.237919363052646,4.222924525042257,2.2756104035335643,4.335448408666548,2.0263726079784554,4.024506192387558,1.6845867938621872,0.003465058456329683,0.013225413955456806,0.020069565677405702,0.026106967148071734,0.03460429561445273,0.0385785325080675,0.04395466328096069,0.047783420621065435,0.052921493942760404,0.05262392212876263,0.3525042235851288,0.04075475409626961,0.03676634281873703,0.03597763925790787,0.03531424701213837,0.03528798371553421,0.03505619615316391,0.034195128828287125,0.0341639444231987,0.034049443900585175,0.033896561712026596,0.033023275434970856,0.0325847752392292,0.0325181670486927,0.032457735389471054,0.032402534037828445,0.03236614167690277,0.032270222902297974,0.03220920264720917,0.03220134600996971,0.011669953977629023,0.011341222879667642,0.01090976331359333,0.011279585798799882,0.01312869822483265,0.008321005917147455,0.013313609467435927,0.013313609467435927,0.0159023668638818,0.012943786982229373,0.006533530571982446,0.008752465483221767,0.00912228796842832,0.009245562130163839,0.008752465483221767,0.010724852070990052,0.0073964497041310705,0.007766272189337624,0.0075309306078425444,0.008875739644957284,26.66,826.499959,127.39528,0.2496,0.2588
M3H5-1,0.9211451012815213,0.023460107482430756,0.025423728813559324,0.015088879702356346,0.014882182720132286,0.49325734,0.4959857,0.28871086,0.28888357,0.0019492277982532838,0.49693778,0.49006945,0.29176003,0.2656289,0.029444638558887883,0.48934165,0.5217721,0.29107884,0.29022554,-0.12060958339339574,0.53591716,0.49680752,0.27919844,0.3074252,0.0037687906191265943,0.4942412,0.4454449,0.28215435,0.28108713,0.04576446410973925,3.450824848392209,1.8283624332458803,3.2227430210930295,1.6491265800134143,4.688508734017467,2.0265554388993023,4.4732758500731045,1.7999453239342398,3.183374556871359,1.6374078307594488,4.386416030801618,2.429058164746613,4.267232886910683,2.1481415305150233,4.195222413988633,2.7566820435148665,4.463376373085963,2.1282600556259825,4.333883647781757,2.2110371783853435,0.0035988182046768923,0.011969868410024306,0.020037088257480514,0.025113150616042242,0.03432235353281368,0.03836644036543459,0.04345297963288911,0.04834569608582684,0.054364680244740594,0.053762257983404574,0.37840887904167175,0.0380566380918026,0.0377148874104023,0.035246700048446655,0.03410088270902634,0.033908236771821976,0.03368186205625534,0.033446699380874634,0.032742083072662354,0.031966954469680786,0.0319235734641552,0.0319235734641552,0.03180252015590668,0.031124308705329895,0.031089870259165764,0.030678503215312958,0.03067619539797306,0.03067498654127121,0.030521444976329803,0.030311236158013344,0.011067423911446104,0.012960535896298727,0.010812581913485173,0.011467889908241852,0.011959370904309359,0.013433813892511883,0.011959370904309359,0.01392529488857939,0.013597640891201052,0.010812581913485173,0.008082131935332353,0.008955875928341255,0.007863695937080126,0.010048055919602384,0.007645259938827901,0.008519003931836803,0.009501965923971819,0.008191349934458464,0.008101989753355281,0.007744549028942549,26.12,814.997931,127.07269,0.2469,0.2534
M3H5-2,0.9212484497726333,0.023666804464654818,0.025113683340223233,0.014778834229020257,0.015192228193468375,0.49411723,0.49458668,0.2887097,0.28887546,-0.005068421668080574,0.4931835,0.5097328,0.2972913,0.2849115,0.14327395791089126,0.488658,0.5188324,0.29154506,0.28332266,-0.009271947327970037,0.48959577,0.49816287,0.27575544,0.28945577,0.11490590111954664,0.49485648,0.50484264,0.2787744,0.28732055,-0.008685890580930994,3.383135434655014,1.88878137100694,3.196270842094296,1.4968776928776153,4.694430845730257,1.955110967386804,4.729100669404262,2.1099605184108086,3.4424353055848855,1.8482463885300098,4.410049610810984,2.01878178549213,4.031277283551783,2.21692181362992,3.9956340116231024,2.173051228920887,4.266885608516467,1.9843689489723821,4.328552189540932,1.9677468208110562,0.003412773074108916,0.012114560468276366,0.019358210515313057,0.025844047245740565,0.03446744015887948,0.03860144245845092,0.04277725514790426,0.047716107452702,0.05356433573743075,0.05547716107452702,0.3702720105648041,0.03886973857879639,0.03659361973404884,0.03595127910375595,0.035233352333307266,0.03511194512248039,0.034325286746025085,0.034321319311857224,0.03359290212392807,0.032772790640592575,0.032360680401325226,0.03189997747540474,0.031678009778261185,0.03166522830724716,0.03151381015777588,0.031183943152427673,0.030795414000749588,0.030763477087020874,0.030625855550169945,0.030469337478280067,0.011811023622031744,0.012977544473590435,0.010662729658778658,0.014107611548537917,0.01115485564302998,0.012139107611532626,0.012139107611532626,0.012795275590534389,0.012795275590534389,0.011318897637780422,0.007545931758520281,0.007327209098853026,0.008967629046357435,0.007874015748021162,0.0084208223971893,0.008530183727022926,0.009842519685026453,0.00798337707785479,0.009544261512752924,0.008828441899296456,25.56,821.40575,126.76784,0.2438,0.263
M3H5-3,0.9209384042992972,0.025423728813559324,0.023666804464654818,0.013745349317899959,0.016225713104588674,0.49443546,0.49588683,0.2882478,0.28851244,-0.002374774515269247,0.47441998,0.45804054,0.2925669,0.29263732,0.02566433482125096,0.49073383,0.49648434,0.2955312,0.2949075,-0.025576116786301187,0.47185037,0.5270167,0.29206023,0.29303983,-0.02419905772257273,0.5174771,0.5202958,0.28968439,0.27123663,0.14796190859562158,3.1524459272852097,1.6395429045028063,3.405720620850887,1.816763708215336,4.970654002420612,2.038936105510738,4.733080026886127,1.943269772351796,3.344107459979304,1.6341982231957455,4.578924203883999,2.058325816678594,3.9296327654059153,2.0444895569702606,4.316000550433138,1.9925843830989987,3.8787066111362156,2.066408842673094,3.9778607335285683,2.099930163462223,0.0034039696998753475,0.012475895206741883,0.020210737153876477,0.02620364155506547,0.033869232162452995,0.038466455716431744,0.04288788740797562,0.04757034338010462,0.053888196375491415,0.05435697467531776,0.3695646822452545,0.041084032505750656,0.035285111516714096,0.035115137696266174,0.03418103605508804,0.03415598347783089,0.03383547440171242,0.03355026990175247,0.03289259970188141,0.03240401670336723,0.03238174319267273,0.03227218985557556,0.032138608396053314,0.0320870503783226,0.031978484243154526,0.03180784732103348,0.03175558149814606,0.0313531756401062,0.031153183430433273,0.03100382536649704,0.013943355119807481,0.013071895424819515,0.009640522875804391,0.012581699346388782,0.011437908496717076,0.011601307189527319,0.012745098039199026,0.012581699346388782,0.012418300653578539,0.011601307189527319,0.0080610021786387,0.00860566448800618,0.009803921568614635,0.008278867102385692,0.007952069716765204,0.008714596949879676,0.0077342047930182125,0.008169934640512196,0.007843137254891708,0.009625668449185278,24.91,818.004466,125.03079,0.2414,0.2423
M3H5-4,0.9205250103348491,0.025113683340223233,0.024390243902439025,0.01663910706903679,0.01333195535345184,0.49290225,0.4950106,0.2890802,0.2890376,0.0006539148135863672,0.53036237,0.5207854,0.27550986,0.28656822,-0.05164276066141704,0.46108928,0.51256824,0.27583954,0.26656237,0.00869383697689432,0.51014996,0.48684072,0.28275347,0.2880193,0.014511760679304065,0.53403294,0.48094863,0.30204841,0.30263886,0.013972814909036827,3.5041955394169175,1.7963258226270513,3.365865851120356,1.8678178932731464,4.7671585327798045,2.070415872136114,4.727953543797324,2.148359265987963,3.6923981598158475,2.4198982961159596,3.9820345941377258,1.9296754661524416,4.293443226180506,2.2274216017538735,3.9819594677728296,2.074853186653664,4.7168583152086425,2.1523483840796946,4.562195147719714,2.2165476553994643,0.0031866858467194115,0.012357148565491888,0.019854351474466556,0.025648325741229123,0.033615040358027655,0.038614840565811555,0.043459801806121634,0.04778530328458403,0.05383401262686806,0.05497782306401343,0.3812507688999176,0.03587104007601738,0.03566055744886398,0.03549760952591896,0.03449307754635811,0.03380056098103523,0.03350219875574112,0.0328650064766407,0.03240840882062912,0.03232404962182045,0.03196138143539429,0.03181296959519386,0.03180024027824402,0.03177345171570778,0.0316963791847229,0.03146930783987045,0.030782703310251236,0.030562730506062508,0.030247751623392105,0.03021978959441185,0.011414535471737795,0.010692096517830338,0.012353706111817485,0.012353706111817485,0.010565669700896533,0.013654096228850904,0.01527958387514268,0.012353706111817485,0.012191157347188309,0.011378413524042421,0.006285218898994861,0.009752925877750647,0.009102730819233937,0.008452535760717228,0.00823580407454499,0.007477243172942162,0.009427828348492292,0.009319462505406174,0.007684123418833843,0.008984513535867262,24.97,823.518285,126.35795,0.2453,0.2556
M3H6-1,0.9110169491525424,0.029764365440264572,0.029247622984704423,0.013538652335675899,0.016432410086812732,0.4942822,0.4957786,0.2883258,0.28824624,0.002753719689515901,0.48814365,0.52621824,0.28905392,0.28956458,-0.0820842290777279,0.46337155,0.47691202,0.2946915,0.2923346,-0.04082525134005347,0.5186185,0.5137793,0.28544998,0.2892301,-0.03259607887495231,0.5172572,0.45842662,0.29301926,0.29619762,0.09254103456184906,3.009016083009014,1.6670799457513796,2.857373954631177,1.5698373636823195,4.988088950550193,2.0906642528980206,4.628156071735889,1.882135894827371,3.158550082869281,1.604881524393558,4.38631296740997,2.222013025448878,3.5971351882392337,1.784830086459518,4.460762305596297,2.465129747222052,4.129580413468804,1.9669334235793954,3.890503669278999,1.9734526978044544,0.0036690817584570435,0.012552566246136697,0.020498724899089694,0.025632906047862728,0.03383239600749861,0.037737920318859676,0.04357298474945534,0.04788806133995372,0.05355423823276081,0.05439445373325902,0.38948750495910645,0.0383257232606411,0.03637310862541199,0.034046147018671036,0.03382464870810509,0.032973069697618484,0.032529499381780624,0.032450612634420395,0.03233780339360237,0.03215917944908142,0.031852737069129944,0.0316118560731411,0.031193861737847328,0.030489008873701096,0.030392557382583618,0.030139366164803505,0.03008847124874592,0.030068067833781242,0.029937028884887695,0.029719632118940353,0.013550135501339275,0.012646793134583325,0.011904761904748078,0.011178861788604902,0.010598141695690363,0.012921022067348523,0.012195121951205349,0.012195121951205349,0.011614401858290808,0.012921022067348523,0.009194734804480223,0.008904374758022953,0.006871854432822061,0.009194734804480223,0.008614014711565683,0.007839721254346295,0.008420441347260835,0.008517228029413258,0.007602153943608529,0.00960827790094967,24.33,801.996082,124.41158,0.2453,0.2545
M3H6-2,0.9109136006614303,0.03007441091360066,0.029040926002480365,0.015502273666804465,0.014468788755684168,0.49297267,0.49691844,0.28880644,0.28916395,-0.0013077045460877011,0.49354622,0.47160578,0.29111987,0.28064469,-0.00839382834986218,0.51106673,0.49725556,0.28994465,0.2821814,0.0009960589185331735,0.52699184,0.4878531,0.27195427,0.286418,0.05106322740005354,0.48327526,0.4786925,0.28529564,0.2860279,0.048689687752519126,2.9910031320996673,1.6242206449964005,3.227601862828804,1.550693480996015,4.572680503911698,2.0969643954565664,4.730482492432957,2.0127361519475664,3.0000003633771066,1.3897011539897561,4.329623036961004,2.2004529587782504,3.9860805988975754,2.1644963896029896,3.9463069635710455,2.362135952967717,4.564575553486647,2.182318671779019,4.1412339588348335,2.0793062861268186,0.003432336822336094,0.012462458816005698,0.02022569233633663,0.025378245136848242,0.03453788927475695,0.038690693024423024,0.04333729994900066,0.04785033716233172,0.05389740227149461,0.05352097853979973,0.39725616574287415,0.037989161908626556,0.03469014912843704,0.03293435275554657,0.03272632881999016,0.032445553690195084,0.03202216327190399,0.03166613727807999,0.031595222651958466,0.031291671097278595,0.03126530349254608,0.031225278973579407,0.031191475689411163,0.03069748729467392,0.030515899881720543,0.030421646311879158,0.030100537464022636,0.030054470524191856,0.0299915112555027,0.029919510707259178,0.010956432070108456,0.012889920082480535,0.011600928074232481,0.010730858468665045,0.012325986078872012,0.012180974477944105,0.013631090487223167,0.012761020881655729,0.012180974477944105,0.012761020881655729,0.008023975251344134,0.009280742459385986,0.008990719257530174,0.008507347254437152,0.009280742459385986,0.00889404485691157,0.007733952049488321,0.008700696055674362,0.0074878717570046015,0.007698797721990647,23.9,809.85143,124.93423,0.2469,0.2633
M3H6-3,0.9109136006614303,0.028730880529144274,0.03038445638693675,0.013952046300124019,0.016019016122364612,0.4934417,0.4958752,0.28862417,0.28848785,-0.0013675347214392483,0.51802945,0.48366052,0.2837676,0.29229116,0.028091209092101332,0.5059316,0.5040355,0.2864123,0.28339612,-0.016141419224705227,0.5012647,0.49830508,0.28032583,0.30507043,0.04451517592645528,0.4476003,0.49316567,0.30389982,0.28667513,0.019132650857927126,3.099015669407131,1.619481579334894,2.8246045207016324,1.571810705355017,4.816012933721251,2.195639824070524,4.544223269107767,1.902893224128723,2.924966814882394,1.4600066751727447,4.37140727477194,2.1935500330340045,3.944242753290343,2.1783267377732627,4.28087640564626,2.3227538903110903,4.295785847794056,2.112152914986711,4.184407993125394,1.9269021691021408,0.003725572894699845,0.01251230141993533,0.019463120549780437,0.0257151363286774,0.03431579295573143,0.03829773157681462,0.043793054969773655,0.04755997717518049,0.053448119019855946,0.054502526442884204,0.39340832829475403,0.041387371718883514,0.0349077433347702,0.03485969826579094,0.03381873667240143,0.03238556534051895,0.0322115421295166,0.03207128122448921,0.03205610811710358,0.03134055808186531,0.03125882148742676,0.030695118010044098,0.030664190649986267,0.030286379158496857,0.030246134847402573,0.030013196170330048,0.029921144247055054,0.02980916015803814,0.02938322350382805,0.029275765642523766,0.012632121680830924,0.011472028873407676,0.011165893271448764,0.01131090487237667,0.014356148491862696,0.010295823665881328,0.01348607888629526,0.01348607888629526,0.01131090487237667,0.012470997679799917,0.00937741686000459,0.008604021655055758,0.007347254447013904,0.00841067285381855,0.007347254447013904,0.009570765661241798,0.00841067285381855,0.008700696055674362,0.009808057371851099,0.007171482809525534,23.96,803.438147,124.93629,0.2622,0.2671
M3H6-4,0.9112236461347665,0.029247622984704423,0.029557668458040514,0.014985531211244315,0.014985531211244315,0.49402347,0.49567094,0.28796083,0.2886486,0.0031665596759148425,0.47953117,0.4986824,0.3016643,0.29090247,-0.08973724285165141,0.5325772,0.4882956,0.2911966,0.2898766,-0.012229882722232143,0.45920944,0.52209234,0.28521228,0.29204774,-0.06251342217261922,0.4730025,0.4840444,0.29444098,0.2775954,0.09700884773125337,2.8818155146742135,1.469025822061943,2.9577585574874665,1.3892393580414217,4.559765039415557,1.7757731756985573,4.412712571989845,1.7111305493745252,2.8935100854038467,1.4760881189084993,4.21427030114708,1.9972587305213003,4.165096124468298,2.2404163541665425,4.084224280793199,2.158303237114775,4.118645243572874,2.0759307864959795,4.405302103124574,2.2803968803544588,0.0038468443053881465,0.012750151736636491,0.02042246899016063,0.026919361594816164,0.0340445721026851,0.037797382436163755,0.04272989168996145,0.047140939826806526,0.05321467955786936,0.054467041092845725,0.38401368260383606,0.042344387620687485,0.04017091169953346,0.03393317386507988,0.033807769417762756,0.033308129757642746,0.03317409008741379,0.032824598252773285,0.03276652470231056,0.03167669102549553,0.031164640560746193,0.030806588008999825,0.0306415893137455,0.03041653335094452,0.03015010990202427,0.02986193634569645,0.02982228808104992,0.029778731986880302,0.029700877144932747,0.029636656865477562,0.01396973224678234,0.012805587892883812,0.01105937136203602,0.011786961583222599,0.011641443538985283,0.011641443538985283,0.010913853317798703,0.011641443538985283,0.012951105937121128,0.01324214202559576,0.008343034536272788,0.008537058595255874,0.008246022506781242,0.008246022506781242,0.009119130772205138,0.008051998447798156,0.009313154831188226,0.00795498641830661,0.007408191342990635,0.00952481744098796,24.53,805.237242,124.93685,0.2442,0.2523
M3H7-1,0.9008887970235635,0.034518396031417944,0.034621744522529974,0.015605622157916494,0.014365440264572137,0.4923013,0.49429712,0.2891058,0.2892189,0.001549909844339518,0.51168394,0.49266723,0.28060797,0.28293607,0.03970965107895976,0.5149982,0.5283835,0.2776037,0.2799396,0.034339289226543133,0.4890971,0.5207094,0.30257136,0.2793805,-0.0792585450668162,0.50596595,0.48939157,0.28621924,0.29216555,-0.19518794233612213,2.687802533164112,1.368037253129503,2.736833893490493,1.6057387570397557,4.6538163765871,1.7121323273975209,4.695212840044394,1.9411146351954645,2.769192154357279,1.299177523433881,4.3111275201307215,2.162095869078821,4.178933869050462,2.1030309705311314,3.925790909340076,2.0962194268245273,4.461858280340834,2.116572792900464,4.454754539812144,2.0384214456346115,0.003511523801224515,0.012374248395123888,0.01989755903910766,0.0256263777405539,0.034192172013026205,0.03847506914926235,0.04348415457159732,0.047934881889509645,0.05435438633862322,0.05348296039530463,0.40395909547805786,0.03694009408354759,0.03330323472619057,0.032950107008218765,0.03256037086248398,0.03247319906949997,0.03234979882836342,0.03147987276315689,0.03146960213780403,0.03070998750627041,0.030600471422076225,0.030581770464777946,0.030450010672211647,0.030450010672211647,0.030208222568035126,0.030200814828276634,0.029937369748950005,0.02985461987555027,0.02979404106736183,0.02972729504108429,0.010079944386503219,0.011470281543262283,0.013686131386847043,0.011079249217923796,0.012122002085493095,0.012382690302385419,0.01355578727840088,0.013425443169954717,0.011730969760154608,0.012773722627723907,0.00677789363920044,0.00851581508514927,0.008689607229744154,0.00842891901285183,0.00842891901285183,0.008342022940554387,0.009297879735826244,0.008342022940554387,0.009195184377656542,0.008816001516722252,22.45,797.110055,123.72391,0.2452,0.2564
M3H7-2,0.9017155849524597,0.03338156262918562,0.03493178999586606,0.015915667631252583,0.014055394791236048,0.4940401,0.49515128,0.28854802,0.28796154,-0.00012069425531192262,0.48738953,0.48929527,0.29499003,0.29893154,0.02122325471052559,0.49408284,0.50408685,0.28758153,0.28784576,0.055653939261845,0.48637947,0.5286155,0.28950787,0.30237174,-0.08984990300098765,0.50860834,0.49246013,0.28114638,0.2923795,-0.07438709313273872,2.8696029002291037,1.434015643855862,2.844108628134153,1.3941271427208821,4.567387811604672,1.885352220140707,4.5688600664081145,1.8392581751232497,2.929848239913571,1.4363314779690521,4.1787585292302944,2.056302417244423,4.37556630227098,2.369816330763084,3.911253704358697,1.8962029386119832,4.421065460501532,2.2841833996918526,4.314658572785743,2.174368240303913,0.003529261002531786,0.012897907726622542,0.02106127198861216,0.02599323240824441,0.034537576758829215,0.03867294244776243,0.0434732915640618,0.04748743631571473,0.052914670850520734,0.05276574227043352,0.3916872441768646,0.03555943816900253,0.03517460450530052,0.034493278712034225,0.03413650020956993,0.03342230245471001,0.033234987407922745,0.03308042883872986,0.033025700598955154,0.03203650936484337,0.031235938891768456,0.03092680685222149,0.030608441680669785,0.030510444194078445,0.03044719621539116,0.03035416267812252,0.030248086899518967,0.030231112614274025,0.02998427115380764,0.029602481052279472,0.011566771819125587,0.013085640845879452,0.012618296529955187,0.013012618296516286,0.011566771819125587,0.011961093585686687,0.011303890641418188,0.011961093585686687,0.012881177707662585,0.011961093585686687,0.00841219768663679,0.01007711181211699,0.006659656501920792,0.007623554153514592,0.00928846827899479,0.007886435331221991,0.007097791798099792,0.009901857693645388,0.008029825064516936,0.009846095019586243,22.68,795.922085,124.69723,0.2448,0.2511
M3H7-3,0.9018189334435717,0.03234807771806532,0.03586192641587433,0.015605622157916494,0.014365440264572137,0.49544534,0.49565685,0.28824505,0.28859335,-0.0029752884603797014,0.4546092,0.5067147,0.2826897,0.29191157,0.049356014470621344,0.4768398,0.48952278,0.28976566,0.28694457,0.02631459577878243,0.54207724,0.52677065,0.299027,0.29375434,0.022519523391935418,0.47578523,0.45963907,0.30060342,0.27965194,-0.033410206989301444,2.820868234698534,1.496925338673051,2.861715110083119,1.4645410806285926,4.514399650487547,1.90615865782219,4.597866364797323,2.043568362951282,2.665096556412633,1.3059736039685874,4.402441613895853,2.156491761641395,4.007641899274875,2.2201850694569893,4.0328495096285435,2.0592347120373202,4.127239039099125,2.1380096431075466,4.4778128096936545,2.2037416385673114,0.003699348832092195,0.01255234441075149,0.020501131120600147,0.025548198114569796,0.034064264152759725,0.03887410524578666,0.043199180367321954,0.047868061142397424,0.053551168595416386,0.05347553135163755,0.40803396701812744,0.035923298448324203,0.03461993858218193,0.03446308150887489,0.031126946210861206,0.031101655215024948,0.031017331406474113,0.03101392649114132,0.031007833778858185,0.030670950189232826,0.03056514821946621,0.030562851577997208,0.030519403517246246,0.030421188101172447,0.03018755093216896,0.030061082914471626,0.02991941012442112,0.029679441824555397,0.029552508145570755,0.029552508145570755,0.013918128654956109,0.012865497076009848,0.012105263157881995,0.01184210526314543,0.013157894736828255,0.010394736842094321,0.011315789473672299,0.013552631578933102,0.011447368421040582,0.011052631578935735,0.008421052631570083,0.008421052631570083,0.008684210526306649,0.009298245614025301,0.008157894736833518,0.007807017543851431,0.008947368421043213,0.007280701754378302,0.008803827751186905,0.008995215310995315,23.08,790.723569,122.59553,0.2491,0.2563
M3H7-4,0.9009921455146754,0.033588259611409675,0.03544853245142621,0.014985531211244315,0.014985531211244315,0.4935919,0.4967941,0.28875437,0.28875506,0.0023142163293326276,0.50844276,0.47546282,0.28345782,0.28801304,0.007449255960958091,0.4921069,0.48675692,0.2873126,0.28670132,-0.025385155044386057,0.4632464,0.48901227,0.28471413,0.28909683,-0.08763744691928012,0.51488644,0.5073057,0.29783615,0.28653008,-0.007162526991602878,2.8908100082990256,1.3267028954672808,2.757701450561381,1.3866432499293286,4.921441845929458,2.1512057128976334,4.983543538459505,1.9666575899583003,2.614732186647565,1.3185447309416014,4.208193803372001,1.962423224806895,3.909762236184591,1.8900319560701604,4.002151718375099,1.931852157938977,4.053198875457969,1.8665785060197555,3.961109589308081,1.790576037377218,0.0035774201462796824,0.01222091812714264,0.019548164209884155,0.025731564184686386,0.03362576007744998,0.03830724038008846,0.04354572400485389,0.047706671440980855,0.05457306358458162,0.05449680717738566,0.40081021189689636,0.035351939499378204,0.034146152436733246,0.0334964282810688,0.03305488079786301,0.033051878213882446,0.03300048038363457,0.03228006511926651,0.032050397247076035,0.03139597922563553,0.031122775748372078,0.030649181455373764,0.030572308227419853,0.030336467549204826,0.030285881832242012,0.02974211424589157,0.02971060201525688,0.029702166095376015,0.02962842956185341,0.029611706733703613,0.011598237067953562,0.012526096033389847,0.01135177453025955,0.013048016701447758,0.010699373695187161,0.014091858037563578,0.013178496868462236,0.011612734864288505,0.011090814196230593,0.012787056367418803,0.009307585247032733,0.008785664578974823,0.007480862908830048,0.008785664578974823,0.008959638134994128,0.008002783576887959,0.009568545581061688,0.007480862908830048,0.008730309356605044,0.007591573353569604,22.48,793.29938,124.86666,0.2614,0.2625
M3H8-1,0.8920008267879289,0.03689541132699463,0.041132699462587845,0.013745349317899959,0.016225713104588674,0.4921822,0.49581033,0.28825983,0.28861535,0.0010362089725131495,0.48292002,0.4805346,0.28764635,0.28358394,-0.06373656712834985,0.5174041,0.49378246,0.29559934,0.2904366,-0.021726453357943057,0.5476802,0.5080923,0.29808295,0.29854158,0.14167966589236394,0.50831133,0.522347,0.27868035,0.28743806,-0.0008969929294812908,2.7840006715644083,1.3263273284892958,2.602513276411813,1.3378111662159233,4.825833151227101,2.1144107672725525,4.258211740274131,1.8009522351621399,2.602581975880041,1.3219589487520738,4.613900416075013,2.164234679063486,3.8777134039680634,2.0863112181511494,4.328387468665851,2.2929291817791078,4.22385024111692,2.101278312754336,4.323073860239529,2.0726781720587315,0.0036585955658732126,0.012648612663975352,0.020310041792199737,0.025772330661932682,0.03444371424263373,0.038423788268027684,0.04315777195512958,0.047641400735702034,0.052981357094289916,0.05429572035356941,0.4089898467063904,0.041663359850645065,0.03335047885775566,0.03325068578124046,0.03246559575200081,0.032247383147478104,0.03136396408081055,0.03080933913588524,0.03039882890880108,0.0301804356276989,0.030135473236441612,0.030025042593479156,0.029965534806251526,0.02974857948720455,0.029572004452347755,0.02934010699391365,0.029321173205971718,0.029109563678503036,0.02908949926495552,0.028973139822483063,0.01105794790004258,0.01105794790004258,0.013157894736829514,0.01267942583730844,0.012918660287068978,0.011842105263146562,0.010885167464104416,0.01064593301434388,0.012799043062188709,0.015191387559794075,0.009011164274313546,0.008373205741618782,0.007655502392337172,0.008373205741618782,0.008612440191379318,0.00909090909090039,0.007974481658684555,0.008532695374792473,0.008786428882114254,0.008351457155276914,21.33,785.230208,123.78313,0.2542,0.2658
M3H8-2,0.8911740388590327,0.03927242662257131,0.0395824720959074,0.014468788755684168,0.015502273666804465,0.49308288,0.49685118,0.288742,0.28825423,-0.0010047288374767979,0.5023748,0.48041925,0.29596576,0.29353362,-0.04094771798522266,0.49455518,0.4885383,0.28994283,0.28552368,0.030175552023939668,0.52944255,0.4716102,0.26966304,0.2942363,-0.00746812627817995,0.48471543,0.51305085,0.27580103,0.29949147,0.11315376534668158,2.7002635768363557,1.4283401426058682,2.559111219396319,1.2781695469618948,4.768707787066667,2.15194205614331,4.364313564150344,1.6949239256595907,2.6624276650166165,1.231560833434104,4.436427079900226,2.2797065892673563,4.048340855498936,2.0060145095275317,4.362022342431659,2.535681396425673,4.276550399518558,1.9560161520051602,3.9613462230926686,1.8167534900603877,0.0034766197323002805,0.01236131460373433,0.019951934352589944,0.026157424652544968,0.03421711214306015,0.03852977614431835,0.04345774665375351,0.04785042809329482,0.05315917124007715,0.054171805717659845,0.40855672955513,0.037635330110788345,0.034163881093263626,0.03324410691857338,0.03240518644452095,0.031816281378269196,0.03177490457892418,0.03161925449967384,0.03105362132191658,0.030783426016569138,0.03069499135017395,0.030592642724514008,0.030565956607460976,0.030512554571032524,0.03008417598903179,0.029505282640457153,0.029178597033023834,0.028677068650722504,0.028602374717593193,0.02853357419371605,0.011712567268111701,0.011396011396000574,0.012701804368458972,0.01175213675212559,0.012701804368458972,0.0125830959164173,0.012345679012333955,0.011158594491917228,0.01210826210825061,0.013651471984792354,0.008388730610944868,0.009813232035444939,0.009338398227278248,0.008547008547000431,0.007597340930667049,0.007597340930667049,0.00807217473883374,0.008863564419111557,0.007942674609333733,0.008547008547000431,21.53,782.250628,122.3551,0.2507,0.2751
M3H8-3,0.8911740388590327,0.03772219925589086,0.041132699462587845,0.016122364613476645,0.013848697809011988,0.49525094,0.4941239,0.2883604,0.28831586,-0.0003735682786727818,0.49211493,0.5055491,0.28480133,0.29680827,-0.0158250915932364,0.494454,0.50649434,0.2936902,0.29115874,0.028629103429062008,0.43433395,0.51358104,0.29724488,0.2857461,-0.06576693129102532,0.47970513,0.52194536,0.28495106,0.28128383,0.08301715367889216,2.653723893667525,1.3644995731839442,2.6643016658417698,1.2418535143005847,4.551906820750316,2.0392031344159594,4.739040649230825,2.1223054191378927,2.597934000095474,1.2381157910186953,4.168823191564657,1.9214957908319727,4.149398613147689,2.0296495881254732,3.990590442854265,2.0081021760759596,4.285477220386022,2.1598230824123856,4.4686836750675,2.3802272153726434,0.0036048583086530583,0.012640775450047962,0.019741423429621364,0.025393416169565374,0.03371898884982927,0.038618687652591216,0.04377567657513291,0.047833589225137245,0.05422668937531637,0.053779228297438565,0.41988617181777954,0.03456125780940056,0.034524835646152496,0.032249048352241516,0.031828075647354126,0.03168286755681038,0.03095746412873268,0.0304586011916399,0.0302592646330595,0.030255379155278206,0.03023383393883705,0.0301606897264719,0.02994004637002945,0.02973834238946438,0.0294540636241436,0.029133539646863937,0.028780542314052582,0.028742674738168716,0.028643585741519928,0.028509706258773804,0.014245014245000718,0.011290492771963532,0.013176638176625663,0.011870845204167264,0.013176638176625663,0.01032763532762552,0.010921177587833883,0.014007597340917373,0.011633428300083919,0.011158594491917228,0.008230452674889303,0.007755618866722612,0.008467869578972649,0.00807217473883374,0.008309591642917086,0.008547008547000431,0.007834757834750395,0.009575815131361593,0.008547008547000431,0.00949667616333381,22.24,785.365248,122.68509,0.2481,0.2515
M3H8-4,0.8916907813145928,0.038238941711451015,0.040099214551467546,0.015502273666804465,0.014468788755684168,0.49512506,0.49413323,0.2888776,0.28747946,0.006881107199944611,0.49660516,0.515552,0.29241797,0.2907326,-0.04794230074340267,0.48063868,0.50856197,0.2821664,0.3006631,-0.06959016129098311,0.4697561,0.51615816,0.28865355,0.29330415,-0.12900130750231015,0.47404182,0.48656175,0.27966794,0.3123693,0.050535835552030874,2.697577634938913,1.33207591931869,2.535666423415009,1.358738011922102,4.843919841465226,1.7425385417429098,4.232977663556447,1.9391935252582801,2.7173992779894967,1.3604691466980408,3.914099313719636,1.8065465247602273,4.237525907081562,2.24092672017426,4.068387225879669,1.970733972561594,4.217289839938491,2.11475728269569,4.576347543137621,2.1549268737209912,0.003595166248263698,0.012659155135931658,0.020700381211593566,0.026270634873676115,0.03447527759698637,0.03887062191304544,0.04378157392771913,0.04682450460806771,0.05335271792877852,0.052803299889271134,0.4086012542247772,0.034984979778528214,0.034788768738508224,0.03459472209215164,0.03348976746201515,0.03325946629047394,0.03302999585866928,0.032938916236162186,0.03049401193857193,0.03044659085571766,0.03019440732896328,0.03004441224038601,0.029957590624690056,0.029453538358211517,0.029129015281796455,0.029072897508740425,0.028995774686336517,0.028892332687973976,0.028892332687973976,0.028739083558321,0.012086513994899408,0.0137828668362888,0.013000954198460877,0.010734732824417238,0.013716603053422026,0.011450381679378388,0.012285305343499728,0.011808206106858963,0.011927480916019154,0.010973282442737622,0.008508269720093662,0.009382951653935068,0.008110687022893024,0.0075540712468121305,0.007395038167931875,0.007156488549611492,0.00858778625953379,0.008428753180653536,0.009541984732815322,0.010322692574591123,21.77,782.124019,122.91007,0.2576,0.2692
M3H9-1,0.882079371641174,0.0444398511781728,0.04350971475816453,0.014572137246796197,0.015398925175692435,0.49457186,0.49679983,0.28827223,0.28891793,-4.093848776320362e-05,0.49662507,0.48921955,0.296034,0.28402352,0.009449153529900492,0.49438038,0.48103788,0.28739247,0.29520792,-0.010570072718257962,0.45623595,0.5093761,0.29268318,0.28255326,-0.06397555690022605,0.4819938,0.48396087,0.2859681,0.27206507,0.07479455774011254,2.5728986280678714,1.1944472686533483,2.534016003735008,1.2043657499118379,4.766109679851151,1.946212891468954,4.445024756014869,1.5283045017137715,2.4374083481854063,1.2289033057542664,4.346135399212289,2.1527570475247155,4.060709585669139,2.286245116041193,4.115967451058523,2.1304041677751737,4.328153214124577,2.065118509468882,4.1527888160098385,2.219134474424894,0.0035844831288596906,0.012367528688843738,0.020105198326454618,0.025631768101167848,0.03459415580584797,0.03865531147718933,0.043403158781511714,0.04798346276644697,0.05330473298078443,0.05370353327622702,0.4243369996547699,0.035237573087215424,0.03269662335515022,0.03227661922574043,0.03197689726948738,0.03153963387012482,0.03113466687500477,0.0306085217744112,0.03051844984292984,0.029990701004862785,0.02995031140744686,0.029798192903399467,0.029504617676138878,0.02938768081367016,0.028696540743112564,0.028569858521223068,0.028569858521223068,0.028435874730348587,0.028395963832736015,0.028374431654810905,0.011685655857424758,0.01334112377055993,0.013036809815939495,0.012269938650295995,0.01172217353197921,0.011612620508315852,0.011503067484652496,0.012050832602969281,0.012269938650295995,0.012379491673959351,0.00788781770376171,0.009640666082375425,0.008983347940395282,0.00861817119485076,0.008837277242177474,0.008472100496632948,0.007741747005543902,0.00817995910019733,0.00764879292485984,0.008684566966767943,20.61,771.918481,121.58117,0.2485,0.2585
M3H9-2,0.8829061595700702,0.04361306324927656,0.04350971475816453,0.014468788755684168,0.015502273666804465,0.49207023,0.4950559,0.28867337,0.28898385,0.0018056135644376778,0.5067622,0.50130534,0.29937834,0.2904115,0.026737035303949157,0.5016511,0.49563187,0.28200904,0.28204572,-0.08753583247453602,0.4794425,0.5007264,0.2829617,0.3001475,0.026381842264815287,0.55382115,0.51615816,0.27202937,0.27151877,0.012255247638989766,2.480783511161366,1.1942704430442177,2.404444934141095,1.211631435072233,5.094573869663223,2.0742371956185615,4.745703339714787,2.009552142000777,2.563111751266332,1.271873398569854,4.277253780442929,2.046006537554343,4.264969454906129,2.433881596246434,4.009288847975096,1.9130001775603034,4.309820890802359,2.17200492849201,4.346661182148849,2.581410355744168,0.003454659658170518,0.012413633508545737,0.01972202150720449,0.025608874909678243,0.03407196459859358,0.0383956022158938,0.04405812706913569,0.0477465606891373,0.053690086567206474,0.0541718026097675,0.4260879158973694,0.034127116203308105,0.033453166484832764,0.03145093470811844,0.03138918802142143,0.031228266656398773,0.030858267098665237,0.030775578692555428,0.030309418216347694,0.03018081933259964,0.03013887070119381,0.029895804822444916,0.029470182955265045,0.029169222339987755,0.02898421697318554,0.028745057061314583,0.028731416910886765,0.028484424576163292,0.02828771248459816,0.02823248878121376,0.011572030989496504,0.011473962930263483,0.012135922330086377,0.011032656663714887,0.011584289496900631,0.01180494263017493,0.013901147396280757,0.013459841129732163,0.012356575463360674,0.012797881729909269,0.00882612533097191,0.007060900264777528,0.008605472197697613,0.008605472197697613,0.008237716975573782,0.009414533686370036,0.008458370108848081,0.008311268019998548,0.009066837839998418,0.008184225306901226,20.31,780.070342,122.24481,0.2598,0.2636
M3H9-3,0.8833195535345184,0.04309632079371641,0.04361306324927656,0.014572137246796197,0.015398925175692435,0.4928159,0.49603292,0.28920123,0.2896027,-0.004529572243570203,0.50418204,0.50646263,0.27754208,0.28145063,0.11746804852716003,0.49690786,0.48592257,0.29142913,0.2790703,-0.0072502852096133965,0.5195468,0.49050367,0.2857201,0.28768352,-0.06381829402317488,0.49468,0.4831646,0.28071484,0.28090006,0.03354801842741474,2.506505825129531,1.250580397402066,2.5060205649995835,1.3462087465956167,4.66975288317086,1.986247985464762,4.588935963877796,1.715128776339832,2.472186994718831,1.1384047277020355,4.183105199121623,2.081193672898518,3.863330510463725,2.1233770566514703,4.143557821044355,2.121125887155166,4.164736989869951,2.167399324915692,3.997996105464676,2.0390858521211124,0.0035772289913094646,0.012453112583088326,0.019707195466371962,0.025351061931935343,0.033856248218915294,0.038793472947205754,0.043994819505165435,0.047724961134704445,0.053531007671117355,0.054344224883519955,0.4265356659889221,0.03377155214548111,0.03294136002659798,0.03262149915099144,0.03259032592177391,0.03174261003732681,0.03150413557887077,0.031121576204895973,0.030187301337718964,0.02997230924665928,0.029488177970051765,0.029127053916454315,0.029041314497590065,0.028993671759963036,0.0287764985114336,0.028538059443235397,0.028464999049901962,0.028428969904780388,0.028099041432142258,0.02805394120514393,0.010727290620992367,0.011711445723835704,0.011957484499546539,0.012289636846756165,0.01406111603187417,0.011625332152336913,0.012843224092105542,0.014171833480944047,0.009853852967218907,0.012953941541175417,0.007159728373185274,0.00922645408915628,0.008414526129310528,0.008414526129310528,0.009743135518149032,0.009595512252722533,0.007750221434891276,0.007971656333031025,0.008937917706731757,0.007488525646180661,20.51,778.201058,122.4412,0.2582,0.2849
M3H9-4,0.8824927656056222,0.04030591153369161,0.0472302604381976,0.015192228193468375,0.014778834229020257,0.4923736,0.49622074,0.28823614,0.2880764,0.0002134823525951522,0.49737334,0.49339417,0.2917171,0.28165862,0.03143755948369434,0.5084058,0.48824313,0.29279625,0.30049053,-0.04295305277099827,0.51028705,0.52692264,0.29271302,0.29314944,0.06666896355533398,0.5125363,0.4668721,0.28506833,0.2958021,-0.01755597493036129,2.547388103509301,1.1995911713181362,2.4831783547746733,1.1666951426879026,5.008733712472981,2.0256018335331394,4.795804618418254,2.0923385097972362,2.4149499177054556,1.1956401450741259,3.8885920392251876,1.7480775238522952,4.3471296035994165,2.2982496359179,3.756136170098659,1.7505163788049294,4.29250637073203,2.1707705169118277,4.45841068747524,2.2946527590604413,0.0035117230645040445,0.012219732838356813,0.020388778920960852,0.025355462264082543,0.03421090156782846,0.03840660097593515,0.04345062440031226,0.0477937533383121,0.053649847615871146,0.05434590834716996,0.4245612323284149,0.03388816863298416,0.03347322344779968,0.03326432779431343,0.03260389342904091,0.0322001650929451,0.031595710664987564,0.03119286336004734,0.030942203477025032,0.029469065368175507,0.029205529019236565,0.029135042801499367,0.028924236074090004,0.028706485405564308,0.028621571138501167,0.0285051129758358,0.02850493974983692,0.02848205156624317,0.028456272557377815,0.028267912566661835,0.011824489397038365,0.011629043291302193,0.01176341248899581,0.012203166226902196,0.010883905013183039,0.013412489006144756,0.011543535620042619,0.012752858399285178,0.012203166226902196,0.01385224274405114,0.009014951627080901,0.008941659337429837,0.008355321020221324,0.00850190559952345,0.007915567282314937,0.00850190559952345,0.008282028730570259,0.007988859571966003,0.008155432957536603,0.009114895658423262,20.03,775.079942,121.50782,0.2743,0.2926
M3H10-1,0.8724679619677552,0.049297230260438196,0.0482637453493179,0.015295576684580404,0.014675485737908226,0.49318594,0.4952367,0.28824303,0.2888846,0.009030055316144096,0.5040139,0.48623106,0.28960806,0.28603512,-0.030180108884369207,0.49725807,0.5168403,0.2975654,0.28668284,-0.09382786309755849,0.5092287,0.49101007,0.27211437,0.2853997,-0.07602575501676806,0.4755239,0.49468845,0.29502988,0.29112098,-0.04310286599177348,2.3496501341617217,1.1588252254841063,2.4179323491447735,1.12945067598255,4.486176381661228,1.9802824975044007,4.557052925549923,1.8078937749056259,2.3886141214348546,1.1442017441399486,4.186691941935308,2.317990096737915,4.1620601882871355,2.0614514384531133,4.147394134066646,2.19946943464233,4.236187875884113,2.0067075076133545,4.226128340052063,2.1287863080404947,0.0035569839664885165,0.012338100052963551,0.01999173447606208,0.02549472771919688,0.033800375559728445,0.03859919431203557,0.04382533262715265,0.04782969810775675,0.05369581266952349,0.054201373842425404,0.4411468207836151,0.031716711819171906,0.03138906881213188,0.03135653957724571,0.030611800029873848,0.03027593158185482,0.029942575842142105,0.02971964329481125,0.029645374044775963,0.02952459640800953,0.029351411387324333,0.028996195644140244,0.028695672750473022,0.028501121327280998,0.028405893594026566,0.02839663438498974,0.028264617547392845,0.028056558221578598,0.02802419103682041,0.027978623285889626,0.0124257158292714,0.011525301638744486,0.011851701782810493,0.012662074554284714,0.01154781199350766,0.011446515397073382,0.012763371150718992,0.013168557536456103,0.011750405186376215,0.01286466774715327,0.00844138303618981,0.008643976229058365,0.008238789843321255,0.008103727714742217,0.0080361966504527,0.009251755807664032,0.008508914100479329,0.008711507293347884,0.008619419478407631,0.00817739796669442,20.7,763.326073,119.74474,0.2499,0.2802
M3H10-2,0.8728813559322034,0.04909053327821414,0.04805704836709384,0.015502273666804465,0.014468788755684168,0.493078,0.4936496,0.28814608,0.28845915,-0.0015331664198518023,0.4951733,0.5130241,0.29301947,0.29556975,0.02227548315997966,0.49876738,0.5064151,0.2913776,0.28471678,0.030556196416393594,0.5020325,0.5068362,0.29519054,0.28417465,-0.09322391527861765,0.5144599,0.5174334,0.28707457,0.2912289,0.002485692396938001,2.3925564592821917,1.1742365536312958,2.400535605905128,1.1989281900020958,4.777175936632807,1.9283646103515981,4.884802091402631,2.076086968134294,2.4338395429094666,1.1861498198624458,3.913294285777287,1.7940901348177027,4.166140145307778,2.141596176778368,3.920805895491317,1.9998310280204217,4.184160302259413,1.887795091351787,4.118349632190599,1.947441819508068,0.0035726496776425833,0.012640423558604763,0.02027913756850991,0.02575378813470834,0.034440752365216924,0.0386480847936155,0.043213705871634395,0.047623727307532455,0.053225314423882085,0.05393574963198638,0.43300488591194153,0.03453855589032173,0.03403541445732117,0.032051749527454376,0.03187870606780052,0.03119955025613308,0.030322393402457237,0.030214179307222366,0.03007974848151207,0.029648950323462486,0.029319755733013153,0.02898651733994484,0.02888171188533306,0.02885044924914837,0.028089353814721107,0.02804768830537796,0.02798715978860855,0.027706556022167206,0.02759057655930519,0.027566103264689445,0.01210478771453397,0.012466124661236477,0.012093495934949518,0.011686991869909198,0.012499999999989837,0.010873983739828558,0.011382113821128957,0.012398373983729758,0.013211382113810398,0.013211382113810398,0.008197831978313119,0.007588075880752639,0.008333333333326559,0.008197831978313119,0.008468834688339998,0.008401084010833278,0.00860433604335344,0.009214092140913918,0.00820399113081373,0.009608277900953017,19.47,764.281753,120.32984,0.2543,0.2627
M3H10-3,0.8722612649855312,0.048470442331541956,0.049297230260438196,0.016432410086812732,0.013538652335675899,0.4932638,0.49527574,0.2889106,0.28916743,-0.002829397114847322,0.4988039,0.50892633,0.29272923,0.2830303,-0.06010796556878113,0.5062893,0.47008136,0.28501436,0.2820914,0.09247659869452389,0.48320296,0.5289948,0.2703476,0.2904408,0.007949249980464307,0.48538446,0.5331867,0.29054725,0.28771678,0.08236761446168,2.437240201380435,1.2356420032773763,2.356892151625943,1.132050075317085,4.545605347348249,1.9273895601888704,4.6573185797970185,1.8871385861202783,2.383960370716185,1.2489208595135641,3.7955281673380417,1.6994731540409809,4.5434159681144575,2.288194956607915,3.717151732265169,1.7951644171031678,4.402284238339273,2.2657273267653277,4.704170895789068,2.3235916315057463,0.0036218360773579952,0.01216297077450812,0.01972064071346616,0.025722145533035926,0.03440151824840582,0.03865727438074305,0.04320530518017351,0.047990315439409285,0.05367782247473701,0.05417350451149647,0.4329858124256134,0.034968048334121704,0.03471693769097328,0.03374927118420601,0.031149517744779587,0.030507827177643776,0.03008144721388817,0.0296076238155365,0.02952251210808754,0.02938063070178032,0.02930542454123497,0.029216036200523376,0.029155690222978592,0.02904215268790722,0.028860310092568398,0.02871537022292614,0.027551013976335526,0.027290886268019676,0.027130836620926857,0.027062680572271347,0.012315713772014488,0.011686443725269223,0.011630258899666965,0.012439320388339451,0.011124595469246663,0.012742718446591632,0.012641585760507572,0.013147249190927874,0.013349514563095995,0.010922330097078542,0.007686084142388604,0.008697411003229209,0.008023193096002138,0.008697411003229209,0.009304207119733572,0.008764832793951917,0.007753505933111311,0.008832254584674622,0.009046778464246874,0.007943512797875304,20.71,750.918409,120.6257,0.2483,0.2779
M3H10-4,0.8719512195121951,0.05064076064489458,0.047436957420421665,0.015088879702356346,0.014882182720132286,0.4932137,0.4967747,0.28927994,0.28757134,0.0010759703150022136,0.5054505,0.48967484,0.28195408,0.2943561,0.05019030568653514,0.50132847,0.48864517,0.28346023,0.2992053,-0.06955284639003552,0.4926495,0.5049919,0.29753768,0.29685828,-0.12923828894206726,0.47256097,0.47051552,0.27964148,0.28855932,0.13482435719458133,2.3018032115906304,1.1364408886864306,2.3795470087587125,1.1836117864376703,4.6742556343054735,1.9967350108413742,4.61909291373826,2.0388811171347254,2.3480069949039217,1.141573336450401,4.341712908256933,2.04553731323243,3.919549602175113,1.9400158577531805,4.002707945153402,2.1257079095442726,4.123285194166646,1.877698677379982,4.2199475915292695,1.8763820101551794,0.0036215736580704483,0.01261528207722544,0.01998891846641211,0.02554373792976074,0.03458964197813404,0.03853442703251787,0.04347695161465171,0.0478754371383947,0.05363301654601447,0.05345434689215178,0.4406455159187317,0.03610367327928543,0.03518829494714737,0.03280658647418022,0.03157743066549301,0.030122041702270508,0.029318084940314293,0.028803229331970215,0.02867721952497959,0.02838216722011566,0.028359191492199898,0.028272202238440514,0.028202371671795845,0.027990730479359627,0.0278142299503088,0.027626847848296165,0.02758266031742096,0.027575936168432236,0.027519848197698593,0.027431834489107132,0.011299435028239468,0.011658147251358181,0.012610976594017264,0.012308313155760848,0.01331719128328223,0.012913640032273677,0.011097659402735192,0.01281275221952154,0.012106537530256574,0.012005649717504435,0.00955071294053574,0.00901264460585767,0.00854183481301436,0.00854183481301436,0.006793112725310632,0.008810868980353393,0.008407317729344842,0.007196663976319184,0.009024873431645809,0.008951500476916981,19.81,765.055658,121.95793,0.2728,0.2749
M4H1-1,0.9500826787928897,0.005167424555601488,0.0047540305911533695,0.019739561802397686,0.020256304257957835,0.49354228,0.49494454,0.28884903,0.28849488,0.0035932812232281537,0.44560978,0.53474575,0.23395838,0.26340124,-0.23370455104101284,0.54718983,0.53629327,0.2490523,0.28293377,0.034711819654171444,0.52043164,0.51260096,0.29066187,0.2885605,-0.08254288962748683,0.4847561,0.49827048,0.29520845,0.30203435,-0.05215926901007396,7.042323922418743,4.44810901077398,8.331051477124705,5.337123348145925,4.212563155764012,1.7702804327371464,4.254412150009112,1.552475874043618,8.261614252581932,4.224420663420618,3.7598059974823026,1.4226239353026882,3.2001892564759205,1.2644321740354816,3.3469453570153935,1.6920916548631306,3.8769530121061435,1.735717028432534,3.5651686748591045,1.6647064943927905,0.0028715378390372515,0.012073511368679353,0.020009397760200484,0.025843840551335266,0.03351867804839846,0.03842639726420759,0.04429999738951105,0.049024982379199625,0.05237946067298405,0.054885530059780196,0.31560829281806946,0.04106656834483147,0.04009139537811279,0.04004240408539772,0.039758071303367615,0.03861706331372261,0.037277791649103165,0.03620511293411255,0.03589404746890068,0.035551998764276505,0.0345013365149498,0.03447777405381203,0.03428299352526665,0.03422820195555687,0.034192461520433426,0.03405185416340828,0.034013308584690094,0.033605221658945084,0.033358775079250336,0.033175304532051086,0.011042097998596876,0.01288244766502969,0.011904761904737257,0.011904761904737257,0.010610766045526685,0.013975155279474172,0.012939958592105715,0.013716356107632057,0.010351966873684572,0.0126811594202636,0.007936507936491505,0.007763975155263429,0.009144237405088039,0.006901311249123048,0.008799171842631886,0.008109040717719581,0.008626639061403811,0.009144237405088039,0.009222661396555344,0.009222661396555344,29.88,850.736741,131.4333,0.2404,0.2474
M4H1-2,0.9500826787928897,0.005684167011161637,0.00423728813559322,0.019429516329061595,0.020566349731293922,0.49413922,0.49540365,0.28850362,0.2888811,-0.0028225772458639617,0.4337029,0.4548536,0.306252,0.25995147,0.14107954142656587,0.4815586,0.49648616,0.28934398,0.30397448,-0.026788254378035836,0.5116762,0.5391273,0.298641,0.28097367,0.06772750492059262,0.48535362,0.4825398,0.27820435,0.28593484,0.017141414488186783,7.218798027650079,3.7121239374385695,8.46398634461545,4.8885090287343065,4.361623097848224,1.6543525169047855,3.913715249922715,1.5737861327920677,7.775902319659623,3.573752474847094,3.7910250900299944,1.6098959998706257,3.6557118002663387,1.8633665419764,3.33301881127186,1.6269859141011438,3.692631716183225,1.9439920665936863,3.820957747578632,1.909178551702971,0.0028938610683608905,0.01281191218447049,0.02005971876931981,0.02540020783184036,0.03342409533956829,0.03879089222998303,0.04380253344382621,0.04786709285347855,0.05419412546203122,0.054088894150454474,0.32700207829475403,0.03961526229977608,0.039607707411050797,0.03928620368242264,0.03823867812752724,0.0374145470559597,0.0365709513425827,0.035875946283340454,0.03548967093229294,0.03463126718997955,0.03415006399154663,0.03414556756615639,0.03410819545388222,0.03377840667963028,0.033722348511219025,0.03353406488895416,0.03351939842104912,0.033217962831258774,0.03310444951057434,0.03298715502023697,0.011732229123509182,0.01311249137333379,0.013716356107632057,0.012163561076579371,0.01138716356105303,0.011904761904737257,0.011904761904737257,0.01138716356105303,0.0108695652173688,0.013716356107632057,0.006038647342982667,0.010179434092456497,0.007936507936491505,0.00948930296754419,0.009661835748772267,0.0072463768115792,0.007763975155263429,0.00897170462385996,0.00809335591942612,0.009410878976076884,27.24,852.327671,132.28561,0.2446,0.2507
M4H1-3,0.9500826787928897,0.005580818520049607,0.00434063662670525,0.019946258784621744,0.020049607275733773,0.49505323,0.4962914,0.28875187,0.28871986,0.0017570907666856219,0.49277323,0.42827997,0.28776276,0.29707932,-0.1204847618120974,0.4613821,0.56335753,0.3069029,0.28787577,0.46248364440898215,0.46196133,0.50469834,0.2878142,0.27818862,-0.10965785117541575,0.47850138,0.46597064,0.27813718,0.28847516,-0.049041209311257654,6.998652145820937,4.156696693415969,8.277481839346528,4.006834532485334,4.2241470365764515,1.6243297381863318,4.033965380215723,1.2036497811893174,10.56927793878997,7.913513580322017,3.9077570795656156,2.23353841837656,3.068709005607661,1.7768227578958224,4.069655824816245,2.0953000787286205,3.519214880552024,2.0285774879213263,3.74098946141899,1.7966067396659715,0.0029372565764786565,0.01325000323486407,0.02015967289054514,0.02595654930579817,0.035208260548891736,0.03824903277564277,0.0427778424750592,0.04808301955151845,0.05346583336568197,0.05324586260885318,0.32498854398727417,0.04079945757985115,0.0389753058552742,0.03840811923146248,0.03816348314285278,0.03666467219591141,0.036445893347263336,0.035732220858335495,0.03553234040737152,0.03475186973810196,0.034595899283885956,0.034299593418836594,0.03427005186676979,0.034194257110357285,0.03414340317249298,0.03386708348989487,0.033685352653265,0.033550720661878586,0.03347604721784592,0.03345577046275139,0.01288244766502969,0.0147227973314625,0.011645962732895143,0.013198757763947829,0.012163561076579371,0.011904761904737257,0.012939958592105715,0.010610766045526685,0.010610766045526685,0.0108695652173688,0.008281573498947658,0.010179434092456497,0.008281573498947658,0.008109040717719581,0.009316770186316114,0.008109040717719581,0.006728778467894971,0.009834368530000344,0.007905138339904583,0.007905138339904583,27.62,851.591052,132.12599,0.2429,0.2501
M4H1-4,0.9500826787928897,0.005374121537825548,0.0045473336089293095,0.019946258784621744,0.020049607275733773,0.4942586,0.49528748,0.28905207,0.28867725,-0.0008337910133711133,0.5703565,0.47588006,0.24514945,0.29890794,0.2617838305137791,0.4753326,0.45184898,0.26470962,0.27260783,0.11077608409033127,0.45747507,0.49429172,0.29082116,0.2936265,0.004513021058209227,0.49698266,0.53503406,0.2782323,0.28007933,-0.051138538333934766,6.205862234110504,3.7527893329355466,8.901724531584518,3.520747647893846,4.165194473024979,1.5483116583942251,4.217557829897138,1.8122833387544415,8.273444926688553,4.770916841298947,4.12307584403864,2.061612374891326,3.4824837060021356,2.122951394178636,3.3742365624251005,1.6517154671522594,3.7366031221512093,1.5569716580251136,3.5894381009506273,1.8567553250389606,0.003062806761242039,0.012264042136019376,0.01956864403521587,0.025437955736675507,0.03354990837209898,0.03857342406417798,0.04422487921776684,0.049504696730870275,0.0529135109504953,0.054233465328771165,0.3224872052669525,0.044504664838314056,0.039585478603839874,0.03932856395840645,0.03921171650290489,0.03906295448541641,0.03609095513820648,0.03603015094995499,0.03477915748953819,0.03421345725655556,0.034131161868572235,0.03407278284430504,0.03378891199827194,0.03367627039551735,0.03349743410944939,0.03329161927103996,0.03329161927103996,0.03307678923010826,0.03300584480166435,0.03287333622574806,0.011732229123509182,0.012192316540117385,0.012939958592105715,0.012422360248421487,0.012422360248421487,0.0126811594202636,0.011904761904737257,0.013975155279474172,0.012422360248421487,0.009316770186316114,0.007418909592807277,0.008454106280175733,0.009316770186316114,0.007936507936491505,0.008109040717719581,0.008454106280175733,0.00897170462385996,0.007936507936491505,0.00884622623751227,0.009410878976076884,29.49,852.813127,131.42967,0.2416,0.2528
M4H2-1,0.9400578751550227,0.009818106655642828,0.010128152128978917,0.019636213311285657,0.020359652749069864,0.4940995,0.4952186,0.28818274,0.28898278,-0.0036151627730528517,0.50474966,0.5231936,0.30409035,0.2800411,0.15434246835038146,0.4962668,0.5024213,0.28800187,0.28141907,0.06319155724713955,0.50616175,0.49933094,0.2900954,0.28092316,0.05454163544845723,0.46657175,0.50090337,0.29980022,0.2882373,0.007871356616831134,5.424331497208366,3.0362366626386588,5.501743868730425,2.5346976060089634,4.253740324140764,1.5779428953845633,4.123631376773451,1.5660514232833038,5.060853985925337,2.719978538322151,3.6307629044642096,1.6848184956088197,3.433197529550407,1.635943953143207,3.218782352365758,1.8534720217596214,3.858060361194709,1.8050560634604398,3.563918061642722,1.7040396731859024,0.003173031070026778,0.0128296834305418,0.019322475331059023,0.025668537471112578,0.03385789222699094,0.03879168042258171,0.044422434980374896,0.048283261802575105,0.0532537324382818,0.05373060415978871,0.33269086480140686,0.04404517263174057,0.03969356045126915,0.038497600704431534,0.037195466458797455,0.03559209778904915,0.03518242388963699,0.03518166020512581,0.03459630534052849,0.034527599811553955,0.034266725182533264,0.034185878932476044,0.034142326563596725,0.034142326563596725,0.03310045227408409,0.03288113698363304,0.03270423412322998,0.03262213245034218,0.032520145177841187,0.032231878489255905,0.013218390804574912,0.01264367816089774,0.012499999999978448,0.011853448275841632,0.010560344827568,0.013362068965494203,0.009482758620673305,0.01400862068963102,0.010560344827568,0.013577586206873143,0.007183908045964626,0.008189655172399673,0.008045977011480382,0.009626436781592598,0.00862068965515755,0.009770114942511891,0.00747126436780321,0.008045977011480382,0.009090909090893417,0.008777429467069506,26.85,842.052233,129.41024,0.238,0.2544
M4H2-2,0.9401612236461347,0.009301364200082679,0.010541546093427036,0.020566349731293922,0.019429516329061595,0.49347413,0.49506077,0.28820488,0.28881133,0.0026714253128939354,0.5318428,0.4960452,0.27158424,0.30305403,-0.10746309019821702,0.49330464,0.5176969,0.30559757,0.27027643,-0.08000748014228998,0.4972423,0.50919855,0.30321625,0.28116593,0.006553682002249344,0.49325377,0.50347096,0.29176858,0.2910676,-0.04223327667106689,5.4462200408270744,2.7048964942620852,4.888810871499153,2.6180966795548266,3.9786282237768824,1.4264778529673037,4.114964294497483,1.871694170471444,5.270394624079992,2.7609673135458745,3.63357094681247,1.5907531259795358,3.3239956033583047,1.5003510352096465,3.4215999189205513,1.7259572719644012,3.6632239855940747,1.8263876894439948,3.7986283377027568,1.6032538014929474,0.0033229085222830335,0.012668006999515992,0.02057038609032354,0.02524293532894002,0.03517442942775234,0.03802263673256637,0.04384936148032317,0.047404966677836106,0.05367846904203433,0.05339923303175844,0.3381260335445404,0.04369179904460907,0.03786051273345947,0.036758389323949814,0.03656541928648949,0.03566593676805496,0.03541882336139679,0.03484636917710304,0.0342525914311409,0.034191858023405075,0.03402777761220932,0.03388160094618797,0.033818893134593964,0.03352290019392967,0.033494967967271805,0.03319915384054184,0.033035214990377426,0.032687924802303314,0.03252651169896126,0.032427266240119934,0.013241220495083637,0.011322203032028036,0.011658031088062766,0.011873920552656523,0.011010362694281501,0.011442141623469012,0.009930915371312727,0.0153281519861566,0.01403281519859407,0.012089810017250277,0.007772020725375178,0.007772020725375178,0.007915947035104348,0.009067357512937708,0.009643062751854387,0.006764536557270988,0.009211283822666876,0.009499136442125218,0.008164547024636551,0.008949599623159296,26.31,840.692496,129.33177,0.2392,0.2549
M4H2-3,0.9403679206283588,0.00878462174452253,0.010851591566763125,0.019016122364613478,0.020979743695742042,0.49399692,0.49592245,0.28888094,0.2887245,0.0021607304415332458,0.51205164,0.5478564,0.30145565,0.2749788,-0.137808395697438,0.48954704,0.47271994,0.27547365,0.2881284,-0.1087636021176263,0.492842,0.49894068,0.27718997,0.28213584,0.0123567759002614,0.48528174,0.47582865,0.2894401,0.29450136,-0.003785381018299731,5.754934613534689,2.842662061156819,5.366354117490925,3.0910555540250555,4.318369920629846,1.8068549213648126,3.9963602869171364,1.3841257040242907,4.641591241047779,2.232720877255915,3.7477900751737843,1.8217506510996027,3.2125271706592424,1.672517933117505,3.5203930513489246,1.9166375324199605,3.606473683502177,1.6741778220159442,3.731094891982442,1.7484827069741775,0.0032725572697522207,0.012146045889136394,0.019809513333149998,0.02623545912053461,0.03414643089587401,0.03847317328053241,0.04388160126135541,0.0481625095105831,0.05334176681425259,0.0538642759581626,0.33810651302337646,0.038613609969615936,0.03794560581445694,0.0378735288977623,0.03769878298044205,0.0356014110147953,0.035314615815877914,0.03529893979430199,0.03523885831236839,0.03503968566656113,0.03485630452632904,0.03371197357773781,0.033673666417598724,0.03352297842502594,0.03338633105158806,0.03333234041929245,0.03298201039433479,0.032833993434906006,0.03254622220993042,0.03242255374789238,0.010976314269189526,0.011554015020199503,0.013864818024239403,0.014514731369125625,0.014081455805868143,0.011265164644694514,0.00974870017329333,0.011265164644694514,0.01299826689772444,0.011915077989580736,0.008232235701892146,0.007798960138634664,0.008954361640654615,0.009098786828407108,0.009098786828407108,0.008954361640654615,0.00880993645290212,0.005777007510099751,0.008665511265149627,0.009453285016526865,27.04,838.015889,129.9562,0.2437,0.2485
M4H2-4,0.9400578751550227,0.010334849111202976,0.009611409673418768,0.019222819346837536,0.020773046713517984,0.4938153,0.49600306,0.28898692,0.28869742,-0.0006866031930694436,0.4757317,0.47313562,0.29381132,0.28487703,0.07824805553364741,0.506032,0.474394,0.31536198,0.2689302,0.008975446340014636,0.4817073,0.49749407,0.27395278,0.28762776,0.023160820339150342,0.5125592,0.504427,0.26941803,0.29774585,-0.03656162115430029,5.6160584868179955,2.6907038247714232,5.473820075326584,2.4570905117540276,4.18082179821394,1.832877183282751,4.083392163881624,1.7356484667493157,5.093410942734764,2.8943332511011524,3.751178417813108,1.660921574829212,3.8437876905262054,1.7734982915580217,3.4779222541389556,1.7902882625382464,4.000613219744631,1.7796451547309053,3.562108378173876,1.797425587014148,0.0030737704918032786,0.012142292205924648,0.019476200747771066,0.025650704630428532,0.03420693126258269,0.03890746333045729,0.043751797526603395,0.04839840379637619,0.053584268047167094,0.05414150129421916,0.33885109424591064,0.03836892545223236,0.03652332350611687,0.03630476072430611,0.0354994535446167,0.03510710224509239,0.035047270357608795,0.034963712096214294,0.03486904874444008,0.03483474627137184,0.034704551100730896,0.034552112221717834,0.034548211842775345,0.034187279641628265,0.03411936014890671,0.03403616324067116,0.03362320363521576,0.03336424008011818,0.03334435448050499,0.03315097093582153,0.012260536398446294,0.010536398467414783,0.012499999999978448,0.012068965517220571,0.014439655172388897,0.012715517241357388,0.010991379310325877,0.01379310344825208,0.011206896551704816,0.011637931034462694,0.008333333333318965,0.008764367816076842,0.008333333333318965,0.009195402298834721,0.008045977011480382,0.009051724137915428,0.00862068965515755,0.0070402298850453324,0.00830721003133364,0.009090909090893417,26.86,838.198644,128.87652,0.2408,0.2532
M4H3-1,0.9301364200082679,0.014675485737908226,0.015192228193468375,0.019429516329061595,0.020566349731293922,0.49456638,0.4942288,0.2886263,0.28833184,-0.0007096326396514492,0.46925455,0.522201,0.2824069,0.29035756,-0.05302526200250865,0.51601124,0.54191166,0.28964186,0.29725888,0.07843515085357804,0.50317854,0.5302921,0.2990256,0.28226745,0.020143556446684894,0.45636722,0.47955883,0.27945417,0.29577017,-0.0238914459367345,4.288697558143393,2.1982778185322607,4.355880429516098,2.123510979730871,4.066076468906913,1.722504615088588,4.153743599292694,1.418712715677995,3.814065745074753,2.1726730370790244,3.830839763340174,2.010715436546587,3.217287029436043,1.4146295791757422,3.749361203940352,1.881735905532247,3.629770938991034,1.6438716345458089,3.654087963745811,1.7636346307143107,0.003363351071087461,0.01234138354482194,0.02001637331150225,0.0262996316004912,0.03349706644835585,0.03933005867103288,0.043443853185973526,0.047305225815254474,0.05379315049802156,0.05394323918679219,0.36380818486213684,0.03626321628689766,0.03582056239247322,0.03576716408133507,0.03510509431362152,0.03483565151691437,0.03449910134077072,0.03420751541852951,0.03379957750439644,0.03362783417105675,0.03332509100437164,0.03295760229229927,0.03270835801959038,0.032394614070653915,0.03211074694991112,0.03205875679850578,0.031991202384233475,0.03190714865922928,0.031473349779844284,0.03133929520845413,0.01413543721233938,0.011341222879667642,0.01312869822483265,0.011094674556196605,0.012204142011816266,0.01312869822483265,0.01090976331359333,0.011834319526609714,0.013498520710039203,0.010539940828386775,0.008382642998015213,0.007149901380660034,0.007889546351073142,0.007766272189337624,0.008875739644957284,0.008136094674544177,0.009245562130163839,0.008136094674544177,0.008875739644957284,0.010489510489494973,24.77,826.421217,128.71735,0.2441,0.2538
M4H3-2,0.930343116990492,0.015915667631252583,0.013745349317899959,0.018912773873501446,0.02108309218685407,0.49446735,0.49633792,0.2887293,0.28867027,0.0027131680428025694,0.5009503,0.48051947,0.29634082,0.28906012,-0.06630548231164743,0.44333392,0.48955014,0.27234325,0.2923715,0.10505410908585791,0.48980406,0.50740945,0.27586913,0.27800095,0.02048448044454253,0.5002989,0.47549018,0.297766,0.29374155,-0.14313664696696482,4.09442692816285,1.974336798085015,4.763696257125745,2.7432176513408706,4.256186685512911,1.6577885499075884,3.894989106412335,1.457112730020591,4.239458972973518,2.0922803270890054,3.8993081360872948,1.9812284547001537,3.3138621603291063,1.9015047146251054,3.8579002375854254,2.2851408960353092,4.0430470433116446,2.2924385193429866,3.871998362474564,1.9937005281005455,0.0031836034369512474,0.012493130118899212,0.01947024838809131,0.0252275438667042,0.034027693998739963,0.03917507808206324,0.044128094797656864,0.04777415852334419,0.053993914290693154,0.05385986783018994,0.3533453643321991,0.040574464946985245,0.04044254496693611,0.03821920230984688,0.03770511597394943,0.03675642982125282,0.03501685708761215,0.03320934250950813,0.032768186181783676,0.032706595957279205,0.032687295228242874,0.03251488879323006,0.032459843903779984,0.03245227783918381,0.03240140900015831,0.031918879598379135,0.03158034756779671,0.031425490975379944,0.03094516694545746,0.030870264396071434,0.012034289482342843,0.012363996043502922,0.014651335311550962,0.012425816023720436,0.01205489614241535,0.01168397626111026,0.011313056379805174,0.01205489614241535,0.011313056379805174,0.01205489614241535,0.008902077151322104,0.008654797230452045,0.008531157270017017,0.009025717111757132,0.009149357072192162,0.006429277942621519,0.009149357072192162,0.008902077151322104,0.008092797410292821,0.007823037496616394,25.62,827.611773,128.9317,0.2469,0.2536
M4H3-3,0.93023976849938,0.014985531211244315,0.014778834229020257,0.021393137660190163,0.018602728400165358,0.49379474,0.49548262,0.28837204,0.28785983,-0.00032261010736673007,0.48090833,0.49298656,0.2814053,0.30380005,-0.04789560382563217,0.5139007,0.50628185,0.28230283,0.2965919,-0.026920589048511245,0.46836337,0.5131827,0.30171198,0.30485216,-0.006050579527580886,0.5232385,0.48361582,0.29449162,0.28979334,0.0906776009961825,4.182505894405941,2.3495611391721285,4.5387630239483086,2.4035916021782873,4.1018564535594235,1.6741544009034555,4.2770655894775516,1.8153784267187738,4.11908372727357,2.0338627101090525,3.5372012801601027,1.466381965638889,3.4975079205729176,1.6531653235260573,3.3303290304389517,1.7973833399400019,3.79036085841392,1.7311270683112951,4.005477547583566,1.7868588617037862,0.0032764305688885178,0.01257008500633026,0.020368128886848365,0.026044492674986434,0.033313855614452464,0.038802398541953616,0.0435257453705636,0.047873450477899746,0.053793285752048635,0.053765460439361694,0.36158284544944763,0.03711335361003876,0.036922063678503036,0.03683923929929733,0.03683923929929733,0.03603910282254219,0.03522735461592674,0.033729344606399536,0.03368264064192772,0.03314318135380745,0.03312435373663902,0.03246649354696274,0.03210741654038429,0.03193998336791992,0.031894635409116745,0.031764570623636246,0.031564246863126755,0.03150402009487152,0.03127539902925491,0.031240612268447876,0.01218106995882969,0.013004115226318185,0.01111111111109465,0.012407407407389026,0.013333333333313581,0.009814814814800274,0.013518518518498491,0.011481481481464472,0.011851851851834294,0.01314814814812867,0.009753086419738637,0.007654320987642982,0.009876543209861912,0.0071604938271498855,0.007037037037026612,0.007530864197519707,0.00827160493825935,0.009629629629615364,0.008215488215476045,0.009696969696955332,25.28,829.072031,129.39424,0.2434,0.2577
M4H3-4,0.93023976849938,0.014985531211244315,0.014778834229020257,0.019532864820173624,0.020463001240181893,0.49546936,0.4965352,0.28874594,0.28918698,0.001104692163641699,0.48889825,0.48293394,0.29402524,0.27594092,-0.10379169087901416,0.43296948,0.50082964,0.28532332,0.27766377,-0.07449439385468946,0.47567427,0.4627836,0.27650955,0.28281188,0.02814068779352786,0.4877433,0.49785995,0.28874406,0.28522515,0.04486997537668439,4.140930104091746,2.176110404762675,4.478256104814381,2.5186948323078218,4.024009443589914,1.3869931918727307,4.11131638636803,1.5702752751885858,4.193709177843253,2.422390502265554,3.923575849730047,2.173199008541437,3.3487391404171793,1.7674493497469084,3.609635267158736,2.058219498454464,3.94693743260019,1.7725587785512613,3.485420729280467,1.6019138722752018,0.0032533417121610826,0.01220821386957831,0.019978267415524397,0.025745257452574527,0.03394734430436092,0.039216841443776754,0.04376628307345875,0.04768076666273909,0.053755416781220956,0.053781600617938546,0.3572741448879242,0.03854787349700928,0.038395512849092484,0.03759719431400299,0.036101724952459335,0.034344758838415146,0.0342508964240551,0.03412199392914772,0.03404787555336952,0.033585868775844574,0.03267880156636238,0.0326220765709877,0.03260486200451851,0.0324254184961319,0.03220982477068901,0.03219664841890335,0.03200257569551468,0.031962551176548004,0.031521957367658615,0.031507447361946106,0.013168724279815882,0.012510288065825088,0.014259259259238134,0.014629629629607956,0.011666666666649382,0.010185185185170096,0.011666666666649382,0.012407407407389026,0.010370370370355007,0.010925925925909739,0.0077777777777662555,0.008518518518505899,0.00950617283949209,0.009382716049368816,0.00888888888887572,0.008641975308629172,0.008641975308629172,0.007530864197519707,0.00808080808079611,0.007676767676756304,24.39,829.595181,127.95744,0.2457,0.2536
M4H4-1,0.9208350558081853,0.019222819346837536,0.019946258784621744,0.02149648615130219,0.01849937990905333,0.49293885,0.4959748,0.28815752,0.2888191,-6.0261007556848516e-05,0.5091791,0.5116184,0.29508346,0.29254773,-0.025578223988096227,0.5024011,0.4891543,0.30023962,0.27721524,-0.004576737214555692,0.49695122,0.48785853,0.30358663,0.27996644,0.0552058576844889,0.5132852,0.4850393,0.2743718,0.29796058,-0.029879315906658308,3.8227107840571386,2.0530073674248137,3.8450720764439694,2.0341338499953667,3.956348598892669,1.5115573968725156,4.180553557086577,1.7426813927903457,3.3112682672660103,1.796955995369372,3.5395962749089986,1.630775966729057,3.7623948874176336,2.175196884267537,3.1986436934162046,1.525865005430271,3.879359836841573,2.0250497089350765,4.088705318317588,2.0647658585734834,0.003546211070482915,0.012508931198251586,0.019900811162947087,0.025485436893203883,0.034369352330517376,0.03837788425167066,0.04342663808683227,0.048202202328415926,0.055068717690076915,0.05244714832093473,0.371680349111557,0.0374009869992733,0.03701838478446007,0.03670541197061539,0.03593868762254715,0.034835685044527054,0.03463824838399887,0.034103915095329285,0.03360501304268837,0.03342819958925247,0.03191768378019333,0.03163747861981392,0.03161831572651863,0.031282659620046616,0.030971823260188103,0.030947869643568993,0.03092784620821476,0.030757993459701538,0.030605750158429146,0.029977645725011826,0.012039454598185617,0.012039454598185617,0.011912532637060167,0.011422976501290571,0.009791122715391917,0.012565274151419628,0.01321801566577909,0.013054830287189224,0.012402088772829762,0.01354438642295882,0.0068537859007743425,0.009791122715391917,0.009464751958212187,0.008376849434279751,0.009464751958212187,0.007832898172313535,0.008268059181886507,0.008050478677100022,0.008070258722989701,0.008544979824342038,23.4,820.118812,126.69863,0.2516,0.2562
M4H4-2,0.920318313352625,0.01849937990905333,0.0211864406779661,0.019222819346837536,0.020773046713517984,0.49419072,0.49503043,0.2887811,0.2887216,0.0011659545558868809,0.49271017,0.50757504,0.29626483,0.28422192,0.04638980076086982,0.5009518,0.51347667,0.27694756,0.29330504,-0.024908663160165063,0.49934435,0.49416804,0.27776858,0.28901994,0.0016549810020448506,0.46996722,0.5010962,0.29647562,0.2840734,-0.06904171070410915,4.045323863102916,1.9007915387793088,3.607685601604887,1.8777827389256017,4.246112638928344,1.6967998137878864,4.143494469466396,1.5758156221568982,3.642922281989664,1.7930841494297731,3.9123239890531036,2.171650840580662,3.302389660745494,1.7334465823153966,3.4714023804469463,1.8473711449445172,3.456497943879,1.7303425610538488,3.7197962759165404,1.6136839469769777,0.0033968897067540886,0.012200968036247236,0.01997412384472245,0.025762753800238142,0.034262709986030995,0.03796887644909047,0.04415956618780315,0.04766470275926413,0.053788382534110654,0.054154360029072014,0.3742087781429291,0.04004964977502823,0.03735802322626114,0.035733792930841446,0.03514618054032326,0.03512609750032425,0.034779734909534454,0.034541841596364975,0.03348769620060921,0.03260833024978638,0.0323837548494339,0.031546734273433685,0.0313720740377903,0.031232444569468498,0.030484382063150406,0.030206119641661644,0.030058762058615685,0.030040837824344635,0.029835060238838196,0.029799681156873703,0.011384925781798175,0.011961377720117069,0.015402075226957974,0.011835278858609811,0.011673151750957622,0.012645914396870758,0.010700389105044488,0.010862516212696677,0.013942931258088272,0.011673151750957622,0.008754863813218217,0.007241677475131117,0.007565931690435496,0.008322524859479047,0.008862948551653009,0.009403372243826974,0.009511456982261766,0.00767401642887029,0.00860747553353441,0.008843296781028503,23.91,816.756073,126.98867,0.2466,0.2571
M4H4-3,0.9208350558081853,0.018706076891277387,0.020463001240181893,0.019946258784621744,0.020049607275733773,0.4941228,0.49659207,0.28830066,0.2891747,0.002631119243716233,0.5045816,0.48216125,0.30222735,0.2971982,0.006910832828879884,0.5036955,0.46845576,0.30119208,0.2765423,-0.08078098911382603,0.49071148,0.50649863,0.28385502,0.28542924,-0.009737232024901551,0.46699774,0.48755026,0.28184325,0.26985788,-0.03666192172486115,3.663278543092764,1.9125214723015516,3.8468839829340458,2.050983697374504,4.23771657709874,1.7617986201565836,4.017322596995574,1.4431800428930612,3.939114546521369,2.0061936729718153,3.88084262967016,1.7272114458752366,3.5051854990923754,1.7466227960089638,3.5077468258700186,1.7591765416207408,3.831801904715049,1.7361635464413527,3.7080722683737233,1.8100018752114726,0.003175101346933438,0.012438864914345494,0.01940107231594089,0.025128808683143714,0.03394795344579574,0.03870799006146201,0.043760952007323134,0.04836406433895645,0.054316725513273184,0.05409180070615928,0.37602758407592773,0.03681349754333496,0.034804731607437134,0.03472764045000076,0.033797796815633774,0.033712152391672134,0.033536963164806366,0.03307151049375534,0.03291698172688484,0.03275967761874199,0.03272617980837822,0.032538462430238724,0.03247024863958359,0.03200989216566086,0.031780119985342026,0.031753551214933395,0.031655892729759216,0.031099068000912666,0.03090161457657814,0.030896397307515144,0.012909776617331566,0.01102407890918201,0.012728459530009494,0.014033942558728415,0.011259791122700705,0.011749347258470301,0.011586161879880435,0.011259791122700705,0.012402088772829762,0.013054830287189224,0.008703220191459483,0.008376849434279751,0.008050478677100022,0.008485639686672996,0.01077023498693111,0.007724107919920291,0.010226283724964891,0.0066362053959878545,0.00830761927366587,0.007358177070961199,24.13,820.091591,128.56454,0.2534,0.2557
M4H4-4,0.920214964861513,0.019326167837949566,0.020463001240181893,0.020256304257957835,0.019739561802397686,0.4952803,0.49462917,0.28871977,0.28856897,0.004192922528981232,0.4784792,0.51064986,0.28242993,0.27639735,0.02051503386797787,0.4846637,0.5126691,0.29556593,0.2981309,-0.12279841995797089,0.4822673,0.50237805,0.28122616,0.29730335,-0.0589538851006744,0.46628785,0.5097169,0.28959712,0.28447393,-0.007938079977481895,3.7264700196856975,1.972009701269847,3.6416973372934436,1.9670672674982357,4.071894812188408,1.4396992265618958,4.013749539349787,1.5194284461298733,3.5958994191817677,2.0760898531513927,3.866099243621865,1.6945378298073663,3.463606390508685,1.760592927430806,3.8108419572175847,1.9076424556835094,3.7046311322058574,1.7372772998906616,3.732238349345873,1.7897066700709603,0.0032436236784528527,0.012489991176935592,0.020369548697705492,0.02565318726826706,0.03391014754407708,0.03856138149808494,0.04374811936127134,0.04781284903379795,0.053856393151670005,0.05368809192307104,0.3784478008747101,0.036496926099061966,0.03399466350674629,0.03379838168621063,0.03376172110438347,0.03342460095882416,0.033216677606105804,0.03319837525486946,0.03319837525486946,0.03300081938505173,0.03247227519750595,0.03246461972594261,0.03231136500835419,0.03220224753022194,0.03168417885899544,0.03152845427393913,0.03133349120616913,0.031241387128829956,0.03113858588039875,0.031085053458809853,0.012521588946443193,0.012665515256172426,0.014248704663193978,0.01295336787563089,0.012305699481849345,0.012305699481849345,0.009876943005168554,0.012467616580294731,0.010686528497395483,0.011819948186513187,0.008527633851457002,0.009067357512941623,0.0061528497409246725,0.007879965457675457,0.008095854922269306,0.008419689119160079,0.009175302245238546,0.009930915371317016,0.00942063118227701,0.008125294394713921,23.55,813.366146,126.11556,0.2425,0.2479
M4H5-1,0.9110169491525424,0.023253410500206698,0.02573377428689541,0.019532864820173624,0.020463001240181893,0.49427524,0.4976023,0.2892694,0.28864914,-0.0008597173109222775,0.50319785,0.4874953,0.27158797,0.2761378,0.11045331445090513,0.48868644,0.46889254,0.29094595,0.2902753,-0.01733812177861881,0.49096656,0.48130214,0.27571058,0.28990197,0.027454840155657002,0.4761025,0.4708526,0.2884118,0.2965752,-0.08270086681803093,3.3182447841191993,1.6965083087195936,3.2065994446873556,1.447490946946261,4.119778830459511,1.6413680436648947,4.084965551499609,1.4923799305816559,3.24753893632945,1.8282176418340008,3.5707526341139064,1.598872193965253,3.316172595806088,1.6064797205699453,3.451990518803184,1.6765050219474484,3.4386217997894932,1.6425493817313737,3.6638034525968584,1.6808395251827553,0.0034748378004033726,0.012514275994459699,0.01992159340347808,0.02582638770766003,0.033982941705343474,0.03854721000494091,0.04349217149013033,0.04729505341854381,0.05449177459723471,0.05378708721113892,0.37700310349464417,0.038183264434337616,0.035751424729824066,0.03538203239440918,0.03532762452960014,0.03520037233829498,0.03344239294528961,0.0330648273229599,0.032458871603012085,0.03244524821639061,0.03243016079068184,0.03223060816526413,0.03205638378858566,0.0316484272480011,0.031232455745339394,0.031232455745339394,0.031093277037143707,0.03021625429391861,0.029810830950737,0.02979002520442009,0.011872499677363936,0.012904890953656453,0.011904761904748078,0.012340301974433983,0.012630662020891253,0.011324041811833538,0.0136469221834917,0.01393728222994897,0.010452961672461727,0.010888501742147633,0.009678668215242341,0.008710801393718106,0.008226867982955988,0.009485094850937492,0.008904374758022953,0.008420441347260835,0.007162214479279332,0.007646147890041448,0.009080350543754633,0.007390983000730514,22.71,805.415903,124.58933,0.2486,0.2745
M4H5-2,0.9108102521703183,0.025217031831335262,0.023976849937990905,0.019119470855725507,0.020876395204630013,0.49510425,0.49587667,0.28861433,0.28915104,0.0026165600763331156,0.4832567,0.49090028,0.28647906,0.2836077,-0.015340917563733769,0.44485912,0.48805526,0.2829565,0.276289,-0.05760558348988249,0.49723136,0.51415485,0.28628537,0.2881402,-0.04942921571004495,0.50760686,0.4886726,0.29605615,0.2870781,0.004986858256615587,3.4858363755522035,1.8786358432994763,3.1594409238406644,1.5962786293607858,4.217353050028174,1.7188582815225348,3.9278524203167033,1.3359815310628083,3.4585951067150407,1.7394898119389954,3.912955907909704,1.8421981694544778,3.370128212139143,1.7233991662417731,3.5609045319175614,1.8315134924945722,3.539455682692645,1.5250251624536602,3.4939312456645077,1.6482623501413811,0.0032371876477648854,0.012366784272360237,0.019556493167957906,0.024866935826089065,0.034267308446190345,0.03845423279461034,0.04389400130134136,0.04784248111640539,0.05412286763903539,0.05472504112157842,0.38767537474632263,0.03574148193001747,0.035726338624954224,0.035438235849142075,0.03371841087937355,0.033168382942676544,0.033070921897888184,0.03268172964453697,0.03236665204167366,0.03177153691649437,0.03141320124268532,0.03101521171629429,0.0309753455221653,0.0309702567756176,0.03088909573853016,0.030876753851771355,0.03087081015110016,0.030685512349009514,0.030604492872953415,0.030340373516082764,0.013132483584380303,0.01158748551562968,0.014194669756646357,0.012022016222465792,0.012456546929301905,0.012311703360356533,0.01158748551562968,0.012311703360356533,0.010573580533012081,0.01173232908457505,0.00849748937812843,0.007821552723050034,0.008883738895316087,0.009076863653909915,0.008014677481643862,0.008787176516019173,0.008400926998831517,0.008980301274613,0.008743284525429667,0.007479195196451883,22.3,801.629597,124.30124,0.2411,0.2623
M4H5-3,0.9107069036792063,0.025217031831335262,0.024080198429102934,0.021393137660190163,0.018602728400165358,0.4937073,0.49653113,0.2885354,0.28913257,0.004549383835154729,0.4872551,0.4842317,0.28404695,0.28249848,-0.12389344940314179,0.51104367,0.47494,0.2946347,0.2803823,-0.037370284822714823,0.49776128,0.4850569,0.28860545,0.28632334,-0.00791489861571463,0.4858401,0.51304144,0.29194283,0.28516302,0.002362997399919301,3.4511740246890668,1.7341945214412113,3.0893362693377338,1.6420550424982403,3.785139266226568,1.3410162564279735,4.39932872847026,1.6770728682805986,3.4738641374851014,1.7792904517452859,3.498187508510371,1.5838515696384758,3.6027688423974844,1.9384946701713357,3.3704142486577156,1.688374431703346,3.7425062516572227,1.937344473413832,3.946834784545716,2.0197772190065524,0.0034009060985534002,0.01278983614920261,0.020113930354301538,0.025332701736486458,0.03306571441295907,0.03841404412270793,0.04368139987772933,0.04825642831983093,0.05424040357419037,0.05403796868737171,0.38890576362609863,0.03451335430145264,0.0339367501437664,0.033450063318014145,0.03343227505683899,0.03302633762359619,0.03263882175087929,0.03254912421107292,0.032497867941856384,0.03248535096645355,0.032374631613492966,0.031892094761133194,0.03158445656299591,0.031174063682556152,0.03103557787835598,0.030996212735772133,0.030996212735772133,0.030871937051415443,0.030840348452329636,0.030798740684986115,0.012088477366241154,0.01247427983537651,0.011863425925912194,0.011574074074060678,0.012008101851837955,0.011140046296283403,0.015046296296278882,0.010850694444431886,0.012731481481466746,0.012152777777763713,0.007523148148139441,0.008969907407397025,0.00945216049381622,0.009259259259248543,0.00858410493826167,0.008294753086410154,0.007812499999990958,0.008777006172829347,0.007996632996623742,0.007996632996623742,21.93,804.589489,124.51658,0.2446,0.2618
M4H5-4,0.9105002066969822,0.023460107482430756,0.026043819760231502,0.0211864406779661,0.018809425382389416,0.49337643,0.49468344,0.2886729,0.28763095,0.00116700352430241,0.49849576,0.47102964,0.29842702,0.3030909,0.04987301316978496,0.4853368,0.5285176,0.28194708,0.30266806,-0.049530833480873164,0.5116002,0.5047954,0.296164,0.2907394,-0.04497293528921354,0.50556153,0.52332836,0.27449688,0.2924784,-0.0012623688107944156,3.539531906431179,1.90302223293331,3.245089926584014,1.6753187624104682,4.030624460629454,1.4357519042460838,4.29489854277118,1.701324733247988,3.2064767741261293,1.5049126896925344,3.4265998294181914,1.6048657968102207,3.518442223625973,1.8126672493569733,3.3012337971978685,1.7499065336628716,3.521991547131182,1.5572220847719778,3.4222217705883873,1.471885502815586,0.0036022994817014836,0.012845151038676882,0.020690343674345472,0.02645152702556551,0.034180248084458534,0.038327468157502854,0.04323591317875891,0.047528722722772684,0.05286561675859602,0.05360604321095499,0.3798510730266571,0.040183838456869125,0.03632235527038574,0.03620442375540733,0.03501056879758835,0.034435153007507324,0.033349379897117615,0.0323994904756546,0.032382797449827194,0.032293714582920074,0.03205073997378349,0.0319184884428978,0.031025368720293045,0.030633656308054924,0.030620045959949493,0.030615685507655144,0.030446676537394524,0.030132871121168137,0.030076777562499046,0.03004685416817665,0.011803951757748751,0.012445470875017706,0.011691685912226683,0.011547344110841169,0.0128464203233108,0.010825635103913597,0.0128464203233108,0.012124711316383228,0.013856812933009404,0.011980369514997714,0.008564280215540534,0.008564280215540534,0.00817936874517916,0.00904541955349225,0.007698229407227447,0.00654349499614333,0.007986913009998476,0.008564280215540534,0.009132899433119833,0.010707537266416357,23.87,806.63835,123.08709,0.2444,0.2449
M4H6-1,0.9007854485324515,0.032864820173625464,0.02635386523356759,0.019739561802397686,0.020256304257957835,0.4931231,0.49640834,0.28850788,0.2884806,-0.005888291090098698,0.49010584,0.5058896,0.29600105,0.28141898,0.02161542632295736,0.5096126,0.5146228,0.29008147,0.29130796,0.04918044060543499,0.4996169,0.47692788,0.288856,0.29727325,0.09300580383150124,0.5087108,0.44443965,0.279789,0.29020506,0.07693351728817735,2.979408514107515,1.5410052670603291,3.2129200312727146,1.5601306412427705,4.072111517324012,1.5243578821198123,3.97600455800309,1.7562018385128153,3.233148291027453,1.5720306708563452,3.46396294947884,1.4776165340658496,3.3824384828781078,1.75978571383048,3.4753639487945875,1.8461094044565223,3.7755010353168483,1.870436609134882,3.7570744786318744,1.8073711060246063,0.003524881018448447,0.012717151842322116,0.020429510788221247,0.025689924827203472,0.03428014059162841,0.03853825067689151,0.043112523754267364,0.04765316247078015,0.05373089147873467,0.05365689588483595,0.4027118980884552,0.0436081625521183,0.0341828353703022,0.03407156094908714,0.03378545492887497,0.03214900568127632,0.031700581312179565,0.031099241226911545,0.03080274723470211,0.030466336756944656,0.030034495517611504,0.029976431280374527,0.029973169788718224,0.02974184975028038,0.029689423739910126,0.029397256672382355,0.029352942481637,0.029282836243510246,0.029003743082284927,0.02897004596889019,0.01180555555554326,0.01226851851850574,0.0113281249999882,0.01249999999998698,0.012369791666653782,0.012109374999987385,0.011458333333321398,0.011458333333321398,0.014062499999985352,0.012630208333320177,0.009374999999990235,0.0076388888888809315,0.00842013888888012,0.009201388888879305,0.00894097222221291,0.008072916666658258,0.008072916666658258,0.007899305555547327,0.008617424242415267,0.008522727272718396,21.88,793.547162,124.01436,0.2513,0.2555
M4H6-2,0.9008887970235635,0.028524183546920216,0.03059115336916081,0.020773046713517984,0.019222819346837536,0.4940626,0.49603054,0.288962,0.28845558,-0.0005224237017676643,0.50013256,0.48931468,0.2759646,0.28625974,-0.011732614074782755,0.49101844,0.51494503,0.28906715,0.29267123,-0.01151246696500909,0.48762286,0.49127245,0.2887161,0.2945011,0.10332093575021747,0.48852608,0.46710405,0.2916215,0.28663445,-0.05462926291869741,3.159589402523223,1.6348675508775072,2.8100295356837197,1.5538805679317667,4.023452354526584,1.6901500732945212,4.302459673221079,1.629572774371563,2.874319158357324,1.4851534197677592,3.5414257436348637,1.6762317792246302,3.610377668800427,1.804169659730193,3.6883428068400024,1.9985245338010196,3.763469389438004,1.7169113667425075,3.788581184766874,1.6616499231567838,0.003454951600893522,0.012307437743029703,0.019683957971374205,0.025131132621825102,0.03429138744105237,0.03880201869777447,0.04427566807313643,0.04758831802763299,0.05356829651691901,0.05423016463969554,0.3993304967880249,0.038163505494594574,0.036196671426296234,0.034940578043460846,0.033189624547958374,0.03297554701566696,0.032530639320611954,0.03234761208295822,0.03139093145728111,0.030741244554519653,0.030680721625685692,0.030557651072740555,0.03035305254161358,0.030099917203187943,0.029606470838189125,0.029589883983135223,0.029473841190338135,0.029417334124445915,0.02931256964802742,0.029101794585585594,0.012049588691911894,0.012281311551371738,0.012122002085493095,0.012643378519277744,0.012252346193939258,0.01120959332636996,0.012904066736170068,0.01407716371218553,0.011079249217923796,0.011339937434816122,0.00895029544663648,0.00842891901285183,0.008689607229744154,0.007994438651364622,0.008776503302041595,0.008168230795959505,0.00851581508514927,0.008342022940554387,0.008247227225320815,0.008626410086255107,21.75,791.730888,123.69411,0.2495,0.2553
M4H6-3,0.9007854485324515,0.031107895824720958,0.028110789582472095,0.02170318313352625,0.018292682926829267,0.49314272,0.4960758,0.2887798,0.28893352,-0.0006223586904706952,0.48987114,0.5036883,0.29109037,0.29557264,-0.023222477749452373,0.48762554,0.50352067,0.2823839,0.2799847,0.00032516540170868155,0.52804875,0.49491528,0.2842774,0.27518642,0.0953316434397645,0.5073033,0.45595136,0.2900508,0.28919268,-0.026514594222219447,3.068614209684104,1.539799417913642,3.066670584994673,1.6404632755482667,4.0383596873401615,1.5830150820354125,4.466848759620363,1.7777110307810187,3.204608291959833,1.71070131353747,3.8688467150569497,2.13703271297453,3.612042779216297,1.7078062274781276,3.3757803539951565,1.9186747728401705,3.754178592291955,1.7090491448550373,3.924061991687792,1.8196871420425675,0.0033451959634197234,0.012516553462343543,0.019890443189174448,0.025325565117952663,0.033931722513037395,0.03896923274085904,0.04375371734079923,0.047976287884015686,0.0537893052310584,0.053835309890673214,0.4111025929450989,0.03623238205909729,0.032689280807971954,0.031611256301403046,0.031515445560216904,0.03151148557662964,0.03128433972597122,0.031062329187989235,0.030963167548179626,0.030955810099840164,0.03074025548994541,0.030480502173304558,0.030351366847753525,0.030307384207844734,0.02997623011469841,0.02994094043970108,0.029893187806010246,0.02985343337059021,0.029781507328152657,0.02974729984998703,0.010763888888877677,0.0126157407407276,0.012369791666653782,0.012109374999987385,0.012109374999987385,0.012239583333320585,0.012369791666653782,0.012630208333320177,0.011979166666654188,0.012890624999986573,0.007725694444436397,0.00894097222221291,0.008333333333324653,0.00980902777776756,0.008680555555546515,0.008333333333324653,0.007465277777770002,0.009027777777768373,0.008238636363627781,0.008143939393930912,21.7,796.264692,123.89391,0.2454,0.2667
M4H6-4,0.9008887970235635,0.030177759404712692,0.028937577511368336,0.019429516329061595,0.020566349731293922,0.4947873,0.49575835,0.28879786,0.28907046,0.0017534911044723627,0.4713916,0.4901904,0.2829988,0.28651378,-0.029887242824620228,0.48902437,0.49718523,0.28492847,0.28314295,-0.012941701266425076,0.48585886,0.47723585,0.29007557,0.276829,0.0324245057905055,0.5026351,0.51963204,0.2927413,0.2910313,-0.0512995004472632,2.9896540414186266,1.529498601798395,2.902725519687197,1.4781403326717593,4.163355500038928,1.5442007922153733,4.197113370334898,1.5538307856149867,2.997444816132835,1.5355097940628877,3.840485851821375,1.900968732144216,3.3559178753635663,1.688439786443516,3.6417448402633146,2.1184179281755346,3.5866019055790876,1.551681456461032,3.411536437866137,1.4290801926209096,0.003507314596889566,0.012493160077266403,0.019916536460908605,0.02567855329865575,0.033942498500161525,0.03838597601576973,0.04305030886783621,0.04754652795632998,0.05445237765603264,0.05436007990348292,0.4051317572593689,0.03629857301712036,0.03398504480719566,0.03270572051405907,0.031829848885536194,0.03174707666039467,0.031496331095695496,0.031453169882297516,0.03131723776459694,0.031230809167027473,0.031230809167027473,0.03076568990945816,0.03055521845817566,0.030519988387823105,0.030402962118387222,0.030246233567595482,0.030243052169680595,0.02967415191233158,0.029650207608938217,0.029516048729419708,0.012281311551371738,0.013324064418941036,0.011470281543262283,0.011079249217923796,0.014859228362862504,0.012382690302385419,0.011470281543262283,0.012643378519277744,0.009775808133462174,0.012513034410831582,0.007646854362174855,0.00955856795271857,0.008342022940554387,0.00782064650676974,0.008689607229744154,0.00947167188042113,0.008689607229744154,0.007733750434472298,0.008721205801488678,0.008057635794853671,21.18,795.988653,122.98205,0.2377,0.2451
M4H7-1,0.8912773873501447,0.03431169904919388,0.03441504754030591,0.019119470855725507,0.020876395204630013,0.49185622,0.4951387,0.28874594,0.28934857,0.004307162040264753,0.5346386,0.49903002,0.28794634,0.2894059,-0.006051733809073539,0.50494397,0.49852395,0.2868385,0.28414914,-0.03823995504527318,0.50177985,0.514109,0.27314344,0.27476257,0.0002832195918559096,0.48889154,0.4956788,0.29703557,0.27718657,-0.11990447995992375,2.7233392113425707,1.3562623773995826,2.753187265354798,1.5135490585901203,4.053594822582593,1.5975458672962661,4.212489007156691,1.6402987316158217,2.9161544199439904,1.509693985270396,3.8975861703051757,1.9577840612764221,3.3304143606803627,1.559627061741422,3.7720047241609307,1.857594961122122,3.644181849481272,1.5670591512916767,3.654280163082896,1.714096958048387,0.00351334120104722,0.012487961041251237,0.0197289708216335,0.025768119480730885,0.03396410694664876,0.03862233616842334,0.04367395108452366,0.047846552449165074,0.053961665242339155,0.053766328897570506,0.40221521258354187,0.034960173070430756,0.034960173070430756,0.033999450504779816,0.033872418105602264,0.033152222633361816,0.03306001424789429,0.032690778374671936,0.032600972801446915,0.031955234706401825,0.03126510977745056,0.030833283439278603,0.02970735728740692,0.02959611639380455,0.029436910524964333,0.02934291400015354,0.029103342443704605,0.029100069776177406,0.029093757271766663,0.029054531827569008,0.011195606252629832,0.010984368398806626,0.01211977186310635,0.011525665399228589,0.013189163498086322,0.01069391634979972,0.013664448669188532,0.012713878326984113,0.012832699619759665,0.013307984790861874,0.006970849176165744,0.008951204055758284,0.008634347275023478,0.007921419518370163,0.009030418250941986,0.009822560202779003,0.007525348542451656,0.009030418250941986,0.00872796405114967,0.00812305565156504,20.32,788.715789,122.20058,0.2536,0.2549
M4H7-2,0.8914840843323687,0.037308805291442745,0.031211244315832987,0.020773046713517984,0.019222819346837536,0.49509564,0.49604762,0.28892547,0.2887466,-0.001997199730006902,0.47702858,0.4840368,0.28677282,0.2927798,0.04010202633983307,0.4742368,0.4800202,0.2873907,0.2787801,0.0785917132633095,0.50206286,0.51247996,0.28911725,0.2911285,-0.048485239772936506,0.49442697,0.512803,0.2787724,0.28773227,-0.07081310595017551,2.741905648944011,1.4403996654479068,2.9985544551235552,1.494602536654005,4.125650001225698,1.4858895614343053,4.2629108915436875,1.515035532996527,2.8491243577000884,1.5794552098780856,3.400155657519993,1.6131882740963244,3.503564445232504,1.9285994949438483,3.326574617570275,1.6558527511843355,3.6729283949250884,1.8077265145614205,3.6614057784578837,1.8573715617802606,0.0035974667268524217,0.01254599422763894,0.019645177616370524,0.0256391316836965,0.033788830070991836,0.03840945463498707,0.04366750106009001,0.047645232330693364,0.054227365368569355,0.054167179613443306,0.4151814877986908,0.034659046679735184,0.03453178331255913,0.03363098204135895,0.03340613842010498,0.03173935413360596,0.03173656389117241,0.03038131818175316,0.03021487221121788,0.030089732259511948,0.030089732259511948,0.029869036749005318,0.02981104515492916,0.02960130386054516,0.029586119577288628,0.02939516305923462,0.029317596927285194,0.029007896780967712,0.02888640947639942,0.02886437438428402,0.012486772486760594,0.012063492063480574,0.012499999999988095,0.013333333333320634,0.013095238095225623,0.010833333333323016,0.012619047619035602,0.012261904761893084,0.01154761904760805,0.011190476190465534,0.007936507936500378,0.009206349206340439,0.0084126984126904,0.009603174603165458,0.0084126984126904,0.007222222222215344,0.00880952380951542,0.00777777777777037,0.008917748917740425,0.008484848484840404,21.43,788.508294,122.37371,0.2674,0.27
M4H7-3,0.8912773873501447,0.0357585779247623,0.03296816866473749,0.019326167837949566,0.02066969822240595,0.49385718,0.49555045,0.28870237,0.28785336,-0.0036677700000091787,0.49844918,0.49904478,0.29254368,0.28900403,0.0628401426619516,0.50638425,0.5146645,0.28489488,0.30596417,-0.04927229397403541,0.45982784,0.4776126,0.2854649,0.28881922,0.017138170814281366,0.49993902,0.4860593,0.28625435,0.29270416,0.10215072265564863,2.7716286389896756,1.3289287287680087,2.8385205221539396,1.375734169634169,4.142169630645808,1.7282406596575448,4.044740876632038,1.396449512478661,3.001090353671467,1.601783700866064,3.7061717409096575,1.8649836083066849,3.468028037407399,1.9343132266837804,3.549755675984492,1.9219535601077529,3.5997530428473445,1.8453764911658666,3.8406841325248195,1.8407017214440684,0.003554950457605325,0.012793899716220266,0.01966848476189676,0.025470141497673453,0.03357173072020663,0.03853017225681926,0.04410211588186023,0.04757302495748907,0.053909745158516056,0.05415906792504629,0.41919466853141785,0.03997190296649933,0.03364681825041771,0.03275042027235031,0.032674867659807205,0.03215847909450531,0.030570492148399353,0.03054056502878666,0.030180729925632477,0.03012981079518795,0.030118025839328766,0.02973703108727932,0.029363736510276794,0.02936350740492344,0.028705894947052002,0.028311297297477722,0.028189491480588913,0.02818487025797367,0.028172746300697327,0.02803473360836506,0.01161808196027624,0.012040557667922648,0.013307984790861874,0.010931558935350826,0.014377376425841847,0.011288022813677483,0.011763307984779692,0.013664448669188532,0.010099809885921959,0.012951520912535217,0.008475918884656075,0.009505703422044195,0.008792775665390882,0.0072084917617168485,0.008475918884656075,0.008159062103921269,0.00776299112800276,0.008475918884656075,0.008209471137219988,0.00976494987900904,21.35,777.781693,121.98513,0.2505,0.2707
M4H7-4,0.8908639933856966,0.033588259611409675,0.035551880942538236,0.01808598594460521,0.021909880115750312,0.49329975,0.49591115,0.2882207,0.2893936,-0.0070051137203989,0.5027017,0.50850064,0.2962695,0.2834152,0.14867447710512613,0.4967031,0.48694322,0.28899932,0.28811294,-0.025965367013587325,0.49254358,0.50939465,0.2880109,0.2821708,0.10102071792561369,0.50149566,0.47325712,0.29398012,0.27081633,0.017696215418553946,2.757343315384385,1.4623940312526955,2.8327436784871605,1.27200829889437,4.175657670437967,1.7331713762096856,3.938915109125625,1.5262003098359578,2.852562354608029,1.4543712405643863,3.8442033410832215,1.8154742703356457,3.338329086707841,1.9501926101112939,3.695604490391822,1.9220436094538316,3.5997851474793734,1.7997836843886432,3.7473960732292095,1.9025981743929654,0.0034753292669244427,0.01235794249561479,0.01986410641622404,0.02535348477012202,0.0347204549123916,0.03854605358574622,0.0434689806339329,0.04746971401050261,0.053949698029460945,0.05412756921241377,0.40929460525512695,0.04173717647790909,0.034839436411857605,0.03293617069721222,0.032341405749320984,0.031776659190654755,0.03170331194996834,0.03144431859254837,0.031225308775901794,0.031097006052732468,0.030217820778489113,0.02983585000038147,0.029815437272191048,0.029217887669801712,0.02887459099292755,0.028786221519112587,0.02878503128886223,0.028734620660543442,0.028671875596046448,0.028665192425251007,0.012731481481469426,0.011574074074063113,0.011482007575746703,0.012547348484836603,0.011718749999988903,0.011955492424231103,0.011600378787867802,0.012192234848473303,0.013139204545442103,0.013020833333321003,0.007733585858578535,0.008680555555547335,0.008207070707062935,0.00883838383837547,0.009706439393930202,0.008759469696961402,0.008680555555547335,0.007575757575750402,0.00835055096417942,0.008178374655639638,20.56,781.538597,121.50003,0.2406,0.2598
M4H8-1,0.8811492352211657,0.03792889623811492,0.040926002480363786,0.02128978916907813,0.018706076891277387,0.49508676,0.49793252,0.28927946,0.28841138,0.0019281125829709572,0.48082674,0.48674548,0.2770944,0.28896713,-0.01531422026711168,0.49350208,0.46443248,0.29263195,0.29077607,-0.06794420665547869,0.469157,0.47585157,0.27240956,0.29473436,0.035975796313249715,0.49366662,0.50304335,0.28939274,0.28304613,0.0405751531382323,2.682160520703415,1.387770135632833,2.653008324813929,1.2760146923662983,4.087795829579191,1.4857324738425546,4.360630918352404,1.5772318868347468,2.537088107064473,1.2643600279652385,3.453368832825723,1.6787235967475913,3.6099920317452088,1.8427562091246446,3.3570224777347337,1.8628738749262486,3.8442063390359844,1.8083300088466587,3.5338217654724553,1.6436009607634852,0.0035564154991103245,0.012297650249978273,0.01962546713689112,0.025876067496420716,0.03396090916160078,0.03872719205558529,0.043278489060877605,0.04796929818542761,0.053975180565275664,0.05406666392216596,0.42829281091690063,0.03354727849364281,0.03297109156847,0.03256242349743843,0.031935449689626694,0.03192746639251709,0.030538776889443398,0.030510665848851204,0.03050454705953598,0.03021303005516529,0.029578305780887604,0.029305417090654373,0.02920341305434704,0.029065988957881927,0.028867948800325394,0.028518907725811005,0.028346814215183258,0.02810290828347206,0.02807040698826313,0.02793632261455059,0.0132367149758339,0.012173913043467675,0.010652173913034215,0.013260869565205861,0.013152173913032042,0.012826086956510586,0.013260869565205861,0.01097826086955567,0.010652173913034215,0.011630434782598582,0.009565217391296031,0.008405797101441966,0.009565217391296031,0.008623188405789602,0.008260869565210207,0.007536231884051417,0.008333333333326087,0.008405797101441966,0.008142292490111497,0.007826086956514934,19.35,768.269416,121.9678,0.2592,0.2628
M4H8-2,0.882079371641174,0.040202563042579575,0.03772219925589086,0.02066969822240595,0.019326167837949566,0.49412745,0.4938121,0.28829178,0.28870723,-0.008897564069539165,0.46764687,0.5332883,0.28156877,0.2876931,0.05432155177988839,0.5073839,0.4997678,0.2953887,0.29829326,0.10985579041915029,0.517439,0.5036864,0.29785198,0.2758674,0.042636021152309224,0.48676145,0.49043778,0.2921861,0.2772002,0.04609261840757793,2.6018105757793943,1.3344325619778867,2.600646611931189,1.2878489849629131,4.227756245839402,1.6158827698091003,4.125932900180719,1.5419945596281754,2.743079426375263,1.432253726186517,3.3235828929693345,1.4998088456910104,3.5143082270258095,1.6544005816096754,3.326334524610664,1.586291444908963,3.7437963418826183,1.7210668616550446,3.498338174413847,1.6482202575623186,0.0034721478530512777,0.013079454832330242,0.02063298278680917,0.02608275563361344,0.03412890497642795,0.03856725709838863,0.042879479106427636,0.047462999850071755,0.05325070620964729,0.05377664498656595,0.41891801357269287,0.035737525671720505,0.033157628029584885,0.03281960263848305,0.03183615952730179,0.03132908418774605,0.03132908418774605,0.031210720539093018,0.030611319467425346,0.030489811673760414,0.030436906963586807,0.029855787754058838,0.029740165919065475,0.029321597889065742,0.02928285300731659,0.029004840180277824,0.028944125398993492,0.02894224040210247,0.02863447181880474,0.02839801087975502,0.012464699581253073,0.011393514460989138,0.013255915863266209,0.013365468886929566,0.012379491673959351,0.011503067484652496,0.010078878177028853,0.011393514460989138,0.013036809815939495,0.013146362839602852,0.007814782354652806,0.00803388840197952,0.007595676307326092,0.00803388840197952,0.008252994449306234,0.009932807478811045,0.009202453987721996,0.007522640958217188,0.009720341008676048,0.008764241893068568,19.32,773.874599,118.59133,0.2321,0.2347
M4H8-3,0.8815626291856139,0.04144274493592393,0.03699875981810666,0.018706076891277387,0.02128978916907813,0.49557373,0.49574384,0.28791478,0.28832328,0.00015487071910703654,0.4705918,0.48824972,0.29678956,0.29460967,-0.003565906080744652,0.48392153,0.49685162,0.29777366,0.2850837,-0.049932996639449174,0.4836949,0.48684335,0.28369394,0.30075875,0.0647205225929182,0.49638882,0.5171137,0.28886798,0.2853171,0.025907780528996546,2.547185878753152,1.3392683115427173,2.6514751446069473,1.3012083786551665,4.197398179753726,1.5486843145830178,4.100371341631927,1.4951583695528632,2.689443565836171,1.4657555870082033,3.882031881403386,1.8374472813302525,3.515030132735477,1.8533987311786637,3.559991367341474,1.8123360679281868,3.661087516968538,1.7308609227431497,3.6495635904358554,1.7195722413692316,0.003697257609693235,0.012565920557703374,0.02041932369906463,0.025921223447508454,0.033974349829521945,0.038101963469668224,0.04337085277068443,0.04734154100746109,0.05392289731847773,0.05401800362355022,0.4143558442592621,0.03505322337150574,0.03492698445916176,0.0338316448032856,0.03311750292778015,0.03285948932170868,0.03250453993678093,0.03202308341860771,0.03179507702589035,0.03150182589888573,0.030899323523044586,0.029343703761696815,0.02934219315648079,0.028712421655654907,0.028695419430732727,0.0286692027002573,0.02852391079068184,0.02809862792491913,0.027961740270256996,0.02778422087430954,0.014737250339331721,0.012022493697875877,0.011561954624771761,0.011889179755661528,0.013198080279220595,0.011343804537511916,0.011343804537511916,0.011561954624771761,0.012325479930181217,0.011671029668401684,0.008726003490393782,0.008362420011627375,0.008871436881900344,0.00908958696916019,0.007998836532860966,0.006908086096561745,0.008798720186147064,0.008726003490393782,0.00840869427256128,0.008884658099310033,19.83,774.956612,120.43562,0.2565,0.2614
M4H8-4,0.8813559322033898,0.038135593220338986,0.04051260851591567,0.019946258784621744,0.020049607275733773,0.49402544,0.49472725,0.2888322,0.28903145,-0.0006585465044544846,0.47293276,0.50473106,0.29579177,0.28492707,-0.01675490086258374,0.48292062,0.49442232,0.2839949,0.27566314,-0.017260395747007676,0.5221155,0.51295334,0.29048854,0.29848054,0.05279194392177623,0.5225044,0.50982875,0.26925296,0.2940921,0.034450525920851904,2.7576678397069,1.3209320882548194,2.5971639457674955,1.339983494426714,4.123738836529165,1.6742365912682395,4.114632784548277,1.7461897066525902,2.4626961650496586,1.2176013604232088,3.661298807854946,1.651569667774638,3.638104208319279,1.9113049621393337,3.547232685838122,1.7243151456451509,3.680649505735982,1.7616269241831835,3.924869033318276,1.8420994903748171,0.003442881652950189,0.012404466341875166,0.01988889194718927,0.02559109300597286,0.033869147559935045,0.03849329773471691,0.044012000770691694,0.04813153138274935,0.05386584459552448,0.053634178341728365,0.4273829162120819,0.032627832144498825,0.03258449584245682,0.030939944088459015,0.03090626932680607,0.03082289732992649,0.03079134412109852,0.03079134412109852,0.030754107981920242,0.030650565400719643,0.030315177515149117,0.029693003743886948,0.02955975942313671,0.029497012495994568,0.02949489653110504,0.028844017535448074,0.02876937761902809,0.028684603050351143,0.028522994369268417,0.028367463499307632,0.012485481997666244,0.011807975222599083,0.013610627177688493,0.010888501742150794,0.01219512195120889,0.011541811846679842,0.013392857142845476,0.012086236933787381,0.011868466898944366,0.012086236933787381,0.007912311265962911,0.008638211382106296,0.007694541231119895,0.008347851335648943,0.00842044134726328,0.008928571428563651,0.008783391405334974,0.008783391405334974,0.009185936015196306,0.008077288565086408,19.49,768.28576,120.87868,0.2646,0.2861
M4H9-1,0.8728813559322034,0.041856138900372056,0.04526663910706904,0.0211864406779661,0.018809425382389416,0.49476442,0.49560118,0.28933632,0.28879395,0.0005194078767850024,0.48611864,0.48372045,0.28679353,0.29653198,-0.029344603857973724,0.49348477,0.50085133,0.28816122,0.27762836,-0.015081629652776273,0.49863178,0.5017363,0.27799818,0.29294518,-0.0063655607300295,0.46689895,0.5110822,0.27194273,0.28494945,0.09306602833300077,2.512760150931954,1.2440919656320237,2.4370372420074613,1.2800293167911911,3.9534222402834196,1.5124568624473669,4.091332923773838,1.6282213599366977,2.4926650814126536,1.1942055789291706,3.5472640535583646,1.669517326865178,3.9799063641246435,2.0499562535435074,3.3869739376112142,1.7290444645972114,3.814718741047263,1.827110255459941,3.8511221918145195,1.9576190890620346,0.0034352312036498582,0.012501923449699543,0.020041846271904844,0.025607360467463224,0.03373680813264509,0.0386728296992624,0.043612848044476155,0.04798732221829206,0.05362278003928834,0.054114383806651845,0.43881088495254517,0.037557780742645264,0.033333323895931244,0.03325534611940384,0.03099627047777176,0.03036068193614483,0.030136708170175552,0.029886402189731598,0.028891004621982574,0.028627917170524597,0.028461555019021034,0.028177626430988312,0.028093785047531128,0.027974018827080727,0.0277998223900795,0.027775170281529427,0.02767203189432621,0.02749565988779068,0.027354687452316284,0.027339400723576546,0.012014453477858344,0.011653116531155838,0.013313008130070478,0.012499999999989837,0.013617886178850718,0.011483739837389038,0.012499999999989837,0.012601626016249918,0.011382113821128957,0.010975609756088639,0.008401084010833278,0.008807588075873599,0.008130081300806398,0.007588075880752639,0.008739837398366878,0.009281842818420637,0.009349593495927358,0.008197831978313119,0.006947524020689103,0.009238728750916362,19.54,754.175574,121.09538,0.26,0.262
M4H9-2,0.8725713104588673,0.04402645721372468,0.0434063662670525,0.020773046713517984,0.019222819346837536,0.49452135,0.4946079,0.28887632,0.2888548,0.006214981647781783,0.47623956,0.50746006,0.29203382,0.28406465,-0.061648472853253325,0.49909988,0.5016748,0.27664047,0.29734045,-0.03014170771072066,0.4649921,0.51083565,0.2780951,0.27697492,0.028074914792082174,0.5257671,0.49175325,0.30344355,0.28165784,-0.08811400780209065,2.4854739590142625,1.2164276363052313,2.442159204243438,1.2091521398564922,3.997836460756493,1.4617477956612825,4.373606526381588,1.5898049977550714,2.5435234573708576,1.2982364958931736,3.6364066164485584,1.7899097649874702,3.6092972746356025,1.8892372309382988,3.528922162502481,1.922682597570075,3.676742739306557,1.764906842382862,3.817140635116253,1.7368080056129414,0.0034284575925095867,0.012552417949101051,0.020192240649434732,0.02565466407689626,0.03415907166691568,0.038414263658548733,0.043336819562727225,0.048141839733054435,0.05379152348224513,0.053662034961900494,0.4483187794685364,0.032832562923431396,0.030910104513168335,0.030528783798217773,0.030421776697039604,0.02962561510503292,0.02918722853064537,0.0291142500936985,0.028751639649271965,0.02875065989792347,0.028664108365774155,0.028513260185718536,0.028457684442400932,0.02836764045059681,0.028171265497803688,0.028084594756364822,0.027924563735723495,0.027924563735723495,0.02779114991426468,0.027659688144922256,0.011444534558880507,0.012886365684408761,0.012570965125699456,0.013280616382795393,0.013280616382795393,0.011354420113534993,0.010847526358466466,0.011962692619617224,0.011759935117589814,0.012570965125699456,0.008245471749114696,0.00817788591510556,0.008110300081096424,0.00797512841307815,0.008583400919160381,0.008786158421187792,0.008718572587178655,0.008110300081096424,0.010027280100264668,0.008110300081096424,18.56,760.593693,122.73662,0.2598,0.2648
M4H9-3,0.8711244315832989,0.04319966928482844,0.045680033071517155,0.020049607275733773,0.019946258784621744,0.49362972,0.49508157,0.28798148,0.2886504,0.003211306115316386,0.49892053,0.5087584,0.2975964,0.29504657,-0.04051097407405002,0.48350075,0.4931168,0.28451648,0.28755516,-0.034551670699396804,0.4959769,0.4986895,0.29819542,0.2823901,0.05528014837033556,0.5166814,0.50048304,0.29642504,0.2832935,-0.029600892758313284,2.648969776704506,1.3050114236611041,2.3863729608173583,1.2032281697713774,4.0798261202650545,1.7229105868438612,4.078263356017997,1.4786550810455261,2.449424668023906,1.2547834375308817,3.63330992671144,1.5901962294730934,3.5655875992320873,1.8377960069364208,3.3934669947110843,1.7057904684697816,3.6703824965269765,1.782586210020914,3.643020951571631,1.6949124588949547,0.0037284574110122075,0.012639792042073715,0.020211212291052705,0.025996749652968203,0.03414672363813875,0.038313114085573724,0.04323885631176011,0.04739721129063687,0.05345796345067127,0.0542032531594458,0.4371919333934784,0.03423116356134415,0.03182477131485939,0.030239926651120186,0.030044861137866974,0.0299794003367424,0.029526954516768456,0.02946845255792141,0.02946845255792141,0.029450902715325356,0.02943713217973709,0.029404202476143837,0.02921350486576557,0.029144594445824623,0.02878892421722412,0.028748927637934685,0.02868889831006527,0.02851126901805401,0.028346138074994087,0.028289634734392166,0.01300899937627042,0.013276307582632142,0.0097233360064076,0.010725741780264053,0.013331996792290832,0.012129109863663088,0.0108259823576497,0.013632718524447768,0.012129109863663088,0.01293103448274825,0.008152900294032489,0.007818765036080338,0.0077519379844899075,0.010024057738564535,0.009155306067888943,0.007818765036080338,0.00842020850039421,0.008219727345622919,0.007800539476555675,0.009623095429021955,18.84,759.1146,121.5821,0.2605,0.3051
M4H9-4,0.871434477056635,0.04464654816039686,0.04392310872261265,0.019946258784621744,0.020049607275733773,0.49430165,0.49614966,0.28933096,0.28845534,-0.0019268026462394628,0.50110096,0.4909173,0.29397127,0.293768,0.015454384137615015,0.48490673,0.4806381,0.2808444,0.2839222,0.010262821097170471,0.4950714,0.4915693,0.28264093,0.2928464,-0.017490959074471284,0.47906712,0.52704,0.26841468,0.28971666,0.050238258919958,2.510621689066471,1.1426176222539703,2.5123183445281163,1.272800550608719,4.106377485108661,1.612080595431174,4.2641267248968955,1.5885241077901138,2.636383470513177,1.4316012700486471,3.7227548328651014,1.7624909169006533,3.56701663749663,1.768684301867941,3.551703677031973,1.7952849493551417,3.650045158072001,1.7775047918955418,3.5600450909577486,1.7274576806482225,0.0034917506162202142,0.012412927542732143,0.020084942981187827,0.025903871613739596,0.034000798676478976,0.03864925315880482,0.043091153379326085,0.04780649209880769,0.05383984372694707,0.05405229953908892,0.4518755078315735,0.031721893697977066,0.031647928059101105,0.030745787546038628,0.030184561386704445,0.029845358803868294,0.029826710000634193,0.0289154089987278,0.028688300400972366,0.028623761609196663,0.028357932344079018,0.02820277214050293,0.02798541635274887,0.027813615277409554,0.02780100330710411,0.02776721864938736,0.027658037841320038,0.02755723148584366,0.027429794892668724,0.02735179476439953,0.013308324401561293,0.011164701679162158,0.010751607717033158,0.013364147909957103,0.01205787781349513,0.013062700964619724,0.011756430868157752,0.013364147909957103,0.013263665594844643,0.009847266881021024,0.008976420150046375,0.008842443729896428,0.007636655948546916,0.008038585208996753,0.008507502679521564,0.009847266881021024,0.007703644158621889,0.008105573419071727,0.00811166325635127,0.00898859982460546,19.02,763.742369,120.44718,0.2547,0.2807
M4H10-1,0.8629599007854485,0.04909053327821414,0.04795369987598181,0.02108309218685407,0.018912773873501446,0.4936527,0.4969715,0.28850508,0.2891584,-0.0024336300612606315,0.5002824,0.48702943,0.2943091,0.28778756,0.00934753878742421,0.4992378,0.4901191,0.28499573,0.2778119,-0.0022922110034119393,0.5008369,0.4668079,0.30118644,0.28272188,0.10572724133530532,0.46747965,0.50986385,0.27354023,0.29919752,-0.018769066953063535,2.359066741466548,1.112164274046014,2.407849256459517,1.1861717150049134,4.171138771028216,1.531894053791223,4.416001331325184,1.7341075407960354,2.4583128460896524,1.2108557449015636,3.51508859368948,1.70323054334323,3.5815244822187013,1.8134144195280546,3.4592924297047714,1.8739648240160023,3.619917491012929,1.6961134415287564,3.565058080203238,1.4623269471851637,0.0035367804391632216,0.012403833502988,0.01995173497863736,0.025784046921633396,0.03449702584983138,0.03847352348505308,0.04354238943016806,0.04774047683348222,0.05334081198800645,0.05406270990437016,0.45149195194244385,0.034120168536901474,0.03089781664311886,0.029784061014652252,0.029653038829565048,0.029577037319540977,0.029553435742855072,0.029136070981621742,0.02909206785261631,0.02890104427933693,0.028358571231365204,0.02833632566034794,0.028210625052452087,0.02812361530959606,0.02808549255132675,0.027554696425795555,0.02735491469502449,0.02728378400206566,0.02728378400206566,0.027201535180211067,0.012233953410414772,0.011563599798885197,0.01404600301658066,0.011029411764697565,0.011972096530911032,0.012631975867260458,0.011500754147804298,0.012160633484153725,0.011595022624425645,0.013291855203609886,0.008547008547002102,0.008609854198082998,0.008924082453487489,0.00917546505781108,0.007792860734031328,0.008358471593759409,0.009049773755649283,0.008672699849163896,0.008089949266413753,0.0074043603455312326,18.65,744.331909,119.37945,0.2556,0.2777
M4H10-2,0.8626498553121125,0.04919388176932617,0.04816039685820587,0.02201322860686234,0.01798263745349318,0.49326468,0.49582008,0.28886455,0.28842166,0.0028576758021606726,0.49536276,0.47973937,0.27964342,0.28682548,0.025483657007317438,0.49659795,0.50674695,0.29610842,0.2919501,-0.03846722438565353,0.49685103,0.50608736,0.28582853,0.2796478,-0.06434170925553502,0.509672,0.49478865,0.28547233,0.30489472,-0.021216851178730595,2.3498392156208063,1.2080348081513979,2.447801673305762,1.1726976412788954,4.062395258860987,1.5180436416233145,4.12751112690666,1.7098017464619222,2.4101040244765755,1.1873861992459736,3.442837287263288,1.6015425814883344,3.764661420054459,1.9898937995606727,3.343985738439984,1.7773466453813092,3.7263993455979243,1.6541661082533032,3.7112428269094444,1.7270046972472697,0.003526027169623198,0.012470053868417045,0.01984580338720175,0.0257311702878983,0.0340710813842383,0.03886073144724634,0.04366249844210876,0.048176921052996,0.0532989212468669,0.05369012504673674,0.4578401744365692,0.030945753678679466,0.029602836817502975,0.029525496065616608,0.029471788555383682,0.029377931728959084,0.029368093237280846,0.028978127986192703,0.028864029794931412,0.02859191782772541,0.028492193669080734,0.028492193669080734,0.028140831738710403,0.028066836297512054,0.028028301894664764,0.0277762059122324,0.027432983741164207,0.027336884289979935,0.02702280879020691,0.026644760742783546,0.011788312014036777,0.012206337262761486,0.01241534988712384,0.01109857035364101,0.011380737396530187,0.013073739653865256,0.012697516930013019,0.013826185101569731,0.011851015801345484,0.011662904439419365,0.008527715073984053,0.008527715073984053,0.008966641585144996,0.00840230749936664,0.007336343115118634,0.00890393779783629,0.008590418861292758,0.008465011286675346,0.008345304056358726,0.008687324714406213,18.54,752.557598,119.66717,0.2544,0.2791
M4H10-3,0.8622364613476643,0.04878048780487805,0.04898718478710211,0.020049607275733773,0.019946258784621744,0.49414435,0.4965342,0.28924242,0.2887551,0.0059581343659974965,0.48519534,0.50504524,0.2744886,0.28128684,-0.07553339351805652,0.49508592,0.46581563,0.28750223,0.2920807,-0.008522745628692693,0.48943928,0.5184344,0.29596025,0.29483882,-0.06140729950705321,0.50631875,0.4904716,0.29170477,0.2826298,0.004114220520560939,2.417851439236625,1.1346669088558843,2.4702182128322026,1.2227298943324285,4.148481262098512,1.5218003856924953,4.096304771162142,1.4637510083686986,2.3918341057594676,1.1082789147586845,3.5234106801617906,1.6086316616894072,3.4794870180703774,1.7728987819612578,3.360445595965733,1.6312546994399146,3.6698029004595902,1.720089244583292,3.738300597638054,1.7048612672789663,0.0034663788532134335,0.012310504338514997,0.019851967037857358,0.025294505798042936,0.033906743666995746,0.03876785833030686,0.04336639436922306,0.04795470007212387,0.05395308708914544,0.05446119377790964,0.4380921721458435,0.03897994011640549,0.0347343385219574,0.03342325985431671,0.03169669955968857,0.03138105943799019,0.02944749966263771,0.029297707602381706,0.029209675267338753,0.029144439846277237,0.02908516302704811,0.028467807918787003,0.027769900858402252,0.027521919459104538,0.0274862889200449,0.027256319299340248,0.02682436816394329,0.026800261810421944,0.026717089116573334,0.026664109900593758,0.011586229890797344,0.012169709093931022,0.012003000750178542,0.012846961740425471,0.0136909227306724,0.012471867966982391,0.012659414853703931,0.010502625656406224,0.011252813203292383,0.012846961740425471,0.008627156789190828,0.009002250562633906,0.008314578644654928,0.007814453613397488,0.008689672418098008,0.009127281820448266,0.008689672418098008,0.008127031757933388,0.007570074336760331,0.00872945509103894,18.32,754.68656,120.6586,0.2963,0.3003
M4H10-4,0.8627532038032245,0.04609342703596527,0.051157503100454735,0.020256304257957835,0.019739561802397686,0.49427786,0.49552417,0.28861898,0.28865996,-0.002243483994033989,0.48523462,0.5057574,0.28717393,0.29345194,0.08395659309393913,0.48859325,0.50113,0.29449525,0.28472078,-0.018949655754866776,0.5115107,0.4760031,0.2919878,0.28651434,-0.08436457906737721,0.49342355,0.4892182,0.27349162,0.2886492,0.046142144919701276,2.3532189601187903,1.2120589850071415,2.2737870196179655,1.0710108807050327,3.808541656590087,1.4516388490176275,4.011571688646855,1.52001116709831,2.4188978765661,1.273588329542793,3.8897179049578834,2.128212265015442,3.5431652335943764,1.7358700128290547,3.540821141874303,2.144280573201532,3.6532569555685366,1.7335595657793998,3.4605831172805317,1.5299317040329623,0.0037159530367526362,0.012711098127590907,0.01985261386083521,0.025422196255181814,0.033977408674846284,0.03819937122666444,0.043534206938764156,0.04790918955012102,0.05371004089808864,0.05430125476448822,0.4461505115032196,0.03491766378283501,0.033719662576913834,0.0326150618493557,0.03237982839345932,0.03045005537569523,0.02983698435127735,0.028848567977547646,0.028797417879104614,0.028758760541677475,0.028577260673046112,0.028492651879787445,0.028235040605068207,0.027949944138526917,0.027838850393891335,0.026934664696455002,0.026640634983778,0.02643575519323349,0.026233671233057976,0.026186950504779816,0.011964524765720576,0.012633868808558091,0.012236445783123317,0.012612951807219419,0.01298945783131552,0.011954066265051239,0.010636295180714883,0.011483433734931112,0.013554216867459673,0.011859939759027214,0.008220381526098228,0.009036144578306449,0.007781124497986109,0.0092243975903545,0.008032128514050177,0.00878514056224238,0.008659638554210347,0.00796937751003416,0.007461664841177294,0.009583789704264415,18.82,759.221376,119.8583,0.2626,0.2779
M5H1-1,0.9401612236461347,0.004960727573377429,0.004960727573377429,0.025010334849111204,0.024906986357999174,0.4936913,0.4965988,0.28839555,0.28845203,0.0009519071326199715,0.53023374,0.5010593,0.30300227,0.31350026,0.1227177568848966,0.5119411,0.44191384,0.31471416,0.3018008,-0.07362456497415482,0.50035274,0.48980948,0.28024974,0.28921047,-0.025125739044263774,0.48456633,0.4798509,0.29742745,0.28674668,-0.021355359570605425,8.7556228778859,3.7368526891277116,7.741073622092766,4.331660094852734,3.689154936608936,1.3657754080609894,3.772667190159466,1.4994365852293159,6.7882538688206076,3.139603384576156,3.3554414003593322,1.604476968388121,3.2666495808539104,1.760634501888539,2.8518856029900856,1.34322317857379,3.0999641405580225,1.462949871750348,3.3872399935364648,1.4608364873304667,0.0030368439249105297,0.012764088619777797,0.02007120230987021,0.025995383997234136,0.034059372634765786,0.038310954129640536,0.0438053055999402,0.0481970491221185,0.0533269793214289,0.05376615367364673,0.3412666320800781,0.04256677255034447,0.03894057869911194,0.0381743386387825,0.036546576768159866,0.03535522520542145,0.03514718636870384,0.03509295731782913,0.0339616984128952,0.033760469406843185,0.03358602896332741,0.033425528556108475,0.03340257704257965,0.03320722281932831,0.03315836563706398,0.0328851118683815,0.032595444470644,0.032372213900089264,0.0322793610394001,0.03227567300200462,0.012857417002472516,0.011514104778333598,0.012953367875625297,0.011010362694281501,0.010794473229687747,0.014248704663187827,0.009283246977531462,0.013385146804812807,0.013601036269406562,0.012305699481844031,0.009355210132396048,0.008779504893479367,0.008491652274021029,0.009211283822666876,0.009067357512937708,0.007772020725375178,0.0066206102475418185,0.008779504893479367,0.008635578583750197,0.008007536504932002,25.67,839.987021,129.71666,0.2377,0.2441
M5H1-2,0.9401612236461347,0.005270773046713518,0.0046506821000413395,0.02532038032244729,0.024596940884663084,0.49310815,0.49610877,0.2885108,0.2882606,0.0032946397806978725,0.49019608,0.51778,0.29455027,0.2909044,-0.3923940906898824,0.5449864,0.4118644,0.2625503,0.27279067,0.008029414707996873,0.51936287,0.483293,0.2948643,0.295634,-0.04232301897394922,0.48918834,0.50651616,0.28899166,0.29620922,0.01912040399893296,6.7847996563776505,4.826989429877699,7.012003056260174,3.522724927776188,3.77992832944404,1.2975247187221373,3.8649327477607036,1.3717224888363289,8.890751461792709,7.425025860754028,3.821269030727688,1.9568534804172453,3.2182964418458657,1.6134907270039487,3.0908804017221434,1.1651478246819469,3.610823667528545,1.558402742772987,3.3744161105220525,1.3913176821420257,0.0028366005729371455,0.012329382688310958,0.02032428991368496,0.025594937182871803,0.034451122469995696,0.03856091669943268,0.0440187983298695,0.047669868374244036,0.054120092119305734,0.05342732498268082,0.3313733637332916,0.03759479522705078,0.03721195459365845,0.03682297095656395,0.0365108922123909,0.036431264132261276,0.036201540380716324,0.03586283698678017,0.035795051604509354,0.03547971695661545,0.03536873683333397,0.03465307131409645,0.03411862999200821,0.034029871225357056,0.03390120342373848,0.03386561945080757,0.033829621970653534,0.03372352197766304,0.0336790569126606,0.03354622796177864,0.013049318748778077,0.009595087315277997,0.011010362694281501,0.013385146804812807,0.011873920552656523,0.011873920552656523,0.011658031088062766,0.01575993091534411,0.010362694300500238,0.013601036269406562,0.009355210132396048,0.009211283822666876,0.007628094415646008,0.008203799654562688,0.008923431203208538,0.008059873344833518,0.007915947035104348,0.008059873344833518,0.0083215575443411,0.009106610142863845,25.32,838.315949,130.69009,0.2452,0.255
M5H1-3,0.9401612236461347,0.0045473336089293095,0.005374121537825548,0.025423728813559324,0.024493592393551054,0.4936055,0.4949853,0.28840393,0.28802842,-0.003944603856578482,0.49168512,0.46398306,0.2924261,0.30359983,0.15364661758483714,0.50445586,0.5444915,0.2850597,0.30683112,-0.12076703056798493,0.50024784,0.50186026,0.29582727,0.29549688,0.02871018470673823,0.4968097,0.5144819,0.29063228,0.2968746,0.11043057609186199,9.16248896236991,3.714673069658972,6.495036514292295,3.801199292673985,3.856322590829772,1.3949370043796467,3.8543813468764654,1.3811073502880011,7.331495937185424,4.161411916791633,2.8893634185901242,1.249267763293402,2.9430087573334145,1.380898719110367,2.6106299785358713,1.1977525266806144,3.386992113851467,1.6259363567165195,3.3447252528082507,1.8412085041038952,0.003178477168884979,0.013300413391227025,0.020603343076879416,0.025938644038936344,0.03420646857942882,0.03806604799878915,0.04429056578785557,0.04755418073804997,0.05339084863448458,0.05280434391879748,0.3411773145198822,0.03851212561130524,0.03802085295319557,0.037620909512043,0.03699071332812309,0.03636012226343155,0.035710252821445465,0.03553035482764244,0.03486958146095276,0.0341813825070858,0.03406015783548355,0.03392115235328674,0.03353980928659439,0.033376503735780716,0.03320321813225746,0.0331343375146389,0.03279770538210869,0.03252258896827698,0.03231270983815193,0.03215818107128143,0.011130301285722477,0.014392630972916997,0.011226252158875258,0.011873920552656523,0.012521588946437786,0.010146804835906482,0.011658031088062766,0.01403281519859407,0.011226252158875258,0.013601036269406562,0.008347725964291857,0.008779504893479367,0.007628094415646008,0.008347725964291857,0.008635578583750197,0.007628094415646008,0.007340241796187668,0.007484168105916837,0.010362694300500238,0.010519704820204786,25.91,842.352453,129.35323,0.2398,0.248
M5H1-4,0.9401612236461347,0.006097560975609756,0.003823894171145101,0.023770152955766847,0.02614716825134353,0.49364975,0.4967404,0.28874987,0.28829068,0.00011982473483504908,0.45287308,0.4844872,0.28417477,0.29945144,0.2595425667321428,0.46110743,0.5609253,0.30646047,0.26753175,0.06136836117421015,0.52343583,0.46591747,0.2707859,0.29909313,-0.06963074783518608,0.4905042,0.4808401,0.29682073,0.28989312,-0.0017916094497526709,5.893223181713195,4.567618730750331,9.284494592289931,6.250474416875032,3.9395450159294043,1.6021677781071848,3.7150703329147605,1.444846180303535,8.835542215375048,4.771132175375323,3.117743023459251,1.5811443396230516,3.0084471716286263,1.308417930145602,3.5874725731080233,1.8874514482842024,2.986302518139625,1.1154189492361586,3.1660753488125493,1.321185869979238,0.003210020444222426,0.012562558395544826,0.020684742689571597,0.026466479800923228,0.03428338837547063,0.03806695714113914,0.042405572669497404,0.048261316015874335,0.05372852662836844,0.0536637711727213,0.3362228572368622,0.04513046145439148,0.038496170192956924,0.0375186949968338,0.03646555542945862,0.03585090488195419,0.035822927951812744,0.034624651074409485,0.03442543372511864,0.034204304218292236,0.03387976810336113,0.03341391682624817,0.03330947086215019,0.03322146460413933,0.03307274356484413,0.03306427597999573,0.033051569014787674,0.03283073008060455,0.03282495588064194,0.03256911411881447,0.010938399539416917,0.014200729226611435,0.011226252158875258,0.011442141623469012,0.012305699481844031,0.013169257340219051,0.009930915371312727,0.013816925734000316,0.011873920552656523,0.012953367875625297,0.009355210132396048,0.009643062751854387,0.009211283822666876,0.007772020725375178,0.007915947035104348,0.008059873344833518,0.008347725964291857,0.007772020725375178,0.007693515465522903,0.008949599623159296,25.93,837.992662,129.75935,0.2419,0.248
M5H2-1,0.930343116990492,0.009404712691194708,0.010334849111202976,0.025630425795783382,0.024286895411326996,0.49374935,0.4951461,0.28842974,0.28851846,-0.0008697960446849925,0.49718574,0.50074506,0.2989265,0.27383247,-0.1282429738952547,0.48268294,0.45652542,0.29247034,0.29356462,0.1406228270885336,0.49596772,0.51691496,0.28237242,0.3002023,0.02528652827894369,0.5010898,0.51182836,0.2977582,0.28284216,-0.010936276725541542,5.395981425624778,2.6278056389867204,5.104120165897459,2.677304116472181,3.680937078930136,1.4393296922153596,3.7459578300424647,1.3997461545743484,4.890320921174412,2.4353470253903624,3.3149775941880417,1.482476555242766,3.249014236991149,1.5597812272366312,2.980428597173626,1.437722287908779,3.2358440215821234,1.6184293212838283,3.4154749123679604,1.5887250397779116,0.0031930453412438455,0.012435709920414203,0.019625212011343894,0.025413894210631126,0.03494496288513963,0.03916115608841646,0.043384216055867994,0.04738067280555384,0.05374616319551738,0.05404830081920496,0.35998451709747314,0.03851071372628212,0.03700097277760506,0.03636855259537697,0.03575171157717705,0.03507182374596596,0.03502405807375908,0.03439556434750557,0.034007687121629715,0.03300173208117485,0.03297244757413864,0.032965198159217834,0.03268352523446083,0.03214314207434654,0.03207651525735855,0.03204602375626564,0.03181857988238335,0.03148811683058739,0.03134458512067795,0.03134458512067795,0.012034289482342843,0.013188262446403117,0.011498516320457718,0.01112759643915263,0.012425816023720436,0.01261127596437298,0.012425816023720436,0.01168397626111026,0.011869436201762805,0.012982195845678068,0.00791295746784187,0.0076656775469718125,0.008902077151322104,0.009396636993062221,0.008778437190887075,0.007542037586536782,0.007294757665666725,0.008160237388711928,0.0098462368491896,0.009441596978674959,24.28,829.111572,128.61234,0.2426,0.255
M5H2-2,0.9301364200082679,0.009921455146754857,0.010024803637866887,0.026043819760231502,0.023873501446878876,0.49453387,0.49558663,0.2879975,0.28846937,0.0010383394031441436,0.51651424,0.5266596,0.29597247,0.2962896,-0.08955461335925308,0.53985417,0.46776167,0.29129416,0.2821548,-0.09688838728162191,0.472077,0.4897767,0.30089328,0.2932422,0.07407927858384009,0.46441773,0.508071,0.292004,0.28914404,-0.04037843571702384,5.689797210590325,2.636119187181263,5.512957102654495,2.6707821289217217,3.681169521239831,1.2850571614818806,4.004850707279794,1.358045542504894,5.172406525165673,2.5013251298242367,3.073415314979398,1.4368489719927962,3.432677839361544,1.8194704864757119,3.1178796475148993,1.6467593006672288,2.9808796953100902,1.3358365674256447,3.271982289051259,1.54575871188649,0.003235308320054083,0.012244503769927499,0.02037761359795258,0.026054924360009106,0.03369135572525403,0.03916861543980188,0.04365941654077247,0.04748797969136952,0.053517104364561995,0.05389651152363017,0.3514252007007599,0.0435187891125679,0.03863450139760971,0.0368933379650116,0.03539833053946495,0.03511536121368408,0.03458911180496216,0.03425445780158043,0.03356974944472313,0.033488593995571136,0.033167265355587006,0.03283294662833214,0.03274977207183838,0.0327281691133976,0.03231785446405411,0.032264288514852524,0.03191637620329857,0.031732454895973206,0.031722936779260635,0.03168044611811638,0.014299802761320068,0.012820512820493854,0.011834319526609714,0.011094674556196605,0.011834319526609714,0.010355029585783498,0.012758875739626096,0.012389053254419543,0.01146449704140316,0.012758875739626096,0.008629191321486249,0.008999013806692801,0.007642998027602106,0.008999013806692801,0.0073964497041310705,0.00801282051280866,0.00801282051280866,0.009861932938841429,0.008741258741245811,0.008472296933822863,23.84,829.280528,128.13698,0.2444,0.2667
M5H2-3,0.93023976849938,0.009714758164530797,0.010128152128978917,0.024390243902439025,0.025527077304671353,0.49372563,0.49620852,0.28806674,0.2879503,0.0018523686419688742,0.4883238,0.5015326,0.28056064,0.2895638,-0.09311921919217703,0.46030366,0.4587513,0.31460014,0.2939811,-0.10219690893419492,0.517931,0.4688667,0.28956237,0.30299377,-0.006275180265005889,0.49284092,0.51770395,0.29947105,0.2950873,0.019445428158150497,5.298947603347395,2.519263029513297,5.523385801345518,2.7557667001800525,3.7059205754592637,1.3728790027472522,3.835333416920527,1.3656926325047736,5.24468487227546,2.640455262787132,3.3690213049817803,1.7384003773903105,2.6847856988136924,1.3816464917051752,2.968764460586771,1.4613066650753603,3.4546668430414678,1.5759582324822812,3.1718441280752145,1.3911029936921226,0.003388295878162822,0.01312168863046354,0.021051291301487595,0.02675975638223373,0.034130537812391684,0.03839597082811649,0.043191930338334426,0.047782752937348356,0.052755554612397344,0.052755554612397344,0.3668663799762726,0.03553567826747894,0.035503219813108444,0.035147134214639664,0.035120200365781784,0.033949270844459534,0.03381260111927986,0.033799197524785995,0.033792976289987564,0.03362897038459778,0.033073149621486664,0.032881319522857666,0.03230442851781845,0.03230094537138939,0.03222471848130226,0.03205540403723717,0.03204045072197914,0.032007962465286255,0.03200102597475052,0.03195495530962944,0.012839506172820484,0.013004115226318185,0.012592592592573938,0.010925925925909739,0.010740740740724829,0.010555555555539917,0.011666666666649382,0.01296296296294376,0.014074074074053224,0.012407407407389026,0.010370370370355007,0.008518518518505899,0.007530864197519707,0.00827160493825935,0.008641975308629172,0.009012345678998994,0.006419753086410242,0.007654320987642982,0.00835016835015598,0.010101010100995136,24.6,827.164597,126.92245,0.2392,0.2557
M5H2-4,0.9301364200082679,0.009508061182306739,0.010438197602315007,0.025217031831335262,0.024700289375775113,0.4934607,0.49542466,0.2885966,0.28859863,-0.0005766502780548101,0.50516963,0.475958,0.2913168,0.2951307,0.10236593089741569,0.5275296,0.51955026,0.27477112,0.27033487,-0.1508697663631878,0.49195322,0.49767298,0.29249415,0.2919062,-0.01874302934463509,0.49397898,0.5041132,0.29061306,0.291981,0.05345420504559091,5.316833743167165,2.6606587594946416,5.459134326401219,2.88386273728415,3.6498547523193916,1.2668029819858628,3.6764511506832274,1.3685131623598312,4.962657115142655,2.407477393663801,2.99048506147463,1.1898297144007588,3.147825164059779,1.4195456244835112,3.1198875463592963,1.508708947468392,3.102313445146317,1.3677356444192297,3.3275814751051476,1.3355743721658597,0.003142985427976652,0.012490305726764357,0.019742302406900964,0.02615072724056764,0.034280310760983444,0.037804264119623926,0.043675252051104126,0.047770657305740365,0.05343075227560309,0.05484577601806877,0.3440280258655548,0.041009269654750824,0.038137104362249374,0.037254996597766876,0.037254996597766876,0.037013716995716095,0.037007201462984085,0.03678670898079872,0.035284511744976044,0.03460441157221794,0.03439977392554283,0.03379073739051819,0.03326424956321716,0.03249404579401016,0.03193433955311775,0.03171365708112717,0.03130871430039406,0.030919451266527176,0.030907422304153442,0.030886679887771606,0.011669953977629023,0.012491781722532475,0.01146449704140316,0.012943786982229373,0.012204142011816266,0.01257396449702282,0.010724852070990052,0.011649408284006436,0.013313609467435927,0.012943786982229373,0.007889546351073142,0.009368836291899356,0.007273175542395553,0.007766272189337624,0.009245562130163839,0.009368836291899356,0.007766272189337624,0.00912228796842832,0.008203335126399916,0.008741258741245811,24.83,824.860072,127.80803,0.2481,0.252
M5H3-1,0.920318313352625,0.013952046300124019,0.015812319140140554,0.024286895411326996,0.025630425795783382,0.49419618,0.4959326,0.28844783,0.28833893,-0.00027992477746331234,0.48925024,0.47890773,0.2969504,0.28983635,-0.030128091292882863,0.47680533,0.5156198,0.30814216,0.28174067,-0.07597463750547791,0.49636742,0.4597187,0.29554597,0.29610726,0.07339089681435323,0.49409914,0.52074224,0.2715695,0.29286143,0.005971776439941929,4.1239254299122114,2.2510693286963552,4.424979988723501,2.2378086141388893,3.8662531080651767,1.3979322458369825,3.7825220602308876,1.3922983178191977,4.0397565135889275,2.106163067398009,3.270458230462147,1.4377294341305558,3.1830089479922554,1.4662658416817598,2.946859074062413,1.3512311124247565,3.1523769994892183,1.4201294374473141,3.219566288880322,1.3669072626542298,0.0032705472260719836,0.012872201923480745,0.0205052286758221,0.026085632690773172,0.034401117130737895,0.03852736130359918,0.04319432195203897,0.04713157784217378,0.05375141741212045,0.05359392717651506,0.37465858459472656,0.04031839221715927,0.03452062979340553,0.03450527414679527,0.034501634538173676,0.033096544444561005,0.032974883913993835,0.03276137635111809,0.032721009105443954,0.03266661614179611,0.03254937380552292,0.03242325782775879,0.0323333665728569,0.031944651156663895,0.03192529454827309,0.031906064599752426,0.03172636777162552,0.03106805868446827,0.03085758164525032,0.03054104931652546,0.01239371667385624,0.014699524427131822,0.009565499351479163,0.011024643320348866,0.013942931258088272,0.010700389105044488,0.011673151750957622,0.01410505836574046,0.012159533073914191,0.011348897535653244,0.008322524859479047,0.010376134889740108,0.007782101167305082,0.006809338521391947,0.009187202766957388,0.008754863813218217,0.008430609597913839,0.007890185905739875,0.007664190543558035,0.009550760523510782,23.01,817.394999,126.21536,0.2452,0.2542
M5H3-2,0.920318313352625,0.014882182720132286,0.014882182720132286,0.023770152955766847,0.02614716825134353,0.49340603,0.4972116,0.2889428,0.2883623,-0.003888596264719652,0.5176999,0.47039783,0.28212827,0.2928331,-0.022464421296777004,0.50279474,0.45474342,0.26469907,0.29266304,0.21482705686192596,0.49809122,0.47229183,0.28872406,0.29750115,-0.04785383372422594,0.4889617,0.50388557,0.29437086,0.2830098,0.08919567354188779,4.1302563945875175,2.285979951178736,4.09098303823261,2.469249099266095,3.911299741557692,1.4117502185290496,3.839492099913758,1.3147836878837271,4.4405274222599465,2.397288883287788,3.1164132925504533,1.2814580979031307,2.9757778642616017,1.576395851411833,3.1616796832859473,1.4007551226499966,2.9373011443905943,1.2122228381712363,3.300208378908063,1.5208459757227126,0.003216764410794262,0.012582617060229,0.019740176456594365,0.02588409304827215,0.033889802546518966,0.03844085187368769,0.04358664060156598,0.04816354816354817,0.05375409853021793,0.054074740641904824,0.37831947207450867,0.037067096680402756,0.036523327231407166,0.03438409045338631,0.03393203020095825,0.03384049981832504,0.03363465890288353,0.033603932708501816,0.03315890580415726,0.03314533829689026,0.032619841396808624,0.03236403316259384,0.03206426650285721,0.031379278749227524,0.03081580065190792,0.030765734612941742,0.03074057772755623,0.030668610706925392,0.03062860295176506,0.030343959107995033,0.011384925781798175,0.01124081279721845,0.013294422827479514,0.010538261997392297,0.014429312581044839,0.011511024643305433,0.012645914396870758,0.013942931258088272,0.010376134889740108,0.012808041504522947,0.010268050151305316,0.008646779074783425,0.008322524859479047,0.00810635538260946,0.008646779074783425,0.00810635538260946,0.00961954172069656,0.007349762213565911,0.007782101167305082,0.007782101167305082,23.09,817.403547,127.72949,0.2475,0.2655
M5H3-3,0.920318313352625,0.013952046300124019,0.015812319140140554,0.024596940884663084,0.02532038032244729,0.49494255,0.49575555,0.2885815,0.28830937,0.0013451562008751467,0.5044264,0.47827998,0.30297548,0.30494106,-0.013667116626233692,0.44683564,0.5254237,0.27650225,0.29222015,0.08058159626725275,0.48344946,0.51937044,0.28839067,0.28697106,-0.04828103879000098,0.4898457,0.46419922,0.28809044,0.28785193,-0.029802203797997702,4.467812464018853,2.3916800094994457,4.192481500617502,2.212167964299759,3.9232107176255564,1.254912036650303,3.749581132764285,1.2163128047596097,4.272081826148428,2.3256345650061983,3.083035298133335,1.4163348691517164,3.0155488334318736,1.5878539126766298,3.003575838890715,1.2517058257232747,3.2118313369297478,1.4363928537960398,3.2867548474432,1.4156147999665225,0.00333207594618383,0.012715327549352446,0.019484261704178718,0.025855023261662266,0.034473364348883026,0.03852319879290834,0.04303407519175154,0.04818412339159227,0.054240538161699985,0.05349134498512092,0.37340623140335083,0.03756744787096977,0.03743157908320427,0.03743157908320427,0.03631475940346718,0.03358997032046318,0.033089086413383484,0.03284008055925369,0.03268714249134064,0.03268714249134064,0.03234242647886276,0.03210046887397766,0.0317932665348053,0.03173406049609184,0.03166729956865311,0.03151250258088112,0.03099425882101059,0.03041224181652069,0.030202751979231834,0.03019571304321289,0.01311428159675486,0.01239371667385624,0.01232166018156638,0.014591439688697028,0.011024643320348866,0.011024643320348866,0.011511024643305433,0.012645914396870758,0.012808041504522947,0.010376134889740108,0.009403372243826974,0.00767401642887029,0.00853869433634863,0.008322524859479047,0.008754863813218217,0.00767401642887029,0.00853869433634863,0.008214440121044253,0.008843296781028503,0.008843296781028503,22.97,815.387845,125.6348,0.2375,0.2491
M5H3-4,0.920318313352625,0.015915667631252583,0.013848697809011988,0.02583712277800744,0.024080198429102934,0.49382234,0.49610674,0.28912413,0.28885016,0.00022715972349461513,0.52272725,0.47600704,0.2773825,0.28176227,-0.027918960841612075,0.49417546,0.51543134,0.27960292,0.30016276,0.14409927420853427,0.48765853,0.48701695,0.28170148,0.28553474,-0.007208562200502769,0.48445517,0.4937441,0.28927675,0.28160402,-0.06529746260382412,4.144323219323898,2.127412455324896,4.801416491134369,2.430861214842818,3.738572841879862,1.3398033833209753,3.954411729427751,1.4960495830188636,4.343371710092248,2.475606729970823,3.4305014807501695,1.648839767104093,3.1695633175165523,1.4480074306130508,3.0994605354554396,1.580449936282253,3.582775372881307,1.751201216908577,3.232025337218042,1.3863665531094584,0.0030211480362537764,0.01230110775427996,0.019350453172205438,0.024979859013091642,0.034279959718026186,0.03767371601208459,0.043972809667673717,0.04900805639476335,0.054249748237663646,0.05449647532729104,0.3734354078769684,0.03714241832494736,0.03684559464454651,0.036623887717723846,0.03596244752407074,0.03514893725514412,0.03472050651907921,0.0337761715054512,0.03304263576865196,0.03264491632580757,0.032266538590192795,0.03168816119432449,0.03151119872927666,0.03126697242259979,0.030871132388710976,0.030694030225276947,0.030662402510643005,0.030658336356282234,0.0305483378469944,0.0304899699985981,0.010952586828059004,0.012105490704696794,0.013294422827479514,0.011511024643305433,0.013942931258088272,0.011186770428001055,0.013618677042783894,0.012483787289218569,0.011348897535653244,0.011673151750957622,0.008971033290087803,0.007998270644174669,0.007890185905739875,0.008754863813218217,0.009511456982261766,0.007998270644174669,0.008971033290087803,0.008214440121044253,0.008371654286040314,0.008017922414799174,22.05,818.013616,126.49662,0.2487,0.2502
M5H4-1,0.9106035551880942,0.02108309218685407,0.018396031417941296,0.023770152955766847,0.02614716825134353,0.49495226,0.4969789,0.28874812,0.28873864,-0.002518317450372343,0.49210903,0.4618644,0.29263884,0.28947103,0.02508816669644905,0.47458208,0.5039516,0.28474453,0.27862343,0.08845642847335877,0.4742842,0.48017687,0.28294635,0.28923535,-0.010659904871677667,0.49021497,0.4891472,0.28884184,0.28962776,0.013980073339427643,3.6131675747930867,2.1233806928245165,3.6656371283121376,2.1609826506877026,3.8970765864078025,1.5491128433433243,3.663933825949468,1.205429083270567,4.276579990458145,2.4050765054313183,3.3936314662835163,1.4494524931414337,2.950759367134229,1.4361848768201342,3.3082643699782235,1.6298805029321035,2.9638211616219685,1.3353575746813608,3.0429434446767405,1.3060293196567996,0.003500564476174232,0.012122024317146268,0.02026834953664222,0.026185196916904237,0.034359948994095335,0.038169147925245485,0.043793604769214525,0.0474241205948523,0.054096310193871164,0.05341406560918756,0.39525339007377625,0.036300789564847946,0.03428098186850548,0.03357890993356705,0.032858122140169144,0.032455120235681534,0.03209013491868973,0.03201306611299515,0.03188517317175865,0.03187237307429314,0.03134707733988762,0.031336709856987,0.030997896566987038,0.03099016100168228,0.030958078801631927,0.03093867003917694,0.0304691344499588,0.03029477596282959,0.030053546652197838,0.030025845393538475,0.012845215157339036,0.012588310854192255,0.013439306358365967,0.010982658959524876,0.012572254335245581,0.014161849710966287,0.010115606936404491,0.011705202312125197,0.013728323699406094,0.009682080924844298,0.009152215799604064,0.008766859344883892,0.008863198458563934,0.00828516377648368,0.008863198458563934,0.008477842003843763,0.00799614643544355,0.008863198458563934,0.007882291119276227,0.007461902259581494,22.26,804.065213,125.87517,0.2673,0.27
M5H4-2,0.9107069036792063,0.02128978916907813,0.01808598594460521,0.025527077304671353,0.024390243902439025,0.49289635,0.49651766,0.28835592,0.28906178,7.833949373244425e-05,0.50668955,0.47465855,0.30595008,0.28126085,-0.035663378214855976,0.478885,0.5220823,0.27218023,0.2840241,0.12151499158030434,0.5191567,0.48270774,0.29294047,0.29089922,-0.023913336210458564,0.5050124,0.4801422,0.28958887,0.27877453,-0.016380310161464812,3.704040737508781,2.070008836649602,3.9961411353887097,2.192714957124407,3.7587023055005493,1.339863389193757,3.6851642476173785,1.164476339840678,3.839170311198843,2.120998679697676,3.1785141622986393,1.393103384697391,3.45639641030807,1.7858460697682133,2.9620653418776732,1.5317208983516235,3.542631993860744,1.8325746873308275,3.429480914575204,1.6506031067699438,0.0032831659041380975,0.01223316610856935,0.019604957048993992,0.025263614099214574,0.034090955552557235,0.03842489809102097,0.0431268168827505,0.048474738430213306,0.05344241784930146,0.055388603366573856,0.39329853653907776,0.03534063696861267,0.03426480293273926,0.03359118103981018,0.0331292450428009,0.03312075883150101,0.03302707150578499,0.0328499898314476,0.03255308046936989,0.03237733617424965,0.03220347687602043,0.03186958283185959,0.03163917362689972,0.03157120198011398,0.030047986656427383,0.029997939243912697,0.02993510290980339,0.029862983152270317,0.029661601409316063,0.029658308252692223,0.013503086419737458,0.010159465020564374,0.01142939814813492,0.011140046296283403,0.013165509259244021,0.011140046296283403,0.012586805555540988,0.012731481481466746,0.013020833333318263,0.013165509259244021,0.00848765432097783,0.008101851851842475,0.008969907407397025,0.0096450617283839,0.008005401234558637,0.009837962962951577,0.007040895061720245,0.009259259259248543,0.00704966329965514,0.008207070707061209,22.25,808.170093,125.05121,0.2569,0.2701
M5H4-3,0.9105002066969822,0.018602728400165358,0.020979743695742042,0.023253410500206698,0.02666391070690368,0.4933543,0.49810597,0.28811783,0.28872398,0.00450510880860742,0.51036584,0.48258004,0.29118142,0.2809346,-0.03775762048664945,0.49627537,0.46359688,0.29638296,0.29130462,-0.04711638538506515,0.4988618,0.4687759,0.29756212,0.29053095,-0.04479178095094211,0.4949423,0.47378796,0.29071134,0.284331,-0.04439549650606777,3.876930003186215,1.988151675232014,3.5462707188462206,1.9311609740945308,3.841207410052153,1.5364508415553004,3.6470440588737456,1.3401376263055664,3.8686748287809185,1.903219366769322,3.4914031528561034,1.566699865536122,2.911588457538048,1.549332253491479,3.1905707091701156,1.5465080411088317,3.18368993205043,1.385029100300407,3.2459264328900654,1.4257806567471956,0.003359240390217297,0.012656031138051145,0.0198579450373731,0.025547580975047415,0.03346844669220185,0.03832343741607064,0.043232142930926906,0.04814911225978126,0.054338708944339086,0.054400687549324644,0.3853582441806793,0.03665243089199066,0.035698387771844864,0.035271771252155304,0.03498178347945213,0.033985670655965805,0.03307019919157028,0.03298848867416382,0.032417699694633484,0.03231741487979889,0.03162004426121712,0.03133974224328995,0.030905894935131073,0.0308541152626276,0.03064076043665409,0.030611442402005196,0.030410384759306908,0.030410099774599075,0.030377887189388275,0.030087564140558243,0.012445470875017706,0.012445470875017706,0.011403002309455654,0.011547344110841169,0.012557736720539772,0.01125866050807014,0.012557736720539772,0.0118360277136122,0.011980369514997714,0.013856812933009404,0.00943033102385362,0.00971901462662465,0.008083140877588818,0.009141647421082593,0.008564280215540534,0.00875673595072122,0.007986913009998476,0.008660508083130878,0.006613478899845398,0.007558261599823312,21.17,804.746214,125.31977,0.2505,0.2549
M5H4-4,0.9103968582058702,0.020359652749069864,0.019326167837949566,0.024596940884663084,0.02532038032244729,0.4932483,0.49678582,0.28849426,0.28848547,-0.00011414149687176066,0.48291445,0.4594769,0.29061642,0.29624406,0.06908979129595448,0.47860965,0.4841385,0.29303145,0.27886468,0.10316033975937906,0.5045091,0.48575702,0.28209335,0.29096803,-0.13628141910657998,0.5276257,0.50674504,0.29303712,0.29157197,-0.008292974787351713,3.497696773998942,1.9063414126871188,3.6479475385218905,1.885057379242604,3.7260232375995197,1.3593539898948996,3.826856817599605,1.3642907851961075,3.69546592437026,2.01224137671489,3.463925843454851,1.6498575495438121,3.1730646803137437,1.6549220928884258,3.1550529969126595,1.657158817383155,3.436149289884214,1.5288110034815228,3.205954240587562,1.4433301580282152,0.0032340089367269855,0.012627447107907275,0.019762016441602685,0.025950247282362723,0.034253338929073986,0.038437800873923025,0.043469852947227224,0.04792175837921018,0.053554529669769015,0.05412233276553024,0.39575284719467163,0.035902004688978195,0.035184361040592194,0.03506740555167198,0.034701984375715256,0.03464452177286148,0.033586662262678146,0.032844603061676025,0.031399715691804886,0.031155847012996674,0.030570395290851593,0.030317537486553192,0.03022768907248974,0.030129283666610718,0.030086183920502663,0.03005812130868435,0.029830418527126312,0.02967035584151745,0.029454009607434273,0.029416106641292572,0.01114955786234777,0.013584518774814525,0.01138985005765699,0.011822376009213584,0.012110726643584648,0.011534025374842521,0.011534025374842521,0.013552479815439963,0.012110726643584648,0.013119953863883368,0.009323337177997706,0.008746635909255578,0.008842752787379267,0.008746635909255578,0.008650519031131891,0.007689350249895015,0.007785467128018702,0.00826605151863714,0.008912655971469221,0.007759253433984969,21.21,805.933591,125.93991,0.2485,0.2604
M5H5-1,0.9009921455146754,0.024700289375775113,0.024390243902439025,0.023666804464654818,0.02625051674245556,0.4935779,0.49504435,0.2892723,0.28838184,0.0008114729424624913,0.49826515,0.50439686,0.28218886,0.29865903,-0.024855766024975228,0.50186026,0.49500862,0.28787705,0.2851914,-0.07927203120128114,0.49605924,0.5306417,0.29234555,0.29014447,0.09353323125002497,0.49159786,0.48154944,0.2700269,0.28827146,-0.020511203330017394,3.365692715753531,1.774570367954555,3.4619983406449966,1.9005328506737098,3.876493870893238,1.4787728250322285,3.7021243899624103,1.3599239359176198,3.338020848210234,1.5306771264539745,3.419185501954553,1.512696268631526,3.149659935758783,1.504573928886853,3.2487769387734886,1.6443609635249632,3.109776462725005,1.4882484914222278,3.145820750849116,1.3920750478685704,0.0032299357971903846,0.012362175109369123,0.019716135162420573,0.025872478571569966,0.034282188834121846,0.03861736313188299,0.04413035875711807,0.04748566489168663,0.05389604819499706,0.05374098488297669,0.3816888928413391,0.038385987281799316,0.035321593284606934,0.03525335714221001,0.034603945910930634,0.033959366381168365,0.03337366506457329,0.03335767611861229,0.033148836344480515,0.03266322240233421,0.032601505517959595,0.03225480392575264,0.03201865032315254,0.03159580007195473,0.03154202178120613,0.0313788466155529,0.030766969546675682,0.02915349043905735,0.02859954722225666,0.028331777080893517,0.011598237067953562,0.012410113662710312,0.010568893528172684,0.01187369519831746,0.013569937369505668,0.01343945720249119,0.01239561586637537,0.013048016701447758,0.012004175365331937,0.011090814196230593,0.008524704244945868,0.00808977035489761,0.008524704244945868,0.008524704244945868,0.007393876130820396,0.00861169102295552,0.007828810020868654,0.009829505915090644,0.008635414689685426,0.008825204023524666,20.42,796.051103,123.62673,0.2464,0.2583
M5H5-2,0.9007854485324515,0.026560562215791648,0.02273666804464655,0.025010334849111204,0.024906986357999174,0.4924823,0.49603203,0.28897098,0.28861603,0.005041718823375562,0.5063111,0.47576338,0.2876716,0.28213516,-0.020104315840116183,0.49994454,0.51598614,0.2907677,0.29924327,-0.03865183510703069,0.5011591,0.49656817,0.28154716,0.283003,-0.03922651068064809,0.5192288,0.48807934,0.28157017,0.2915992,-0.08407597578093753,3.3333803414631453,1.6869421871323307,3.4901340782115415,1.648928171906368,3.7009746831631594,1.3791156399317508,3.8158376948860995,1.334028353874811,3.314226252846153,1.6540098859807344,3.2171615690332067,1.4495631433090708,3.160911444397826,1.5758638938312772,3.1006235453594284,1.6250166413019225,3.3830187017413187,1.5197795623753918,3.3043551115062137,1.4597342477047877,0.0034231878891111595,0.01285098404272878,0.01985911122554748,0.02582410690117319,0.03358817432179947,0.0379191507060944,0.04331636594109608,0.04840658361227198,0.05374768101302594,0.05439798768048486,0.3918970823287964,0.038360148668289185,0.033741552382707596,0.033659614622592926,0.033616963773965836,0.03262821584939957,0.03256862983107567,0.032189637422561646,0.03189923241734505,0.031855832785367966,0.03181018680334091,0.03181018680334091,0.03148181363940239,0.031093688681721687,0.030959701165556908,0.030341586098074913,0.030331360176205635,0.03019089810550213,0.0298624224960804,0.029701361432671547,0.011342592592580778,0.011342592592580778,0.01080729166665541,0.01302083333331977,0.012369791666653782,0.012760416666653375,0.012109374999987385,0.01184895833332099,0.014973958333317735,0.011588541666654595,0.00842013888888012,0.008072916666658258,0.008854166666657443,0.009722222222212095,0.008506944444435583,0.00842013888888012,0.007552083333325466,0.007812499999991862,0.007954545454537169,0.009469696969687106,21.26,799.519143,124.33965,0.2455,0.2649
M5H5-3,0.9014055394791236,0.024286895411326996,0.024390243902439025,0.025630425795783382,0.024286895411326996,0.49350256,0.49576175,0.28822586,0.2888176,0.006587558084971747,0.53181106,0.50623876,0.29506898,0.29794693,-0.10458043182205108,0.47778007,0.51343006,0.28808057,0.27569228,-0.04610975060458184,0.51121163,0.47146666,0.2925665,0.28237924,-0.017999527689525768,0.46875972,0.49322036,0.2898538,0.2910218,-0.0668979042903645,3.4114066785191812,1.5967274395800681,3.382609442180709,1.8338588024797948,3.7574639166173016,1.412220995852071,3.801578827038126,1.415386014750603,3.373612885287404,1.814132444380705,3.413982287430225,1.5804798102077713,3.0189406119813533,1.731079397139828,3.1675204833831465,1.5960333523847392,3.4028023022014953,1.824202881575718,3.292080384282477,1.6561557610058482,0.003372675577025212,0.012272885650398664,0.01968465314213612,0.025564001339598325,0.03382485766767813,0.038550662864372434,0.04400715805568805,0.04794814807297428,0.05419622409179631,0.053912066871665804,0.40101858973503113,0.03513752296566963,0.033696334809064865,0.03335346281528473,0.03307883441448212,0.033024996519088745,0.03293727710843086,0.03164757788181305,0.03137793391942978,0.031204234808683395,0.03117380291223526,0.030925747007131577,0.03075234778225422,0.03072306141257286,0.030685584992170334,0.030309660360217094,0.030077841132879257,0.029763367027044296,0.029640421271324158,0.029471317306160927,0.012928022361971075,0.011180992313056064,0.012971698113193951,0.011530398322839067,0.011661425576507692,0.011268343815501815,0.013102725366862576,0.012316561844850821,0.011530398322839067,0.013495807127868454,0.00838574423479205,0.008036338225009047,0.009084556254358053,0.007861635220117546,0.009084556254358053,0.009171907756803804,0.007774283717671795,0.00856044723968355,0.008290451686669411,0.008481036782914687,21.47,801.619236,123.46164,0.2463,0.2633
M5H5-4,0.9004754030591153,0.024596940884663084,0.025010334849111204,0.023666804464654818,0.02625051674245556,0.49257627,0.4955531,0.28864452,0.2883785,-0.002398845707148805,0.5007686,0.4946589,0.29974782,0.2840003,0.042075072009314055,0.50791174,0.4883387,0.2888629,0.2974119,-0.016155373734610744,0.5079348,0.483791,0.29121035,0.29291785,0.07372103606407254,0.50696176,0.52185374,0.2743974,0.2889939,-0.011934273708423345,3.362043206922837,1.7832158456269185,3.3044581183925383,1.6952713569047615,3.6428105857236615,1.1934212083939333,3.6286297098472247,1.3065458954225626,3.227639616610047,1.5483761027959309,3.2433857375412587,1.4087762910363784,3.056888978955623,1.5173953320967692,3.2597221742700286,1.6320133409134203,3.3699956993953086,1.515262864337602,3.1437990027545992,1.3178069534357932,0.0033134130146082338,0.012709163346613546,0.019674634794156706,0.025624169986719784,0.033924302788844625,0.03858897742363878,0.04389442231075697,0.047961487383798136,0.05341965471447543,0.05422310756972112,0.39701077342033386,0.04253426194190979,0.03949146345257759,0.03631574288010597,0.03450018912553787,0.03282913938164711,0.03194316849112511,0.030804309993982315,0.030420631170272827,0.03025331161916256,0.030112098902463913,0.030044376850128174,0.029928267002105713,0.029869820922613144,0.029644401744008064,0.02945478819310665,0.02945478819310665,0.0285885538905859,0.02849799208343029,0.028301937505602837,0.011538017768535382,0.011422637590850028,0.011422637590850028,0.012071651090330144,0.01233125649012219,0.01233125649012219,0.014018691588770489,0.011163032191057982,0.010903426791265936,0.01492731048804265,0.008307372793345475,0.009432329525777676,0.008393907926609491,0.008134302526817445,0.007009345794385244,0.008566978193137521,0.00917272412598563,0.008826583592929567,0.007835362975541755,0.009062588501831427,20.55,798.447873,123.29474,0.2459,0.2519
M5H6-1,0.8916907813145928,0.029350971475816452,0.029040926002480365,0.02532038032244729,0.024596940884663084,0.49445087,0.49556234,0.28914395,0.28868493,-0.0009442134590422364,0.49347305,0.52312607,0.2868097,0.29933867,-0.0675948858062184,0.4992622,0.49252066,0.27592683,0.28254148,0.0612628202270063,0.48023894,0.48955378,0.28835535,0.2798343,-0.04709284871217662,0.48227096,0.48059392,0.28741217,0.28902596,0.09425349564069009,2.967446269302026,1.574634531061454,3.002216517058764,1.6769969470754136,3.696918616029654,1.3054582788744955,3.9251838533663155,1.5106314400026444,3.0356952369673387,1.6886254281824964,3.3796090310951397,1.6848757156603158,3.1037020926206083,1.477814172591792,3.029373582681797,1.457870638895132,3.2291627070612097,1.3549366800904967,3.2595285886291054,1.5491814534869437,0.0034694113565398406,0.012087869726357062,0.019968389807640416,0.02559103900609625,0.0336312621498235,0.03891523071585521,0.043425465479357,0.04791642573532247,0.05404296563079956,0.05428527372554203,0.41662853956222534,0.03635590523481369,0.03338627517223358,0.03298122435808182,0.03208582475781441,0.03193236142396927,0.031207870692014694,0.031075995415449142,0.030903099104762077,0.030569443479180336,0.030522949993610382,0.030444327741861343,0.030264995992183685,0.029239224269986153,0.028997527435421944,0.028874672949314117,0.028667956590652466,0.028622813522815704,0.028620850294828415,0.028618058189749718,0.012086513994899408,0.012086513994899408,0.011927480916019154,0.01252385496182011,0.012762404580140494,0.013716603053422026,0.012046755725179345,0.010973282442737622,0.013597328244261835,0.010257633587776472,0.0074745547073720026,0.009462468193375194,0.00795165394401277,0.009780534351135706,0.008269720101773279,0.0076335877862522585,0.00858778625953379,0.008190203562333152,0.008154059680769456,0.009281748785556721,18.96,787.056146,122.82321,0.2457,0.25
M5H6-2,0.8909673418768086,0.028834229020256303,0.03028110789582472,0.025423728813559324,0.024493592393551054,0.49525267,0.49591458,0.28862116,0.28894198,0.0027496694962558174,0.48610017,0.49097866,0.2913591,0.29237863,-0.006690024979798924,0.46478817,0.48678198,0.28269437,0.28266656,-0.053731096820370534,0.49791792,0.50251484,0.28600186,0.28535986,0.0074921874997956085,0.48579806,0.49996424,0.29441297,0.28456238,-0.040173109521630224,3.1756653001539106,1.5809425328200193,3.105465934087254,1.6108970116220744,3.702964491181314,1.5220082987957593,3.8883288269246448,1.3419128724829743,3.0035480756756763,1.4991718251774935,3.31841796968822,1.5212715250744309,3.049549778152405,1.6190716796904434,2.9983338157248975,1.5300497867580627,3.3598745199936997,1.514879849142295,3.283637128023965,1.3458169067231531,0.003415317464904242,0.012406326455913233,0.020037813426243178,0.025497918059901533,0.033894480175471906,0.038495939322385604,0.043441407077770715,0.047767659337907276,0.054281806347922054,0.054094665664913597,0.4147911071777344,0.03822812810540199,0.03295464068651199,0.03293866291642189,0.03191671147942543,0.03075535036623478,0.030735651031136513,0.030684923753142357,0.030574729666113853,0.0301215797662735,0.03002326190471649,0.029847530648112297,0.029826192185282707,0.029782339930534363,0.029731187969446182,0.029544169083237648,0.02948148362338543,0.02945808693766594,0.02930634841322899,0.02929782308638096,0.013059505002620587,0.012638230647697342,0.011611374407571932,0.013388625592404372,0.013625592417048697,0.010663507108994632,0.012203791469182745,0.011729857819894095,0.010781990521316795,0.012085308056860583,0.008451816745647597,0.008925750394936247,0.008056872037907056,0.00781990521326273,0.009083728278032464,0.008530805687195706,0.009162717219580572,0.00829383886255138,0.008013787160698997,0.00835846617836347,19.88,791.286724,122.87666,0.2427,0.2688
M5H6-3,0.8910706903679206,0.031934683753617195,0.027077304671351797,0.023770152955766847,0.02614716825134353,0.49491516,0.49624237,0.28879988,0.28853798,0.0014381632097679486,0.49767148,0.49506336,0.29032165,0.29377335,0.027578564606613058,0.49692795,0.4765817,0.30133235,0.28870267,-0.003991878071139616,0.4802227,0.48577744,0.27397352,0.28206366,-0.06830417297184313,0.46408945,0.5092115,0.27911615,0.2914251,-0.018135322432706866,2.882724751752807,1.576710027394411,3.0167147625989594,1.7217193549765049,3.857142145276506,1.3880930434299814,3.7098771123143637,1.3844326306322168,3.4246643507374155,1.7422480105012947,3.5493817163583063,1.72097646170515,3.0492572646769025,1.5146825223537341,3.209703102774373,1.7263396943047344,3.2910438242454085,1.627865650915488,3.0659276827597606,1.470019390792093,0.0034989714561928227,0.012611677336607096,0.020071023078380806,0.025671025275537135,0.03415204871095585,0.038853963258053265,0.043528413351020444,0.04777167151414282,0.05350350309112432,0.05367103626131879,0.41529497504234314,0.03655262663960457,0.03404359146952629,0.03377533704042435,0.03293792903423309,0.03213738650083542,0.03165069594979286,0.030581384897232056,0.0304946880787611,0.030153848230838776,0.030030038207769394,0.029913121834397316,0.02988337352871895,0.029249196872115135,0.029191644862294197,0.029061334207654,0.029028916731476784,0.02881901152431965,0.02873839996755123,0.028462544083595276,0.01296647691333368,0.012755639890352647,0.012215370018963743,0.011029411764695417,0.0135199240986589,0.011266603415549083,0.011385199240975915,0.014824478178354056,0.010910815939268586,0.010910815939268586,0.008697027197967713,0.007985452245406718,0.009171410499675042,0.008934218848821377,0.009171410499675042,0.00790638836178883,0.007669196710935165,0.008064516129024606,0.009228911505942598,0.007935138864922607,19.37,786.943083,123.3508,0.2509,0.2661
M5H6-4,0.8910706903679206,0.026560562215791648,0.03245142620917735,0.025423728813559324,0.024493592393551054,0.49406937,0.49494296,0.2881446,0.2889205,0.00032466635603185676,0.50185066,0.48849174,0.28274003,0.28133577,-0.018548598191842347,0.49716485,0.5300119,0.30487186,0.28502053,0.025607149176844125,0.49682727,0.4990354,0.28975514,0.2940979,-0.0633665462457302,0.47185344,0.4846957,0.28926528,0.28319177,0.035879767679130974,2.993973058630714,1.447235669456882,2.971049574482088,1.3952597522641703,3.634311207916212,1.3294328866521088,3.7357894040325474,1.560859568317817,2.955912888119204,1.511927677289073,3.1037276788227413,1.2084120612263771,3.378137795068199,1.6786175925348705,2.9833075736104817,1.3711785800210001,3.3005656017907876,1.5855314630676132,3.4952162107521136,1.6499963728261764,0.0033763709565458834,0.012553102873802582,0.019691795085381093,0.025875329723726227,0.0341274468971262,0.038769956962376784,0.043315285297792584,0.04774121893655421,0.05393863667916146,0.0539441899208663,0.4098789095878601,0.037814538925886154,0.036002613604068756,0.03460920602083206,0.033901091665029526,0.03301571309566498,0.032702356576919556,0.031685031950473785,0.031187469139695168,0.03078928031027317,0.03026161901652813,0.02984502725303173,0.029439019039273262,0.029076918959617615,0.028672784566879272,0.02840617671608925,0.028292052447795868,0.02819341979920864,0.02811932936310768,0.02810756489634514,0.0130718954248242,0.012333965844390575,0.012215370018963743,0.009962049335853927,0.0135199240986589,0.011859582542683246,0.011859582542683246,0.011740986717256412,0.01257115749524424,0.012689753320671073,0.00790638836178883,0.008301707779878272,0.007827324478170942,0.009408602150528708,0.008459835547114047,0.008064516129024606,0.008697027197967713,0.009013282732439266,0.009228911505942598,0.007848887355521276,19.92,784.143373,123.01464,0.2475,0.2661
M5H7-1,0.8809425382389418,0.03410500206696982,0.03503513848697809,0.024906986357999174,0.025010334849111204,0.49237302,0.496053,0.2888488,0.28881422,0.0019014412378911823,0.4938655,0.4893169,0.2812071,0.2855764,-0.0390418468234292,0.5132384,0.4939003,0.28498718,0.28590888,0.036857532117149316,0.5002024,0.49954286,0.29888338,0.28908262,-0.035838325769446185,0.5144628,0.4931713,0.2846598,0.29085726,-0.028259430311578914,2.886809238536552,1.3727761064652289,2.7589348273128986,1.3299660116301004,3.8393399429791333,1.4906791753776987,3.7862005606950526,1.2512041242233274,2.7978337695944826,1.3277933907900803,3.258544161001717,1.417449356440767,3.0695719531700094,1.4726293203726264,2.9821579086686962,1.41856932418855,3.163174500256797,1.4604691536529513,3.1789759002211357,1.4295068447454928,0.0034311060959471206,0.01220611406592953,0.019859590698399814,0.025701186437956842,0.034038132065475415,0.038769664068108375,0.04353789239262312,0.04796667973973134,0.053711947634348674,0.05411102013481311,0.4280951917171478,0.03756498917937279,0.03225889801979065,0.03155042976140976,0.030929291620850563,0.03070170432329178,0.030420172959566116,0.02987983450293541,0.029716914519667625,0.029539627954363823,0.029516924172639847,0.02922973968088627,0.02917413040995598,0.02916814386844635,0.02911376766860485,0.029105624184012413,0.028936101123690605,0.028689337894320488,0.028224267065525055,0.02818499319255352,0.011959876543199495,0.010609567901225357,0.01236979166665593,0.011718749999989828,0.01302083333332203,0.011393229166656776,0.011176215277768076,0.014648437499987284,0.012586805555544629,0.01269531249998898,0.00853587962962222,0.00846354166665932,0.008391203703696419,0.00846354166665932,0.008174189814807718,0.009042245370362521,0.009042245370362521,0.007667824074067418,0.008443813131305801,0.008522727272719875,19.74,772.460906,122.55665,0.2769,0.2827
M5H7-2,0.881769326167838,0.038238941711451015,0.03007441091360066,0.02315006200909467,0.02676725919801571,0.49442273,0.4954856,0.2892728,0.28868255,0.00015831071190523034,0.48292682,0.49963352,0.2787822,0.28935748,-0.019724371760470424,0.49266616,0.48473996,0.28536388,0.28514206,-0.02102947890262475,0.5119774,0.5023835,0.28580812,0.29764566,0.06089063693333495,0.47819948,0.50602055,0.28698438,0.28254256,-0.0075493292095611736,2.66458056523732,1.3182747244779451,2.817783736232887,1.4484113721959846,3.6717577760682616,1.6189111789443005,3.6152764530926924,1.1671369243349088,2.989187769616812,1.5716748656699548,3.512278492865794,1.5893589747802557,2.988453915958021,1.4561917949042713,3.3022742238677325,1.6731563896810888,3.1234692354279447,1.4019948002297482,3.159685570993517,1.4830451128475781,0.0033527133129114197,0.012500897221276763,0.01969024448411513,0.025430145245653398,0.0337054196795936,0.038340869992058144,0.04355054192165117,0.048304078131186486,0.05390736971768209,0.05455105362720514,0.429127037525177,0.035558298230171204,0.03469385579228401,0.03312569484114647,0.03175237402319908,0.03041652962565422,0.030326256528496742,0.030129460617899895,0.03011353500187397,0.029682591557502747,0.029419444501399994,0.029057394713163376,0.028811728581786156,0.028788888826966286,0.028629399836063385,0.028516963124275208,0.02836769074201584,0.028201283887028694,0.027739617973566055,0.02754199504852295,0.01301476301475164,0.01087801087800137,0.011582167832157708,0.013330419580407928,0.012893356643345373,0.012128496503485901,0.013548951048939205,0.011909965034954624,0.011800699300688985,0.010926573426563875,0.008158508158501028,0.00786713286712599,0.008377039627032306,0.009178321678313655,0.009396853146844932,0.00786713286712599,0.008377039627032306,0.007794289044282231,0.009138588684035241,0.008661792752694271,18.97,773.627144,121.98566,0.2511,0.2848
M5H7-3,0.8813559322033898,0.03534518396031418,0.03338156262918562,0.024700289375775113,0.025217031831335262,0.4950865,0.49642453,0.28842124,0.28833696,-0.001151748843495587,0.49172726,0.5003469,0.301036,0.28905004,0.007635060029681522,0.49101412,0.48368052,0.28129074,0.2913228,0.0020486590817066245,0.47071132,0.47571096,0.29300958,0.28955138,0.00716537520327733,0.48210716,0.5018408,0.2830455,0.29396346,0.0138858118857352,2.709978895920865,1.4073293101375746,2.8257958767004223,1.3728971933362561,3.8242087385125108,1.3884267281764184,3.838858960151554,1.3955601433017235,2.7672895486750653,1.333334567321209,3.2622658778602096,1.3510949631535514,2.9894697071902994,1.5658734810579162,3.1311186166729295,1.5800018372924192,3.2480676789814664,1.4309366067615268,3.133448101904292,1.4250878490849694,0.0035190615835777126,0.012613503868847825,0.020122719617472824,0.02569103393044318,0.034135368453285284,0.03824800668951466,0.04320154518366722,0.04764630368983264,0.0537069097504387,0.05444888056625328,0.4205420911312103,0.03685690835118294,0.03468751907348633,0.03402770683169365,0.0338728241622448,0.0338728241622448,0.03251376003026962,0.031968869268894196,0.02996307983994484,0.029556114226579666,0.0292347501963377,0.02856357954442501,0.028490252792835236,0.028458528220653534,0.02819393016397953,0.028138427063822746,0.027859026566147804,0.027793802320957184,0.027770303189754486,0.027635779231786728,0.013066202090580953,0.012775842044123598,0.012086236933787381,0.013175087108002461,0.011977351916365873,0.012304006968630397,0.010235191637621746,0.011215156794415319,0.012957317073159445,0.011977351916365873,0.009654471544707038,0.007621951219505556,0.008783391405334974,0.008347851335648943,0.009218931475021007,0.0075493612078912165,0.00849303135887762,0.007839721254348573,0.00902755780803775,0.008235666772244965,19.7,776.242102,120.91002,0.2543,0.2583
M5H7-4,0.881976023150062,0.03420835055808185,0.03389830508474576,0.023976849937990905,0.02594047126911947,0.49422538,0.49609536,0.28903508,0.28857273,0.0023283333785834035,0.52210593,0.4992063,0.2809259,0.28705677,-0.04981037828071462,0.48672667,0.50431484,0.2880754,0.28914982,-0.043384610044536115,0.48197016,0.49269435,0.29379332,0.2937796,0.0507054537305356,0.46613544,0.47157136,0.27799302,0.28727305,-0.017350229032542075,2.7160216067867573,1.3919145186533095,2.7288287480841653,1.4614413217095437,3.7302131014002695,1.3532183391139057,3.6100749730579245,1.3940782999640695,2.7313264290097257,1.2494014464721719,3.4657062030556034,1.6363686217865991,3.1522217894647997,1.497245979845098,3.1186931261590476,1.594379461663733,3.178141374420372,1.3389212400750903,3.1896312020236106,1.371964750945168,0.003499955548692898,0.012551645400225532,0.019834641137579136,0.025664780995428533,0.03359816954196437,0.03889021462962703,0.04357631821520984,0.04801910938296907,0.05391241688775343,0.0537860815938835,0.4121571183204651,0.038407329469919205,0.0338655449450016,0.03328685835003853,0.03246338292956352,0.03198826313018799,0.03149280697107315,0.031174303963780403,0.030866220593452454,0.030866220593452454,0.030746586620807648,0.030170863494277,0.030138693749904633,0.029432987794280052,0.029276415705680847,0.029086563736200333,0.02886117249727249,0.028761599212884903,0.028515083715319633,0.028441958129405975,0.011480832846847313,0.012453784783020812,0.013244308231161782,0.012478108581425151,0.012040280210147076,0.013244308231161782,0.011711908931688518,0.011274080560410443,0.010836252189132367,0.013244308231161782,0.008610624635135485,0.009413309982478623,0.007807939287792345,0.008026853473431383,0.008610624635135485,0.008902510215987534,0.007880910683005359,0.008464681844709459,0.0089157777423899,0.008119726158247945,19.04,776.056495,123.73959,0.2708,0.2757
M5H8-1,0.871434477056635,0.03989251756924349,0.03875568416701116,0.025113683340223233,0.024803637866887142,0.49413672,0.49673763,0.28850567,0.28855208,0.003648696078583899,0.50227475,0.47707912,0.28060904,0.29645467,-0.02732290820496943,0.4836423,0.46711862,0.2927062,0.2865425,0.0053703141407290605,0.48238483,0.51799536,0.29972866,0.28297734,-0.07866404516539283,0.49989834,0.51380646,0.28802612,0.28421435,-0.01257088925772873,2.6875122900867114,1.297695434964698,2.710481993035825,1.3386388729210013,3.80779313733084,1.3573043908071576,3.8412684372706107,1.3794890815667715,2.688144513733564,1.2660547449954882,3.1748533038002704,1.4416440571206925,3.039681426770885,1.4436658272035496,3.089833685616571,1.4911721771464843,3.15753566123406,1.3635622029700438,3.142038766421813,1.328703304958265,0.0034316343282106056,0.0124132201981843,0.019770960659823176,0.025795605134595223,0.0336992424691944,0.0382305820922091,0.04377855574675132,0.04754445301528907,0.05426729167902846,0.05440178801004767,0.4372483193874359,0.03403111547231674,0.03149191662669182,0.031446199864149094,0.031075770035386086,0.030719783157110214,0.030502457171678543,0.02974647469818592,0.029494816437363625,0.029411474242806435,0.029411474242806435,0.02891407161951065,0.02889510802924633,0.028881965205073357,0.028682509437203407,0.028308168053627014,0.028303932398557663,0.028073420748114586,0.027748584747314453,0.027612481266260147,0.01241514826722832,0.012593783494094913,0.011354501607707915,0.013464630225069562,0.011454983922820374,0.012359324758832509,0.01205787781349513,0.011153536977482996,0.013263665594844643,0.011756430868157752,0.008239549839221672,0.009378349410496213,0.00911039657019632,0.008038585208996753,0.008306538049296645,0.00864147909967151,0.008172561629146698,0.008574490889596536,0.007673194972224174,0.008550131540478366,18.71,757.718618,120.62168,0.2622,0.2695
M5H8-2,0.8709177346010748,0.04071930549813973,0.03844563869367507,0.025527077304671353,0.024390243902439025,0.49658185,0.49637666,0.28861207,0.28773528,-0.003429422403574856,0.49885476,0.49539706,0.29960623,0.29565972,0.07636264535309033,0.47374117,0.46462092,0.2881777,0.29180863,0.006263978338822451,0.47111684,0.50010294,0.2761878,0.30411634,-0.030954717836714368,0.445587,0.51899594,0.27822372,0.2847269,0.011964436582293732,2.542705925953266,1.3230202624038996,2.718759999958962,1.145707265357064,3.5888037562277257,1.3494044825719835,3.9037682483126903,1.4475286616083052,2.6834342881627884,1.2421091914349935,3.3644355659606098,1.676309919694086,3.235347739095398,1.5985517341406887,3.147059351074535,1.6774264145703086,3.3064803536492415,1.460955841908596,3.437535445583381,1.4415571103716744,0.0035057089843010406,0.012950595213182581,0.020153342381610075,0.025807518838950636,0.03422799664376695,0.03892752011447864,0.04320452493557587,0.047850237068836655,0.053135706214013666,0.053570182938617206,0.4452315866947174,0.03432959318161011,0.033054184168577194,0.031226715072989464,0.03077767789363861,0.029486585408449173,0.029205691069364548,0.028945554047822952,0.028841432183980942,0.028600124642252922,0.02857142873108387,0.02851760759949684,0.028476601466536522,0.028234001249074936,0.02822127938270569,0.027768967673182487,0.027720240876078606,0.027697382494807243,0.027643056586384773,0.027450311928987503,0.013432968597089147,0.012721288141614226,0.01391112890311136,0.01160928742993466,0.013110488390702073,0.010808646917525373,0.012209767814241625,0.011309047237781178,0.012009607686139304,0.010608486789423052,0.009140645850006025,0.009274085935407574,0.007939685081392095,0.008673605551100609,0.008006405124092869,0.008273285294895965,0.007939685081392095,0.007939685081392095,0.007788048620708518,0.009826042652295794,18.0,755.828767,121.66673,0.2715,0.2742
M5H8-3,0.8721579164944192,0.04175279040926003,0.03617197188921042,0.025527077304671353,0.024390243902439025,0.49449566,0.4965967,0.28834862,0.28867033,-0.0011238533066683808,0.50802946,0.48261034,0.28842905,0.28966156,-0.019064002631701413,0.49257842,0.4949637,0.29192367,0.2820466,-0.06988820826689401,0.48563245,0.48936388,0.29233932,0.28658998,0.1396444536531378,0.45912567,0.49633723,0.28834438,0.29784387,0.030554347223921717,2.5404516554616245,1.2182874037531048,2.853920653162797,1.462188102915619,3.6096744493833035,1.275194422358204,3.704286695486725,1.2633513714757005,2.862342642905417,1.4708603734446002,3.236626482556177,1.5219488231661467,3.3376875904454635,1.5641212267444917,3.1312765671706706,1.5948913719934943,3.465902204841208,1.674713337744616,3.376064576764508,1.6131298687693691,0.0033334938869221072,0.012489062286764765,0.019920686527145598,0.02586317623164672,0.0336781221652257,0.03814151193314549,0.04324109529658262,0.04779881029790718,0.05384365291525179,0.05502372179274137,0.4375876486301422,0.035094473510980606,0.030922258272767067,0.030685199424624443,0.030474409461021423,0.030415117740631104,0.029966264963150024,0.029558587819337845,0.029465578496456146,0.029416386038064957,0.029371952638030052,0.029313575476408005,0.029185958206653595,0.0291177649050951,0.028574815019965172,0.02843080461025238,0.028394319117069244,0.02808748185634613,0.027991171926259995,0.02794617973268032,0.012754872900375929,0.012395580705999143,0.01111560226353184,0.014147130153585976,0.011519805982205724,0.012328213419553494,0.012328213419553494,0.01111560226353184,0.011014551333863367,0.013136620856901263,0.008959849097271119,0.008555645378597234,0.008892481810825472,0.008420910805705938,0.00815144165992335,0.008420910805705938,0.007949339800586406,0.008959849097271119,0.008965973396038905,0.007422650106556798,18.11,758.069615,119.08398,0.2394,0.2456
M5H8-4,0.8718478710210831,0.041236047953699874,0.03699875981810666,0.024493592393551054,0.025423728813559324,0.49526274,0.49603593,0.28935027,0.28812295,-0.007626909396387151,0.500703,0.5128074,0.27982834,0.2994045,0.03542721977542006,0.4919267,0.47568887,0.2870189,0.28754905,0.08809324633656612,0.4759185,0.4890224,0.28082192,0.28943115,-0.006525209495918877,0.45642477,0.49445364,0.28540656,0.28845036,0.07891289864458434,2.4624950034943023,1.3250159357328681,2.72531609732928,1.326575669770378,3.806562943713018,1.4185162178107915,3.683401294328635,1.3486043773941827,2.698891066966376,1.3013187993999211,3.3478603724782734,1.4774330340149637,3.067287526455702,1.6059937427426239,3.027542275078518,1.5313918365232106,3.439233367669014,1.797312733107164,3.4498124002646255,1.6476735593723308,0.0034828079522470526,0.012494696857579793,0.01964185289329584,0.025703714666272016,0.033934191702432046,0.038324700310788815,0.043125647476690836,0.04817917221646688,0.05405752059592521,0.05438902866163484,0.4294935464859009,0.03867942839860916,0.03441210836172104,0.03153010830283165,0.03153010830283165,0.03120501898229122,0.030229302123188972,0.030189957469701767,0.030189957469701767,0.029988093301653862,0.0297874566167593,0.029155509546399117,0.028980452567338943,0.02849564515054226,0.028492625802755356,0.028227226808667183,0.027485838159918785,0.027407826855778694,0.027342461049556732,0.027177363634109497,0.012365591397839491,0.012007168458771679,0.01300403225805403,0.012096774193538632,0.012802419354828386,0.01310483870966685,0.012701612903215564,0.011693548387087345,0.011794354838700167,0.01038306451612066,0.00900537634407876,0.008064516129025754,0.009206989247304403,0.007930107526875325,0.008266129032251398,0.008400537634401828,0.008467741935477042,0.00786290322580011,0.008504398826972613,0.00909090909090176,18.61,757.787939,120.2481,0.2617,0.2651
M5H9-1,0.8621331128565523,0.04505994212484498,0.042889623811492354,0.024183546920214963,0.02573377428689541,0.4933367,0.49560118,0.28922677,0.2882665,0.0022231332213928983,0.514181,0.46736512,0.28452265,0.28939492,0.029822573533062377,0.49741405,0.5034102,0.28294948,0.29387778,-0.027869182623136306,0.46471754,0.51575404,0.27414906,0.28881562,0.018655864724721583,0.49892253,0.5193656,0.29648054,0.28757486,-0.07793662603429088,2.4023768709160565,1.2820776048143405,2.5410979393062094,1.2737108522513634,3.7415845389322704,1.6213421188102521,3.6821902190198976,1.2449533830204071,2.5414220503565557,1.2588693115700516,3.3838154769649877,1.6003939226829345,2.946002165640252,1.5511072256178955,3.0813977599385645,1.4558316098954902,3.208403959171048,1.47758332032765,3.3074591633639816,1.4794995812384528,0.0035806107196241724,0.012573136878069614,0.02030664104206705,0.025913303437967113,0.033749306000427075,0.038606021780909675,0.04363356822549647,0.04781550288276746,0.05335554131966688,0.053799701046337814,0.4479592442512512,0.03506803140044212,0.031331464648246765,0.030615562573075294,0.030079327523708344,0.029779549688100815,0.029779549688100815,0.029449906200170517,0.02933008037507534,0.029323119670152664,0.028889428824186325,0.028664875775575638,0.02864665351808071,0.027579886838793755,0.027453217655420303,0.027393318712711334,0.027292555198073387,0.027268201112747192,0.027152178809046745,0.026943815872073174,0.01066133599865934,0.012077294685981284,0.012649925037471777,0.014898800599688981,0.011244377811086025,0.011525487256363175,0.011900299850066041,0.011994002998491758,0.013024737631174644,0.012181409295343193,0.008933033483251675,0.00805847076461165,0.008558220889548806,0.007871064467760217,0.009057971014485964,0.008308345827080229,0.007496251874057349,0.008995502248868819,0.008518468038701533,0.008995502248868819,18.12,748.92596,120.10953,0.2776,0.2803
M5H9-2,0.8622364613476643,0.0406159570070277,0.0472302604381976,0.024596940884663084,0.02532038032244729,0.49370876,0.4986348,0.28913328,0.2882607,-0.0032697014511655262,0.5141811,0.4813473,0.28434324,0.28808016,0.009001450160669293,0.47929227,0.46157697,0.28497067,0.29344848,0.03097426519578098,0.4979504,0.47097993,0.29750174,0.29142833,0.03576567605614055,0.4912892,0.50892425,0.275076,0.28546605,-0.0007451643144409368,2.5647382745739606,1.345893963146659,2.4252101118106033,1.2403576922001358,3.6758727167172043,1.3949705960239422,3.918199097572927,1.3608076515186713,2.43606169196969,1.2578326093408987,3.352222701226574,1.458242313835249,2.91675188279158,1.4272658183808242,3.1815701781976427,1.5571310648315302,3.158633215689179,1.4429543206719728,3.1538567172018723,1.432894904506478,0.0035886378100389226,0.012491615933414645,0.019703199754353282,0.02583750606826303,0.034042312304121615,0.03875968992248062,0.043569699683163765,0.04786508643093502,0.05366317237640899,0.05381241305015344,0.45001718401908875,0.03461020439863205,0.03256765380501747,0.03190971538424492,0.03189223259687424,0.030773868784308434,0.0299694687128067,0.029101526364684105,0.02847256511449814,0.028267916291952133,0.028010211884975433,0.027855485677719116,0.027705658227205276,0.02768440917134285,0.027345379814505577,0.027078084647655487,0.0269783865660429,0.026659594848752022,0.026640979573130608,0.0264594703912735,0.011669584062673584,0.012003000750178542,0.012096774193539312,0.012940735183786242,0.012753188297064701,0.012003000750178542,0.011909227306817772,0.012565641410343161,0.012096774193539312,0.012003000750178542,0.009002250562633906,0.009627406851705706,0.008689672418098008,0.009502375593891346,0.007876969242304669,0.008564641160283647,0.007876969242304669,0.007064266066511329,0.008456659619443974,0.008047466412051523,17.96,749.651152,119.16349,0.2493,0.2656
M5H9-3,0.8628565522943366,0.0454733360892931,0.04175279040926003,0.024390243902439025,0.025527077304671353,0.49311,0.4959236,0.28829944,0.2884228,0.003993642596075551,0.5093958,0.46899074,0.29581416,0.29397434,-0.02051555893456155,0.5046184,0.50841165,0.28325975,0.2867512,0.03996360708640776,0.47778007,0.5196065,0.29253277,0.2885044,-0.11484933617999085,0.49096474,0.49454468,0.291156,0.28695282,-0.03841595856368424,2.4668433624271286,1.236252477807661,2.467208886662537,1.2103142185371565,3.8216389561160504,1.4339081693918772,3.702060459817113,1.2383920011934173,2.669791952015803,1.3303902456343095,3.325007000003573,1.467453358379116,2.9763694409534365,1.402221434352837,3.156198297993692,1.7600620001397058,3.1738943632090995,1.2985744342503116,3.1004766215920636,1.3153953998490768,0.003602853474004472,0.012526547110251533,0.020162629046622787,0.025984109501450102,0.03433689754089002,0.03871618262655221,0.043067361590525426,0.047966609927433505,0.05322245468327036,0.053747687832332934,0.4447384178638458,0.03349582478404045,0.03038056567311287,0.030272427946329117,0.03017495386302471,0.030100250616669655,0.029803387820720673,0.029457876458764076,0.02906845323741436,0.028867356479167938,0.028752293437719345,0.028701307252049446,0.028645506128668785,0.028448572382330894,0.02837427146732807,0.02821832336485386,0.028197314590215683,0.02818831242620945,0.028060242533683777,0.02805420197546482,0.01239219626558557,0.011303692539554405,0.012622456669169087,0.012528259231339467,0.011868877166532127,0.011492087415213646,0.011774679728702506,0.012151469480020986,0.013187641296146807,0.012716654106998706,0.008917357447870698,0.00803818136146091,0.00841497111277939,0.009231348907302765,0.007598593318256018,0.008603365988438631,0.008477769404665804,0.008477769404665804,0.008357881756519015,0.008631910666568819,17.34,748.537222,123.21057,0.2886,0.2899
M5H9-4,0.8614096734187681,0.04361306324927656,0.04505994212484498,0.027077304671351797,0.022840016535758578,0.4924766,0.4955934,0.28857186,0.2876426,-0.0024139322342774,0.5037279,0.5081332,0.28272143,0.28870213,0.017358057006932423,0.5031047,0.48285648,0.293084,0.2988607,0.014111501048586743,0.49227333,0.48227456,0.2937523,0.2959217,-0.019059666876370777,0.5126918,0.5199785,0.28667855,0.29535067,0.04593397466155893,2.3577383334520525,1.2287352563175098,2.5110733146367195,1.2189319965400387,3.6447518992744965,1.3011083080882124,4.008032498933875,1.6127100974851614,2.4566493231983824,1.1785774132158966,3.184563972348509,1.3925232588359264,3.1165433434088623,1.422717264005206,2.939041160647498,1.367922281398476,3.449238790468757,1.4728426690565135,3.3863315021607203,1.4653541463645612,0.0035968673894970086,0.0125155774951215,0.02008611049175624,0.02550301697838941,0.033930852341766356,0.03828304459873583,0.04322981752941359,0.0483200503319454,0.053802637241837044,0.054065358934870945,0.4479143023490906,0.03630500286817551,0.03380132094025612,0.032740406692028046,0.03180835396051407,0.03168036416172981,0.029361743479967117,0.029089827090501785,0.028552647680044174,0.027778543531894684,0.027446161955595016,0.027316579595208168,0.027283374220132828,0.027274424210190773,0.027271253988146782,0.02695118635892868,0.02691582590341568,0.026914844289422035,0.026846105232834816,0.02674768678843975,0.01135139613885971,0.012677106636828727,0.010160328113340672,0.012956748694994066,0.0120246085011096,0.01314317673377096,0.012117822520498048,0.0120246085011096,0.012304250559274942,0.013236390753159407,0.009569972657213844,0.008264976385775592,0.007892120308221806,0.007767834949037209,0.008948545861290865,0.007270693512298829,0.008389261744960188,0.00938354461843695,0.008677377804888113,0.008609585790787425,17.43,748.959656,118.29161,0.2432,0.2576
M5H10-1,0.8526250516742455,0.04971062422488632,0.04774700289375775,0.024286895411326996,0.025630425795783382,0.4939586,0.4981325,0.28904763,0.28894854,2.42043442751296e-05,0.48676538,0.47903377,0.28536537,0.2849754,-0.06673548855594626,0.49398163,0.48312423,0.28586447,0.28892863,0.08050686262316281,0.51712507,0.488965,0.28181314,0.2870557,0.04192364772127752,0.48372343,0.4793603,0.29219818,0.2850146,-0.06476609192528825,2.291737243703884,1.1387699305290218,2.4098907902623257,1.2273056639898787,3.676714171039184,1.2449329342830584,3.7814307811380816,1.395259470276736,2.4164860585957397,1.213443628877229,3.358321021318,1.6230717268363524,3.0451638722397907,1.558075958298973,3.138432993642414,1.593690287987947,3.278063889549508,1.5057503607897829,3.470306327825981,1.5310806750802346,0.003527242445871996,0.012444979776350226,0.0197373899595527,0.025667677849155367,0.033770521056388295,0.03861973590292648,0.04338121579823936,0.048013323816321674,0.05366999762074708,0.054501249107780154,0.4610390365123749,0.03193501755595207,0.030686236917972565,0.030159421265125275,0.030016643926501274,0.02985210344195366,0.029456015676259995,0.02929254248738289,0.028423160314559937,0.02773386426270008,0.02773386426270008,0.027627207338809967,0.027551814913749695,0.02745642699301243,0.027413569390773773,0.027234617620706558,0.02701137401163578,0.02664530649781227,0.02643236331641674,0.02629941888153553,0.01223313074644615,0.011921458625517587,0.012447405329584538,0.011132538569417158,0.012009116409528746,0.01367461430574076,0.013323983169696126,0.011570827489472952,0.01165848527348411,0.012009116409528746,0.008999532491812297,0.00882421692378998,0.008415147265071237,0.00894109396913819,0.009057971014486401,0.00835670874239713,0.008181393174374814,0.00835670874239713,0.008160142802493322,0.007331378299115094,17.26,736.90218,118.62326,0.2742,0.2776
M5H10-2,0.8525217031831335,0.05053741215378255,0.04702356345597354,0.025217031831335262,0.024700289375775113,0.49408796,0.4958752,0.28900093,0.28917405,-0.0027436515283094827,0.49014914,0.48975775,0.29490235,0.28492293,0.037469420834217705,0.50844276,0.51452786,0.2763861,0.28608298,0.001439203386305702,0.49095362,0.47801474,0.28374878,0.28527686,0.07410572780708277,0.47050717,0.48656124,0.28984594,0.28499186,-0.06904583685546163,2.407813560913831,1.1852796478508851,2.3858655914013585,1.1212028938678293,3.7394540313736173,1.4011441248918735,3.75184759994894,1.3393776442014655,2.431954949628908,1.218346473344272,3.4169017137933095,1.5473565622144385,3.0768603383765467,1.6296103352115905,3.0854606322959595,1.5287496667848124,3.4368192387073697,1.4955350777573029,3.38848692053267,1.429246848278298,0.0034925384654204555,0.01240422607544358,0.019956302451159383,0.0258637835783899,0.03374685701223947,0.03871181288424602,0.04374653046805656,0.04817714131347945,0.05364230350203793,0.05359183758286059,0.45119190216064453,0.03541996702551842,0.03406524285674095,0.02966149151325226,0.029628204181790352,0.029421014711260796,0.02928066998720169,0.028750333935022354,0.02873874455690384,0.028341252356767654,0.02805718034505844,0.02785005234181881,0.027837980538606644,0.027820410206913948,0.027573317289352417,0.027573317289352417,0.02736140787601471,0.027194058522582054,0.027117043733596802,0.027116423472762108,0.012380284980136151,0.011523787277107862,0.012876664330754817,0.012000700770839524,0.012701471618771758,0.012351086194805641,0.011475122634890348,0.013139453398729404,0.011913104414847994,0.011650315346873406,0.007708479327254584,0.009110021023119055,0.009110021023119055,0.007942069609898662,0.0083508526045258,0.008934828311135996,0.009110021023119055,0.007942069609898662,0.007963305090139034,0.008536663056629043,17.74,739.708353,118.50192,0.2693,0.2814
M5H10-3,0.8533484911120298,0.050434063662670524,0.04630012401818934,0.02532038032244729,0.024596940884663084,0.49296975,0.49379364,0.28796467,0.28895864,-0.0005691878111053603,0.5084716,0.5105585,0.2865638,0.28951913,-0.0021885135566921624,0.49684232,0.5051453,0.29280198,0.28681982,0.024997975461706404,0.4977103,0.46634382,0.30057126,0.27496117,0.0276658303137215,0.48693377,0.5463609,0.29539016,0.2866611,-0.051722724217278845,2.2707581492423663,1.1259830174199954,2.359261332986218,1.1701084649804696,3.730603872048567,1.2506907703015424,3.906731251780958,1.4000499998172349,2.4962273498767362,1.245646780982983,3.402838708867066,1.6529259303646933,3.205633460167206,1.5117504849982661,3.2187580383650065,1.8368374153584346,3.279184519307227,1.435078007752829,3.2069257630722783,1.4795595756502617,0.0034642791105650578,0.012490964909465718,0.020032304746536105,0.025703208927968364,0.03395665907184215,0.03854564458971902,0.04363280169561716,0.047689996683949853,0.0536038741245704,0.0542135994730995,0.45110756158828735,0.033871617168188095,0.030709918588399887,0.030282752588391304,0.030094245448708534,0.030038297176361084,0.029908493161201477,0.029382864013314247,0.02872389368712902,0.028536958619952202,0.0284598246216774,0.028379347175359726,0.028074637055397034,0.027938012033700943,0.027910614386200905,0.027737285941839218,0.027311835438013077,0.02731095254421234,0.027140570804476738,0.027080288156867027,0.012450082217515306,0.012058570198096584,0.011804087385474416,0.011275546159259143,0.013125440451012597,0.01109936575052072,0.011715997181105204,0.01153981677236678,0.014534883720919989,0.012332628611689688,0.008045571999054701,0.007634484378665045,0.008280479210705934,0.00839793281653155,0.008750293634008397,0.008750293634008397,0.008339206013618742,0.009102654451485245,0.008969184444865228,0.008520725222621968,17.82,735.591493,119.70713,0.2816,0.2852
M5H10-4,0.8535551880942538,0.05002066969822241,0.046506821000413395,0.025527077304671353,0.024390243902439025,0.49369204,0.49482843,0.28847155,0.28897375,-0.007187954410148324,0.48583958,0.5094376,0.29302573,0.27834228,0.06339775224759125,0.4928726,0.50306964,0.2869051,0.28935102,0.04478182775647604,0.50720847,0.48809442,0.29031962,0.28978458,0.037818462482506685,0.50583917,0.4945059,0.28675452,0.29507843,0.003562016833955217,2.3222139112190985,1.1354033346607184,2.3972732761983946,1.248898517050798,3.756540659019508,1.2377911671560562,3.681075600838562,1.360964655599981,2.445411020065134,1.2014652146243212,3.1646686019164085,1.362634751681728,3.231133503091188,1.6774708690783942,3.126379490217813,1.5126048741715825,3.4498619871972616,1.582756751986238,3.3211286332970595,1.6465100331773004,0.0035283905461632363,0.01247934424534856,0.01956956979782824,0.025417789716436583,0.03390660178441397,0.0380734774789566,0.04365262151360505,0.048214749919049206,0.054011282944693505,0.054479505386838385,0.4538353383541107,0.03924769535660744,0.03197363018989563,0.030841249972581863,0.029858402907848358,0.029815571382641792,0.028573105111718178,0.028463764116168022,0.02815331146121025,0.028114406391978264,0.028055373579263687,0.02771369367837906,0.027481334283947945,0.027077816426753998,0.02701590582728386,0.027003012597560883,0.026880143210291862,0.026645826175808907,0.0266304649412632,0.026620017364621162,0.013408609738875506,0.010507331608241625,0.012350035285806386,0.011556104446004547,0.012526464361317907,0.012791107974585186,0.012702893436829427,0.01085038814395847,0.012967537050096706,0.012350035285806386,0.008056927781692739,0.007880498706181217,0.008762644083738816,0.008703834391901644,0.008174547165367085,0.00917431192659903,0.008762644083738816,0.008174547165367085,0.007762879322506871,0.0093026239815165,17.91,739.368948,119.02687,0.2769,0.2798
M6H1-1,0.9301364200082679,0.005374121537825548,0.0045473336089293095,0.031211244315832987,0.028730880529144274,0.4944526,0.49578437,0.28833786,0.2886966,-0.004020457634615674,0.4249531,0.46985006,0.27736437,0.29351345,0.05203736888387924,0.4817073,0.48266563,0.31203896,0.26773953,0.0871830226949343,0.48400906,0.5096812,0.2918883,0.2930153,0.0911088470130761,0.50166696,0.48686138,0.29165465,0.2843526,0.003415379913413039,7.999105920684239,4.579939184226446,8.33736501531685,4.54894383960894,3.532340301741662,1.1971499568482196,3.5840806036757034,1.2522121589825752,7.886070998378712,5.268034918338893,2.9158954232239243,1.2237458399609675,2.9686213091988796,1.384939259801514,2.4875036858734445,1.3377586254772404,3.0176436563844287,1.2184973754554869,3.0844635858596314,1.3319774238719744,0.002819216869106818,0.012981984185212358,0.019924730306241676,0.026059074481671694,0.03408874758838075,0.03816472378467976,0.04391185022146137,0.04817124534659384,0.05337490829053558,0.053836852259449466,0.3572010397911072,0.037730421870946884,0.036977846175432205,0.03651707246899605,0.03522863984107971,0.0345987044274807,0.03449581563472748,0.03435134515166283,0.03376749902963638,0.03376229107379913,0.033665936440229416,0.033451467752456665,0.033247210085392,0.03279760479927063,0.032778315246105194,0.03222822770476341,0.03222601115703583,0.031685445457696915,0.03168220818042755,0.031606826931238174,0.013477975016416616,0.011998685075590402,0.013498520710039203,0.011649408284006436,0.011094674556196605,0.012389053254419543,0.009615384615370391,0.013313609467435927,0.012389053254419543,0.012389053254419543,0.008999013806692801,0.007149901380660034,0.00912228796842832,0.009615384615370391,0.007889546351073142,0.007642998027602106,0.008999013806692801,0.008136094674544177,0.008741258741245811,0.008472296933822863,23.32,830.202129,127.5447,0.2455,0.2472
M6H1-2,0.9301364200082679,0.004960727573377429,0.004960727573377429,0.031107895824720958,0.028834229020256303,0.4924634,0.49647364,0.28928792,0.28842697,0.0004564437415594792,0.5282012,0.49028957,0.2512012,0.27314347,-0.12199882387777586,0.45604673,0.45303673,0.31377012,0.31242138,0.014941896102040763,0.5074548,0.48144603,0.27688926,0.29051566,0.07005180337867567,0.5263135,0.49656764,0.2789003,0.2916913,-0.0755903629157532,6.6683351887268,3.74888505346873,7.449600967380562,3.5212609616635815,3.5403940973688033,1.2444541428760865,3.487767631399028,1.3374909223192362,7.523077930260296,3.7426548227023466,2.798210535911286,1.2760686227818656,2.9243264118728107,1.558037773447666,2.156804939116729,1.0379591134858586,3.5557686305088256,1.8263833422795057,3.2012052024676865,1.5200081534575853,0.003047799213089772,0.012335704573669379,0.0202048068522934,0.02595884157355771,0.03427460408168627,0.038209155220998284,0.04389750461439428,0.047411669655349084,0.053888242983164844,0.05410500456513028,0.3470623791217804,0.03729475662112236,0.03690492361783981,0.036628514528274536,0.03648386150598526,0.03642316535115242,0.03574817255139351,0.0351591594517231,0.03445296362042427,0.03404456749558449,0.03365401551127434,0.033582963049411774,0.033559225499629974,0.03323829174041748,0.0328957661986351,0.03281278535723686,0.03269629180431366,0.03258639574050903,0.03239542618393898,0.032376471906900406,0.009368836291899356,0.011341222879667642,0.011649408284006436,0.012758875739626096,0.013868343195245757,0.01368343195264248,0.012943786982229373,0.011279585798799882,0.01368343195264248,0.011834319526609714,0.008875739644957284,0.009492110453634874,0.008999013806692801,0.007889546351073142,0.008752465483221767,0.008136094674544177,0.008136094674544177,0.0073964497041310705,0.007799892415265492,0.009279182356091707,22.83,827.697362,127.47072,0.2386,0.249
M6H1-3,0.9301364200082679,0.00434063662670525,0.005580818520049607,0.029144274493592394,0.03079785035138487,0.49314228,0.49466947,0.28816926,0.28875268,0.00071990979706197,0.4613821,0.5181598,0.27354583,0.26073596,0.037432907980445934,0.5589431,0.43063402,0.28353235,0.29895085,-0.07987758557148901,0.4849507,0.51223105,0.29883876,0.29238552,-0.01916699849575011,0.518129,0.5218405,0.2936485,0.2810762,0.011862994587324309,9.342925003513905,5.086886969982855,6.585648296425122,4.513311118960628,3.5257612349124696,1.1600014909772085,3.370448325669871,1.1910506176993685,7.040989717234275,3.8508733693232644,2.9705095566547675,1.1275243097427188,2.831320495558923,1.5299565708120055,2.669914662699583,1.3544440397686184,2.925655484692466,1.3863698880062194,2.9286587010136067,1.2692129354007715,0.0032469082748412354,0.012271403332855845,0.020033969754640144,0.025450031036623216,0.03420167665977722,0.038587731325161495,0.0439765076636585,0.048110176601796714,0.05364219889359555,0.05381272979038342,0.36128559708595276,0.0396389365196228,0.03739086166024208,0.03704991564154625,0.03597521781921387,0.033500395715236664,0.03344864025712013,0.0333225354552269,0.03311395272612572,0.03294728323817253,0.03293400630354881,0.03230767324566841,0.03228001669049263,0.03223377466201782,0.03223353624343872,0.03222278133034706,0.032113589346408844,0.03202040120959282,0.03201466053724289,0.03196629509329796,0.012656147271513164,0.01117685733068695,0.01146449704140316,0.010724852070990052,0.01368343195264248,0.011279585798799882,0.011279585798799882,0.012204142011816266,0.013868343195245757,0.01368343195264248,0.0075197238658665875,0.007766272189337624,0.007889546351073142,0.00912228796842832,0.008505917159750732,0.00912228796842832,0.00801282051280866,0.008875739644957284,0.009548144163514655,0.008472296933822863,23.29,830.986998,127.83176,0.24,0.2456
M6H1-4,0.9301364200082679,0.004960727573377429,0.004960727573377429,0.029557668458040514,0.03038445638693675,0.49442276,0.49519208,0.28882086,0.2882382,-0.001203660016032142,0.50101626,0.5879237,0.28355116,0.28324735,0.015642512174759503,0.4222561,0.44562146,0.27178785,0.31087965,0.11312916468469562,0.5014071,0.49591088,0.27800852,0.2906552,-0.051964998160514024,0.48120955,0.50622624,0.29526663,0.29351854,0.0557744612501737,7.46837970620703,3.893687784596371,7.511095818635984,3.6314743934021765,3.559707072211148,1.1706594731210176,3.4081588832683725,1.089575199256231,7.535400310568092,3.9724352933043856,2.88737195878862,1.337192271739995,2.7206063164154095,1.6375697250541457,2.7554170615842395,1.6681357309075524,2.970369276533765,1.2540891891558623,2.9723765309995565,1.2615669560259053,0.002944747415799677,0.012530269186136209,0.019955862328027422,0.02544288598662454,0.033968567001388526,0.03952266918881935,0.04350042594865809,0.04814896799683389,0.05352195815641371,0.05379698012463191,0.3546183109283447,0.038081396371126175,0.036278724670410156,0.03561514988541603,0.0349276177585125,0.03490130603313446,0.03480185568332672,0.03472691774368286,0.03466932475566864,0.034548863768577576,0.03393144905567169,0.033261943608522415,0.03313002735376358,0.03298220410943031,0.032841794192790985,0.032610934227705,0.03255973011255264,0.03222128748893738,0.031730059534311295,0.03156116232275963,0.012491781722532475,0.012163050624571093,0.012019230769212989,0.014977810650865418,0.010539940828386775,0.012204142011816266,0.012758875739626096,0.010539940828386775,0.012758875739626096,0.01146449704140316,0.008629191321486249,0.008629191321486249,0.008505917159750732,0.00801282051280866,0.007149901380660034,0.0075197238658665875,0.00912228796842832,0.009615384615370391,0.008606777837534337,0.009010220548668759,24.19,828.32175,127.48841,0.2428,0.2474
M6H2-1,0.920318313352625,0.010541546093427036,0.009198015708970648,0.03028110789582472,0.029661016949152543,0.49414966,0.495353,0.289138,0.2883715,-0.0001107301715627106,0.47596842,0.53514457,0.29146713,0.26727244,-0.057767567580536645,0.48753083,0.4933346,0.26973367,0.30198354,0.03865393141933483,0.49338216,0.49783072,0.28281772,0.28435233,-0.06859643101526988,0.49511346,0.49311993,0.283916,0.3038395,0.07876834301599821,4.591874167022376,2.1243189143626324,5.525719397944304,3.392840838501971,3.436404053399797,1.201535229920414,3.540807345856593,1.1683845103039636,4.842959393779422,2.400298019978655,2.7588312286494703,1.178494909547113,2.9225202669929633,1.4713115380355566,2.968261179691891,1.425525235956061,2.87392853817403,1.1894082818106113,2.963986791996982,1.24331826872497,0.003067688888206042,0.012501216320719447,0.01964037877507541,0.02587306220904328,0.034246470109238404,0.038922263022313726,0.043536599730616965,0.047894868919036576,0.053743451073178974,0.0539073342859045,0.36469271779060364,0.041693758219480515,0.04145754873752594,0.040344104170799255,0.038876973092556,0.03408041596412659,0.03378605470061302,0.032889507710933685,0.03258169814944267,0.032387204468250275,0.03222799301147461,0.031686484813690186,0.030919965356588364,0.030919965356588364,0.030724285170435905,0.03030558116734028,0.03025447018444538,0.03025447018444538,0.02998945862054825,0.02992737479507923,0.012249603689276517,0.012537829658435964,0.01232166018156638,0.010538261997392297,0.011835278858609811,0.014429312581044839,0.012970168612175136,0.01232166018156638,0.01232166018156638,0.010376134889740108,0.008754863813218217,0.007565931690435496,0.009727626459131352,0.007565931690435496,0.007890185905739875,0.00767401642887029,0.008322524859479047,0.010484219628174902,0.00860747553353441,0.008135833038546222,21.89,820.515507,126.61325,0.2414,0.2526
M6H2-2,0.920111616370401,0.010644894584539065,0.009301364200082679,0.028834229020256303,0.031107895824720958,0.49423325,0.49554712,0.2886346,0.28872773,0.0003796992908767241,0.49313286,0.50386703,0.30249685,0.29077277,-0.1103855250663721,0.4821138,0.48691148,0.2957059,0.28458026,0.04987696766856865,0.48728037,0.4879412,0.2867562,0.2777867,0.024004204336227283,0.49404424,0.5092629,0.283796,0.29657894,-0.008527170454581168,5.3354927615939145,2.860594768203308,5.316150879195662,3.3590153727054624,3.5618229483780657,1.2187946074544613,3.511146754444913,1.145881530543185,6.0088383316454825,2.7396190227082373,3.0812927605702867,1.3902587491818068,2.6062118847121125,1.1962276467542146,2.701040352238796,1.2534144096205333,3.4382596607930176,1.4065455929202877,3.0713921503207864,1.3401272103615545,0.0028677902679160212,0.012554889301250888,0.01992628603268565,0.025396046436732253,0.0339891933892578,0.0380173907709295,0.043476927323753585,0.048517285976454466,0.054672044412409714,0.05391547942194345,0.3683471977710724,0.03956380486488342,0.038599397987127304,0.03645937144756317,0.03554900363087654,0.03436211496591568,0.033634256571531296,0.03317198529839516,0.033025939017534256,0.03289395198225975,0.03221966698765755,0.031808674335479736,0.03180865943431854,0.03174401447176933,0.03145262226462364,0.03141248971223831,0.03110606223344803,0.03097439743578434,0.030960356816649437,0.03090602345764637,0.01236165013653712,0.0120741699008037,0.013421733505804112,0.010996119016803368,0.011481241914603518,0.013421733505804112,0.013098318240604014,0.010834411384203319,0.012451487710203815,0.011804657179803616,0.008300991806802544,0.007977576541602444,0.009271237602402841,0.00819318671840251,0.007546356188002311,0.009271237602402841,0.009055627425602774,0.00894782233720274,0.007173938609893108,0.00893802187462092,21.85,818.137881,126.89221,0.2429,0.2577
M6H2-3,0.920318313352625,0.009818106655642828,0.009921455146754857,0.03038445638693675,0.029557668458040514,0.49288014,0.49473158,0.28837755,0.28942868,0.002783745946206989,0.5191271,0.5053524,0.28955135,0.2521204,-0.30637348170586404,0.51105183,0.4729873,0.2904091,0.253221,0.14888717342759,0.48884186,0.5038914,0.29284438,0.28534088,-0.04008058101364319,0.5168002,0.5239718,0.2904654,0.28887483,-0.007426707153981296,5.239336838037148,2.841771505075767,5.679382517477191,2.689646362165063,3.4814656706676823,1.1816952173396968,3.547652337471682,1.2494062747100545,5.344242946540976,3.21953150595249,3.20768982420817,1.4309325969222018,2.741775703316603,1.5452925776685424,2.934808076232612,1.5617249722704596,2.8163882030382488,1.2141694650200132,2.9794413160770326,1.2645631341469816,0.003078015263304683,0.012403336629395807,0.019827083491797876,0.026515554879440177,0.03418270327831444,0.03920285996805355,0.043563804163180446,0.04693592961638904,0.05337592860221597,0.05424811744124135,0.37202802300453186,0.03950931131839752,0.0362912192940712,0.03481612727046013,0.03477782756090164,0.03473329916596413,0.034646011888980865,0.0346268005669117,0.033194731920957565,0.03304361552000046,0.03296489268541336,0.03201977536082268,0.03147989511489868,0.031390316784381866,0.03137671574950218,0.030948884785175323,0.030783427879214287,0.030477644875645638,0.030470680445432663,0.030420823022723198,0.01080847384347928,0.01311428159675486,0.012483787289218569,0.01232166018156638,0.009565499351479163,0.01232166018156638,0.012159533073914191,0.012483787289218569,0.013780804150436083,0.012970168612175136,0.006701253782957154,0.008646779074783425,0.007998270644174669,0.008971033290087803,0.007565931690435496,0.010268050151305316,0.009835711197566144,0.007890185905739875,0.009197028652269642,0.007664190543558035,21.53,818.831391,126.80603,0.2441,0.2538
M6H2-4,0.920111616370401,0.010128152128978917,0.009818106655642828,0.029350971475816452,0.03059115336916081,0.49341547,0.4958993,0.2886635,0.28824726,0.003313679897466814,0.4766053,0.51029056,0.2683587,0.29756293,-0.1802896124535234,0.5101412,0.44451383,0.2988055,0.2928841,0.03482144056580618,0.49828237,0.5237229,0.284998,0.2910798,-0.01099742914015579,0.50486153,0.47646588,0.29438344,0.2909959,-0.037156198071015306,5.564638217810006,3.1337702198155144,5.3475144912791714,2.929681916860653,3.548521920938913,1.2752654765855373,3.503569814990542,1.2172737195240417,5.375597562384899,2.5275808855496256,3.153567450618501,1.4582321165809307,2.841959202158199,1.1449991245888143,2.701476871197429,1.478591640954709,3.040227269688823,1.3530345003608586,2.9394708318567107,1.363638965659026,0.0029179192432101267,0.012704890370347294,0.019895847935909615,0.025612269798497424,0.034822925914964976,0.03850407314527811,0.04411146243827978,0.047647232909144716,0.053592103965151114,0.05352460761255017,0.3666352927684784,0.044335365295410156,0.03772265091538429,0.03689693659543991,0.03481442853808403,0.03450135141611099,0.03377142548561096,0.03375422954559326,0.033577319234609604,0.03316197544336319,0.032154977321624756,0.031632158905267715,0.0313878059387207,0.03134153410792351,0.031021567061543465,0.030897509306669235,0.03071645461022854,0.030583715066313744,0.030551034957170486,0.03054237924516201,0.01236165013653712,0.01221791001867041,0.010025873221203071,0.013583441138404161,0.011157826649403419,0.012936610608003963,0.011642949547203567,0.012774902975403913,0.01374514877100421,0.011481241914603518,0.009379042690802874,0.008732212160402675,0.008624407072002642,0.00711513583440218,0.00819318671840251,0.008300991806802544,0.008840017248802708,0.008408796895202577,0.008585205221675357,0.008585205221675357,22.75,816.329308,126.74471,0.2451,0.2528
M6H3-1,0.9101901612236462,0.014675485737908226,0.015192228193468375,0.03214138073584126,0.027800744109136008,0.49415654,0.49638095,0.28864974,0.28831434,-0.0003146045132394806,0.47921678,0.46980184,0.28511262,0.289004,0.07844943163990041,0.48415464,0.44569352,0.27779824,0.2737733,-0.005379708093481463,0.50341153,0.50716656,0.2882715,0.29870316,0.024349621094143924,0.48766884,0.5034024,0.29626232,0.29267198,-0.06119902069590366,4.216443094693871,2.035716787884792,4.381493422640343,2.4948515175942654,3.4998235907606334,1.027959664333901,3.571874555396424,1.2643533857002438,3.980338424620545,2.318451182286176,3.074776869298048,1.2261703319290242,2.756493944769257,1.570070512474061,2.7770787874040614,1.2046155879253924,3.0685589215155593,1.2984556062930295,2.984507179271648,1.319937340089843,0.0032643106145526664,0.012679485758161801,0.020136074533039342,0.025515001457648137,0.03396525459569768,0.03833819900387201,0.04365553516216849,0.04804490377469277,0.053608602998238504,0.05412596543526194,0.39126163721084595,0.03989124670624733,0.03590184822678566,0.034222912043333054,0.03349268063902855,0.03291876241564751,0.03165668994188309,0.03158115968108177,0.03155090659856796,0.031522564589977264,0.031491927802562714,0.03137645870447159,0.03132355958223343,0.030613087117671967,0.030580619350075722,0.030456209555268288,0.030367812141776085,0.02997622825205326,0.029925014823675156,0.029888682067394257,0.012402506073377879,0.012274645186023465,0.011795166858444424,0.013089758342907837,0.012802071346360413,0.012226697353265563,0.010788262370528438,0.012514384349812988,0.011507479861897,0.012514384349812988,0.009014192558485982,0.009110088224001792,0.00863060989642275,0.0074798619102330495,0.009493670886065024,0.0074798619102330495,0.007959340237812092,0.008247027234359517,0.009310597342807573,0.0080552359033279,21.11,808.321382,125.19329,0.2443,0.2678
M6H3-2,0.9105002066969822,0.015605622157916494,0.013952046300124019,0.03069450186027284,0.029247622984704423,0.49350935,0.4967583,0.28873554,0.28914407,-0.00019933543628908478,0.4785172,0.4812549,0.2818337,0.28412393,0.13291513191270057,0.50063235,0.5049592,0.29165477,0.27896944,-0.1418607974248488,0.50759625,0.46815613,0.28726733,0.29293323,-0.034532136826672284,0.49676806,0.49709532,0.28909242,0.2740951,0.04607927040129125,3.831397567119017,1.9195392919319225,4.471043717553934,2.5258935935806677,3.511691826029508,1.1740776079268556,3.5634657565184833,1.1300339905454169,4.7556718870597114,2.456133450190865,3.07292829986496,1.1512269908314543,2.6274742254939256,1.2829840484344617,2.7311459424600377,1.291033604097895,2.963755996525491,1.2972343888927171,3.066246139901816,1.3379289224231634,0.0031493532578131273,0.012432714710371977,0.020097212179641683,0.025700972121796416,0.03357435526632924,0.0386197477303768,0.043769583032055914,0.04782678557082028,0.05384028279906805,0.05432232666505986,0.3967529535293579,0.0366300567984581,0.03653838485479355,0.03432849422097206,0.03348695859313011,0.033026594668626785,0.032767489552497864,0.03142111003398895,0.031214777380228043,0.030984533950686455,0.030563000589609146,0.030552759766578674,0.030497336760163307,0.03038565255701542,0.03037823922932148,0.03024696372449398,0.030150260776281357,0.030124779790639877,0.030107995495200157,0.029841657727956772,0.01167564793429496,0.012830382345379077,0.01125866050807014,0.011691685912226683,0.012702078521925286,0.012990762124696315,0.012269053117768743,0.012702078521925286,0.010825635103913597,0.012990762124696315,0.008371824480359847,0.008949191685901907,0.0075057736720467606,0.009911470361805338,0.009526558891443965,0.00875673595072122,0.007890685142408132,0.008083140877588818,0.007663237455376413,0.007978165022035718,20.78,807.705381,124.60156,0.2468,0.256
M6H3-3,0.9100868127325341,0.013538652335675899,0.016432410086812732,0.03152128978916908,0.028420835055808186,0.4933734,0.4951516,0.2888023,0.28867385,-0.0022207609276929594,0.5299758,0.48473284,0.26491702,0.29656196,0.19815394983866894,0.50222427,0.5003198,0.28325647,0.29176357,-0.024500067344887556,0.50008,0.48757988,0.29660013,0.285218,-0.04794603248762823,0.48199555,0.5270262,0.28741243,0.28456694,0.058290569766797314,4.378215891721217,2.2221826735188586,4.016969700473219,2.009988819474107,3.2975327996123442,1.0856962981765281,3.6463970973489936,1.2366255512075508,3.815969683690922,2.183258951192223,3.1065131167217177,1.3416251097177754,2.9715643603452793,1.2486465590490314,2.858930531143998,1.313730294723802,3.0917517541311748,1.2985969773931907,3.1210315477028616,1.4486222214706497,0.0031047646660867885,0.012362681614638705,0.01982458683676428,0.026013981508327698,0.034454431236107086,0.03912969942978641,0.04357945942463194,0.047243967655681195,0.05342933539512258,0.05419042556618666,0.38893699645996094,0.035792019218206406,0.035099852830171585,0.034163180738687515,0.03298257291316986,0.032960616052150726,0.03281527757644653,0.03258189186453819,0.03244316205382347,0.03244316205382347,0.03208821266889572,0.0316665843129158,0.03160799294710159,0.0315527468919754,0.031263258308172226,0.031113723292946815,0.03050260618329048,0.030103983357548714,0.02995130605995655,0.02993088774383068,0.012132822477636118,0.012005108556818897,0.012068965517227507,0.010919540229872507,0.012643678160905008,0.011350574712630632,0.012356321839066257,0.014655172413776259,0.012643678160905008,0.011206896551711256,0.007950191570872088,0.008716475095775422,0.008333333333323754,0.008141762452097922,0.008524904214549588,0.008620689655162505,0.007950191570872088,0.00909961685822709,0.009090909090898642,0.008359456635309095,20.98,806.500352,126.05041,0.2454,0.2542
M6H3-4,0.9100868127325341,0.014158743282348077,0.015812319140140554,0.029350971475816452,0.03059115336916081,0.4938803,0.49579927,0.28849217,0.28883824,0.00022514799852374514,0.49804166,0.50006187,0.2813794,0.27209634,-0.04829783534645673,0.48947874,0.50980395,0.28394094,0.29685947,0.02092946025663627,0.49158368,0.477799,0.30119097,0.28436822,-0.0016292521684989438,0.49715722,0.5026626,0.28684202,0.28993362,0.004049990077003259,4.332850080821263,2.2733270808537918,4.161874208406564,2.3359325442268273,3.5466464898751764,1.315734711401075,3.503285213469325,1.1671023297990288,4.157367655345922,2.2248305150323957,3.053260423987947,1.3903507600111888,2.8541842277904594,1.607345451709573,2.80873743367181,1.4884788181527437,3.0844494225504713,1.2028948721536532,3.021568697082687,1.3296653461505623,0.003169578539396522,0.01250786307096041,0.01976420933016781,0.025592013149083825,0.03402528357784947,0.038883139546681274,0.04324587569245754,0.04790893041943142,0.05391124368417849,0.05432519632312656,0.37969180941581726,0.038712214678525925,0.0376487672328949,0.03570200502872467,0.03487825766205788,0.03471531346440315,0.03337327390909195,0.032607048749923706,0.03258918598294258,0.03255515918135643,0.032386936247348785,0.031542740762233734,0.031086435541510582,0.031016020104289055,0.030449535697698593,0.030363889411091805,0.030357331037521362,0.03026854805648327,0.03025801293551922,0.029797514900565147,0.012899106002539452,0.011494252873550007,0.011063218390791881,0.012643678160905008,0.012499999999985632,0.012356321839066257,0.013218390804582508,0.011206896551711256,0.012068965517227507,0.012499999999985632,0.008045977011485005,0.008908045977001256,0.008237547892710839,0.008812260536388339,0.008716475095775422,0.008524904214549588,0.00909961685822709,0.007088122605355838,0.008986415882957278,0.008359456635309095,20.77,814.169572,125.06007,0.2444,0.2583
M6H4-1,0.9005787515502274,0.019016122364613478,0.020463001240181893,0.028317486564696154,0.03162463828028111,0.49465817,0.4952171,0.2888664,0.2883182,-0.004426187214022574,0.5014581,0.5452745,0.282202,0.30447993,0.1532918552781728,0.5153363,0.46456084,0.29269817,0.30469298,-0.14193815230517787,0.47547624,0.49483484,0.28438988,0.28335527,0.010902087106406168,0.47046867,0.5025479,0.28548613,0.27890483,0.12992287581262307,3.7717144471237654,2.1460875724183066,3.3755193549482683,1.7566066902319386,3.615140495680219,1.171479848699515,3.3738084168129467,1.1728540835426386,3.7621425647174913,2.083470311795251,2.875115299134218,1.2091207078904793,2.639745872945721,1.475967769533202,2.9962105592068915,1.3209634768302083,3.0053259134298442,1.6962037210069967,2.882131800760062,1.4648791853163554,0.003489222803759356,0.012248694851906657,0.01984619611815687,0.02578515789229756,0.034445316198402375,0.038772084893386696,0.04336037977574957,0.04767390663846156,0.05346389779953852,0.05424847636167416,0.39537563920021057,0.03562789037823677,0.03552163019776344,0.03400027006864548,0.03334062546491623,0.03320564702153206,0.03288215026259422,0.03259808197617531,0.03258942440152168,0.0317414365708828,0.03157007694244385,0.03145359829068184,0.030746333301067352,0.030319837853312492,0.0299188494682312,0.029888756573200226,0.02980920299887657,0.02980920299887657,0.02980300411581993,0.02979828044772148,0.01212751212749952,0.012820512820499494,0.013253638253624477,0.011434511434499549,0.013253638253624477,0.011304573804562054,0.012344074844062013,0.012084199584187022,0.012344074844062013,0.010914760914749569,0.007796257796249692,0.009442134442124628,0.008316008315999672,0.008142758142749678,0.008662508662499659,0.008142758142749678,0.0071032571032497195,0.009442134442124628,0.007843507843499692,0.009922509922499607,20.03,796.731169,123.38546,0.2479,0.2686
M6H4-2,0.9001653575857792,0.019739561802397686,0.020152955766845806,0.028524183546920216,0.03141794129805705,0.49277395,0.49620736,0.28851864,0.2883669,-0.0012983302192251943,0.4807177,0.49565178,0.28867897,0.28171912,0.117884087154474,0.49205753,0.49056932,0.3009494,0.2915332,-0.0964540047459057,0.5136974,0.49907884,0.2900084,0.2891015,0.08051901628785528,0.5177311,0.48341325,0.28126752,0.2987626,-0.04031012390897338,3.746866623153718,1.994165819228525,3.599891141693459,1.9134514857894322,3.5182534877704894,1.1044086574938234,3.449834915349727,1.0699026537086853,3.909297325873816,2.145276479114646,3.0694571293163775,1.262592466939187,2.814497967016527,1.388080953304544,2.9128019669149467,1.4720281087052878,3.179357108860123,1.4743607619547814,2.9051667461560173,1.2705723132180307,0.003192532764601723,0.012651645306318581,0.01993193651796705,0.026004331312493006,0.03401857593291074,0.038165577256001636,0.04380681556376179,0.048019642304679526,0.05433559114516479,0.053206685229434496,0.3962792456150055,0.036342233419418335,0.03615520894527435,0.03325912728905678,0.032943882048130035,0.032635398209095,0.03260832279920578,0.03227333724498749,0.03225897625088692,0.03208153322339058,0.031947508454322815,0.031807564198970795,0.031130271032452583,0.030570169910788536,0.030358631163835526,0.029788663610816002,0.029505668208003044,0.029453041031956673,0.029431136325001717,0.029169952496886253,0.011387163561064817,0.011962272831825665,0.012292960662513154,0.012034161490670773,0.012034161490670773,0.011128364389222434,0.013069358178040301,0.01177536231882839,0.013198757763961491,0.013198757763961491,0.009403036576939887,0.008454106280184484,0.008712905452026867,0.007763975155271466,0.007332643202200829,0.008885438233255123,0.009489302967554014,0.007850241545885593,0.008375682288717098,0.008469791078477963,19.64,794.546457,124.61369,0.2471,0.2616
M6H4-3,0.9001653575857792,0.020359652749069864,0.019532864820173624,0.03152128978916908,0.028420835055808186,0.49373022,0.49536574,0.28847933,0.2887224,0.0006935258576332841,0.5046428,0.45607847,0.28369048,0.27167764,-0.05877821858002945,0.49535426,0.5206708,0.28927633,0.3001325,0.041578308438608255,0.48992404,0.50661296,0.28969368,0.29394,0.03420065641406286,0.4950776,0.5076117,0.295846,0.2814465,-0.04783504801041464,3.5183388775858115,1.8733970256100698,3.728485434417645,1.9498974509032951,3.4060474538608916,1.1757751908527356,3.6460184484986655,1.195903774073712,3.5571711756637137,1.982495793742044,2.8965237791834495,1.1904858653548138,2.9463858964780525,1.3738042319839285,2.71595509539922,1.3029435881300029,2.991250472660391,1.3331497795359355,3.0655818618475448,1.3028007581838656,0.003313753558089409,0.012412590289089621,0.019829869852082203,0.025595208713822662,0.03360481761192556,0.038251312174013195,0.04265758428352831,0.04827813153001958,0.054734521282722076,0.0546555440380407,0.4067060351371765,0.03499094769358635,0.033841539174318314,0.033439625054597855,0.033320724964141846,0.03316626697778702,0.03216401860117912,0.03203506022691727,0.03142986446619034,0.030773594975471497,0.030674632638692856,0.03043443337082863,0.030172578990459442,0.030172578990459442,0.02974529191851616,0.029672909528017044,0.029497267678380013,0.029476692900061607,0.029394639655947685,0.02889127843081951,0.012422360248434346,0.013112491373347364,0.009057971014483378,0.013457556935803874,0.012681159420276727,0.013457556935803874,0.011257763975143626,0.01190476190474958,0.011516563146986007,0.01293995859211911,0.008367839889570359,0.007591442374043211,0.009230503795711631,0.008712905452026867,0.008367839889570359,0.008109040717727976,0.008022774327113848,0.009489302967554014,0.00856389986823883,0.008281573498956231,19.64,795.04929,123.54665,0.244,0.2586
M6H4-4,0.9004754030591153,0.017775940471269118,0.02180653162463828,0.031107895824720958,0.028834229020256303,0.4951628,0.49546945,0.28811455,0.28891864,-0.0015566851978024705,0.50623935,0.5085731,0.30804226,0.2733946,-0.027568629162356802,0.45607445,0.4921279,0.2834544,0.30444142,-0.14537100784161297,0.51097965,0.51371133,0.2980269,0.28451526,0.0737434069273135,0.4571204,0.48040822,0.28164345,0.2807693,0.09021663514676304,4.101031319451487,1.948799934997288,3.5500263651850346,1.8585437429358032,3.461420106170784,1.0543216323354987,3.6227641466361424,1.3721327911791417,3.445280284151951,1.665950959915433,2.9165534608435957,1.2960564886104131,2.956722929543449,1.4693373705890969,2.6418214385349987,1.2532128789923227,3.0294304321832564,1.4134732777095351,3.133965393074416,1.409102510505035,0.0031839284881668433,0.012595834249212345,0.01969306396499011,0.025811135756582674,0.033587781174856286,0.038490231734042056,0.04376902530490445,0.04773561403859348,0.05439988276748663,0.05406683585449846,0.4073255658149719,0.034261029213666916,0.03384300693869591,0.03216831013560295,0.031972821801900864,0.03172137215733528,0.0315588042140007,0.031439408659935,0.031209314242005348,0.030986066907644272,0.03092583268880844,0.03076363541185856,0.03072098270058632,0.030710315331816673,0.03058353066444397,0.030520247295498848,0.030284641310572624,0.029746366664767265,0.029654009267687798,0.029604660347104073,0.01419176185529852,0.012461059190018213,0.01194184839043412,0.011682242990642074,0.011033229491161959,0.013759086188978444,0.011552440290746051,0.010773624091369914,0.012850467289706282,0.011422637590850028,0.008134302526817445,0.008307372793345475,0.008134302526817445,0.009086188992721613,0.008653513326401538,0.008480443059873506,0.00874004845966555,0.00822083766008146,0.008307372793345475,0.008684980647588452,20.25,798.536761,124.08258,0.2433,0.2725
M6H5-1,0.8908639933856966,0.023563455973542785,0.025630425795783382,0.03007441091360066,0.0298677139313766,0.49351478,0.49439123,0.28826004,0.28858262,0.002202844265537659,0.48587933,0.50486916,0.31453085,0.27702177,-0.004527609187507837,0.50796616,0.49825722,0.28515068,0.29984397,0.006420549200288297,0.49057075,0.50567883,0.28748477,0.29255328,0.0018570349275568241,0.5030804,0.5173597,0.28260034,0.2851739,-0.07365797976835575,3.3596242362550455,1.7653423925962717,3.263675051888722,1.7590886554163865,3.5996637002418863,1.2536470265405744,3.55606913654105,1.207550630207235,3.1837403087136025,1.6449628901072844,2.9507972101315025,1.211707234100453,2.8722572448768102,1.597738995643545,2.845865894151854,1.280215035964551,3.0353143134783367,1.4158421359309108,3.094983476862904,1.499751970194967,0.0033688548948378476,0.012492258299242076,0.020140919783482335,0.02551497932306291,0.03409403354412978,0.03878487931278693,0.043517384457719896,0.048030483554266895,0.05329067413202689,0.05409886603177777,0.41761717200279236,0.03556979447603226,0.03350922465324402,0.0334143303334713,0.03169994801282883,0.031187091022729874,0.030947189778089523,0.03076525591313839,0.030758026987314224,0.030602632090449333,0.030366165563464165,0.030218593776226044,0.029738742858171463,0.029686585068702698,0.02939745783805847,0.029314102604985237,0.029232610017061234,0.028739215806126595,0.028650488704442978,0.028585439547896385,0.012100168350156893,0.01262626262625067,0.012428977272715504,0.011008522727262302,0.011837121212110002,0.011363636363625603,0.012784090909078803,0.012547348484836603,0.013139204545442103,0.012073863636352202,0.007733585858578535,0.008759469696961402,0.007970328282820734,0.008049242424234802,0.008680555555547335,0.007575757575750402,0.009706439393930202,0.008680555555547335,0.009039256198338548,0.008608815426989094,19.13,788.276987,121.834,0.2524,0.257
M6H5-2,0.8905539479123605,0.024183546920214963,0.02532038032244729,0.03028110789582472,0.029661016949152543,0.49422726,0.4954308,0.28910443,0.28913602,0.002695949901301334,0.5215239,0.505034,0.27845252,0.26983425,0.009614705423236877,0.46669984,0.4766171,0.29162142,0.2902373,-0.054308539333367926,0.4801465,0.506045,0.2838011,0.2849758,-0.04151398982504632,0.49889523,0.50401586,0.28303555,0.29077047,-0.006688786955049866,3.333915546148038,1.8571778846559086,3.2274455153531023,1.9198010995292392,3.3736519609543647,1.162867508469132,3.6460355401045983,1.2364159865765703,3.4915208170027294,1.6951061761845938,3.0475871819719784,1.2937352240000881,2.836691935853145,1.3603730218221892,2.794990673388422,1.4243747618524927,2.956111384386146,1.3538220173018296,3.031097160978256,1.3997169999290728,0.003364936090135634,0.012330125214959879,0.01975903230179171,0.025322074352861126,0.033428752927042546,0.038228969813918504,0.04372556367995365,0.0481138018196171,0.054487511728104655,0.05457256540494853,0.4056750237941742,0.03665345534682274,0.03495260700583458,0.034705325961112976,0.0330863818526268,0.032863255590200424,0.03186892718076706,0.03167257457971573,0.0316326841711998,0.0309760719537735,0.030825862661004066,0.03036893531680107,0.03029901720583439,0.0297473706305027,0.029661787673830986,0.029651621356606483,0.029042532667517662,0.028985189273953438,0.028814246878027916,0.0285172276198864,0.012695414961691926,0.010072395341507643,0.013220018885728782,0.01227573182246244,0.01357412653445366,0.013220018885728782,0.012629839471187319,0.011213408876287806,0.010741265344654635,0.012511803588279026,0.007632987094736261,0.009049417689635774,0.008419892980791545,0.00818382121497496,0.00865596474660813,0.008498583569397073,0.00865596474660813,0.009915014164296587,0.007725985063088249,0.007897673620045766,18.24,787.040438,123.44254,0.2667,0.2753
M6H5-3,0.8904505994212485,0.023356758991318727,0.02625051674245556,0.03069450186027284,0.029247622984704423,0.49585003,0.49639514,0.2887687,0.2887323,-0.004815020510109045,0.46762356,0.49853757,0.2745923,0.28308883,0.1522026714490011,0.50336087,0.4829174,0.283945,0.28196177,-0.011962819881040037,0.47191423,0.48798722,0.29708505,0.29388168,-0.0009707970517091691,0.47018015,0.49398094,0.28817183,0.2910268,0.04329414361302235,3.3093955994811797,1.7060869334654918,3.388842154288423,1.5736514145698357,3.4836399521141725,1.1615081441309185,3.6429868329838104,1.277983010169759,2.847856226889928,1.295116029718299,2.845388695335388,1.310695412555097,2.7011181268109565,1.3843230278891703,2.630915983245055,1.3944256241869517,3.0492520318426566,1.3964574975152033,3.0499200334308645,1.2610486437615986,0.003497831832711919,0.012414725085071394,0.020029089803915184,0.025250058342423897,0.03431348605480389,0.03834861090759103,0.04333892335162301,0.04749616025442724,0.05398438051200226,0.05466006718876352,0.4217503070831299,0.032445039600133896,0.03199280425906181,0.03197700157761574,0.031781550496816635,0.031207386404275894,0.03090612217783928,0.030702034011483192,0.03060441091656685,0.030484171584248543,0.0304259080439806,0.03007277101278305,0.029844962060451508,0.029665565118193626,0.02957678958773613,0.029531341046094894,0.029493648558855057,0.0293891504406929,0.029204878956079483,0.028944186866283417,0.013312368972733772,0.01320754716979886,0.011320754716970452,0.01320754716979886,0.012028301886781105,0.012499999999988208,0.012853773584893534,0.01167452830187578,0.0106132075471598,0.010966981132065125,0.009433962264142044,0.00786163522011837,0.008097484276721922,0.008805031446532574,0.008333333333325473,0.008805031446532574,0.00872641509433139,0.008569182389929023,0.008233276157796692,0.0078044596912447825,20.34,787.031864,122.94301,0.2745,0.275
M6H5-4,0.8908639933856966,0.02573377428689541,0.023460107482430756,0.028007441091360066,0.031934683753617195,0.49424198,0.495338,0.28940696,0.2880464,0.00046627501146603265,0.500049,0.5185488,0.2819215,0.2897687,0.026667734208208612,0.48592457,0.49100277,0.27572513,0.2967425,0.024148829557827278,0.48001978,0.49021202,0.28391775,0.28722522,0.014212725121934038,0.49751362,0.49761394,0.28591022,0.29923826,-0.06450631704519369,3.176783377714219,1.6207784774874914,3.5221911369441434,1.5941474708159145,3.5810760246187825,1.177381250581802,3.420387343375771,1.0581685346919227,3.4859447544608644,1.6864676411333122,3.0712131019489295,1.4175391178695305,2.501325242873342,1.294256132685931,2.6981166174140765,1.217489735594908,2.9032491805829173,1.2464040476788283,2.824664099029647,1.2115144211265838,0.003372367390959209,0.0122960018832701,0.019930362803225646,0.026078363744860698,0.03404667663047941,0.03828129704753615,0.0433507973787508,0.04814382927937546,0.05387849623072249,0.05395514094415337,0.40624937415122986,0.03985879570245743,0.03788529336452484,0.036351870745420456,0.03328070044517517,0.03307143971323967,0.03195306286215782,0.03166668117046356,0.030582884326577187,0.029783640056848526,0.029778556898236275,0.029752129688858986,0.02963165007531643,0.02899687923491001,0.028981631621718407,0.028830455616116524,0.028445564210414886,0.028441695496439934,0.028304340317845345,0.02815326675772667,0.011258417508406848,0.01262626262625067,0.012310606060594403,0.012784090909078803,0.012310606060594403,0.012902462121199903,0.013020833333321003,0.011955492424231103,0.010535037878777902,0.012310606060594403,0.008759469696961402,0.008443813131305135,0.00860164141413327,0.007654671717164469,0.00883838383837547,0.008049242424234802,0.008128156565648869,0.008443813131305135,0.008522727272719202,0.009383608815418111,19.06,787.63797,122.76835,0.2425,0.2672
M6H6-1,0.8806324927656056,0.030177759404712692,0.029247622984704423,0.030177759404712692,0.029764365440264572,0.49676266,0.4948741,0.28905472,0.28876245,-0.002567493578606356,0.49528065,0.48589507,0.28332186,0.27895704,-0.026851648268908315,0.4591485,0.5195544,0.2856667,0.28773203,0.07530078063284208,0.47114098,0.49602392,0.28387725,0.29351544,-0.008653540160947675,0.4651084,0.50841576,0.2850102,0.28995082,0.05340368745689354,3.135394914930894,1.5498952996103508,2.969079880550924,1.420734642497258,3.531341662740338,1.2869881078554803,3.5215496710278353,1.09357676306054,3.1547490033419305,1.6014624608726644,2.968925918233413,1.3178955782062498,2.775626408849517,1.5208620339032626,2.7415161418340976,1.3265397161869628,3.0190464796768395,1.308515753526031,2.982004421979159,1.5095968018014185,0.003310342325674199,0.012368436566132023,0.019762290212723507,0.025750382049782104,0.033881126967499696,0.03889652232667183,0.043503793289527984,0.047768693231030154,0.05382480580080808,0.05426694056348375,0.4283682703971863,0.0359564945101738,0.03215784579515457,0.031524937599897385,0.031336478888988495,0.030981948599219322,0.030955031514167786,0.03054029680788517,0.02973598800599575,0.02969551645219326,0.02963338792324066,0.02927921526134014,0.029014376923441887,0.029014376923441887,0.029013201594352722,0.02875826135277748,0.02867520973086357,0.028560547158122063,0.028559133410453796,0.028239436447620392,0.013371813371801794,0.012602212602201691,0.013203463203451771,0.011580086580076554,0.014502164502151946,0.011904761904751598,0.012554112554101686,0.01028138528137638,0.011147186147176497,0.010606060606051423,0.007575757575751017,0.008513708513701142,0.008946608946601202,0.008297258297251114,0.00909090909090122,0.007936507936501065,0.008513708513701142,0.008585858585851152,0.008658008658001162,0.008658008658001162,18.38,777.683835,119.77227,0.2486,0.2625
M6H6-2,0.8805291442744936,0.03131459280694502,0.028214138073584125,0.028524183546920216,0.03141794129805705,0.49131885,0.4944577,0.28805926,0.28870356,-0.0020063443655654795,0.50446755,0.4995525,0.2957262,0.2930682,0.0004402335812361996,0.52206737,0.5059291,0.28808868,0.28957516,0.02134342554900061,0.501679,0.5094572,0.284246,0.28179863,-0.03472621611857875,0.5234274,0.5069971,0.29909313,0.2877129,0.05513800610403293,2.9181365129824783,1.4371281701389906,3.080138435254614,1.500891055204874,3.6202416452381234,1.194344642779353,3.392091252175946,0.9902318123422308,3.0833393181663067,1.6038162518947783,3.038378321164969,1.260967626742481,2.8070560498276635,1.4897805993219317,2.8472705837132084,1.3339779269419463,2.922541950440409,1.294166049637057,2.9116395427068342,1.261426079108911,0.003382926576685422,0.012496116538368601,0.01999838908258253,0.02603242546630306,0.033976549645022835,0.039069349994822054,0.04354309779419379,0.047901780063746305,0.053648152622918756,0.05328454554868998,0.432186484336853,0.035386212170124054,0.03198676183819771,0.03140600770711899,0.030809151008725166,0.030656827613711357,0.03048327937722206,0.030156102031469345,0.029871739447116852,0.029760444536805153,0.029713323339819908,0.02950339764356613,0.029498662799596786,0.028719596564769745,0.028626753017306328,0.028568880632519722,0.02826836332678795,0.02820771560072899,0.02819647453725338,0.027993744239211082,0.01211072664358814,0.010572856593608692,0.01221885813147732,0.011029411764696342,0.010705017301028802,0.01211072664358814,0.013192041522479938,0.013732698961925837,0.012435121107255679,0.014057093425593376,0.006848327566314722,0.009155132641283892,0.009227220299876677,0.007857554786613733,0.008145905420984879,0.008362168396763238,0.00958765859284061,0.007352941176464228,0.009358288770045381,0.008965083359539272,18.94,771.532538,120.90363,0.2488,0.2784
M6H6-3,0.8810458867300538,0.028317486564696154,0.03069450186027284,0.03048780487804878,0.02945431996692848,0.49385452,0.49662706,0.28887165,0.2880509,0.00042704743941688553,0.49532667,0.49805146,0.28499788,0.3053366,-0.017793497304448267,0.4917057,0.47865662,0.28557923,0.29472467,-0.04755606542752665,0.48499382,0.49227232,0.28556374,0.28181282,0.06883865352205168,0.50547713,0.4891466,0.2915902,0.2904637,-0.013388505435638982,3.232813064417753,1.5873634146716136,2.959453135584022,1.5556633044245394,3.4790439871276804,1.2064721171784456,3.4792373126258505,1.3179578846040367,3.051808934496241,1.649032729407572,3.0733934036261252,1.740317655283641,2.8412519518603467,1.4284348190173588,2.827883307050549,1.5536571090428102,3.1372627288426,1.3406391050337607,2.994180938182335,1.246404660301846,0.0034599415654313396,0.012434820292732025,0.020428799761415477,0.025671135466614474,0.03427788573106119,0.03852301268878233,0.04381427686056319,0.04789630892967814,0.05343920521530855,0.05338794682174661,0.4199189245700836,0.03498579189181328,0.03320498764514923,0.03257223591208458,0.03231852501630783,0.032169729471206665,0.03181108087301254,0.031755246222019196,0.030934462323784828,0.030811890959739685,0.030146446079015732,0.02992630936205387,0.029503533616662025,0.029350746423006058,0.028984881937503815,0.028850892558693886,0.0283440463244915,0.028189508244395256,0.02814905345439911,0.028071796521544456,0.011777198571280434,0.012742542716467353,0.011294526498686973,0.012489139878355787,0.012706342311022844,0.011946133796688144,0.012380538662022258,0.01303214596002343,0.01151172893135403,0.012054735013021673,0.008832898928460325,0.0091225021720164,0.008832898928460325,0.008108890819570135,0.007529684332457981,0.009484506226461496,0.007964089197792096,0.007602085143347001,0.00813521838716614,0.00916199352341041,18.19,772.984805,123.00712,0.2824,0.2849
M6H6-4,0.88187267465895,0.027387350144687888,0.03079785035138487,0.03059115336916081,0.029350971475816452,0.49468347,0.49576318,0.28977367,0.2889461,-0.0005210076041958278,0.46709618,0.5026223,0.27852497,0.26159725,0.06570925307856716,0.4977083,0.4911273,0.28235114,0.30386633,0.004350878542765329,0.49073005,0.49438846,0.27129284,0.28746122,0.017241294474620517,0.49476126,0.49564335,0.2870697,0.28904295,-0.05741596815105856,3.1812145709768025,1.772075396786335,2.888752628497312,1.4227563980275733,3.4525052672722483,1.2941414041950667,3.4857982018612463,1.2921429607873,2.9568859879376372,1.5097903045694872,2.9580645302492075,1.2771007440109161,2.9488296980309197,1.6190690362323492,2.835986684779406,1.4133109990832713,3.192408659973874,1.4188815786742015,3.0882629903856844,1.400939578359492,0.0033565852734670034,0.01243830477611736,0.019473214632064858,0.02561364357217343,0.03410208491635919,0.03871596351795693,0.04367439981927834,0.047888956583447995,0.05412522276453931,0.053944957477928906,0.42953529953956604,0.03479885309934616,0.03410549834370613,0.03263584151864052,0.03248219192028046,0.03196597099304199,0.031765300780534744,0.030452590435743332,0.02941194362938404,0.029369395226240158,0.028882840648293495,0.028841333463788033,0.02883516065776348,0.02867012470960617,0.028438903391361237,0.028231583535671234,0.02809228003025055,0.0280054472386837,0.027767544612288475,0.027711912989616394,0.011373578302702211,0.012248468941371611,0.013123359580041013,0.011373578302702211,0.012685914260706312,0.013779527559043063,0.013670166229209387,0.01246719160103896,0.010389326334199134,0.01093613298336751,0.008457276173804207,0.008092738407691957,0.007728200641579708,0.009405074365696058,0.00991542723825321,0.007874015748024607,0.008165645960914408,0.008092738407691957,0.008669370874087699,0.008351228823662462,18.16,780.059815,122.45763,0.2683,0.2864
M6H7-1,0.8708143861099628,0.03482844150475403,0.03441504754030591,0.03028110789582472,0.029661016949152543,0.495509,0.49526486,0.28896052,0.288007,-0.008169733528884716,0.47734675,0.50138307,0.29022938,0.29148218,0.05115086690909342,0.487695,0.5053189,0.28286925,0.2957658,0.03767789629477529,0.48043787,0.4903974,0.28285486,0.2937899,0.06906989276360458,0.48712504,0.49816927,0.28912306,0.29068226,0.06552833278093136,2.73217466005701,1.3458031128786097,2.873335279125056,1.3397743932417825,3.5932912360021594,1.1020607772492848,3.4894293636695832,1.0875512555195228,2.8098487419245823,1.3805567685267495,2.8738235506445693,1.209217287760475,2.8315758760930296,1.4828335269376953,2.7468186600536932,1.2621907094092288,3.020463970000475,1.3366777157710377,2.990603743527102,1.2951639505321322,0.0034069252646084383,0.012621065079504697,0.02001348696748468,0.02565651234839378,0.03432921883093402,0.03853558897977932,0.04364695419317637,0.04792369112889827,0.05346507559543007,0.05373481494512367,0.43015632033348083,0.03456372767686844,0.033041488379240036,0.032796166837215424,0.03175719827413559,0.031578000634908676,0.03104342333972454,0.030945710837841034,0.03029213286936283,0.029749052599072456,0.029549498111009598,0.02924933470785618,0.029227126389741898,0.028922945261001587,0.02853785641491413,0.028316836804151535,0.02796141989529133,0.027696778997778893,0.027560807764530182,0.027054227888584137,0.012977777777767395,0.012444444444434488,0.01259999999998992,0.0129999999999896,0.01089999999999128,0.01359999999998912,0.0119999999999904,0.01229999999999016,0.01009999999999192,0.01189999999999048,0.008133333333326826,0.008733333333326347,0.00919999999999264,0.008133333333326826,0.0079999999999936,0.0079999999999936,0.007666666666660534,0.008333333333326667,0.009818181818173965,0.008872727272720175,17.75,763.756758,118.09083,0.2373,0.2428
M6H7-2,0.871331128565523,0.03441504754030591,0.03431169904919388,0.028007441091360066,0.031934683753617195,0.49355456,0.49625877,0.28903288,0.28792202,-0.0072197896086273776,0.51193875,0.47643405,0.289043,0.29031783,0.11641546050742957,0.5070159,0.49193382,0.28937605,0.29757538,0.009734414265896716,0.4699397,0.5073488,0.2824885,0.2940231,0.0010113283835852837,0.49088323,0.49701056,0.28051636,0.29169372,0.06810843356344987,2.78748418810304,1.4379741788062033,2.6887282352536217,1.4331339808512062,3.6561646457062587,1.3410860315446715,3.4267142925003786,1.1171035850401505,2.889565969191634,1.4432050935754224,3.1290071756814584,1.3273532487949458,2.6699485196329498,1.4406870259407578,3.0276366090940945,1.5166687288767886,3.117178820486455,1.5298448015316208,2.8763112396822437,1.3252750460491403,0.0034607088500088305,0.012469664227898788,0.020125291947700432,0.02577077169441782,0.03379152007270663,0.03826027943636483,0.043217189245609126,0.04803122575370627,0.0537540952052117,0.054452586899708895,0.4407658576965332,0.03620147705078125,0.0331767201423645,0.031802598387002945,0.030708685517311096,0.030380435287952423,0.02990318275988102,0.02979544922709465,0.02963835559785366,0.029158450663089752,0.02902951091527939,0.028646692633628845,0.028494805097579956,0.028327899053692818,0.02787886932492256,0.027547147125005722,0.027259645983576775,0.02712666057050228,0.02708146721124649,0.027076099067926407,0.011869701026318,0.011869701026318,0.011546184738946549,0.01295180722890526,0.012751004016054016,0.012248995983925905,0.012650602409628392,0.011746987951797794,0.012148594377500283,0.012248995983925905,0.009437751004008484,0.008232931726901017,0.008835341365454752,0.008299866131184766,0.008366800535468514,0.008099062918333523,0.007697456492631033,0.008768406961171002,0.007886089813794323,0.009127418765965652,18.19,766.326132,120.06133,0.2466,0.2522
M6H7-3,0.8709177346010748,0.03586192641587433,0.03327821413807358,0.029040926002480365,0.0309011988424969,0.49393213,0.49512765,0.28823718,0.28896517,0.005983275469496967,0.48541507,0.50986665,0.29270393,0.2846158,-0.04095563451949299,0.4911756,0.5040267,0.28856876,0.27842623,-0.07149905663355612,0.4957903,0.4878762,0.2955025,0.29125646,-0.007058465530177249,0.5040786,0.49580523,0.2888843,0.29257,-0.03728270796181461,2.7012996134615377,1.3387746539672218,2.892827152114582,1.4135100619796919,3.6305255256663354,1.2894575516828553,3.5758871847747513,1.0968123800120255,2.7638269076403983,1.4458103101185122,2.912927646461825,1.295807723453357,2.634460917174731,1.2958442104148242,2.7893580471708694,1.292204412501879,2.961759493091427,1.249111220720067,2.835078018529429,1.231865565392588,0.00352329607300112,0.012447667243384962,0.020336701131981882,0.025926735124899864,0.034246831493936584,0.038691302182672076,0.04376366753469659,0.04781447385773363,0.05345174757453543,0.05313091111649119,0.4289166033267975,0.034877046942710876,0.033882949501276016,0.03180873021483421,0.03154143691062927,0.031443193554878235,0.031192272901535034,0.030914245173335075,0.030749982222914696,0.029581474140286446,0.029171811416745186,0.02910887636244297,0.029021982103586197,0.028543701395392418,0.028425883501768112,0.028392396867275238,0.02827087976038456,0.02826223522424698,0.028184425085783005,0.02770981565117836,0.012009607686139304,0.013432968597089147,0.012610088070446269,0.010908726981576534,0.011409127301832338,0.012009607686139304,0.010608486789423052,0.014611689351469486,0.012409927942343947,0.011809447558036982,0.008006405124092869,0.008807045636502156,0.008139845209494416,0.008006405124092869,0.008807045636502156,0.007939685081392095,0.009941286362415312,0.00820656525219519,0.008879831137630273,0.008006405124092869,16.92,766.407799,120.4718,0.249,0.2821
M6H7-4,0.8711244315832989,0.031934683753617195,0.03699875981810666,0.028007441091360066,0.031934683753617195,0.49524,0.49652934,0.28895468,0.28870788,-0.005954402069626081,0.49731627,0.48966047,0.29508302,0.2813249,0.09263405389158874,0.45915654,0.51879555,0.27501923,0.28889173,0.04172411547494601,0.49662498,0.4693852,0.28533462,0.29512927,-0.03222556209607627,0.4918699,0.4774011,0.28970674,0.28592768,0.064528704525158,2.7551557499781962,1.457507169570407,2.7237975774707572,1.4102297635544057,3.589320899276443,1.2693464565148453,3.289875377899949,0.9780875589478558,2.7409541619423248,1.3588206589178435,3.1825480488172038,1.3050299334980004,2.7200290665757834,1.3229925135459877,3.0010174336339004,1.4472225199475284,2.98049508671289,1.3368021916247883,3.0345711110518687,1.3328983548522935,0.0033004840839649372,0.012482325781312299,0.019882645132807044,0.025641474462577335,0.033839200104246285,0.038713102941262276,0.04382817255872119,0.04813027673888056,0.053813255226414766,0.053702396303146646,0.4354560077190399,0.032371699810028076,0.03228248283267021,0.031879838556051254,0.031701523810625076,0.03163112699985504,0.030842551961541176,0.030669158324599266,0.02990463376045227,0.029749345034360886,0.02967345528304577,0.029466817155480385,0.028868746012449265,0.028699344024062157,0.02826857753098011,0.028222838416695595,0.0279711801558733,0.02794594131410122,0.027201786637306213,0.027192985638976097,0.012117972021731349,0.012028869286277442,0.015136327185232449,0.011527666399349216,0.012229350441048734,0.012329591018434378,0.01102646351242099,0.012429831595820024,0.011627906976734862,0.011527666399349216,0.008754343758346361,0.00828655439721335,0.009623095429021955,0.00855386260357507,0.0075514568297186165,0.007818765036080338,0.009222133119479373,0.0086206896551655,0.008310855143246233,0.007946343952752977,18.7,757.740499,117.82205,0.2389,0.254
M6H8-1,0.8616163704009921,0.038342290202563044,0.040099214551467546,0.029040926002480365,0.0309011988424969,0.49322882,0.49464506,0.28908467,0.28933173,0.005773169828921018,0.51896656,0.51425374,0.28848204,0.28135368,-0.013331891370692513,0.47724417,0.47776517,0.27937254,0.2798645,-0.04058319576320311,0.49956602,0.51221424,0.2930838,0.28910053,-0.11451821620706627,0.49787912,0.51187575,0.28235066,0.28742272,-0.0002646228989997189,2.72376965104041,1.3140134887884916,2.736540367198386,1.3056208438003307,3.5849843091317632,1.270464353729595,3.43329031129639,1.0889268963137655,2.6791884217210415,1.3901300407861017,3.126776719043301,1.4627745546619035,2.873679770025639,1.3679709913787443,2.9800906027400313,1.58048283092288,2.9130504789376004,1.3017485464925396,2.9266353918881447,1.2949124161540826,0.0032792949515854093,0.012442324900146469,0.01960745106468776,0.025517846996229145,0.034125996244140845,0.03874000423242337,0.043852238435403056,0.048069665022020265,0.05382509427139832,0.05387341721529871,0.44543278217315674,0.03849976509809494,0.0312415212392807,0.030667338520288467,0.030513228848576546,0.029375221580266953,0.0293625146150589,0.029139850288629532,0.028815748170018196,0.028448481112718582,0.028413880616426468,0.02830537222325802,0.02817947044968605,0.02794017270207405,0.02780953235924244,0.02780953235924244,0.02771526388823986,0.027698442339897156,0.027369938790798187,0.027261869981884956,0.011617293170682552,0.011534312505177677,0.013069454817017871,0.013069454817017871,0.010828976848386237,0.012415982076166978,0.011949215832702054,0.01362957430917578,0.012322628827473994,0.0116691560866231,0.00809061488672535,0.007841672890210724,0.008215085884982662,0.008650734378883258,0.008712969878011914,0.008650734378883258,0.008588498879754602,0.00933532486929848,0.008215085884982662,0.008418765700312811,17.9,746.305017,119.5908,0.2525,0.284
M6H8-2,0.8624431583298884,0.03927242662257131,0.038342290202563044,0.03007441091360066,0.0298677139313766,0.4916249,0.4972215,0.28870678,0.28838128,0.002840067038986227,0.4991014,0.5018733,0.28479415,0.2910721,-0.0974247783935876,0.5240615,0.4730915,0.28275722,0.2863266,0.018828711880893,0.49832368,0.47798356,0.29504335,0.29163298,0.019445061554268603,0.5096633,0.49261042,0.29033464,0.2917347,0.014290161604213241,2.6055791100373606,1.3946928076292304,2.687679265508919,1.398918567203676,3.4902080495863594,1.1399769414159076,3.4894846622561233,1.2519750111553638,2.656073108783934,1.2462625636826912,2.9868867201375116,1.334593308844889,2.7434695296023968,1.5268495921292666,2.9099142868254644,1.5282779016516457,2.8290672056170583,1.194841241530973,3.05695294935184,1.3336978689550614,0.0035034438438376185,0.012569554934794138,0.020277822405801758,0.026241278100539164,0.03431923836374661,0.03847223589855215,0.0433525262628723,0.04766618468400768,0.053277222950666746,0.05365382588851516,0.4412284195423126,0.03446231782436371,0.03298519551753998,0.03189529478549957,0.031080352142453194,0.030796153470873833,0.03064216487109661,0.030500708147883415,0.02976694144308567,0.02928316779434681,0.029164476320147514,0.028821080923080444,0.02837797813117504,0.02752145566046238,0.02750692516565323,0.027411697432398796,0.027322594076395035,0.027281248942017555,0.02699231542646885,0.026959622278809547,0.011186242591192865,0.011770598547449208,0.011927122464303585,0.012114951164528839,0.011739293764078333,0.012208865514641466,0.012208865514641466,0.012772351615317225,0.013335837715992987,0.012866265965429852,0.008577510643619902,0.009328825444520914,0.008389681943394648,0.00964187327822967,0.008139243676427644,0.007826195842718889,0.007638367142493635,0.008514901076878151,0.008332764155447602,0.008332764155447602,17.14,752.420526,119.63798,0.2681,0.2924
M6H8-3,0.8615130219098801,0.038342290202563044,0.040202563042579575,0.028110789582472095,0.031831335262505166,0.49285206,0.49650282,0.28869903,0.2890754,0.0009868130700763568,0.52310824,0.49024624,0.28120854,0.28518438,0.004199938579666897,0.5016929,0.48259333,0.29368734,0.28803366,0.05887524459194082,0.49636835,0.514924,0.28649843,0.287132,-0.04202370464250621,0.47513464,0.48208782,0.2891772,0.282435,-0.07132710869256409,2.747647361498056,1.4085903234172592,2.642994933048034,1.27631252864331,3.551982553882949,1.2766140631854748,3.348903080450317,1.2336373635567985,2.5183245678983126,1.2461621390971722,3.263018447884089,1.4516981745184452,2.5628082877158818,1.1704781378780087,3.0147399364563428,1.5770791328001326,2.796090963793788,1.153679149183227,2.930015395494709,1.1739868296883194,0.003523769348966672,0.012419592835228206,0.019831367307213393,0.025637116133611845,0.03402470365608011,0.03858527437118505,0.04355412797720392,0.04755225089237765,0.053964494635569404,0.05424063617589708,0.44282063841819763,0.032902564853429794,0.03284639120101929,0.030946118757128716,0.030946118757128716,0.03078649379312992,0.02975706197321415,0.029567411169409752,0.029299646615982056,0.02899668551981449,0.028841763734817505,0.02879292704164982,0.028769012540578842,0.028648067265748978,0.028629574924707413,0.027829749509692192,0.027535153552889824,0.027430448681116104,0.027336876839399338,0.02731725014746189,0.011691542288548488,0.011691542288548488,0.011940298507453775,0.012220149253722223,0.012966417910438085,0.012126865671632741,0.011753731343274811,0.01315298507461705,0.011940298507453775,0.012593283582080155,0.009079601990042974,0.008084577114421829,0.008208955223874471,0.008022388059695506,0.00995024875621148,0.00746268656715861,0.009017412935316655,0.008706467661685044,0.008344640434186446,0.007801899592938547,17.42,752.672661,121.7971,0.2787,0.2833
M6H8-4,0.8617197188921042,0.038135593220338986,0.040202563042579575,0.028937577511368336,0.03100454733360893,0.49335983,0.49690512,0.28858498,0.28788152,-0.003900854246564182,0.51236033,0.48658764,0.29771474,0.29102826,-0.008556782107020504,0.5119757,0.49056688,0.28854746,0.29095933,0.07077468877274849,0.4748258,0.48589587,0.29088703,0.2975489,0.041783306344475316,0.48065042,0.49124295,0.27457786,0.2955014,-0.012932089450480962,2.6783462387250987,1.277239004371384,2.6189992411213736,1.3412459362029727,3.5092366053407593,1.2885101659422267,3.5160449141995453,1.1905579201918377,2.6507321659861254,1.3457404497860073,3.077423778208865,1.5305133189214584,2.7472191388169196,1.240769064139936,2.8623889022489544,1.4884455422282667,2.926668561514214,1.195604342108841,2.8298172975061893,1.1889334019041355,0.003492863315044819,0.012671823541864042,0.020297821688720463,0.025728851085685334,0.03461630558129366,0.03822021869870453,0.043548874059113195,0.047716711954164194,0.053272672378790874,0.05376719102995221,0.4394686222076416,0.037697095423936844,0.034045543521642685,0.03152506425976753,0.031092645600438118,0.031063977628946304,0.029628293588757515,0.029402079060673714,0.029309038072824478,0.029309038072824478,0.028629235923290253,0.02831876464188099,0.028228946030139923,0.02791658043861389,0.02770630456507206,0.027664290741086006,0.027539033442735672,0.027410684153437614,0.027078060433268547,0.026966841891407967,0.011542933067588117,0.0116259757515276,0.013546337817628143,0.012798953662172796,0.01205156950671745,0.010743647234670596,0.01205156950671745,0.011958146487285532,0.013639760837060061,0.01214499252614937,0.009155455904327986,0.008657199800691089,0.008781763826600312,0.008034379671144967,0.008781763826600312,0.008096661684099579,0.00815894369705419,0.007660687593417294,0.008560945780670324,0.008900665851331844,17.51,755.357754,123.09311,0.2708,0.275
M6H9-1,0.8517982637453493,0.04764365440264572,0.0406159570070277,0.028834229020256303,0.031107895824720958,0.49571943,0.49699864,0.2890882,0.28875765,-0.0009794776375244073,0.47092745,0.4917644,0.28499812,0.293898,0.04058884902138976,0.48923233,0.50646913,0.28159302,0.28409803,-0.04202349103939132,0.47998074,0.47378653,0.28932914,0.28271434,0.026094997808617897,0.49833888,0.47443548,0.2888369,0.28746775,-0.010634398176812505,2.4391799516681267,1.226280318420534,2.491050493193977,1.244125436576092,3.6908295900185673,1.1615089764258943,3.4836912360824908,1.230876989117807,2.626233706921968,1.2690503171727547,2.9360308468724545,1.2145647581252283,2.68064909947377,1.2534633209753672,2.820190705380109,1.4482454800652305,2.9551523781124214,1.2126981335449574,2.89956611623754,1.244791382071299,0.0034857618111829953,0.012403306174420573,0.019844406662397788,0.02586352830341437,0.03383897487984573,0.038574488286338846,0.04358379886212252,0.04797191370973084,0.05381439201572126,0.05395276262815842,0.46177780628204346,0.03305456414818764,0.032145556062459946,0.030383575707674026,0.029199549928307533,0.028642408549785614,0.028632409870624542,0.028539758175611496,0.028128165751695633,0.0281112901866436,0.027958359569311142,0.027839338406920433,0.027745762839913368,0.027199052274227142,0.0269686970859766,0.02691321261227131,0.026873093098402023,0.026721499860286713,0.026711875572800636,0.026454029604792595,0.012087401208731691,0.012552301255221372,0.013598326359823153,0.013162482566239078,0.013162482566239078,0.011942119944203666,0.01011157601115055,0.011680613668053222,0.012203626220354112,0.011419107391902775,0.008774988377492719,0.008368200836814247,0.00894932589492635,0.008135750813569407,0.00964667596466087,0.008077638307758199,0.007961413296135778,0.008193863319380618,0.008748573602123987,0.007861037149734598,16.44,740.428093,120.54099,0.2818,0.299
M6H9-2,0.8520049607275734,0.04402645721372468,0.04402645721372468,0.03141794129805705,0.028524183546920216,0.49247938,0.49641034,0.2883293,0.28932917,0.0025270925378860424,0.5005153,0.47135353,0.2871918,0.29179105,0.03501473365876628,0.49573457,0.5129705,0.30006558,0.27939567,-0.0813977205214162,0.4933007,0.5053245,0.28205082,0.2813929,-0.00654966484112844,0.52403677,0.47700197,0.2880096,0.2826782,0.013256637186702388,2.4728590060591764,1.2323843365823133,2.4821528711251073,1.2365508357668973,3.4741298909020664,1.1695817633414085,3.605439373331411,1.2426927158799823,2.618448122435332,1.3722849739879825,2.9212330549757675,1.1755383431702358,2.903071935853364,1.4605499646059255,2.711988997805975,1.4272821918324587,3.124794416566835,1.449778271768247,3.133149809278211,1.3075504051827576,0.003437708747124751,0.01244299490934728,0.019949374887989348,0.025862056197132822,0.034205276090520896,0.03894638151901996,0.04333053399273356,0.047781337433108355,0.05361255644966593,0.053765113106690424,0.4710839092731476,0.030043188482522964,0.02986024133861065,0.029270820319652557,0.02908388152718544,0.028984421864151955,0.028143810108304024,0.02803475223481655,0.028011450543999672,0.027839800342917442,0.027726709842681885,0.027488423511385918,0.027488423511385918,0.027461713179945946,0.026973474770784378,0.026703910902142525,0.02653600089251995,0.02649731934070587,0.026425279676914215,0.026342544704675674,0.011561142147726255,0.012414649286148997,0.012046089385466448,0.011609636871500273,0.011347765363120568,0.011435055865913802,0.0129189944133988,0.01309357541898527,0.013355446927364975,0.012220670391052919,0.008903631284909983,0.008379888268150573,0.008088919925506456,0.008554469273737044,0.007972532588448808,0.009078212290496454,0.009427374301669395,0.008612662942265866,0.008570340274244904,0.007046724225490255,16.41,744.333899,119.0434,0.2582,0.2744
M6H9-3,0.8522116577097975,0.0444398511781728,0.0434063662670525,0.03245142620917735,0.027490698635799917,0.49501312,0.49426016,0.2882639,0.2886953,-0.00028777777313569145,0.50198525,0.5077453,0.28811222,0.2981927,-0.02957557343422831,0.49645758,0.50238097,0.2881918,0.28314131,0.08222346921881525,0.47716326,0.49384648,0.29257035,0.27581453,0.020336824029155588,0.46213093,0.5147827,0.2950185,0.29420027,-0.08348580928878328,2.4256102586143244,1.1684400209712418,2.469451951674613,1.2196398419552923,3.518068203789576,1.1253924717162525,3.6673249941223327,1.3313646753477535,2.440831926573004,1.259573559873955,2.79430391038145,1.1033798311441876,2.9435737961632693,1.4217664429043422,2.6066625332516424,1.223996560697486,3.1807987111707003,1.3439974266434953,3.094595482927958,1.3378044831956724,0.0035345602277961057,0.012367960321710992,0.020185699433360186,0.02570957496763237,0.03413941109665882,0.03852460615007478,0.043772437931412125,0.04769856022179515,0.05348797784448835,0.05391254513840443,0.4570832848548889,0.03252344951033592,0.031885769218206406,0.030711296945810318,0.029715068638324738,0.029329556971788406,0.028862755745649338,0.02861347422003746,0.028110910207033157,0.028017597272992134,0.027986817061901093,0.027866605669260025,0.027746662497520447,0.027589483186602592,0.027560371905565262,0.02754148282110691,0.027449779212474823,0.027283266186714172,0.027177982032299042,0.026944410055875778,0.012742812742803832,0.012587412587403785,0.013374125874116521,0.011451048951040944,0.012674825174816311,0.01153846153845347,0.011713286713278523,0.011363636363628417,0.01249999999999126,0.011888111888103575,0.007808857808852348,0.008799533799527647,0.008216783216777471,0.008041958041952419,0.007867132867127365,0.009032634032627716,0.007750582750577331,0.009615384615377892,0.009345200254284628,0.00832803560075705,16.09,750.546376,123.79739,0.2845,0.2878
M6H9-4,0.8524183546920215,0.04412980570483671,0.04350971475816453,0.028524183546920216,0.03141794129805705,0.49421147,0.4961809,0.28757825,0.28922415,0.0006332791780480961,0.49106073,0.4865439,0.30099,0.28243738,-0.020484821709099633,0.5091825,0.49406174,0.29696664,0.2877405,0.0043498606447653805,0.49257687,0.5093036,0.2824193,0.28355318,-0.009709833107016915,0.4695523,0.48742753,0.29236183,0.28736958,0.012106770881688603,2.5316782236981688,1.1954132615115518,2.5100412443225997,1.1672192554440077,3.6247828118755794,1.2692318805999816,3.4890051348675004,1.1200333690634334,2.501457106611249,1.2414939353695023,2.996769123550779,1.3413553984348119,2.7419337374566273,1.3365062768685656,2.8814065081071547,1.5254344354143659,2.897187693820322,1.2215929006811608,2.989785147163454,1.2610195403114044,0.0034355820779661842,0.012640091696383087,0.019840259078669674,0.02577747859204813,0.03392068748029013,0.038742025083084684,0.04374378381000898,0.04795866385270359,0.053695752371249066,0.05357900929092982,0.45941516757011414,0.032510485500097275,0.03117707185447216,0.030835725367069244,0.030192408710718155,0.029873501509428024,0.02965390495955944,0.02879319339990616,0.028111783787608147,0.027902090921998024,0.02789141610264778,0.027308166027069092,0.0272836871445179,0.027155401185154915,0.027121052145957947,0.027035893872380257,0.026962971314787865,0.02694595791399479,0.02694595791399479,0.026884092018008232,0.01283846872081267,0.01283846872081267,0.012517507002792356,0.0111169467787037,0.012342436974781273,0.0111169467787037,0.011642156862736945,0.012692577030803436,0.010766806722681536,0.01391806722688101,0.008636788048546706,0.007994864612506073,0.008345004668528236,0.009161998132579952,0.0086951447245504,0.008461718020535625,0.008461718020535625,0.008286647992524543,0.009167303284943924,0.007512095747384604,16.9,746.867968,117.83744,0.2646,0.2726
M6H10-1,0.8426002480363787,0.05146754857379082,0.04599007854485324,0.029247622984704423,0.03069450186027284,0.49484402,0.49671534,0.28855607,0.28824255,0.0028222283173691656,0.47090802,0.5030971,0.28334263,0.29562873,0.01865610374017465,0.49569744,0.4880975,0.29297373,0.28741243,-0.08560451069358659,0.49806082,0.47098282,0.29485628,0.28378317,0.013472430746174931,0.49995893,0.49240997,0.28597033,0.2934879,0.012621065913408032,2.2992704610311616,1.16788602040957,2.5104528286849344,1.2546039571633083,3.453869856283979,1.1247796698045083,3.427455556245891,1.0762306052529258,2.4836824787214247,1.2115558301750518,3.166571383271436,1.4613268891853264,2.800445652036722,1.3528469658615598,2.8372718217046273,1.3826374660661753,2.96075901853637,1.2271170060410304,2.9852427435713613,1.3940765534453956,0.003466255181772389,0.012563845948349077,0.020065204938350366,0.025781602000007973,0.034192055523879016,0.0387548063057136,0.043147434133841575,0.04781252450501531,0.053700373605955365,0.05384923119044866,0.4703965187072754,0.032102614641189575,0.03018108941614628,0.030098766088485718,0.02985324338078499,0.028906315565109253,0.028903676196932793,0.028636176139116287,0.0286304522305727,0.028300343081355095,0.026754086837172508,0.02666483260691166,0.0266241654753685,0.026552163064479828,0.026501284912228584,0.026471801102161407,0.02641269564628601,0.02618733048439026,0.026023566722869873,0.025798944756388664,0.012110600423133508,0.013934486029027108,0.011080105055803624,0.01288575180563829,0.01173670387392532,0.012147078135251382,0.01165462902166011,0.01173670387392532,0.012475377544312228,0.011982928430720957,0.008754650908289283,0.008918800612819707,0.008918800612819707,0.00804333552199078,0.008152768658344394,0.008426351499228435,0.008371634931051627,0.009028233749173324,0.007162896197691232,0.008893929445466613,16.89,728.7723,118.23746,0.2632,0.2757
M6H10-2,0.8429102935097148,0.049297230260438196,0.04785035138486978,0.0298677139313766,0.03007441091360066,0.4941043,0.4965545,0.28876308,0.2891106,-0.005150599600420944,0.50498545,0.49081475,0.28730142,0.28627157,0.04900995381053919,0.4777959,0.49848083,0.28933078,0.29064307,0.05265792956976736,0.47860578,0.49697965,0.28649133,0.27404615,0.03513725723720908,0.51089597,0.47614887,0.28688565,0.29026482,-0.046040559243747704,2.341763226624133,1.165723932167653,2.3232362835259917,1.1364673563802183,3.6179494000954384,1.3389529788329109,3.4749076625692075,1.1399943786498268,2.473005665121567,1.276939394479594,2.974592799417216,1.2675662911237406,2.8088182901746346,1.339394627403257,2.892250306337319,1.4540872762528274,2.88299122837123,1.2716474665088557,2.900454181651258,1.2447101093847959,0.003496296763461925,0.012308646403649497,0.019922716206077853,0.02510606484638499,0.03393812303653571,0.038490798078022206,0.043674146718329344,0.04769863262080356,0.05400931031900259,0.05468859834106566,0.4624645709991455,0.03374021127820015,0.032385945320129395,0.031009338796138763,0.02980961464345455,0.02980961464345455,0.029592357575893402,0.029568132013082504,0.02780976891517639,0.02755471132695675,0.027503235265612602,0.02750023826956749,0.027230551466345787,0.02700868435204029,0.02675064280629158,0.026492539793252945,0.02617505192756653,0.025956735014915466,0.025877265259623528,0.025760846212506294,0.012207602339173257,0.012061403508763995,0.012088815789465732,0.01217105263157094,0.013157894736833448,0.012828947368412613,0.011924342105255312,0.010937499999992804,0.011759868421044895,0.012828947368412613,0.008936403508766051,0.008168859649117432,0.008223684210520905,0.008278508771924379,0.008826754385959104,0.009100877192976468,0.008662280701748687,0.008497807017538269,0.007954545454540222,0.008014354066980374,16.67,726.633992,117.86038,0.2827,0.2849
M6H10-3,0.8433236874741629,0.049400578751550225,0.047333608929309635,0.03224472922695329,0.027697395618023975,0.49428055,0.49522057,0.28903806,0.28802016,-0.003228099941672025,0.48081434,0.50221616,0.2898044,0.2894566,0.03525326850096628,0.4991746,0.4914884,0.27299643,0.29413038,0.03772695255801654,0.49054095,0.486093,0.29412258,0.28829363,0.030958388368385725,0.50063705,0.5193208,0.29372507,0.29640684,-0.061177835768691465,2.3580055508618343,1.142767959261922,2.36477035302641,1.2361021453309966,3.556039557423238,1.2679857232028562,3.6875474147256955,1.3068910487885252,2.4495478979884906,1.2056906696402916,2.912335887077969,1.2607257385929544,2.813140375135383,1.3562371861503297,2.585215815097997,1.2194116885708017,3.080494065064561,1.3371046673769518,3.096980091203146,1.2866659187552238,0.00351187700059395,0.012568613147415123,0.019807624081670076,0.025837475700548375,0.03410759391912452,0.038356925227448185,0.04351777663505579,0.04792788626992954,0.0536388387287085,0.0540587226228393,0.47752097249031067,0.02944428287446499,0.028728041797876358,0.02858024463057518,0.028574464842677116,0.028347650542855263,0.028266239911317825,0.028144855052232742,0.0280669666826725,0.028063446283340454,0.027779145166277885,0.027664881199598312,0.0270217377692461,0.026642922312021255,0.026622328907251358,0.02633512020111084,0.02618970349431038,0.026147447526454926,0.02593020349740982,0.025929326191544533,0.012752858399287982,0.011433597185568535,0.011790897097617553,0.012780343007907136,0.011790897097617553,0.01343997361476686,0.012038258575189949,0.012615435356192205,0.011708443271760087,0.011625989445902622,0.008575197889176402,0.009289797713274435,0.007805628847840058,0.008410290237461471,0.006486367634120612,0.009399736147751055,0.008630167106414711,0.008795074758129642,0.008934996402008977,0.008455265051565544,16.75,734.254502,118.53099,0.2802,0.282
M6H10-4,0.8433236874741629,0.047333608929309635,0.049400578751550225,0.029247622984704423,0.03069450186027284,0.49414757,0.49426928,0.28848994,0.2891496,-0.0015578020602818599,0.49100012,0.50444084,0.28229985,0.28989682,0.0583200522807795,0.48913157,0.50595707,0.2960264,0.28610677,0.012351615634381677,0.4919848,0.5112595,0.29103878,0.27855876,-0.06418907122609686,0.5011497,0.49223876,0.2883561,0.28596085,-0.004048481472760594,2.3237875371830485,1.1338434643650768,2.4674890101082423,1.1275329799958451,3.537495623468025,1.2743366514480061,3.5804232922460417,1.2290383957827942,2.303538680929752,1.0825319784306833,3.034000449799561,1.2728585080569998,2.711903117479537,1.2491711824152936,2.89099448192999,1.4996151059921359,2.8889601768850484,1.2729635866846414,2.916360748621934,1.262449964642534,0.0034622119186512746,0.012384167670734634,0.01995676211608484,0.026050096032639167,0.033942136524082386,0.038770941278924116,0.04349238035022421,0.047825447257602086,0.053615241155254754,0.053833949029135866,0.463572233915329,0.03136037662625313,0.031244242563843727,0.030666587874293327,0.030431091785430908,0.0299663282930851,0.02975323237478733,0.028976093977689743,0.028870057314634323,0.02791721746325493,0.02748243510723114,0.027294954285025597,0.026912746950984,0.026871781796216965,0.02681775577366352,0.026749329641461372,0.026418717578053474,0.02631702646613121,0.026275604963302612,0.02610221691429615,0.012532981530334742,0.012093227792428258,0.013027704485479533,0.011213720316615295,0.011873350923475018,0.012285620052762345,0.012120712401047415,0.011790897097617553,0.013769788918196722,0.011213720316615295,0.008025505716793299,0.00819041336850823,0.007805628847840058,0.009014951627082884,0.00819041336850823,0.008850043975367953,0.008740105540891333,0.008959982409844573,0.008395298632760112,0.008575197889176402,15.81,738.106461,117.68402,0.2703,0.2797
M7H1-1,0.920214964861513,0.0063042579578338155,0.003513848697809012,0.03420835055808185,0.0357585779247623,0.49405038,0.4956447,0.2887084,0.28823385,0.000551019703278417,0.5029988,0.50194496,0.27693766,0.31165698,0.011356953642152024,0.44368726,0.38808572,0.26768902,0.29763234,-0.18749009124008778,0.4879154,0.5052486,0.2883969,0.28537685,-0.01688157510850475,0.49915412,0.4992162,0.29092884,0.295526,0.010928839101662233,6.742693711562575,3.2735927329017205,10.059432733149821,6.3673469518223165,3.424393713009444,1.0217242522060945,3.3425534983192438,1.0246362591060993,7.976482240352627,5.053678412361499,2.5765507380184034,0.9585214361698717,2.750948238183873,1.3205147483724344,2.45210187759886,0.9635210700676856,3.137702622947281,1.4375628528283926,2.761973822318008,1.3018308049470977,0.0028569790053750827,0.012783417009452014,0.020666176600924867,0.02652089817580848,0.03395529974818962,0.038845530235492226,0.043198773792952436,0.047479028835676784,0.05331811001454557,0.05370911991491625,0.3785944879055023,0.03721773996949196,0.03581587225198746,0.034629181027412415,0.03428886830806732,0.03408829867839813,0.03395500034093857,0.03360508382320404,0.03356102481484413,0.03353862464427948,0.03226695954799652,0.03165542334318161,0.03142842277884483,0.031383827328681946,0.03123558685183525,0.030955633148550987,0.03089197911322117,0.030497748404741287,0.030244216322898865,0.03014606051146984,0.012089810017255499,0.013097294185360122,0.011981865284958574,0.0116580310880678,0.012143782383403958,0.012629533678740118,0.011819948186513187,0.011981865284958574,0.01295336787563089,0.011496113989622414,0.008635578583753927,0.009391191709832394,0.007772020725378533,0.00766407599308161,0.007772020725378533,0.007987910189972382,0.009715025906723167,0.007772020725378533,0.009891662741390861,0.008243052284492383,21.03,817.42694,127.04122,0.2425,0.2504
M7H1-2,0.920111616370401,0.00434063662670525,0.005580818520049607,0.033691608102521704,0.03627532038032245,0.49401543,0.49492648,0.28899157,0.288631,0.00022564580335925486,0.46167248,0.4925343,0.29548326,0.27968672,0.0646923250564662,0.5336495,0.5663842,0.28941774,0.28767708,0.1602146961039754,0.4883286,0.48682022,0.28429663,0.28648108,-0.09223549771512032,0.49395454,0.5148003,0.28239432,0.29062602,0.04043564806528587,7.359276307649943,4.381574498374424,7.177596250948166,4.2926165101042155,3.383731525706962,1.1423494163042665,3.221052569664158,0.9234395331477598,7.887826917070793,4.239417733228191,2.965248938991462,1.2022453858947635,2.4957387233960286,0.9806958830431328,3.06897323722097,1.511657028867707,2.6860376213598,1.3904495836915267,2.687603374932328,1.0884684465684153,0.0028888922855876374,0.012625529248123749,0.019952208448608795,0.02576056330852045,0.0344170500690379,0.03903825871635357,0.0435473763049692,0.04781702663181654,0.05314644696819162,0.05413998135212387,0.3703650236129761,0.03745489940047264,0.03729267790913582,0.036547232419252396,0.03616776689887047,0.03460470214486122,0.03398452699184418,0.03393639996647835,0.033707909286022186,0.03287066891789436,0.03204033151268959,0.031885284930467606,0.03165717422962189,0.03150636702775955,0.031196439638733864,0.031139817088842392,0.031060172244906425,0.030951039865612984,0.030815791338682175,0.030815791338682175,0.011499209429336856,0.013080350725870674,0.012128072445003716,0.012289780077603766,0.012451487710203815,0.011642949547203567,0.012289780077603766,0.013260025873204063,0.011319534282003468,0.011966364812403665,0.008408796895202577,0.007761966364802378,0.00851660198360261,0.007761966364802378,0.008408796895202577,0.008624407072002642,0.009055627425602774,0.008300991806802544,0.009055627425602774,0.00893802187462092,21.29,816.198227,127.27565,0.2463,0.2533
M7H1-3,0.920111616370401,0.005064076064489459,0.004857379082265399,0.033691608102521704,0.03627532038032245,0.4922224,0.49482274,0.2887398,0.28828838,0.0010794106165627742,0.5375809,0.49394673,0.27331197,0.26284292,-0.024578345290963304,0.50337315,0.5173098,0.30041572,0.31356156,-0.029472059906364603,0.502656,0.50636894,0.29005215,0.2924653,-0.07297592104584719,0.5210201,0.5071225,0.2835969,0.2940168,0.04363346172241322,6.822967598163836,3.680917544679987,7.021008988429334,4.215360313381114,3.388000848866091,1.1007426116774073,3.2805536590514897,1.0078419855620517,8.420241096263782,4.591201554879203,2.7485212672784374,1.235825026603426,2.5508698779709706,1.0513361801153571,2.7019536183175865,1.5149888862006762,2.5312022916119137,1.0706103158013645,2.71452412255244,1.1307511007664706,0.0029354867151073836,0.012442107119333239,0.01982750125769528,0.025843693111978965,0.03412632965619539,0.03920378812631928,0.044089350821780685,0.0479117071981661,0.0534559391742258,0.05349743015253121,0.38055264949798584,0.036800358444452286,0.036435358226299286,0.03593834862112999,0.034684229642152786,0.03324251249432564,0.03292200341820717,0.03266235440969467,0.032252367585897446,0.032088860869407654,0.03173757344484329,0.031737420707941055,0.03165368735790253,0.03149512782692909,0.031351279467344284,0.03122052736580372,0.03117029368877411,0.03083721175789833,0.030758172273635864,0.030459705740213394,0.010061808250669749,0.011355469311470147,0.012774902975403913,0.012451487710203815,0.011319534282003468,0.011642949547203567,0.013260025873204063,0.012936610608003963,0.013098318240604014,0.013421733505804112,0.00894782233720274,0.00786977145320241,0.0073307460112022466,0.008624407072002642,0.008300991806802544,0.007654161276402345,0.009055627425602774,0.008732212160402675,0.009055627425602774,0.009290838527566483,21.75,818.276729,127.0272,0.2416,0.2474
M7H1-4,0.920111616370401,0.003927242662257131,0.005994212484497726,0.033691608102521704,0.03627532038032245,0.49350724,0.49629435,0.2880025,0.2886334,-0.004374186933047121,0.4801027,0.53902763,0.33613136,0.2953301,0.17234186250188938,0.5521447,0.50701344,0.2882229,0.27222613,0.1322577766038917,0.49610952,0.4754861,0.2989906,0.2880963,0.06822728118764014,0.49374607,0.49456757,0.2888664,0.2908253,0.002388950668276486,9.10522979853257,5.253074368016752,7.443705723490502,3.0464570035515943,3.4132405519046145,1.0046383116763313,3.317369457138109,1.047675516279402,6.919775025682463,3.3695037764045366,2.8041854678456475,1.4435762130819139,2.7442272587254464,1.275582803784344,2.43771158937046,1.268576503400555,2.7586897289880317,1.242901200003058,2.712868494072368,1.1265783992682195,0.002925635288309014,0.012858088304812328,0.02023258012668999,0.026136375573834213,0.03417793325139454,0.03854800247917389,0.043931801708108786,0.047876419484625975,0.053302238609981824,0.053344258506402786,0.3779071569442749,0.03714514151215553,0.034488946199417114,0.03415989130735397,0.03415989130735397,0.0339224599301815,0.03355356678366661,0.03352498635649681,0.032488640397787094,0.03247430548071861,0.032394565641880035,0.0322912335395813,0.032109491527080536,0.031812358647584915,0.03140928968787193,0.03137165307998657,0.031315192580223083,0.031229140236973763,0.03122595325112343,0.031016170978546143,0.012792870490137253,0.012936610608003963,0.010996119016803368,0.011157826649403419,0.01067270375160327,0.012774902975403913,0.011642949547203567,0.013098318240604014,0.012451487710203815,0.013260025873204063,0.008840017248802708,0.009163432514002806,0.007546356188002311,0.009486847779202907,0.009271237602402841,0.007977576541602444,0.007007330746002147,0.008408796895202577,0.008232388568729794,0.008820416323639066,21.07,822.388132,125.77134,0.2395,0.2535
M7H2-1,0.9100868127325341,0.011471682513435303,0.00847457627118644,0.03441504754030591,0.035551880942538236,0.4927655,0.49575984,0.288301,0.28895375,-0.00010224823879706413,0.522962,0.47885174,0.31391245,0.27377912,0.0981150232607636,0.5227543,0.4789169,0.2855679,0.27216405,0.005248128697919573,0.5056764,0.5139971,0.2883809,0.28906137,0.028094403019662085,0.49535593,0.48765767,0.28905562,0.28843153,-0.05743862721189667,4.848880897115736,2.5718631712655773,5.400100902068814,2.795446297744447,3.200520010655172,0.983301516121086,3.2476257808359277,1.1371205154774042,5.961537098492246,3.2894430810793818,2.8069902685895567,1.1832518376587497,2.5990461336555657,1.1709335255496718,2.254069126362469,1.002266545005905,2.7962823867990703,1.1936110138155085,2.822839385567019,1.1949787444502986,0.003137216654881785,0.01256512162810166,0.019973341785937793,0.025983631206365463,0.03387543786929347,0.03894293679239916,0.04313266525248092,0.047984785311974254,0.05353587074017181,0.05420232609172701,0.39117106795310974,0.03977286443114281,0.03571779653429985,0.03384934365749359,0.033240869641304016,0.031919870525598526,0.03181309252977371,0.03165809437632561,0.031651224941015244,0.03156198561191559,0.031490687280893326,0.031470686197280884,0.031323932111263275,0.031035112217068672,0.03062412329018116,0.030494270846247673,0.030481941998004913,0.03043067269027233,0.030147135257720947,0.030145233497023582,0.011238825031915563,0.013154533844173897,0.011206896551711256,0.011350574712630632,0.011637931034469381,0.011350574712630632,0.011925287356308132,0.013649425287340634,0.013218390804582508,0.013218390804582508,0.008045977011485005,0.008620689655162505,0.007662835249033338,0.008908045977001256,0.008333333333323754,0.009674329501904588,0.008908045977001256,0.008141762452097922,0.00794148380354364,0.00846394984325046,20.75,807.397566,125.96142,0.2464,0.2665
M7H2-2,0.9101901612236462,0.00899131872674659,0.010851591566763125,0.03679206283588259,0.03317486564696155,0.49378404,0.49650607,0.28866956,0.28940433,0.0001104410565309651,0.50616765,0.42704073,0.27912158,0.28758028,0.08512095682746189,0.4835075,0.5449556,0.28412768,0.2557264,0.15494812084455944,0.50828993,0.47840887,0.29033232,0.28421122,-0.07648319076924852,0.48127043,0.49714875,0.2895524,0.27935553,0.02353995699432089,5.638679433931574,3.4439028231281754,4.86989129134221,2.1243187705899342,3.208980428484388,1.0693249485349199,3.400981305279741,1.1615567190649803,5.1001454435067215,3.2145519192081067,2.5508021935657124,0.9341940452218369,2.807727729494887,1.5091668354610013,2.666232306148135,1.368268128184085,2.721279850538677,1.2244990321817741,2.985771663002254,1.3157640336105445,0.0030142161248633064,0.01244656526493687,0.019799184809623224,0.025827617059349835,0.03386817775126752,0.03840143155383239,0.0434794711203897,0.04824734068992942,0.05382244755939954,0.05442688139974152,0.38418805599212646,0.03650946170091629,0.03500095009803772,0.034862589091062546,0.03427776321768761,0.034154511988162994,0.03305165097117424,0.03266334533691406,0.03225297853350639,0.03201115131378174,0.031483668833971024,0.031400687992572784,0.031234584748744965,0.031144961714744568,0.03110930696129799,0.031041931360960007,0.030997280031442642,0.030919693410396576,0.03091077320277691,0.030784694477915764,0.011891062523960234,0.01125175808718818,0.013952819332550112,0.013233601841181549,0.013233601841181549,0.010212888377433588,0.01093210586880215,0.011651323360170713,0.013377445339455262,0.012370540851539274,0.008247027234359517,0.008151131568843707,0.0080552359033279,0.011028001534317959,0.007863444572296282,0.0092059838895176,0.008726505561938557,0.008247027234359517,0.007846008996747955,0.007218328277008117,20.46,808.156954,124.97643,0.2409,0.2533
M7H2-3,0.9100868127325341,0.009094667217858619,0.010851591566763125,0.03420835055808185,0.0357585779247623,0.49463364,0.49542972,0.2886295,0.28863302,0.0013937263698083398,0.5568182,0.5061633,0.26597014,0.30499038,0.0729509838139791,0.47619048,0.49701372,0.2813041,0.29870695,-0.12913443967092686,0.47067276,0.4886835,0.29481342,0.277893,-0.039562871777155915,0.48688847,0.5079847,0.2881451,0.29180306,0.02031817877601966,5.397275289855252,2.93781944337659,5.307888058782548,2.912639217715868,3.3378555012468456,1.1091987474097647,3.3098526378798865,1.095876306743332,5.091806830465495,2.280022631735248,2.808510301518626,1.228819416753751,2.4979646788766616,1.0218920550505934,2.817546869481823,1.314570768327003,2.7853946835422523,1.1013650749515937,2.7878189830180973,1.0958444166931987,0.0030006744449963853,0.012240974754756453,0.019720448606887417,0.025677372976160188,0.03383129182467661,0.038923957336305735,0.043806616022713046,0.047816938665891255,0.054230224020742214,0.05408483468020403,0.39730629324913025,0.03571634367108345,0.03427787497639656,0.03317397087812424,0.03298786282539368,0.032578714191913605,0.03228679671883583,0.03221104294061661,0.03195055201649666,0.031906858086586,0.03172572702169418,0.031543005257844925,0.031345244497060776,0.030749861150979996,0.03026292845606804,0.030123446136713028,0.030101057142019272,0.029956992715597153,0.029938682913780212,0.029856767505407333,0.013793103448260008,0.011494252873550007,0.012643678160905008,0.012068965517227507,0.012068965517227507,0.012356321839066257,0.011063218390791881,0.012787356321824383,0.012068965517227507,0.011494252873550007,0.007758620689646255,0.009195402298840005,0.008716475095775422,0.007567049808420421,0.007950191570872088,0.008908045977001256,0.009003831417614171,0.008429118773936671,0.00877742946707455,0.00846394984325046,19.71,800.859838,126.67942,0.2565,0.2734
M7H2-4,0.9101901612236462,0.010851591566763125,0.00899131872674659,0.03441504754030591,0.035551880942538236,0.49555647,0.49670622,0.2887734,0.28857177,-0.002151625900305336,0.4267131,0.50500405,0.3017446,0.29968703,0.09067408132365236,0.47406784,0.465225,0.25286183,0.30702683,-0.00044584508654977174,0.48915988,0.4953428,0.27986285,0.2844672,0.03841188782183247,0.48167187,0.4769166,0.29531807,0.28573555,-0.013035201197405049,4.598713539830613,2.389346487163687,5.259845524675789,2.938175561681217,3.3559398173090775,1.0982424190805895,3.3241174995482528,1.1308099846084199,5.462599738663224,2.4953297901927,2.7262239081963364,1.1735531568286564,2.545621756901788,1.2094077119174484,2.5366935499836103,1.2693158964441453,2.6400226315994217,1.0755079201252116,2.7208343075658403,1.1241562780322771,0.003113038422404186,0.012516756302792448,0.0200954503609671,0.02557455949093141,0.034404929179385306,0.038337613256456224,0.043679441833422164,0.04779382076004974,0.05440347562058885,0.0534142481063359,0.3995336890220642,0.03409191966056824,0.034000713378190994,0.032810814678668976,0.03217310085892677,0.03211591765284538,0.0318402424454689,0.03173277899622917,0.03170006722211838,0.03156464174389839,0.031490497291088104,0.03147125244140625,0.03126457333564758,0.03092583455145359,0.03072168305516243,0.030696261674165726,0.030642956495285034,0.030428556725382805,0.030416687950491905,0.03037777543067932,0.012018923411314645,0.014064697608985221,0.013952819332550112,0.012945914844634124,0.011939010356718138,0.01093210586880215,0.012370540851539274,0.011219792865349574,0.01093210586880215,0.011363636363623288,0.009301879555033409,0.007863444572296282,0.009397775220549215,0.009493670886065024,0.007863444572296282,0.0080552359033279,0.0080552359033279,0.0080552359033279,0.008682916623067737,0.007950622450037926,20.6,809.143406,125.71702,0.2437,0.2779
M7H3-1,0.9002687060768912,0.016845804051260852,0.01291856138900372,0.03493178999586606,0.03503513848697809,0.49303237,0.49530885,0.2890655,0.28865057,-0.0007523291876863304,0.47867724,0.52194035,0.28214464,0.28863326,0.055495413647713265,0.4870244,0.46725425,0.27525228,0.28498846,-0.06103554949084169,0.50306684,0.49756792,0.28638655,0.29013857,0.03208232287521801,0.51697963,0.5035498,0.28690672,0.2877068,-0.01865005492950028,4.006305637766822,1.9888816219481078,4.368546001294496,2.104235213699711,3.395714077290698,1.0886240106899752,3.4036386160459022,1.073642071737501,4.71448503507342,2.6929831899643815,2.693836677430856,1.1408444959402855,2.504438866029613,1.1660565195611685,2.4763771121912117,1.1294053294612683,2.6627863817946027,1.1478539475600569,2.6945003299991543,1.2089505625784336,0.003168040028349059,0.012136532727159902,0.01977248900167547,0.025537015445011645,0.03377718553936698,0.03814058912480445,0.04336295614060873,0.04797131127462988,0.05424207091837235,0.05522514313335489,0.40598630905151367,0.043651264160871506,0.039046768099069595,0.032013945281505585,0.03184632211923599,0.030905356630682945,0.030844740569591522,0.030747590586543083,0.030736979097127914,0.030656125396490097,0.03045722097158432,0.030290232971310616,0.03018215298652649,0.029975447803735733,0.029248390346765518,0.028953026980161667,0.02877320908010006,0.028626220300793648,0.028573118150234222,0.028485653921961784,0.011398963730558136,0.010823258491641058,0.01165803108807082,0.013601036269415957,0.011528497409314479,0.01593264248703012,0.011269430051801794,0.01049222797926374,0.01321243523314693,0.012305699481852533,0.008549222797918601,0.007512953367867862,0.008721934369593724,0.008203799654568356,0.009067357512943972,0.008981001727106409,0.008203799654568356,0.008031088082893233,0.00876118699951989,0.00876118699951989,19.68,798.683477,123.68813,0.2424,0.257
M7H3-2,0.9001653575857792,0.014262091773460108,0.015605622157916494,0.03565522943365027,0.03431169904919388,0.49224746,0.49606434,0.28917304,0.28870606,-6.771305843764424e-05,0.5073347,0.51129943,0.27257475,0.28562734,-0.11677406544919719,0.46785656,0.4677854,0.28603703,0.2904292,0.10705572996861987,0.5013786,0.4860722,0.2873952,0.29263154,-0.03751025538237825,0.535814,0.5041862,0.2799392,0.2827347,0.0313041644109275,4.208903950493152,2.426226867151021,4.2903250108864865,2.217569528159186,3.254818178559128,0.9958242168665357,3.3991386139909894,1.0267864519047638,3.7627073566168496,1.8001622352163489,2.741566244613649,1.1602298767807722,2.6565551862709946,1.2714667065145449,2.559579937913499,1.1672436875815357,2.8046590465770267,1.2427725692755327,2.7867106825626458,1.280640727581514,0.0031914962485353427,0.012523224123309576,0.019929049089484896,0.025761783612670175,0.033992995539673596,0.038728450926699166,0.04359337877816835,0.04777210256808633,0.05370194143960433,0.05413891100710156,0.3983917832374573,0.03763624280691147,0.03451504185795784,0.03365328162908554,0.03317156434059143,0.03289417549967766,0.03286202624440193,0.03169965371489525,0.03159705176949501,0.03145648539066315,0.031177489086985588,0.03101353347301483,0.03091936931014061,0.03090704046189785,0.029879644513130188,0.02984883077442646,0.02978220395743847,0.029730116948485374,0.029520582407712936,0.029343800619244576,0.010466988727847458,0.012192316540130007,0.010998964803301243,0.012810559006197918,0.01177536231882839,0.013716356107646257,0.0116459627329072,0.012292960662513154,0.014492753623173402,0.01177536231882839,0.008540372670798612,0.008626639061412741,0.009230503795711631,0.007160110420972574,0.009057971014483378,0.008626639061412741,0.008281573498956231,0.009144237405097505,0.0078110295501518994,0.008187464709195364,20.14,798.94144,122.96347,0.2414,0.274
M7H3-3,0.9002687060768912,0.015088879702356346,0.014675485737908226,0.03617197188921042,0.03379495659363373,0.4953269,0.4945257,0.2891441,0.28852293,0.0033080007354031877,0.45965585,0.4915254,0.2923506,0.2943327,-0.044422455563053034,0.49828237,0.51957506,0.27934134,0.27187967,-0.015081833767124192,0.4909756,0.49786925,0.28459153,0.29767013,-0.04138855936743891,0.47247705,0.5180117,0.2802651,0.28578436,-0.012167135657201173,4.5727307998697375,2.1004882385154757,4.182343139001492,2.2077597357379584,3.191475137174764,0.9351398017383925,3.269604716491793,1.0568937730140626,4.357813096657354,2.291111311568885,2.6852206499610984,1.1295536423231578,2.7957626986032973,1.4520221993292608,2.4550096331517604,1.1842741092841609,2.7319861520951774,1.141865709513603,2.7614575213439703,1.2375359449146008,0.003194846770482986,0.012027658430053592,0.019833323612704214,0.025542573115332024,0.03403516275573355,0.03879179060468793,0.04350629572745948,0.04790326029900655,0.054101781467296564,0.054396640550576435,0.40377703309059143,0.03788281977176666,0.035570379346609116,0.034915704280138016,0.03393051400780678,0.03343139961361885,0.032929226756095886,0.031923893839120865,0.031374797224998474,0.030080521479249,0.030074631795287132,0.03005528636276722,0.029997218400239944,0.02971375733613968,0.02955744042992592,0.029489098116755486,0.02887110412120819,0.028826028108596802,0.028820065781474113,0.02877912111580372,0.013126079447309367,0.012204951065042045,0.011917098445583505,0.01269430051812156,0.012435233160608876,0.013341968911903273,0.012564766839365218,0.012435233160608876,0.011010362694289108,0.010103626942994711,0.008549222797918601,0.007253886010355177,0.008894645941268849,0.008031088082893233,0.00846286701208104,0.008549222797918601,0.008031088082893233,0.008981001727106409,0.009609043805925041,0.008478568064051506,19.72,802.133925,123.35779,0.245,0.2527
M7H3-4,0.9002687060768912,0.015915667631252583,0.013848697809011988,0.03493178999586606,0.03503513848697809,0.49375474,0.49539837,0.2887362,0.28863364,-0.0013413565631616965,0.48883432,0.48233545,0.27644745,0.28818083,-0.07151686571955074,0.4882599,0.5262459,0.28031132,0.2910889,0.1426575221948664,0.5093087,0.4928292,0.29454046,0.28788257,-0.03847503487581027,0.48686957,0.5020999,0.28874275,0.28863263,0.050848311059945944,3.70196115388828,2.015370283926981,4.457838448467233,2.2594885057609315,3.2597929424455088,1.0238682461138293,3.4118148122634526,0.9668200069080867,4.67260941025565,2.6231673628413525,2.777208346448178,1.0817720108855926,2.449136012097818,1.1657082188045405,2.7046304069584086,1.2601426254130366,2.6795995090786886,1.085336549725076,2.8408529439586445,1.3502020867491864,0.0030943887104085775,0.01255165526801611,0.019962420587211174,0.025691310089283954,0.03415981762159108,0.03867328905269659,0.04376819020964319,0.047673952605265066,0.05336999297028468,0.054388316218932926,0.3932415544986725,0.03450571373105049,0.034121327102184296,0.033454883843660355,0.03328888863325119,0.03293857350945473,0.0329241082072258,0.03275306895375252,0.032596759498119354,0.032596759498119354,0.031957805156707764,0.031452782452106476,0.031353484839200974,0.0310926865786314,0.03096509352326393,0.03068690188229084,0.030400732532143593,0.030106717720627785,0.03000471740961075,0.029557427391409874,0.011859527921691797,0.01255037420839229,0.011010362694289108,0.013341968911903273,0.011787564766827163,0.011787564766827163,0.012305699481852533,0.013341968911903273,0.012305699481852533,0.01165803108807082,0.008031088082893233,0.008117443868730794,0.00941278065629422,0.0077720207253805474,0.00941278065629422,0.00846286701208104,0.007599309153705424,0.008117443868730794,0.009043805934988273,0.008855393311342684,18.66,793.139812,125.11786,0.2451,0.2569
M7H4-1,0.8902439024390244,0.02128978916907813,0.01849937990905333,0.033691608102521704,0.03627532038032245,0.49254757,0.49604607,0.28866994,0.28865898,-0.004152628178123353,0.48289132,0.51777196,0.28994143,0.28751424,-0.015279882482308644,0.53440523,0.48859012,0.27719122,0.2893532,0.0019070050812468621,0.49928924,0.50200164,0.2905914,0.2872622,0.077399803424592,0.5079563,0.47375536,0.2893807,0.288986,0.04470519295643899,3.494360786038977,2.072268579582556,3.819399454062753,2.092526763803159,3.454601305394178,1.0659652752355973,3.2724394923240383,1.0757493365904804,3.5595747614498046,1.8887275068996772,2.6396152780762945,1.0876197040507365,2.4428695331743735,1.2141400317524969,2.5523697329649844,1.115878704231381,2.6475773856869407,1.0940922709779244,2.7525414767510314,1.1324359250247769,0.0034040303283022363,0.012438746531922663,0.020080780991938253,0.02543620100403905,0.03406483192429916,0.03806572585700348,0.04371548956442584,0.04787173155854987,0.05405294916030285,0.05420284641254994,0.4129512906074524,0.03661298379302025,0.03597297519445419,0.03491557389497757,0.031836751848459244,0.03153834864497185,0.030956540256738663,0.030734114348888397,0.030651673674583435,0.030484037473797798,0.030243368819355965,0.030239062383770943,0.029951009899377823,0.029654135927557945,0.029364440590143204,0.029243387281894684,0.029010195285081863,0.02867056615650654,0.02852274477481842,0.028446871787309647,0.010985561833009116,0.011717932621876391,0.012241054613924444,0.01141713747644876,0.014830508474562307,0.010710922787183889,0.01200564971750282,0.011652542372870384,0.012947269303189315,0.013653483992454188,0.009023854362828918,0.007611424984299174,0.009023854362828918,0.008082234777142422,0.008396107972371253,0.009023854362828918,0.008474576271178461,0.008082234777142422,0.008816983393246278,0.008217770929627598,18.69,785.851819,123.54697,0.249,0.2584
M7H4-2,0.8902439024390244,0.02066969822240595,0.019119470855725507,0.033588259611409675,0.036378668871434476,0.4935641,0.49558464,0.2881098,0.28865695,0.000523171748929942,0.49060977,0.5311441,0.29517916,0.29658827,-0.05666409021886064,0.51265657,0.5036647,0.30392432,0.28025618,-0.020646679004221638,0.49223262,0.49355933,0.29528174,0.29238877,0.03421192521791861,0.49573866,0.4778987,0.2833786,0.283286,-0.0004088153596420014,3.3871561646689154,1.7254486709680366,3.5603893312570376,1.9739809479435289,3.3366880176339713,1.1240267567549076,3.213997420366202,1.079137972502859,3.760651343830242,1.9371374422450756,2.8767266518126426,1.1659518732567058,2.4172273446672996,1.1734615307681275,2.491765696721071,1.1725559672902357,2.6972825033955248,1.194725826112031,2.723704052530906,1.127238663042343,0.0034114024960140744,0.012724723734125021,0.020069822420144042,0.0256198801473418,0.034136016273571934,0.03864148661278795,0.0434081037989994,0.04789708065314201,0.0537192808840508,0.0537055363131563,0.41979244351387024,0.035663504153490067,0.033321574330329895,0.03317655622959137,0.032692648470401764,0.03210598975419998,0.031734347343444824,0.03162411227822304,0.030354544520378113,0.030274342745542526,0.030105410143733025,0.02966131828725338,0.029538895934820175,0.029474468901753426,0.029371995478868484,0.029102729633450508,0.028284355998039246,0.02795817330479622,0.02790965512394905,0.027852827683091164,0.011717932621876391,0.012136430215514834,0.013771186440664999,0.012358757062135255,0.010946327683605511,0.01141713747644876,0.011181732580027135,0.012947269303189315,0.01212335216571363,0.013418079096032563,0.008709981167600085,0.007611424984299174,0.008788449466407293,0.008474576271178461,0.00965160075328658,0.007768361581913589,0.007532956685491966,0.008631512868792877,0.008902585173763232,0.008731381612729324,18.41,788.743003,120.84041,0.2418,0.2531
M7H4-3,0.8902439024390244,0.020049607275733773,0.019739561802397686,0.03400165357585779,0.03596527490698636,0.49311388,0.49566433,0.2887963,0.28844234,-0.0033843063698621423,0.53017354,0.49095756,0.2729643,0.2950372,0.06480012597108163,0.47873837,0.48487002,0.2894573,0.28953,-0.03284076725989751,0.4921788,0.5086549,0.29731798,0.29076195,-0.0031050384483712725,0.5031539,0.49466684,0.28315422,0.2876995,0.07204563452074639,3.648609713203167,1.7969096455085218,3.558492118580825,1.894318543044361,3.3138211855542212,1.0972691030547248,3.260389014542465,0.9139916384902684,3.7642140211116697,2.028348578993632,2.891463049704381,1.0746652268125243,2.548907902059869,1.1853819479336023,2.6832357750054703,1.2571199178171824,2.7618521795976085,1.2387397640236641,2.8172039621902956,1.2666472555805568,0.003241027985501094,0.01242257997801217,0.019816260109503752,0.025487378767592987,0.03423624944214044,0.0389440398828767,0.04389402301102657,0.0476820254928213,0.05337763554626696,0.05423211311759135,0.4137299060821533,0.035691142082214355,0.03482402488589287,0.03388258069753647,0.031622037291526794,0.031531255692243576,0.031168997287750244,0.03087296336889267,0.030615581199526787,0.030322277918457985,0.029946811497211456,0.029907407239079475,0.029903210699558258,0.02983160689473152,0.029772864654660225,0.02968163974583149,0.029628604650497437,0.029353134334087372,0.028929920867085457,0.028783908113837242,0.010776313036189896,0.013078049801201329,0.01259416195855688,0.011299435028237948,0.012476459510346068,0.01212335216571363,0.012358757062135255,0.013300376647821752,0.010475517890762264,0.013535781544243375,0.008317639673564045,0.0088669177652145,0.008474576271178461,0.008474576271178461,0.008396107972371253,0.008082234777142422,0.008474576271178461,0.008239171374756837,0.008474576271178461,0.008988186954280185,17.43,790.853932,124.38781,0.2864,0.2921
M7H4-4,0.8905539479123605,0.019946258784621744,0.019532864820173624,0.03420835055808185,0.0357585779247623,0.4939371,0.49574354,0.2882781,0.28857237,0.0023177567481789986,0.4878049,0.46416968,0.28751653,0.28344294,-0.07457203108953206,0.48264295,0.47847724,0.28831664,0.29128152,-0.01151941380254049,0.48577848,0.5242204,0.30079117,0.2826097,0.004283447160100585,0.5103623,0.4960811,0.28621742,0.29547784,-0.01454095038057443,3.5347849810136776,1.8750087552597328,3.7319562419493546,1.999607094931695,3.4254005239499308,1.0432562084093093,3.2714045560113902,1.0073108937603454,3.2114661001387703,1.648506466642164,2.682147833419919,1.1257099520097944,2.594214826156451,1.3810702861302613,2.5938251975877105,1.2353295504954667,2.5837317183468693,1.0447613003955025,2.7769919620371515,1.2147538108723042,0.0033847218104555788,0.0125780984067376,0.01964126890008894,0.025886396328139584,0.03407506231401874,0.038865280934655376,0.04360883266901648,0.048055912419980015,0.05334025101294594,0.05389750853729508,0.41333985328674316,0.03480808436870575,0.03419891372323036,0.033916447311639786,0.033291835337877274,0.03275405615568161,0.03192976489663124,0.031783390790224075,0.03161638230085373,0.030783798545598984,0.030662046745419502,0.02961788699030876,0.029590904712677002,0.029346758499741554,0.029009779915213585,0.028946638107299805,0.02867136336863041,0.02862260304391384,0.028589077293872833,0.02852034755051136,0.012695414961691926,0.011960969468040325,0.012747875354095611,0.01227573182246244,0.010859301227562929,0.012039660056645855,0.01227573182246244,0.012983947119912197,0.010741265344654635,0.013338054768637074,0.008341202392186017,0.008970727101030244,0.008577274158002603,0.007475605917525204,0.008498583569397073,0.008813345923819188,0.008262511803580489,0.00920679886684683,0.008584427847875832,0.007983517898524525,18.31,786.69325,121.78766,0.2556,0.2746
M7H5-1,0.8809425382389418,0.02201322860686234,0.027077304671351797,0.03596527490698636,0.03400165357585779,0.49531025,0.4962419,0.2883279,0.28908288,-0.004692283515480599,0.46215504,0.47923133,0.2875734,0.28670013,-0.022221338258874266,0.4982778,0.49585977,0.29057083,0.29383555,0.03387846306783001,0.48871598,0.49106276,0.2954428,0.27886137,0.04247150060939733,0.4799837,0.49894392,0.28735676,0.28472814,0.060810151004844104,3.7642693374276694,1.9256714744738581,3.312483683332911,1.5435069419067406,3.227026434296278,1.1038497635090698,3.3212940491330087,1.0192716290485722,3.161906427148153,1.5435768319393917,2.645287386756223,1.1101808815797733,2.772409538798159,1.2833856328143591,2.6888521267460233,1.2837199211328132,2.7151893032898626,1.1859059834146977,2.713690611237062,1.18816890021972,0.00332697429658916,0.012381689660574893,0.019913461804307555,0.02594993871363138,0.03436875040319979,0.03894449206042006,0.04359165768107127,0.047994599426765094,0.053528804593252044,0.05333296469352208,0.42678895592689514,0.03679809346795082,0.035378530621528625,0.033158283680677414,0.03137996792793274,0.03107641637325287,0.030714958906173706,0.03016723319888115,0.029547162353992462,0.02938755974173546,0.029138537123799324,0.029056956991553307,0.02889319323003292,0.028741782531142235,0.02862470969557762,0.028560088947415352,0.028513476252555847,0.028154078871011734,0.0280167106539011,0.02790331095457077,0.014081790123444566,0.012152777777767229,0.011610243055545477,0.011718749999989828,0.011718749999989828,0.01280381944443333,0.011935763888878528,0.01312934027776638,0.011501736111101127,0.011067708333323725,0.007595486111104518,0.009620949074065722,0.00860821759258512,0.007957175925919019,0.008752893518510921,0.009114583333325422,0.008391203703696419,0.00802951388888192,0.008838383838376165,0.007812499999993218,17.98,774.810045,121.72215,0.2491,0.2683
M7H5-2,0.8809425382389418,0.023253410500206698,0.02583712277800744,0.03513848697809012,0.03482844150475403,0.49468935,0.4966545,0.2883829,0.28839636,-0.008198059684574514,0.4704607,0.4644821,0.29030073,0.29395628,-0.015185106701269544,0.48809755,0.4755932,0.3058792,0.2992053,0.11841300661080716,0.49060258,0.52101195,0.2851893,0.28068367,0.1032508736328373,0.49728593,0.48357892,0.28392756,0.28880408,0.015414767687297068,3.598028572076405,1.8834871191104967,3.236214746264875,1.629390719274469,3.3588868165019514,1.0015854789165237,3.3289235343129584,1.0667017729573074,3.196159289435018,1.5613773182327129,2.7900122609860754,1.1767414637193065,2.567889004677877,1.2298832165377043,2.5320530644108814,1.2651906097531185,2.822072550237403,1.2016266147171348,2.904330765754541,1.3195959197144165,0.003291244727219952,0.01254231098751387,0.019890260631001373,0.025620678193045785,0.03396583285345768,0.038638183120549445,0.0435820727819211,0.04738596515868669,0.0539052514782511,0.05451153340168635,0.42321497201919556,0.03518034517765045,0.03503100946545601,0.03417489305138588,0.033859968185424805,0.032534409314394,0.03141980245709419,0.031259115785360336,0.02983681485056877,0.02947421558201313,0.029110414907336235,0.029043182730674744,0.02897489070892334,0.02863357588648796,0.02862188220024109,0.028490321710705757,0.028418252244591713,0.02785474993288517,0.027470216155052185,0.02739703096449375,0.013310185185173632,0.011766975308631761,0.01226128472221158,0.012478298611100279,0.01269531249998898,0.011393229166656776,0.011827256944434178,0.011935763888878528,0.012044270833322879,0.012152777777767229,0.009910300925917322,0.00788483796295612,0.007523148148141617,0.009042245370362521,0.008752893518510921,0.008174189814807718,0.008246527777770619,0.008969907407399622,0.007812499999993218,0.008364898989891728,17.58,773.335999,121.0349,0.2525,0.264
M7H5-3,0.8812525837122778,0.02532038032244729,0.023460107482430756,0.034621744522529974,0.03534518396031418,0.4945925,0.4955853,0.28864914,0.28898722,-0.0026331806829404864,0.5032354,0.4871325,0.29215747,0.2781213,-0.004533705865450444,0.48587087,0.5113492,0.28085577,0.28312278,0.12780777572739757,0.47018567,0.499064,0.28322977,0.28447962,-0.04586764324462147,0.49857366,0.49278918,0.29533732,0.2952667,0.032674522387602205,3.3905029469811394,1.7456651767648208,3.5019973137432663,1.8715059813752914,3.2516739806527957,1.1142448997773926,3.2471526941347744,1.0567961461055613,3.5145653440944016,1.8612245895385224,2.815654866862735,1.3919029395619424,2.6133548371673907,1.1653890325100105,2.748634408645266,1.4856390628467684,2.7935745581259837,1.0712063472606377,2.737639788139606,1.1133987374718401,0.0032593473013065033,0.012420071129784214,0.019804853778539445,0.025777636501004293,0.034157499032561225,0.038522490648091844,0.04360154421655887,0.047987266662981184,0.05382645069747729,0.05397617336502847,0.42311203479766846,0.035519927740097046,0.032729752361774445,0.03218796104192734,0.031852465122938156,0.03132544457912445,0.03114602342247963,0.03099319152534008,0.03088744916021824,0.030557241290807724,0.02978852391242981,0.0297246091067791,0.029500160366296768,0.02898441068828106,0.028955748304724693,0.02888692170381546,0.02869759127497673,0.028562486171722412,0.028426866978406906,0.028161248192191124,0.012377913161192204,0.013151532733766718,0.011640557006082124,0.012728459530015031,0.011096605744115669,0.013272410791981486,0.011966927763261996,0.011531766753688832,0.01251087902522845,0.011531766753688832,0.008268059181890107,0.00870322019146327,0.007832898172316943,0.008485639686676687,0.00877574702639213,0.008485639686676687,0.00892080069624985,0.008630693356534408,0.008624100007904511,0.007991138539434457,17.97,771.511675,122.76448,0.2825,0.2894
M7H5-4,0.8811492352211657,0.02614716825134353,0.02273666804464655,0.033691608102521704,0.03627532038032245,0.4943401,0.49712247,0.28871092,0.28872746,-0.002801641485299307,0.48100838,0.48284987,0.29070237,0.29631662,-0.02847374466045843,0.47394678,0.45477656,0.28390607,0.2871102,0.11374053851184854,0.5047883,0.48879588,0.28821576,0.28074804,0.015441289318040945,0.49496213,0.50420105,0.2882977,0.28746367,-0.0014037878233800823,3.0163531999310895,1.5643106848449329,3.380763730485603,1.756152886929106,3.4207865596490947,1.092668675672778,3.306636692379451,0.9714147734633026,3.337101362940508,1.7698952502953147,2.9192901094862425,1.1860012696437183,2.475998112028097,1.076090562471586,2.7548693616989772,1.4543865560839475,2.5814733329869632,0.995259205243859,2.5668432495046085,1.016865339647138,0.0033496181296343913,0.012601606241501443,0.019812782754331223,0.02561554445193437,0.034480681783961215,0.03855535556682905,0.04377899933053967,0.04787683783076321,0.05330433110720399,0.053957576136634766,0.42306798696517944,0.03576814755797386,0.03500216081738472,0.03288211300969124,0.03169088065624237,0.030956847593188286,0.0308514516800642,0.030850538983941078,0.03031110018491745,0.03009856306016445,0.030070850625634193,0.029917407780885696,0.028908642008900642,0.028840193524956703,0.028818663209676743,0.02851645089685917,0.028393302112817764,0.028389403596520424,0.028353681787848473,0.028311751782894135,0.01256038647341903,0.012753623188394706,0.011521739130424764,0.012391304347815312,0.012391304347815312,0.011956521739120037,0.011630434782598582,0.013369565217379678,0.011630434782598582,0.011630434782598582,0.00884057971013724,0.009130434782600757,0.0077536231883990545,0.00963768115941191,0.008405797101441966,0.008623188405789602,0.008478260869557845,0.007536231884051417,0.007667984189716652,0.008616600790506341,18.26,778.554967,120.93528,0.2779,0.2822
M7H6-1,0.871331128565523,0.027800744109136008,0.0309011988424969,0.033691608102521704,0.03627532038032245,0.49304977,0.4949229,0.28882208,0.2884369,0.0023970318901064256,0.509747,0.51345223,0.30357704,0.2836593,-0.0815584229221555,0.4901297,0.5205771,0.2865935,0.28417417,0.03221499123183836,0.49016163,0.4786056,0.28080383,0.2900025,-0.002600329177581794,0.5089292,0.49717516,0.28091332,0.29849193,-0.020100968750824698,3.2047980649150984,1.6854653739205725,2.8781772563518593,1.5615709102614388,3.3779850135353273,1.2642862422404453,3.249213743744315,1.0878192810406466,2.9610836193725634,1.5198850988089943,2.8234994896344956,1.125063930471121,2.4692159972752292,1.213155222138057,2.6579123432455543,1.3347868076126517,2.8561369151855724,1.2074214413778057,2.733433533926977,1.150138966912626,0.0034115661183651367,0.012594727292133632,0.02015907464728043,0.026045310974332214,0.03423030245529979,0.03847993580088788,0.043522175179769376,0.047384400090131756,0.05327656613813087,0.05422927463700225,0.43479105830192566,0.03760681301355362,0.0317818745970726,0.030581217259168625,0.030415311455726624,0.03035110980272293,0.03026275336742401,0.029497312381863594,0.029421063140034676,0.029409853741526604,0.029190286993980408,0.029060551896691322,0.028909526765346527,0.028626764193177223,0.0286126509308815,0.028573287650942802,0.028371721506118774,0.028278063982725143,0.028164919465780258,0.028093772009015083,0.011334225792048014,0.012226684515831322,0.011244979919669683,0.013152610441756503,0.012349397590351526,0.013955823293161482,0.01064257028111595,0.011044176706818438,0.013453815261033371,0.012650602409628392,0.008232931726901017,0.008433734939752262,0.008835341365454752,0.00783132530119853,0.007965194109766024,0.009103078982589745,0.008232931726901017,0.007697456492631033,0.009784592917115179,0.008762322015327026,17.6,762.817471,121.24988,0.2497,0.286
M7H6-2,0.8709177346010748,0.029040926002480365,0.03007441091360066,0.034518396031417944,0.03544853245142621,0.49357176,0.4946158,0.28818804,0.28807348,-0.0007773508850978081,0.50334173,0.521865,0.2923988,0.29466563,-0.00561614363976068,0.46844357,0.50905704,0.28308094,0.28148165,0.0771152871750338,0.49452317,0.48396426,0.2919385,0.29093397,-0.03922107025962873,0.51528835,0.5027672,0.29647812,0.30017707,-0.0006074101414196037,2.9601002876576605,1.742113461264813,3.0577722047018456,1.6363130975114513,3.422525728646834,1.1195461156262982,3.3120914547791136,1.0390442133975428,3.057115600742492,1.5369545396912867,2.7694273404726313,1.1315697688546424,2.5957601440222176,1.2451046150680536,2.652133933028639,1.2697376544954788,2.7694893955588786,1.1199674608293184,2.7606693969117133,1.1153357978801561,0.0033889212501176016,0.01260886884494434,0.020079308363809605,0.025576046552127935,0.034139428187097275,0.038663327788553734,0.04361960009528214,0.048095458285041706,0.053524137806789454,0.05363823615956955,0.42139387130737305,0.03554009273648262,0.03554009273648262,0.035470958799123764,0.035470958799123764,0.03251292183995247,0.031998395919799805,0.030473405495285988,0.03014957532286644,0.029738299548625946,0.02914392203092575,0.029132524505257607,0.028917891904711723,0.02876441180706024,0.028171855956315994,0.028002597391605377,0.027713308110833168,0.027565207332372665,0.027156205847859383,0.02714342065155506,0.013521928654023513,0.010319366604386366,0.012209767814241625,0.013110488390702073,0.010708566853474212,0.011409127301832338,0.013510808646906717,0.012109687750190464,0.013310648518804395,0.011809447558036982,0.008340005337596738,0.008606885508399834,0.00854016546569906,0.007272484654384357,0.008473445422998287,0.00887376567920293,0.007539364825187451,0.00854016546569906,0.009534900647783326,0.009170973142142741,16.56,767.702484,121.04267,0.2547,0.2657
M7H6-3,0.8708143861099628,0.03141794129805705,0.027800744109136008,0.03379495659363373,0.03617197188921042,0.4940327,0.49569735,0.28869084,0.2888785,-0.001286643942363183,0.5031691,0.48907226,0.2930792,0.2932364,0.01914525857614825,0.4666334,0.5046311,0.28641072,0.29298744,-0.0412779195178405,0.49794886,0.49815995,0.28995848,0.27746704,0.03350504837829314,0.49989545,0.49409202,0.28311825,0.28623068,0.018987401936519904,2.903839121006693,1.5082954622408502,3.1457942373266694,1.5351764460450592,3.410428206901733,1.0789283939206398,3.2125168958543027,0.9620028480024987,2.969642594924692,1.5528960094944146,2.7000945085287826,1.209454058117514,2.511292680719441,1.2338380931816046,2.694031677847221,1.3156902760143858,2.719091630213524,1.1311070506518637,2.853482291632627,1.1697615890656454,0.003370502815602962,0.01258555929403429,0.019952906911879554,0.025703509276712017,0.03416695537117614,0.03846326993578037,0.04367169501842815,0.047509997005302375,0.05367750825499166,0.054231429449425814,0.4389786720275879,0.03566697984933853,0.03330586478114128,0.032298896461725235,0.031371258199214935,0.03075302764773369,0.03016316145658493,0.029953721910715103,0.029496828094124794,0.028999727219343185,0.028857162222266197,0.0282526183873415,0.02820909395813942,0.02805931121110916,0.027924079447984695,0.02785615436732769,0.027696911245584488,0.027507781982421875,0.027403051033616066,0.02724578231573105,0.0119999999999904,0.012711111111100943,0.01109999999999112,0.01309999999998952,0.01219999999999024,0.01309999999998952,0.01239999999999008,0.0104999999999916,0.01219999999999024,0.01259999999998992,0.0079999999999936,0.0089999999999928,0.008333333333326667,0.00859999999999312,0.008266666666660054,0.00919999999999264,0.008866666666659574,0.007266666666660854,0.008654545454538531,0.008581818181811316,17.58,763.075484,121.0964,0.2467,0.2624
M7H6-4,0.871434477056635,0.028627532038032245,0.02997106242248863,0.034621744522529974,0.03534518396031418,0.49470803,0.49459988,0.2888606,0.288884,0.000778965971605405,0.4619618,0.5062718,0.28652713,0.27424735,0.027498020522753158,0.5017662,0.5343951,0.2852809,0.29202604,0.012891055568323127,0.47899526,0.50338984,0.28632456,0.3015552,-0.024207840852098445,0.5078448,0.47569135,0.2881176,0.2753595,-0.0225298889413001,2.922012532991278,1.5861886336721225,3.1357089962460254,1.5341238500895125,3.4073606654630724,1.0894531751425502,3.2027443957360555,1.0525803587397382,3.004715060370473,1.7498400251348958,2.68107203762227,1.1398321587052178,2.6558771606800224,1.1590635965017717,2.5656151158508926,1.2150060769282522,2.8628231254464285,1.3393651200561165,2.736431792013204,1.1544854135273726,0.0033634887497100445,0.012506438004474166,0.02016520607511726,0.025435523630916574,0.03395334756574628,0.038148370939142674,0.04410278790166267,0.047981317009306114,0.053446249051500104,0.05423060440575744,0.43156659603118896,0.033733949065208435,0.0330812893807888,0.033035729080438614,0.03220576047897339,0.031348977237939835,0.030818363651633263,0.030362335965037346,0.03014431893825531,0.029710210859775543,0.029294682666659355,0.028897151350975037,0.0287792906165123,0.0286260973662138,0.0285019651055336,0.02836211398243904,0.02815660461783409,0.028122859075665474,0.027669306844472885,0.027582425624132156,0.012236513040361724,0.012951053947828103,0.013062700964619724,0.010952572347258077,0.010651125401920699,0.0138665594855194,0.012560289389057427,0.012660771704169887,0.01225884244372005,0.010651125401920699,0.007837620578771834,0.008038585208996753,0.008306538049296645,0.009043408360121347,0.00864147909967151,0.008574490889596536,0.00864147909967151,0.008172561629146698,0.008330897398414817,0.009207833966669009,17.95,769.004827,120.45219,0.2474,0.2548
M7H7-1,0.860892930963208,0.03699875981810666,0.03214138073584126,0.03524183546920215,0.034725093013642,0.49349985,0.49513704,0.28863537,0.28830943,0.0005203560799438482,0.4995231,0.48738283,0.29409283,0.30190915,-0.002850903699736838,0.49721593,0.49506786,0.28490433,0.2835312,0.0035982579354120374,0.48272654,0.51175505,0.29427218,0.28098404,0.01432051674777844,0.50617015,0.5046156,0.28026205,0.29463965,-0.02610597771232869,2.7331272771282613,1.3294530659693193,2.7919630288187274,1.4252399816153376,3.390695209470287,1.0729770911428982,3.2174488418841687,1.053248533665128,3.0411961296155123,1.5489256902605304,2.696083221404486,1.0750424497887516,2.609885028663594,1.202282569690294,2.4569406775257714,1.1019284757370167,2.8297757929974594,1.2156889026347955,2.84733314080482,1.1644900573980685,0.0033861753566028717,0.012573578308068826,0.02008405062085551,0.025783233754947028,0.034064141746558974,0.03873777804989634,0.04382469441935852,0.047602040208919026,0.05358864857418377,0.053688992293942465,0.44197478890419006,0.035682883113622665,0.03339747339487076,0.033099591732025146,0.03194819763302803,0.03120831400156021,0.03097207471728325,0.02989405207335949,0.029239438474178314,0.02921443246304989,0.028334544971585274,0.02768523059785366,0.027656134217977524,0.027475086972117424,0.027426425367593765,0.027051877230405807,0.02700929157435894,0.026969335973262787,0.02691328525543213,0.02684752829372883,0.012464916625382847,0.010979032524343834,0.012815750371461505,0.012351411589886813,0.012072808320941996,0.012258543833571873,0.011794205051997181,0.012722882615146565,0.012630014858831628,0.011979940564627058,0.009224863793950551,0.007800891530454828,0.007243684992565198,0.00891530460623409,0.008543833580974335,0.008234274393257876,0.008420009905887751,0.009039128281320674,0.008982844792644955,0.008374983114947176,16.55,755.271117,119.26784,0.2575,0.2627
M7H7-2,0.861099627945432,0.032864820173625464,0.03606862339809839,0.03617197188921042,0.03379495659363373,0.49458304,0.49555117,0.28821123,0.28869867,-0.0023012246144206478,0.52228105,0.5053299,0.291844,0.27674675,0.01703943386109906,0.4756447,0.5075761,0.28530356,0.29558718,0.05310045323164449,0.47665504,0.4852058,0.29178536,0.2891083,-0.009176628977654746,0.4869098,0.49054062,0.2942978,0.29052582,-0.007857868352833535,2.843570270504457,1.4304487367261096,2.650791755344298,1.367534718877189,3.29442137812436,1.076204606376391,3.4063212809195154,1.1344089157070165,2.6964012527018606,1.3493017649811687,2.7460690527232035,1.2105346198485971,2.7233209038377586,1.389041109688921,2.4524957110356347,1.1676850102034468,2.8288030962806694,1.2372648592242417,2.836523683543725,1.299391821961818,0.0034946387708958437,0.012562638545984913,0.019776827017936646,0.025622807331414775,0.033801386609961855,0.03828256650633243,0.04377073397637413,0.04781401910720584,0.05385764841991553,0.05435006704731137,0.44969305396080017,0.032404422760009766,0.030497990548610687,0.02991906739771366,0.029885975643992424,0.029848648235201836,0.02954932488501072,0.029213158413767815,0.029057258740067482,0.028987428173422813,0.02871115505695343,0.02867554873228073,0.0285679642111063,0.028327226638793945,0.028301965445280075,0.02824726700782776,0.028049716725945473,0.02751035802066326,0.027289435267448425,0.027263056486845016,0.012566137566128217,0.012152777777768735,0.013113839285704528,0.012090773809514814,0.012648809523800113,0.010974702380944215,0.011718749999991281,0.012462797619038346,0.011253720238086865,0.012927827380942763,0.008742559523803019,0.007812499999994187,0.007998511904755954,0.008928571428564786,0.008990575396818709,0.008370535714279486,0.008308531746025563,0.008618551587295175,0.008928571428564786,0.008049242424236436,16.54,749.64837,121.68133,0.2772,0.2854
M7H7-3,0.8616163704009921,0.035551880942538236,0.032864820173625464,0.03493178999586606,0.03503513848697809,0.49371007,0.49540642,0.28811792,0.28843567,-0.0031412918913460213,0.5045377,0.50576466,0.29381248,0.29836145,0.04267459558948611,0.4765685,0.48014605,0.30136886,0.29092097,-0.03501268290478038,0.50321114,0.5144419,0.28887543,0.28409728,0.01672597415257068,0.4948198,0.49040046,0.28323328,0.28543743,0.04456449499608648,2.7199289324746125,1.3041563601002149,2.863683361814711,1.4484680671766204,3.291580204480487,1.0699484559083203,3.231017725083278,1.0161204955012093,2.894874996032857,1.4688394925988977,2.9275794841125413,1.3647043266169663,2.5756387855738305,1.250503604493971,2.7394296455615645,1.4661559491857974,2.8866851180363042,1.2553302596345988,2.7992475774809042,1.2409482845540762,0.003331929868334191,0.012421531578828816,0.019858163401444702,0.02578217183609608,0.033781922331207345,0.038217564797632476,0.04328216750441398,0.04806434453852858,0.05394157080654188,0.05465196667030528,0.45170995593070984,0.03268829360604286,0.03207235038280487,0.03180203214287758,0.030970415100455284,0.030297962948679924,0.029531432315707207,0.02883828990161419,0.028558693826198578,0.02848220430314541,0.028351588174700737,0.028348753228783607,0.027930228039622307,0.02766326628625393,0.02751336432993412,0.02729075960814953,0.027268890291452408,0.026903046295046806,0.02689063362777233,0.026887841522693634,0.012944983818760558,0.011949215832702054,0.011389096340544146,0.012135922330088023,0.010268857356228327,0.012696041822245933,0.01381628080656175,0.012322628827473994,0.011575802837930116,0.012789395070938918,0.008899676375397883,0.008339556883239976,0.007654966392824754,0.008899676375397883,0.008215085884982662,0.008464027881497289,0.008775205377140572,0.008526263380625945,0.007943512797875798,0.009029805146303258,16.35,761.809778,122.39323,0.29,0.296
M7H7-4,0.8616163704009921,0.033588259611409675,0.03482844150475403,0.035551880942538236,0.03441504754030591,0.49605492,0.49491546,0.28848985,0.28860936,-0.0024356432557861916,0.47943714,0.47976533,0.29051256,0.29740113,-0.009206742326607465,0.49120647,0.5187597,0.28856307,0.28537863,0.07520254872440424,0.4858196,0.5078587,0.28680468,0.28778437,-0.05779859391136284,0.46520913,0.49681887,0.2908106,0.28391686,0.054843546736961554,2.8029133364780408,1.4440274546323553,2.712493977742589,1.3967754873122875,3.294029543537955,1.05569202202579,3.382099550578861,1.205526657468078,2.9458355107858907,1.4860036976894364,2.7474642617898386,1.1445093571697693,2.553007357756772,1.3134802451185585,2.4382898120167917,1.1574149046292117,2.711453365026926,1.148322165023716,2.796196214318563,1.1593435335158235,0.0034441265250728993,0.012501410126244757,0.020232320435378613,0.02559421865332089,0.03423102824696524,0.03837423554065095,0.043522478266963385,0.047877631808345894,0.05391980911163756,0.05363607461875314,0.4473460912704468,0.036533087491989136,0.032182857394218445,0.031195497140288353,0.03103778138756752,0.029643138870596886,0.028885604813694954,0.02877548523247242,0.028773771598935127,0.028752850368618965,0.028741318732500076,0.02870885469019413,0.028590215370059013,0.02844039537012577,0.028085438534617424,0.027715414762496948,0.027117623016238213,0.02658839523792267,0.026574060320854187,0.026312096044421196,0.013110945149770311,0.013110945149770311,0.01185586258400907,0.012976101568324887,0.012976101568324887,0.010735623599693251,0.011949215832702054,0.0116691560866231,0.012415982076166978,0.010922330097079222,0.008028379387596693,0.008152850385854005,0.008464027881497289,0.009646502364941762,0.00771720189195341,0.008650734378883258,0.007654966392824754,0.008837440876269228,0.008758232059196392,0.008894018602749824,15.99,746.474612,120.61398,0.2546,0.2842
M7H8-1,0.8515915667631253,0.03875568416701116,0.03968582058701943,0.03493178999586606,0.03503513848697809,0.49488223,0.49467048,0.28849328,0.28796166,0.001413179476340253,0.5054309,0.48748022,0.29114953,0.28917578,-0.05067922251092947,0.48666158,0.5227092,0.29582113,0.2973676,-0.01097909973832614,0.47376966,0.50210613,0.28287876,0.28959686,-0.020432612145085505,0.48561049,0.49462524,0.2860301,0.2925271,0.0609506918946561,2.6124097855959123,1.304089124813198,2.757004324381967,1.3309105862801103,3.2910353617898322,0.9563725098654712,3.352056343527276,1.0360756647527645,2.5367847307188094,1.2562072135301687,2.811050043618619,1.2008320666403602,2.5110884283005555,1.1247673412407182,2.443870201821723,1.2568141350180557,2.688796434496093,1.0823194540004195,2.727272216919904,1.0986157968179668,0.003479358938191002,0.01245016426574481,0.020125352451149412,0.02595413694434369,0.034227876367077595,0.03881179369834511,0.043643490344816266,0.047900518097592215,0.05323672925333345,0.0535039129727398,0.4518774747848511,0.0333709716796875,0.030885500833392143,0.03042398765683174,0.030290061607956886,0.029998913407325745,0.02964576706290245,0.0296261478215456,0.029300536960363388,0.02895023114979267,0.02882448025047779,0.02880246937274933,0.028708914294838905,0.02797229029238224,0.02738909423351288,0.027068043127655983,0.027006959542632103,0.026657652109861374,0.02664502151310444,0.026555435732007027,0.012844320643754596,0.012380068090365877,0.012534818941495449,0.011925487465172755,0.0134052924790993,0.010532729805006594,0.012447771587735064,0.01183844011141237,0.012621866295255834,0.011316155988850059,0.008008356545955426,0.009227019498600816,0.008646703806864916,0.007892293407608246,0.008066388115129016,0.007718198700087477,0.008124419684302605,0.008704735376038506,0.00962268928842075,0.008863003291966478,15.45,752.442571,118.698,0.2644,0.2774
M7H8-2,0.8524183546920215,0.04071930549813973,0.03689541132699463,0.03544853245142621,0.034518396031417944,0.49292806,0.496783,0.28937048,0.28867427,-0.003141862866946074,0.49486196,0.4980857,0.28256336,0.29011047,0.023498053456307743,0.5012639,0.47201255,0.27626786,0.29381087,0.018007759374682505,0.50469315,0.4834956,0.29297552,0.28282288,0.009862010779697053,0.49788228,0.5058104,0.2861332,0.2855501,0.02584987678109489,2.5311656735578025,1.2672374238210562,2.6681329277267145,1.3247702668056844,3.229652769875709,1.0653359346575344,3.4277486799159917,1.0563183461495047,2.8492713048474174,1.4561015457639417,2.8559632291848946,1.3586802804964013,2.557876274860654,1.2249147605555304,2.706820327536447,1.4292905980223705,2.7212615626928462,0.9734868688796364,2.7337040219385855,1.088923527487898,0.003348618898166768,0.012536234779173159,0.01984459922373598,0.02573242714941233,0.03390051213300957,0.03872737684614258,0.04344918104589961,0.04799785735741735,0.05378062476971771,0.05401590113065829,0.4598040282726288,0.032582078129053116,0.03192667290568352,0.0315176323056221,0.03149169310927391,0.03149169310927391,0.02955593727529049,0.029439007863402367,0.028522860258817673,0.02825377881526947,0.027061335742473602,0.026889534667134285,0.026889534667134285,0.02688021771609783,0.026848461478948593,0.02668687142431736,0.0261441171169281,0.026124287396669388,0.026052067056298256,0.025838065892457962,0.010893246187356206,0.012215997510106602,0.012254901960775732,0.012342436974781273,0.012429971988786814,0.012517507002792356,0.013042717086825601,0.011904761904753569,0.012867647058814519,0.011642156862736945,0.008345004668528236,0.00927871148458734,0.009045284780572564,0.00840336134453193,0.007994864612506073,0.00781979458449499,0.00898692810456887,0.0086951447245504,0.0082760376877966,0.007830404889222936,15.82,745.904023,119.46277,0.2876,0.2886
M7H8-3,0.8520049607275734,0.03947912360479537,0.0385489871847871,0.03307151715584952,0.03689541132699463,0.49300748,0.49821958,0.2884965,0.28832442,-0.001524756354169714,0.49182734,0.48668912,0.28799805,0.29225907,0.06068201980997234,0.5153011,0.47593948,0.28693822,0.29695383,0.016989512232557402,0.4910442,0.4637447,0.29144844,0.28200507,-0.04574846232428924,0.49699393,0.4981484,0.29134214,0.2870538,-0.0035177096699016194,2.665780505255374,1.221920921169198,2.6974220897163197,1.250222444632657,3.392448090614721,1.1014403989706072,3.3356695825618843,0.9755715291665932,2.740454020741591,1.3682509686021895,2.9674623877411777,1.2995889254865125,2.477573867821241,1.2291632882473988,2.7838217401736514,1.4211873614184654,2.71310407765864,1.1109637827250023,2.69845206989836,1.1136567812666773,0.0034005935253420888,0.01254551413305912,0.02017505088863432,0.025790089269338432,0.03413522395509172,0.03834913361536311,0.04369356773675618,0.047835316261211284,0.05351048892176229,0.053898355026774786,0.45669102668762207,0.03351500630378723,0.03305494412779808,0.031095657497644424,0.03095848858356476,0.029378900304436684,0.0288908239454031,0.02884754352271557,0.02818268910050392,0.02805047109723091,0.02791784703731537,0.027783909812569618,0.02773354947566986,0.027349529787898064,0.027224933728575706,0.027153190225362778,0.02706047147512436,0.0265619195997715,0.026444541290402412,0.026104511693120003,0.011793916821841548,0.012259466170072135,0.012307960893846153,0.012220670391052919,0.01256983240222586,0.011522346368707038,0.010736731843567921,0.012744413407812329,0.013617318435744681,0.012220670391052919,0.009951117318428805,0.008379888268150573,0.00867085661079469,0.008961824953438807,0.008263500931092927,0.008147113594035279,0.008554469273737044,0.007972532588448808,0.007427628237678917,0.008316404266119128,16.57,743.036773,118.20068,0.2749,0.2787
M7H8-4,0.8512815212897892,0.04030591153369161,0.03844563869367507,0.03441504754030591,0.035551880942538236,0.49442285,0.49367055,0.28881234,0.28806165,-0.0016871974724791759,0.4825829,0.5244459,0.29444534,0.30777395,0.00038812768470515736,0.5019014,0.4953299,0.27460286,0.29171282,-1.3052260848805971e-07,0.4875119,0.50437725,0.28873608,0.28020042,0.024731853915775908,0.49181083,0.505469,0.29248187,0.28333548,0.022393848459848625,2.6148039715710154,1.2994003293432974,2.62904014398109,1.35677414973123,3.3398666124840664,1.099388181752729,3.3264897957409416,1.0264753700615588,2.6506726492375905,1.3902909283880598,2.750087748110376,1.1259603050118738,2.4258287010325184,1.1277257510836318,2.5134289523560533,1.1811183229703115,2.817258338225138,1.2186461613009827,2.7564656176153686,1.1161277448160534,0.0034796174658004164,0.01268203485285081,0.019814281197238975,0.02566534820038301,0.034080265363711754,0.03839361886182354,0.04368985616189096,0.04788389144428734,0.05390796986021871,0.05373644992512782,0.4535279870033264,0.0331941619515419,0.032967157661914825,0.032948803156614304,0.03246239200234413,0.031302355229854584,0.03004811890423298,0.029563002288341522,0.029209686443209648,0.0278366319835186,0.02755511924624443,0.027529694139957428,0.027308212593197823,0.026864465326070786,0.026778491213917732,0.02645956724882126,0.026368673890829086,0.026283524930477142,0.026111027225852013,0.025680962949991226,0.01173654544049837,0.01281754304686006,0.01268241834606485,0.013029881862395393,0.01224808895065167,0.010771369006246858,0.01224808895065167,0.012769284225147485,0.011900625434321126,0.011726893676155854,0.008397034977988143,0.008223303219822871,0.007354644428996511,0.008802409080373776,0.007933750289547417,0.00914987259670432,0.008628677322208504,0.00816539263376778,0.008086423652783566,0.010108029565979455,16.5,748.989051,117.67658,0.2602,0.2694
M7H9-1,0.8421868540719305,0.041856138900372056,0.04599007854485324,0.03493178999586606,0.03503513848697809,0.4923064,0.49588284,0.2882818,0.28853413,-0.0005570708430324024,0.5083409,0.48702657,0.2973429,0.28883353,-0.036231667631246335,0.49972594,0.4897924,0.28250062,0.29248193,0.0019140095119856754,0.50209266,0.50270784,0.28661266,0.2850087,0.0313017362003828,0.4992086,0.5042248,0.29619077,0.2897321,0.0253293394855339,2.5433645201923496,1.2572508236132218,2.479219002882542,1.1715691440720006,3.234568189406187,1.0054558215787828,3.2628536300379016,0.9954668907308805,2.5432695552281377,1.1783760405347947,2.730986719022314,1.1236988897586067,2.4467931576390662,1.1980924279674203,2.443622213275587,1.1886884123720018,2.7436621239770473,1.179584364532381,2.87715562339967,1.1292608009709193,0.0035214203194289502,0.012681612522017148,0.019832967428516226,0.025617307231681933,0.033526938666941924,0.038576822146438684,0.04361744221284412,0.0480241801548578,0.053930267672938,0.05400437497766856,0.4598146378993988,0.036435868591070175,0.031923405826091766,0.03171642869710922,0.031027518212795258,0.03033527545630932,0.02955072745680809,0.029202016070485115,0.02779608592391014,0.027651408687233925,0.0272968802601099,0.027147864922881126,0.02708522602915764,0.026906806975603104,0.026514362543821335,0.02604159712791443,0.026040449738502502,0.02591320313513279,0.025897029787302017,0.0257033072412014,0.012151640835326395,0.011496761987913596,0.011705959397503794,0.011787819253430394,0.011214800261944194,0.013998035363448593,0.012033398821210194,0.012033398821210194,0.012442698100843193,0.013179436804182593,0.008131412355375596,0.008240558829944396,0.009441170050201194,0.008731717965503996,0.008404278541797596,0.009386596812916795,0.006985374372403197,0.008076839118091197,0.0077990117282797046,0.009585044948496432,16.57,728.586586,120.06002,0.295,0.3018
M7H9-2,0.8424968995452666,0.04423315419594874,0.04330301777594047,0.03586192641587433,0.03410500206696982,0.49180362,0.49339145,0.2877369,0.28868297,0.002689761103034573,0.53108615,0.5028117,0.2916875,0.29497606,0.05493615451027706,0.48937657,0.50827235,0.29886737,0.28702632,-0.050056041793652715,0.51377666,0.5129683,0.29127902,0.28847817,-0.01870018422264637,0.48237252,0.51122236,0.287045,0.28044444,-0.06357420551641034,2.424662839875009,1.2649039787849812,2.4326754717770065,1.2049972821418202,3.2592962121347613,0.970479108545399,3.4037095572177156,1.1103796955485992,2.5177733535270685,1.1946432440088441,2.72968710652549,1.1189635063333752,2.7034192394168945,1.3184283779990469,2.574219652807241,1.2799647053264385,2.8687867158112232,1.2745501377537336,2.86155285770069,1.3839297815566862,0.0034853093411886023,0.012554308074166744,0.020064510198127047,0.025203209788709782,0.033792578795836276,0.03817985848258478,0.0435650344600635,0.048117519941272,0.054315401843110456,0.054055602408274145,0.46401455998420715,0.03260112926363945,0.03255808725953102,0.03211720660328865,0.030829334631562233,0.029637377709150314,0.029525382444262505,0.028486113995313644,0.028369495645165443,0.027978727594017982,0.02740224450826645,0.026932375505566597,0.026918794959783554,0.02658797614276409,0.026424916461110115,0.026312600821256638,0.02602691948413849,0.025858130306005478,0.025849463418126106,0.025569213554263115,0.012540099154264154,0.010644502770480038,0.011975065616790043,0.012467191601041688,0.011482939632538398,0.01156496062991367,0.013533464566920254,0.011236876640412573,0.012467191601041688,0.014189632545922449,0.007764654418192631,0.007436570428691534,0.008366141732277975,0.009569116360448665,0.007709973753275781,0.00885826771652962,0.008366141732277975,0.008639545056862222,0.008828441899302248,0.009305654974940207,15.44,734.041007,119.98466,0.294,0.2961
M7H9-3,0.8412567176519223,0.04464654816039686,0.04412980570483671,0.036378668871434476,0.033588259611409675,0.49431145,0.49719214,0.2881555,0.28857684,0.0024213958613192414,0.5013268,0.48238385,0.29054135,0.28837994,-0.030175368460257715,0.48966128,0.48156235,0.29437444,0.2912891,0.01708647610222566,0.47398144,0.4840861,0.29383028,0.29191118,0.029214914785663557,0.5009381,0.5090482,0.28431687,0.2826616,-0.08247965743246642,2.405476034135318,1.1520030273946984,2.486133469363345,1.3055214567944569,3.1694583171023383,0.9740904259713246,3.403692941438757,1.0710658489129763,2.5481480953494247,1.2076134203692785,2.8031355294777134,1.3898859864145514,2.5714667375743123,1.2522437355021891,2.532701314223111,1.4404462542026146,2.9365892486656193,1.3728220226719,2.8641223825052293,1.2907831575639461,0.0034417091637800085,0.012570233278680145,0.02030818107112385,0.02566340713479678,0.03434893898109157,0.03854688050873337,0.04362425343351774,0.047670162111579005,0.05362565580549231,0.05353391184453855,0.4696745276451111,0.03202735260128975,0.0318937785923481,0.029160289093852043,0.02906111069023609,0.02869417704641819,0.02869417704641819,0.028542382642626762,0.02839195914566517,0.028275763615965843,0.028261389583349228,0.027664605528116226,0.02674338035285473,0.026720130816102028,0.026588663458824158,0.026500774547457695,0.026119396090507507,0.02594105526804924,0.025524800643324852,0.02552020736038685,0.013310185185176519,0.012008101851844033,0.011230468749992688,0.013346354166657979,0.010742187499993007,0.012451171874991894,0.012044270833325493,0.012125651041658773,0.012125651041658773,0.012451171874991894,0.008897569444438652,0.0091145833333274,0.008463541666661157,0.007975260416661474,0.008626302083327717,0.00857204861110553,0.008355034722216784,0.008138020833328036,0.009055397727266832,0.0075165719696920754,15.55,737.647558,118.77401,0.2952,0.3068
M7H9-4,0.8411533691608103,0.04402645721372468,0.044853245142620915,0.03586192641587433,0.03410500206696982,0.49524423,0.49563932,0.28880394,0.28829825,-0.004812371096379629,0.4826234,0.4846025,0.29146022,0.28183115,0.022564601603674374,0.49036193,0.48652658,0.2791689,0.29806188,0.031052587289878714,0.48453644,0.5176574,0.28608492,0.30092376,0.05075469279584972,0.48987436,0.5023369,0.29560205,0.27911338,-0.00560426463563155,2.5159744971940357,1.2279660005404482,2.4757797925073115,1.206552060722476,3.296226694845262,0.9570106599609102,3.380900643812139,1.1050004471428119,2.460548586200885,1.1797076097983725,2.6973776851265714,1.1222142805127953,2.560860318046196,1.3048209883880737,2.4087743568632636,1.1960455642354044,2.801944111723364,1.2651964661682282,2.851676431833591,1.287465295980977,0.003420669577874818,0.012405125805780827,0.02001325639426076,0.025833073404034103,0.033738823040133085,0.038291484716157204,0.043543356207111666,0.0480791224786858,0.05392103347889374,0.05408738823040133,0.46870356798171997,0.032437510788440704,0.03133513033390045,0.03046342544257641,0.030395768582820892,0.03011487051844597,0.02995808608829975,0.027388812974095345,0.02736631967127323,0.027354294434189796,0.027191486209630966,0.026824405416846275,0.02656586840748787,0.02655908279120922,0.026500027626752853,0.026466064155101776,0.026435377076268196,0.026218708604574203,0.026038913056254387,0.025682268664240837,0.012578616352193074,0.012506325453617252,0.012931034482750207,0.012361743656465607,0.011873780091078806,0.011629798308385408,0.013012361743648008,0.011792452830181007,0.011548471047487607,0.011629798308385408,0.009162871394485472,0.008241162437643737,0.007915853394052538,0.008512253307303073,0.008620689655166805,0.007807417046188804,0.008891780524826138,0.009054435046621739,0.007984858342693095,0.00851718223220597,15.5,734.41873,117.97077,0.2644,0.298
M7H10-1,0.8320587019429516,0.05146754857379082,0.046506821000413395,0.03606862339809839,0.03389830508474576,0.49413192,0.49615902,0.28919205,0.2894092,-0.001090780425550418,0.50773823,0.5016166,0.28279907,0.28815684,-0.002809662113738145,0.47441733,0.5018079,0.29063857,0.28166363,0.006838045854473916,0.49811307,0.5002185,0.28554738,0.28684315,-0.010584464742300294,0.48951516,0.46411222,0.28325585,0.2804893,0.032983090418521745,2.332342788767335,1.139795130266043,2.415601620539779,1.2001768063086158,3.277693140862449,1.0633217649309725,3.4197613176114623,1.0651294866124221,2.397183542169614,1.1696020248257286,2.739081875500375,1.0835761655807057,2.5549030985151227,1.4015841140237606,2.5345064323660678,1.175041100872422,2.9029664880465886,1.421074324567551,2.889696658512036,1.476393979149794,0.0034485348848325922,0.012278149946394062,0.01964640567062053,0.025354129250632233,0.03420536878836922,0.0384676668555963,0.04362339722796978,0.047743429004568454,0.05414085956154667,0.05442539214280349,0.47147998213768005,0.03566473349928856,0.03182019293308258,0.028630008921027184,0.02824331261217594,0.028148096054792404,0.028148096054792404,0.027930915355682373,0.02775713987648487,0.02761976607143879,0.02713059075176716,0.026636814698576927,0.02663024701178074,0.026555895805358887,0.026515386998653412,0.026496244594454765,0.026394328102469444,0.026355046778917313,0.025966709479689598,0.025876501575112343,0.01203418803418063,0.012170940170932681,0.011461538461531409,0.013153846153838059,0.013461538461530177,0.01107692307691626,0.012615384615376852,0.011923076923069586,0.012230769230761704,0.011846153846146555,0.007897435897431039,0.008820512820507394,0.008923076923071432,0.008051282051277097,0.008666666666661334,0.008820512820507394,0.009128205128199512,0.008358974358969215,0.007664335664330948,0.008335664335659207,15.1,727.6026,116.13976,0.275,0.278
M7H10-2,0.8322653989251757,0.05260438197602315,0.04516329061595701,0.03410500206696982,0.03586192641587433,0.4925645,0.4958611,0.288759,0.28803125,-0.002128285158224257,0.49710098,0.5086577,0.28614917,0.2944545,0.04358217921939896,0.51666015,0.4931544,0.28964123,0.28691238,0.0073771572225895705,0.4878049,0.4976117,0.29145312,0.28644055,-0.05392933691603263,0.4973993,0.47609046,0.28460708,0.29782182,0.027464353264097536,2.281394122229103,1.1087946315226598,2.465696043495606,1.2430032099315682,3.448868839065827,1.1943683904611893,3.312107743435128,1.1111045166345577,2.4449264446682633,1.2076771060755498,2.7782917892811017,1.1490811391968838,2.5259746442577433,1.279505304970294,2.4537304458310967,1.1608737880722042,2.6828809891641585,1.1039137513961834,2.7325878946589963,1.177925656613595,0.0035322785654595124,0.012675472784601231,0.020166056886304635,0.026060210251332504,0.03395575405603425,0.03853788479949813,0.04352965686102392,0.04755233460439182,0.05339967181878404,0.05392401270590328,0.46614089608192444,0.03543080762028694,0.03275226801633835,0.03067411482334137,0.029795372858643532,0.029008151963353157,0.028459331020712852,0.027822474017739296,0.027748866006731987,0.027558522298932076,0.0271834097802639,0.027160698547959328,0.026841970160603523,0.02665245346724987,0.026569955050945282,0.026417886838316917,0.02623515948653221,0.025889772921800613,0.025845631957054138,0.025812212377786636,0.01252823988497893,0.011227493667412812,0.011937769562531154,0.011321626617368255,0.012476894639548689,0.011706715958095066,0.012322858903257966,0.014094269870601297,0.012322858903257966,0.012091805298821878,0.008882727459431783,0.008626001232280576,0.008369275005129368,0.008317929759699126,0.007907167796257195,0.008831382214001543,0.008523310741420093,0.00811254877797816,0.00789783229708806,0.009298157172458283,15.24,721.279121,119.30759,0.2833,0.285
M7H10-3,0.8338156262918561,0.049503927242662255,0.046713517982637454,0.03513848697809012,0.03482844150475403,0.49481693,0.49629423,0.28955737,0.2889179,-0.0029963012929369905,0.48314577,0.48685467,0.28291813,0.2872205,0.044094786842899185,0.49403736,0.49694392,0.27369145,0.28750852,0.00719834929881529,0.4973099,0.49015453,0.28545937,0.28221893,0.008198380015294751,0.4836795,0.49977368,0.2971626,0.29231182,-0.006972854467915551,2.2959796207758574,1.1585578477653564,2.430323946470652,1.2597175663892766,3.3300863948703197,1.082723098756996,3.248080923037265,1.0185810764929406,2.319585010760275,1.1511568620615038,2.7873557018553283,1.1715846589327172,2.598403721832324,1.23951535171461,2.4330677786781307,1.1695263160046006,2.847472302043537,1.130959606125612,2.801321433435711,1.1541273722079268,0.003485654697894409,0.012309772867989703,0.01999217909864112,0.02565418581158145,0.03375906037456531,0.03831892518469897,0.043277981835025535,0.04811367307701261,0.053930468462680806,0.05449143192324344,0.4719848036766052,0.03440684825181961,0.033593300729990005,0.028911767527461052,0.028624532744288445,0.02821234054863453,0.028044452890753746,0.02802586555480957,0.027757860720157623,0.027696896344423294,0.02730301208794117,0.027258286252617836,0.02721477672457695,0.026482293382287025,0.026394929736852646,0.026105856522917747,0.025896500796079636,0.025395117700099945,0.025347843766212463,0.025342805311083794,0.012783305693745506,0.01133222775013115,0.011660447761186778,0.012748756218897544,0.01337064676616084,0.012671019900489633,0.011504975124370955,0.013059701492529191,0.011971393034818426,0.01088308457710766,0.00839552238805448,0.008499170812598362,0.00839552238805448,0.008758291873958069,0.008706467661686128,0.0091728855721336,0.007721807628519244,0.008032752902150891,0.008706467661686128,0.00836725463590615,15.3,709.698926,119.10991,0.2962,0.3173
M7H10-4,0.8329888383629599,0.04536998759818107,0.05167424555601488,0.03544853245142621,0.034518396031417944,0.49306875,0.4957711,0.28857312,0.28890547,-0.0023045379324063116,0.5084171,0.49030924,0.28668353,0.28379,-0.017742209835006382,0.49031708,0.5114407,0.28688452,0.2884519,0.033457593005114646,0.5046576,0.4818155,0.28855994,0.28462273,-0.010081053936492237,0.48926535,0.49358064,0.29505816,0.29256177,0.04137374104559174,2.3744345137065626,1.320026803855938,2.318447601347627,1.1673905600977903,3.238358470644878,1.0144305796974538,3.3589453528726647,1.000958168026858,2.3278778111962692,1.1122146117585918,2.731229644686058,1.173190315494786,2.6218116080114124,1.3341148504674718,2.6282516095352357,1.2736928503275207,2.8281691943602465,1.2006077661216894,2.8219528352633403,1.3526215697677944,0.0035073566806376375,0.012405520579415324,0.019966212463976524,0.025663328832225593,0.034028374515546356,0.03839503358294022,0.043423413944081043,0.047676668478800956,0.05388819716021021,0.05437922709549948,0.46977710723876953,0.030902152881026268,0.030692381784319878,0.030049003660678864,0.028956936672329903,0.02876986749470234,0.028273899108171463,0.02794354036450386,0.02794354036450386,0.027700763195753098,0.02760714665055275,0.027515217661857605,0.027502642944455147,0.027349533513188362,0.02708611823618412,0.02689231000840664,0.02657887153327465,0.02633887529373169,0.026118649169802666,0.026001477614045143,0.011757425742566982,0.012926292629254928,0.011834777227715448,0.01051980198019151,0.012608292079200119,0.012608292079200119,0.011912128712863916,0.012762995049497053,0.013149752475239388,0.011834777227715448,0.008457095709565723,0.007786716171612343,0.008457095709565723,0.010261963696363285,0.007889851485143633,0.008302392739268789,0.0081992574257375,0.008611798679862658,0.007763276327627959,0.009000900090003431,15.34,717.633733,120.24199,0.2875,0.2909
M8H1-1,0.9101901612236462,0.00434063662670525,0.005477470028937578,0.04030591153369161,0.03968582058701943,0.49354452,0.49686402,0.2884534,0.28897828,0.00016679998822914207,0.521777,0.45056498,0.29925755,0.2758683,0.03771985953534129,0.5161068,0.46450272,0.27559584,0.2840912,-0.04198574819199904,0.49803004,0.49322036,0.2926066,0.28378764,-0.011094089911833738,0.4918064,0.48234466,0.28947407,0.28738144,0.011480196661573072,7.861491255183846,4.260203774122653,7.933152551526649,4.544226694893596,3.1360540709736964,0.8479451738027993,3.2194642838086254,1.0406567118638508,6.484851833418878,4.049577465734515,2.850780962397015,1.1304024987572585,2.4376148173470553,1.2386381547653689,2.1004973922745305,1.0829664655127855,2.669902244369792,1.1911304785076662,2.5830204132257752,1.0164318717883418,0.0028520671444281966,0.012334787565309518,0.019851676395116036,0.025571924057669764,0.034116040460681354,0.03892185416591135,0.04370349781059535,0.048384432869671,0.05352057073569636,0.0540764821282544,0.3844533860683441,0.03625299781560898,0.03512915223836899,0.03502585366368294,0.03448021039366722,0.03341162949800491,0.03319316357374191,0.03271235525608063,0.032558243721723557,0.0321049727499485,0.03192717581987381,0.031483206897974014,0.03133578598499298,0.03133578598499298,0.03131098672747612,0.031057782471179962,0.031024042516946793,0.030799617990851402,0.030217917636036873,0.030185695737600327,0.011891062523960234,0.01278608873544111,0.011939010356718138,0.010212888377433588,0.013665132336002687,0.011651323360170713,0.0126582278480867,0.011939010356718138,0.012370540851539274,0.012802071346360413,0.00863060989642275,0.00863060989642275,0.009397775220549215,0.00863060989642275,0.008151131568843707,0.008534714230906942,0.009014192558485982,0.008438818565391132,0.007427555183588063,0.007741395543457982,19.43,807.648708,125.64531,0.2469,0.2745
M8H1-2,0.9100868127325341,0.005684167011161637,0.00423728813559322,0.04051260851591567,0.03947912360479537,0.49477908,0.49589264,0.28876004,0.2887464,-0.0027091901471863506,0.5068736,0.498151,0.27995962,0.2914461,-0.2041404832887644,0.4619274,0.4588673,0.24293675,0.27843103,0.07619838428900695,0.47806746,0.50015134,0.28642982,0.29234496,0.012214901824961736,0.49150813,0.4918804,0.2934672,0.28329363,0.07133905363930737,7.353426462415845,4.060881139048366,6.787986312859494,4.496212266259393,3.051043117505103,0.8328786919671478,3.1574280182982477,0.9499347651056343,9.003516128033738,4.627031943369703,2.573336053346431,1.0684464985125732,2.440485458721419,1.224163461435915,2.0157614042314815,0.8751995508989094,2.5068171344341486,0.9796786685090949,2.6700088219299984,1.105935670435905,0.0029685558943581304,0.012628462642982754,0.01995305164319249,0.025793362696223156,0.03418275978897439,0.03842989206717971,0.04370149879805753,0.04782763015665586,0.05373650839746382,0.054111611248245484,0.38566863536834717,0.03924665227532387,0.037190791219472885,0.03661706671118736,0.0343511737883091,0.03383561968803406,0.03305865451693535,0.03240824490785599,0.032200444489717484,0.031803835183382034,0.03150274604558945,0.03090757317841053,0.030741579830646515,0.030400747433304787,0.03038938343524933,0.030276650562882423,0.029927778989076614,0.02991114929318428,0.029879357665777206,0.029681917279958725,0.012899106002539452,0.012899106002539452,0.011206896551711256,0.012643678160905008,0.012787356321824383,0.011781609195388757,0.011206896551711256,0.014367816091937508,0.011637931034469381,0.010344827586195007,0.008908045977001256,0.008429118773936671,0.00727969348658167,0.008812260536388339,0.009578544061291673,0.008141762452097922,0.008237547892710839,0.008812260536388339,0.007732497387660914,0.00877742946707455,19.85,809.639504,125.59774,0.2395,0.2563
M8H1-3,0.9100868127325341,0.005374121537825548,0.0045473336089293095,0.038238941711451015,0.04175279040926003,0.49301198,0.49452993,0.2888473,0.2885734,0.0012538136301454034,0.5063321,0.5065189,0.27004045,0.28975892,-0.09011363665458841,0.55709535,0.57877505,0.27621067,0.29013726,0.07444996817288656,0.5156559,0.49001375,0.2912382,0.29553112,-0.05533273308766459,0.484907,0.5174736,0.2839517,0.28165352,0.025492838534904028,6.977578826802553,3.659278179187775,8.044743313513166,4.916143677319535,3.1167613870966946,0.9368512943872053,3.0580666531177134,0.8485343383194615,6.827176736770058,3.6089157914145242,2.586565828017424,1.0840026903643534,2.5050686403617437,1.1066305196750026,2.4983899826617826,1.161445902934935,2.4095999857335713,0.8598153605323167,2.528745168247485,1.0306331213490842,0.0030150591725516753,0.012511689400535295,0.019940504982103126,0.025341814194963074,0.034391022540388894,0.03888539550482087,0.04360549482441714,0.048027312888974875,0.05363419431814517,0.0539808455064332,0.38312870264053345,0.039294950664043427,0.039294950664043427,0.03685259073972702,0.03559189662337303,0.035553816705942154,0.03195095807313919,0.03160420432686806,0.03102080710232258,0.03098738007247448,0.03093731589615345,0.03070254437625408,0.030695926398038864,0.03061843104660511,0.030568810179829597,0.030484838411211967,0.030233068391680717,0.030233068391680717,0.030150126665830612,0.030095690861344337,0.010983397190281118,0.011494252873550007,0.013074712643663132,0.012212643678146883,0.011637931034469381,0.013362068965501883,0.011350574712630632,0.013362068965501883,0.012068965517227507,0.012643678160905008,0.007662835249033338,0.008237547892710839,0.008333333333323754,0.008524904214549588,0.008045977011485005,0.007950191570872088,0.009386973180065839,0.008333333333323754,0.009090909090898642,0.00929989550678137,20.0,807.981495,125.49747,0.2426,0.2555
M8H1-4,0.9100868127325341,0.004857379082265399,0.005064076064489459,0.04330301777594047,0.036688714344770564,0.49470842,0.49595326,0.28879946,0.28850108,0.003177392646890126,0.4670472,0.57807434,0.29995418,0.2594132,-0.2354547449644695,0.47162768,0.49325493,0.26215187,0.268241,-0.006530668246632709,0.48538914,0.48818818,0.28908977,0.2915537,0.03544297561667247,0.4905874,0.48942468,0.28599402,0.29390135,-0.08827437286942691,7.655873130701646,3.7280349923884706,6.342796714369566,4.730874627184895,3.0713358565424804,0.8483163834254681,3.3445789050840182,1.0745403752719223,8.633644140490611,4.532691831390135,2.4833924314188764,0.9580544945618518,2.4846557640525897,1.0502768581860182,2.395075018340334,1.2528918969734144,2.4596816499807774,0.8636460780289457,2.6421236944562683,1.1129927173709102,0.0029358243358000727,0.012260908245379919,0.01974200331594484,0.02568239718549072,0.034036960653483765,0.038836993004165155,0.04364106919001982,0.048404707024141694,0.053892191354280396,0.053900279024626956,0.38393640518188477,0.04002448171377182,0.03476417064666748,0.034709665924310684,0.034169092774391174,0.034074220806360245,0.03406837210059166,0.032461751252412796,0.03235344588756561,0.03222011774778366,0.031928375363349915,0.031906962394714355,0.031148208305239677,0.031143292784690857,0.03056565672159195,0.030374763533473015,0.03025355003774166,0.030208365991711617,0.02986483834683895,0.029824282974004745,0.01277139208172223,0.012388250319270563,0.012931034482743757,0.012643678160905008,0.011925287356308132,0.011350574712630632,0.012212643678146883,0.013505747126421257,0.010632183908033756,0.011494252873550007,0.008812260536388339,0.008524904214549588,0.008812260536388339,0.007567049808420421,0.009003831417614171,0.008812260536388339,0.008237547892710839,0.007758620689646255,0.008359456635309095,0.008881922675015915,19.99,813.26073,126.02335,0.2412,0.2527
M8H2-1,0.9001653575857792,0.009508061182306739,0.010334849111202976,0.03906572964034725,0.040926002480363786,0.49483496,0.4959855,0.28888175,0.28822783,-6.633750965839055e-05,0.48157477,0.46232498,0.29077393,0.28105426,-0.1293061887551541,0.4340244,0.48822033,0.2445181,0.29280093,0.1613993155842731,0.49038586,0.515447,0.29119444,0.29279518,0.043025563565058905,0.4947339,0.48174542,0.28931263,0.2934918,-0.046870177200903265,5.456700194671093,3.0029820589450793,4.635835363072261,2.2997892265354816,3.295212210147548,1.0357574143164203,3.1170042989619646,0.9067320376668188,5.365942460097217,3.365445993076868,2.5966649759657736,0.9593614964410122,2.3019425033384513,1.130109582228929,2.4379557689472646,1.1859054214635973,2.5562372504330715,1.0371360178387272,2.5933716395289923,1.094396620319676,0.0030519022198363705,0.012502526683433905,0.019948372815868566,0.02578045523379692,0.034107741095304844,0.038809857544759574,0.043598129757206436,0.048154444146212956,0.05340994568873249,0.053969958148181285,0.3949543833732605,0.035243939608335495,0.034725990146398544,0.03442323952913284,0.033607449382543564,0.03324200212955475,0.03278450295329094,0.03209499642252922,0.03197275102138519,0.03188271075487137,0.031759291887283325,0.0310987439006567,0.031090600416064262,0.030973335728049278,0.030877405777573586,0.03048551082611084,0.03027280420064926,0.02953825518488884,0.029496852308511734,0.029475269839167595,0.012882447665043026,0.011732229123521327,0.012034161490670773,0.013069358178040301,0.013198757763961491,0.01190476190474958,0.012422360248434346,0.01177536231882839,0.012163561076591963,0.010740165631458862,0.009230503795711631,0.007850241545885593,0.008626639061412741,0.008712905452026867,0.007591442374043211,0.008712905452026867,0.008195307108342103,0.008540372670798612,0.008752117447760561,0.00856389986823883,18.89,800.395319,124.27707,0.246,0.2539
M8H2-2,0.9000620090946673,0.008061182306738322,0.011885076477883423,0.03989251756924349,0.040099214551467546,0.49448845,0.49490008,0.28869513,0.28883603,-0.000748659621307284,0.47623512,0.5181443,0.292578,0.29761338,-0.05930736884214854,0.46489924,0.53448784,0.28328016,0.29683164,0.05435738466666977,0.47140783,0.5061473,0.2849355,0.28705356,-0.0071804158823497435,0.51527536,0.48881707,0.2899615,0.28078538,0.030380940088721945,6.2840882936208,3.777121201972247,4.828010940243498,2.8550271322890213,3.049658789517142,0.8578174033980985,3.199803991600279,1.090453789431406,5.241252687503332,2.6585206044340963,2.811175778785331,1.2587574142582751,2.4162568265513915,1.0415276622446097,2.558750591493869,1.2685886447782082,2.5939090770603674,1.0351983867567762,2.6450771349125795,1.0741629381616982,0.00297890270550999,0.012474155079323083,0.019673169950972225,0.025425195898782633,0.033836023164888145,0.038353372333441126,0.04385389004843983,0.04815239439103977,0.05408733541725869,0.054498894343677835,0.4061368703842163,0.03905969858169556,0.03814588487148285,0.03423590585589409,0.03395793214440346,0.0321987010538578,0.0321987010538578,0.03183360770344734,0.029961010441184044,0.02987316995859146,0.02972380444407463,0.029685795307159424,0.02966209501028061,0.029568856582045555,0.029275590553879738,0.02916448749601841,0.02889646217226982,0.028850601986050606,0.028817955404520035,0.02875284105539322,0.01298402849590752,0.011834999425473227,0.01189245087899494,0.012538779731114232,0.013572905894505095,0.01189245087899494,0.012150982419842657,0.01059979317475636,0.01189245087899494,0.012538779731114232,0.008445363667692059,0.008359186487409487,0.007152705963453479,0.008014477766279199,0.009479489831082924,0.008445363667692059,0.00887624956910492,0.009048603929670064,0.007802951960131068,0.009119112531719441,18.91,800.315487,124.00316,0.2419,0.2544
M8H2-3,0.9003720545680033,0.009094667217858619,0.010541546093427036,0.040099214551467546,0.03989251756924349,0.49508527,0.49518782,0.28880838,0.28867197,0.003161711323346615,0.47159094,0.5150231,0.29460934,0.28704795,-0.06305693811975117,0.4842181,0.475324,0.27642235,0.27960587,-0.0900534470461557,0.4853533,0.5043902,0.28704867,0.2908399,-0.06873230343566106,0.48344496,0.5010758,0.2879495,0.2885024,0.036884900877789416,5.770406235050964,2.725744780744831,4.924107166674211,2.740085869437671,3.0194634026052416,0.8815728314976541,3.1973877984385903,0.8915413514929799,4.927601573417586,2.6719276335834907,2.5866056142609177,1.0725579178687714,2.36122248903952,1.1888081093643228,2.5450907845689312,1.2457626832620186,2.508177767492777,0.9768020914548826,2.5836892752704963,1.0575273811310553,0.003111859533024117,0.012378504534845933,0.020049829143155385,0.025902619804950747,0.033678986085261015,0.03890152671505149,0.043966504836840746,0.047659376118119365,0.053439950630414165,0.05424417593167039,0.3933224081993103,0.03906732797622681,0.036709148436784744,0.03358377888798714,0.03338075056672096,0.03275146335363388,0.032728299498558044,0.03218157961964607,0.031565818935632706,0.031196467578411102,0.031036777421832085,0.030958665534853935,0.03083653561770916,0.030438203364610672,0.03019420988857746,0.030124850571155548,0.030110742896795273,0.029992420226335526,0.02991071715950966,0.029909860342741013,0.012448132780070075,0.013139695712296189,0.012188796680485281,0.013226141078824454,0.012188796680485281,0.011540456431523299,0.012448132780070075,0.012059128630692886,0.010762448132768918,0.011799792531108091,0.008212309820185119,0.007952973720600326,0.008730982019354705,0.00803941908712859,0.00924965421852429,0.008298755186713382,0.008298755186713382,0.008212309820185119,0.008487363259138687,0.009336099585052555,18.56,795.807759,123.99841,0.2454,0.2649
M8H2-4,0.9001653575857792,0.00847457627118644,0.011368334022323274,0.04040926002480364,0.0395824720959074,0.49353278,0.4966666,0.28892007,0.28831452,-0.0031600797248815126,0.45761454,0.50568414,0.27143943,0.2680486,0.11095160811938036,0.51585364,0.5076271,0.28406355,0.29181007,0.05330873825093591,0.49139166,0.49846113,0.28702128,0.29337457,-0.03602976681327357,0.50633633,0.4669204,0.2881244,0.29349238,0.07641126829831592,5.470947084997525,3.395902328881593,4.874906481786556,2.935490585175433,3.1465346920023105,0.9526298206798012,3.0834177590376872,0.9063755548825253,4.747535873277775,2.5585677606034145,2.575384384537952,0.9378648057312399,2.5837920745174605,1.2176021932579673,2.090462395374607,1.0457549125684396,2.837489419825236,1.1455523366552087,2.7213914153668037,1.2108474414707255,0.0030071891126010712,0.012378886194744127,0.020016295758194507,0.02590305659994568,0.03426035909568359,0.03860262237361789,0.043749856839473696,0.04780416294449299,0.0538512635757082,0.053759640838871595,0.40810489654541016,0.03705772012472153,0.03459592163562775,0.03390085697174072,0.03267495706677437,0.032442521303892136,0.031626611948013306,0.03134532645344734,0.031033288687467575,0.030740438029170036,0.030624357983469963,0.030074235051870346,0.029812989756464958,0.029760513454675674,0.02958664484322071,0.029489723965525627,0.029324617236852646,0.029281629249453545,0.029276348650455475,0.029246386140584946,0.010697032436151797,0.013112491373347364,0.011387163561064817,0.013845755693567448,0.011128364389222434,0.010869565217380053,0.01410455486540983,0.013457556935803874,0.010740165631458862,0.012681159420276727,0.009575569358168142,0.009057971014483378,0.008195307108342103,0.00793650793649972,0.007850241545885593,0.008540372670798612,0.008367839889570359,0.008367839889570359,0.009128552606804027,0.007716920760391033,18.77,802.531478,122.56031,0.2364,0.2468
M8H3-1,0.8902439024390244,0.016329061595700703,0.01343530384456387,0.040202563042579575,0.03978916907813146,0.4957103,0.49636874,0.28843725,0.288646,0.005459124750756896,0.4444273,0.48964813,0.30045727,0.30531055,-0.22092907608305046,0.46163228,0.4636897,0.28365576,0.2956237,-0.08526174296678607,0.48335317,0.49233148,0.29209203,0.28828278,0.0017116740577308325,0.495312,0.49900946,0.28401747,0.279228,-0.0015478872050771325,4.159069091818779,2.529495368867728,4.591927824236651,2.767734218301155,3.210896862015666,0.9876681554043093,3.1880647942534113,0.9894948259082,4.201308875422716,2.2852617913082307,2.385238632754433,0.9177593554064251,2.427664146210402,1.0902867853079656,2.3729684234268458,1.0812126809370628,2.6026184894700717,1.0576789165792302,2.621033107821973,1.0435776647200876,0.003084587632917808,0.012585009120946736,0.019960371993679032,0.025064307417918257,0.034326201918515924,0.0387741881273192,0.04377783379547937,0.04846163645776582,0.053337887030366106,0.05396130983842507,0.40739136934280396,0.034673936665058136,0.03423760458827019,0.033440787345170975,0.03318484500050545,0.03283378481864929,0.031874239444732666,0.03166399523615837,0.031652968376874924,0.030974887311458588,0.030675118789076805,0.030553217977285385,0.030299391597509384,0.030152732506394386,0.02998391166329384,0.029891451820731163,0.029397884383797646,0.02920638583600521,0.02896360494196415,0.028947969898581505,0.014333542582116655,0.011717932621876391,0.012947269303189315,0.01212335216571363,0.011534839924659571,0.012829566854978504,0.011534839924659571,0.012358757062135255,0.0108286252353947,0.011534839924659571,0.008082234777142422,0.009023854362828918,0.009573132454479372,0.008160703075949629,0.008788449466407293,0.007532956685491966,0.007846829880720798,0.008631512868792877,0.00907378873479714,0.00804656736859369,18.25,782.59802,122.39292,0.246,0.2589
M8H3-2,0.8902439024390244,0.014365440264572137,0.015398925175692435,0.04051260851591567,0.03947912360479537,0.4934834,0.4950514,0.28891397,0.2883375,0.006352699943458922,0.5005264,0.5222534,0.2850862,0.2932937,-0.036864983036993884,0.50622034,0.4459106,0.27759445,0.29415283,0.048070586691913504,0.4951468,0.5054047,0.2939337,0.28856018,-0.09084671999197085,0.49486017,0.51171356,0.28263044,0.28954032,-0.05247887859957778,4.247856732544173,2.2598213018886653,4.1012339624446055,2.031302220282136,3.2189583598343665,1.0427303915630244,3.161235059427015,0.9245325512476513,4.078553862321804,1.8733081124647455,2.5380547624271124,0.8879717620843499,2.2217626697242445,1.0857617386373786,2.2057236131691638,1.0102917314203992,2.5497600058143384,1.050119401966866,2.6049140398414528,1.2362032014361408,0.0031809648477796543,0.012578413072930556,0.020025803254226697,0.02570359656423475,0.03373815891895677,0.03850556601512103,0.04384937148336391,0.04765252335894804,0.054326893293578,0.05377204252419392,0.4053909182548523,0.03540465608239174,0.03427710011601448,0.03367157652974129,0.0335276834666729,0.033085085451602936,0.03303062543272972,0.032381322234869,0.032315995544195175,0.030930891633033752,0.030636368319392204,0.030606720596551895,0.030195320025086403,0.030055316165089607,0.0294855535030365,0.02941834181547165,0.029276948422193527,0.028887134045362473,0.02881864458322525,0.028603743761777878,0.012450303410743664,0.012241054613924444,0.010357815442551451,0.012947269303189315,0.012358757062135255,0.01200564971750282,0.013182674199610939,0.01200564971750282,0.01259416195855688,0.011770244821081195,0.008474576271178461,0.008396107972371253,0.008317639673564045,0.008709981167600085,0.007846829880720798,0.007846829880720798,0.008239171374756837,0.009494664155672164,0.008474576271178461,0.008988186954280185,18.94,795.41041,123.27911,0.2596,0.2619
M8H3-3,0.8900372054568003,0.014365440264572137,0.015605622157916494,0.040202563042579575,0.03978916907813146,0.49395344,0.49581978,0.28903905,0.28831694,0.0032564633564503404,0.4880681,0.5155469,0.29614794,0.28028864,-0.1193599884145516,0.4540462,0.5307554,0.28930658,0.2931815,-0.016550161808412164,0.50184965,0.49477148,0.27480015,0.30048355,-0.01797803187417188,0.50247073,0.4746203,0.2893527,0.28355175,0.004081850985817164,4.7150200406684135,2.469720888662076,3.974099755567124,2.5386889783563125,3.1564670068913174,0.9366605580398624,3.153924932757298,0.9925850346440891,4.109382347807791,2.340915033559715,2.5572772488602866,1.112345040770962,2.558244306245545,1.230016270785384,2.2118456869603085,1.0107650280076435,2.8458865095309083,1.1850068494097974,2.575919174628817,1.09901231405657,0.00323566713277617,0.012620185793415931,0.01977713461892838,0.025633312737797145,0.03402328379564892,0.03859495084170704,0.04347284099162087,0.0484455790055608,0.0536215624424138,0.05390881597346428,0.4060123562812805,0.036101847887039185,0.033760279417037964,0.03279492259025574,0.03257869929075241,0.03186233714222908,0.03169018775224686,0.03159612417221069,0.03153393790125847,0.03137791156768799,0.031044023111462593,0.03087444230914116,0.03061005100607872,0.030587881803512573,0.030477330088615417,0.029743177816271782,0.02965380810201168,0.029368842020630836,0.029210874810814857,0.029120881110429764,0.012426900584783641,0.01180033416874413,0.01163063909773343,0.013275375939837148,0.01304041353382233,0.010338345864651937,0.012570488721792696,0.014215225563896414,0.011513157894726022,0.011160714285703796,0.009163533834577854,0.008380325814528465,0.00806704260650871,0.008458646616533404,0.008536967418538342,0.008850250626558098,0.007597117794479076,0.008380325814528465,0.008116883116875489,0.009227614490763713,18.38,793.129892,122.88559,0.2442,0.2782
M8H3-4,0.8903472509301364,0.015502273666804465,0.014158743282348077,0.03927242662257131,0.04071930549813973,0.4928528,0.49543563,0.28934836,0.288667,0.0004180400395347619,0.4733333,0.5046893,0.27733964,0.28884846,0.059039046287747886,0.49092042,0.5211555,0.2739147,0.2930695,-0.054056080514960574,0.5067394,0.4973684,0.28368437,0.28404418,0.01607340255660859,0.51334035,0.48913792,0.28614712,0.2908894,-0.02530995667323712,4.253732658044842,2.4178003378862276,4.322921904499725,2.2536125588176668,3.2079372609323076,0.9465625363309481,3.135506986471476,0.8020069994262287,4.707586554259178,2.7674227783550163,2.620621129797144,1.216146192169103,2.3505758585271193,1.2033812640401338,2.3459529668753683,1.0841295097897568,2.3117299780734433,0.9469849105900882,2.5672921394506414,1.0316366747114445,0.0030773018217626785,0.012274420396891658,0.01978571275662021,0.025924260912379853,0.03388510692954852,0.0388087898443688,0.04360135294243572,0.047679446834928176,0.05383137456382592,0.05446556633057179,0.40465986728668213,0.03884232044219971,0.03607703745365143,0.03314386308193207,0.03312712162733078,0.03226380795240402,0.03189787641167641,0.031543146818876266,0.030985817313194275,0.030966654419898987,0.030436448752880096,0.030427515506744385,0.030362635850906372,0.030326586216688156,0.030289355665445328,0.02974606491625309,0.029662523418664932,0.029523611068725586,0.02808258682489395,0.027635134756565094,0.010158131741534043,0.012043145879138299,0.011899151743626862,0.013195098963229788,0.012959472196029257,0.013195098963229788,0.012134778510827395,0.012134778510827395,0.01166352497642633,0.01284165881242899,0.0076185988061505325,0.008875274897886701,0.008875274897886701,0.009425070688021278,0.007461514294683511,0.008011310084818086,0.008796732642153193,0.008011310084818086,0.009082340844820503,0.008653928540819537,17.66,789.28173,123.03358,0.2452,0.2682
M8H4-1,0.8802190988011575,0.019739561802397686,0.020049607275733773,0.041649441918148,0.038342290202563044,0.49435705,0.4951075,0.2888922,0.28892717,0.002834079100634275,0.50842804,0.5183246,0.28301066,0.27862984,-0.04046715535268361,0.4866105,0.4705574,0.27924576,0.2948403,-0.06949828069619977,0.46819586,0.49941123,0.28723702,0.28765032,-0.06296687258937635,0.50772464,0.50840604,0.29060063,0.28416693,0.05479283047360381,3.7859854377298374,1.9553471119279133,3.889180547508678,2.2812653453942167,3.0318349092001027,0.9420093151645832,3.2500893399617024,0.9259613693181074,3.572830118040724,1.7513839329528518,2.553632983266309,1.0596875220394142,2.3723966313876454,1.0609716890432248,2.3911916189168707,1.1139863231744156,2.6527389395378567,1.1347768003888719,2.6653843921042766,1.1149531753709847,0.003132085015671716,0.01248543478849958,0.01989675636127144,0.02559186696655195,0.033560957103758504,0.0386824919383248,0.04382209215149627,0.047972612886034556,0.05425484829598316,0.05393418782574136,0.42588481307029724,0.03738006204366684,0.03221140429377556,0.03213103860616684,0.031424861401319504,0.0311848446726799,0.030883407220244408,0.030246056616306305,0.030112391337752342,0.029925568029284477,0.029816728085279465,0.029211072251200676,0.029129289090633392,0.029067251831293106,0.029021181166172028,0.0290002953261137,0.028591709211468697,0.028431350365281105,0.028279412537813187,0.02806731127202511,0.011695906432738446,0.012750455373395192,0.012079378774795445,0.013805004314051936,0.011755823986184853,0.012510785159609569,0.011432269197574261,0.012295081967202507,0.011647972389981323,0.011971527178591915,0.007909117054925589,0.008052919183196963,0.008987633016960896,0.00834052343973971,0.008771929824553834,0.009275237273503645,0.007909117054925589,0.00834052343973971,0.008235940073724166,0.008941877794329095,17.55,782.046814,120.09384,0.2425,0.2474
M8H4-2,0.8804257957833815,0.019946258784621744,0.019636213311285657,0.040099214551467546,0.03989251756924349,0.49467906,0.49643967,0.28904682,0.28856343,-0.000249672911418825,0.46113992,0.51014316,0.28617778,0.29358727,0.11467144389491535,0.51007706,0.4914808,0.27415302,0.29565218,-0.10268360296895236,0.48463035,0.47833303,0.28389356,0.2821845,0.027144049103207148,0.4945027,0.49325985,0.29156682,0.29062027,-0.02772804095464776,3.555461322225452,2.125868422037656,3.688568881542582,1.7121044685938012,3.2204285125424437,1.0076895026485049,3.2529115763210594,0.9624646992808764,3.659844176161544,2.047201219762167,2.7732163019250002,1.071750708457613,2.3135047576635808,1.0230637647956875,2.3197708629787006,1.1063120270383908,2.457563350555966,0.9637444841013179,2.519251106916222,1.0210529457542095,0.003205062774318669,0.012591156022818776,0.02015809828405521,0.025704013700339107,0.0339196806278566,0.038635409932745855,0.043627867941433314,0.048119038707994506,0.053422249441438995,0.0539507559003323,0.4190095365047455,0.036386147141456604,0.03558757156133652,0.0354495495557785,0.031605787575244904,0.030812634155154228,0.03063696250319481,0.030447250232100487,0.030412428081035614,0.030271461233496666,0.02978229522705078,0.02975008450448513,0.02945561520755291,0.029294578358530998,0.02883043885231018,0.028811952099204063,0.028571834787726402,0.028550434857606888,0.028286805376410484,0.028046615421772003,0.012100259291260069,0.012868529722451184,0.012532411408805072,0.01220829732064632,0.011668107173715067,0.011235955056170064,0.013612791702667578,0.01231633535003257,0.012532411408805072,0.01080380293862506,0.008498991645051716,0.008787093056748383,0.008571016997975881,0.009075194468445052,0.008643042350900049,0.007850763468734211,0.008787093056748383,0.0075626620570375435,0.00840732301405732,0.008564469238619138,17.26,778.110939,122.1273,0.2903,0.2924
M8H4-3,0.8806324927656056,0.020876395204630013,0.01849937990905333,0.03906572964034725,0.040926002480363786,0.49316612,0.4944673,0.28934175,0.2887662,0.0008379688764934041,0.5091162,0.50167817,0.27792224,0.28413466,0.00987457637713202,0.46436846,0.52727014,0.28477955,0.2787208,-0.04155669125106284,0.50583947,0.5111873,0.27788517,0.2915196,-0.005639489937765631,0.50394183,0.49165383,0.28970924,0.2891591,0.0028943682439330504,3.658287456414148,1.8084242402648656,3.768182645476028,1.8298321190351958,3.209195179307417,1.0850146438184642,3.0429928392684027,0.9308368312566119,3.824560234696028,1.9323884572713956,2.6355780422958413,0.9694673779088221,2.0942329686503762,1.0318349298811234,2.3824739007402025,1.032876987868498,2.6614721059278135,1.0807233121446316,2.563385086712867,1.021182408277132,0.0032121625484806946,0.012148592343483047,0.019921260374249575,0.02568604543848157,0.03379636195016759,0.038692264923500114,0.04392806736762491,0.0479956060677683,0.05389545052436809,0.054057521795209444,0.43614622950553894,0.03237360343337059,0.03219851478934288,0.03162052854895592,0.03145094960927963,0.029711291193962097,0.029654251411557198,0.02955515682697296,0.029369719326496124,0.029275691136717796,0.029231375083327293,0.028959618881344795,0.028959408402442932,0.02890026941895485,0.028873277828097343,0.028873277828097343,0.028839265927672386,0.028804371133446693,0.028722796589136124,0.028480390086770058,0.011159211159201498,0.011640211640201563,0.01244588744587667,0.011688311688301568,0.013852813852801859,0.011147186147176497,0.014069264069251889,0.012337662337651656,0.012121212121201626,0.011688311688301568,0.007070707070700948,0.008658008658001162,0.00887445887445119,0.008730158730151172,0.008225108225101104,0.008585858585851152,0.008369408369401123,0.008369408369401123,0.00889413616685574,0.009051554506092125,17.63,779.295457,121.15427,0.2679,0.2695
M8H4-4,0.8808391897478297,0.019636213311285657,0.019532864820173624,0.03761885076477883,0.0423728813559322,0.4942251,0.4947162,0.28900892,0.28829816,-8.645059724104371e-06,0.50404364,0.49348795,0.29341492,0.296253,0.04128999999424315,0.4810943,0.52560306,0.27584538,0.30378157,-0.1149783639622199,0.47011524,0.4889877,0.2892031,0.29193842,-0.0117602836636184,0.50951815,0.51083094,0.2827549,0.28133285,0.04387476461629679,3.797108068428587,1.975606982234441,3.707186716483571,2.0230535052505663,3.2394780438951103,0.9566204380328536,3.056279522290756,0.8879323027737637,3.863253034028809,2.2163298717317246,2.900366182833779,1.1736054233364568,2.2317039795836684,1.0252201202077722,2.3318546910512516,1.106268213950819,2.5106967477679416,1.0755088568045097,2.5108403046256424,1.0770174924081437,0.003182818728062348,0.012404069248616813,0.01972386587771203,0.025515177308859265,0.03421930559178462,0.038514165945898945,0.043779202533441336,0.048133554826397945,0.05376240750147586,0.05409876577108417,0.4202851951122284,0.03558693826198578,0.033412132412195206,0.033153701573610306,0.033153701573610306,0.03231637179851532,0.031277790665626526,0.03096417523920536,0.030478518456220627,0.030478516593575478,0.029421597719192505,0.029269089922308922,0.028968308120965958,0.028952736407518387,0.02884024754166603,0.028825407847762108,0.028773197904229164,0.028698356822133064,0.028656184673309326,0.028487786650657654,0.011853136744713628,0.012238604606330332,0.012250650477005853,0.01344319167388253,0.012250650477005853,0.01149176062444797,0.013334778837802833,0.012142237640926156,0.010516045099730689,0.01246747614916525,0.007950274645844507,0.00881757733448209,0.00845620121421643,0.008311650766110167,0.007950274645844507,0.00809482509395077,0.00881757733448209,0.008383925990163297,0.008673026886375826,0.009382638177079303,18.07,781.918289,120.87065,0.2808,0.2869
M8H5-1,0.8710210830921868,0.024906986357999174,0.024080198429102934,0.0395824720959074,0.04040926002480364,0.4925756,0.49533436,0.28865293,0.28918326,0.006121173875102856,0.5423034,0.49082214,0.27997363,0.27988327,-0.02088134166400293,0.4791165,0.51091146,0.29057053,0.28576264,-0.15074828488203718,0.4930905,0.5009957,0.2926007,0.2962226,0.049694991441307595,0.50227684,0.49388793,0.28597263,0.27644914,-0.08192438437960838,3.1446282272269728,1.685705718374024,3.3309693946035703,1.8305722666818691,3.1810894744516443,0.9617984084565051,3.1054056639208985,0.9080123088510907,3.459490154685526,1.8996555885504853,2.765676076839531,1.103746236691182,2.2853926426675253,1.0725784130979128,2.3604175798063975,1.1512708443695665,2.526199198160848,0.9219963491597186,2.6062301298087456,1.0687798459182596,0.0032600360452940654,0.012458203418464065,0.01979571738309608,0.025605393559336546,0.03413014453150849,0.03908929190070806,0.043635825752533094,0.04792934188143978,0.053472376303527844,0.05395700255742529,0.4321153461933136,0.04170173406600952,0.03546967729926109,0.03219294920563698,0.030484838411211967,0.030273746699094772,0.02958713471889496,0.029454845935106277,0.029283402487635612,0.028929876163601875,0.028678853064775467,0.028629299253225327,0.028499115258455276,0.028477726504206657,0.02817552164196968,0.027815718203783035,0.02761591412127018,0.027587292715907097,0.027514200657606125,0.027512744069099426,0.011217948717939729,0.012464387464377476,0.012920673076912723,0.011117788461529552,0.011919070512810962,0.011518429487170257,0.012419871794861844,0.013120993589733076,0.012920673076912723,0.012419871794861844,0.008146367521360994,0.008213141025634444,0.007946047008540642,0.008880876068368952,0.008547008547001697,0.009214743589736207,0.00954861111110346,0.008146367521360994,0.0072843822843764484,0.008741258741251737,16.35,766.880112,120.68702,0.2595,0.2691
M8H5-2,0.8708143861099628,0.024906986357999174,0.024286895411326996,0.03896238114923522,0.041029350971475816,0.49274027,0.4957627,0.288188,0.28830695,-0.0060581192438886764,0.49893737,0.48832548,0.2944604,0.28814626,0.0314269964521108,0.5123508,0.4931482,0.28472906,0.298016,0.08883029670814643,0.4911367,0.5048779,0.28403065,0.2875811,0.01954507598655585,0.5072188,0.4931691,0.30063704,0.29174072,0.036443210993421966,3.3969085996091253,1.7488631562662518,3.110091560756169,1.6268003626393344,3.193303272982744,0.9603007872448912,3.1574646938654007,0.9336629641744675,3.5062538840468505,1.8141791370397455,2.8062575479019434,1.1506905315177922,2.316317903103813,1.0603291601089513,2.4196061062390952,1.1654493760336795,2.4777016363727977,0.9878705472564906,2.560790424596219,1.0501570620041643,0.0033328961018828777,0.01277709543172631,0.020369023344184625,0.02606694410989614,0.0343962032410775,0.03868305887122739,0.04365159808095141,0.04741973821760612,0.053171319206782655,0.053465456727998316,0.4371170699596405,0.03310253843665123,0.031710587441921234,0.03131440654397011,0.0311866607517004,0.03093843348324299,0.030814383178949356,0.029891572892665863,0.029470300301909447,0.029333120211958885,0.029176825657486916,0.02871154248714447,0.02870805375277996,0.028538871556520462,0.028386447578668594,0.028370007872581482,0.028370007872581482,0.02831762656569481,0.028298966586589813,0.028242522850632668,0.012622222222212124,0.012622222222212124,0.01039999999999168,0.01089999999999128,0.01219999999999024,0.01179999999999056,0.01249999999999,0.01389999999998888,0.01139999999999088,0.0134999999999892,0.008666666666659734,0.008733333333326347,0.008066666666660213,0.009266666666659254,0.007666666666660534,0.007866666666660374,0.007933333333326987,0.008733333333326347,0.010036363636355607,0.007854545454539171,16.6,768.744688,120.67369,0.245,0.2713
M8H5-3,0.8709177346010748,0.023976849937990905,0.025113683340223233,0.04175279040926003,0.038238941711451015,0.49430838,0.49537304,0.28891414,0.28929755,-0.0033255302683409503,0.5031539,0.4803843,0.27950847,0.27031523,0.07883936330499629,0.47224733,0.51018345,0.28627315,0.28911713,0.061567985821652,0.49245352,0.49467194,0.29104155,0.2873486,0.02911974061099212,0.4946605,0.50600094,0.2866559,0.28581646,-0.038102357486182896,3.1373397760416672,1.611444787164802,3.19882930378647,1.8453593600005098,2.998138130592228,0.8738666931595994,3.2230370647284317,1.09723469288873,3.3898240929746075,1.8870126540698953,2.618431727354154,1.1321423601596667,2.5813671000190763,1.2866660064602942,2.3474728820676773,1.0694353910410825,2.6952095416156774,1.1596978161254758,2.6413726545804717,1.1294360305742275,0.003290184636285044,0.012269204643695197,0.019716021365938002,0.02566151043596394,0.03343252130418674,0.038783654439916014,0.043658144991972334,0.04795371742620724,0.054188665555143886,0.05437970853402495,0.436979204416275,0.034770410507917404,0.03299479931592941,0.03145311772823334,0.031425897032022476,0.030682453885674477,0.03050660528242588,0.03042917512357235,0.03038083203136921,0.02960835210978985,0.02889796905219555,0.028883041813969612,0.028149938210844994,0.028104182332754135,0.027993544936180115,0.027897367253899574,0.027818746864795685,0.027782894670963287,0.027652768418192863,0.027588699012994766,0.012187527800008034,0.012009607686139304,0.012409927942343947,0.012409927942343947,0.013110488390702073,0.01271016813449743,0.011309047237781178,0.012309847878292786,0.011309047237781178,0.012209767814241625,0.00854016546569906,0.007739524953289773,0.00820656525219519,0.008340005337596738,0.009407526020809121,0.008473445422998287,0.008673605551100609,0.009007205764604478,0.008734260135374039,0.007569692117324168,17.28,763.751243,119.44577,0.2504,0.2572
M8H5-4,0.8709177346010748,0.026560562215791648,0.02252997106242249,0.041029350971475816,0.03896238114923522,0.49371505,0.49608904,0.28834698,0.28855604,0.0023501899914364463,0.49364147,0.51431113,0.29035458,0.28483132,-0.032085865954687966,0.49076974,0.4795133,0.2890854,0.28457665,0.00939383336522351,0.49284264,0.49959442,0.2954107,0.29614478,0.0020557314608475263,0.50119686,0.4811851,0.28678292,0.28698447,-0.037817642624057686,3.2428826231689305,1.594389554376175,3.556497160744201,1.7407547294743297,3.125451305190643,0.9116196358923898,3.1268114254059847,0.927175864917982,3.335944705910521,1.707124622143269,2.575451907458881,1.0592031370780508,2.529193168778002,1.2646307225522526,2.4244597356370847,1.0505457469436281,2.6198879844785106,1.0744931701217733,2.6395193536153068,1.1576883724839089,0.0032354563163804148,0.012636331536078018,0.020243918889431105,0.0260760719060825,0.03400502279300618,0.03841881206581208,0.043393995659608574,0.04777802904967645,0.053465370103669495,0.054080325013588525,0.4407384693622589,0.03423177823424339,0.03278878703713417,0.03210918605327606,0.03157418221235275,0.031218262389302254,0.030027177184820175,0.029686106368899345,0.028565794229507446,0.02846643142402172,0.028393231332302094,0.028377128764986992,0.02832135744392872,0.028274672105908394,0.02814926765859127,0.02802410162985325,0.027989542111754417,0.027823204174637794,0.027764001861214638,0.02747723087668419,0.012721288141614226,0.01245440797081113,0.010808646917525373,0.0115092073658835,0.01271016813449743,0.01271016813449743,0.0115092073658835,0.012910328262599751,0.012109687750190464,0.012409927942343947,0.008606885508399834,0.00820656525219519,0.009140645850006025,0.008139845209494416,0.0092073658927068,0.008006405124092869,0.007939685081392095,0.008473445422998287,0.008588689133117805,0.008443118130861571,16.85,763.948081,120.73061,0.2512,0.2534
M8H6-1,0.8605828854898718,0.030177759404712692,0.029247622984704423,0.03906572964034725,0.040926002480363786,0.4946691,0.49703842,0.2887089,0.28848523,0.0053271519049718045,0.49924824,0.49425355,0.27998155,0.28242546,-0.024574042554830755,0.47832456,0.46819788,0.29604366,0.28599742,0.04382824514995445,0.48154598,0.49443996,0.2895165,0.29217553,-0.06971897614229358,0.49676645,0.4910118,0.28698748,0.29441386,-0.06205173221643784,2.972425285811434,1.4932368912598903,2.9133277381044054,1.499167709946738,3.2602283898226334,0.9639045099985655,3.0651031849510044,0.9123679043433841,3.120181408508685,1.530762914786097,2.7113778988546406,1.0375510018227612,2.3668308918632883,1.2053655254193962,2.4147796039755733,1.1630068990605527,2.747611562731084,1.1837063553441551,2.5581731881344574,1.0405450814328576,0.0033343066085386444,0.012530079238026197,0.0200108738333283,0.026122370898400138,0.03431801935139598,0.03873970929276454,0.04367656386866826,0.04765188966415293,0.05351838986719828,0.05343113071086007,0.43165814876556396,0.03617386147379875,0.03286294639110565,0.032540902495384216,0.0317714586853981,0.03139229118824005,0.031073829159140587,0.030917547643184662,0.030162373557686806,0.029837144538760185,0.029775861650705338,0.029583847150206566,0.02904878742992878,0.027995141223073006,0.02787768840789795,0.0278056301176548,0.02763753943145275,0.027389956638216972,0.02728559821844101,0.027209540829062462,0.011695906432739869,0.013755044889208156,0.011582653817634112,0.013250555967373425,0.01148999258709304,0.011026686434387674,0.012972572275750206,0.012323943661962695,0.012231282431421622,0.01148999258709304,0.008586607363472755,0.00926612305410729,0.008339510748696561,0.009451445515189436,0.007474672596979881,0.008092414133920365,0.008463059056084658,0.008710155670860852,0.008154188287614415,0.008154188287614415,16.59,754.252298,119.45752,0.2584,0.2899
M8H6-2,0.861306324927656,0.028110789582472095,0.03059115336916081,0.0406159570070277,0.03937577511368334,0.49307275,0.49476212,0.2893672,0.2885939,0.004101463143507132,0.5212518,0.4679399,0.2903817,0.2853761,-0.011104258966940943,0.49509722,0.5556001,0.2838896,0.26823437,-0.07689787034431182,0.4921492,0.49741235,0.28450593,0.29617128,0.0018623801955966874,0.4934063,0.48932338,0.27857304,0.29407647,-0.02415001876456904,2.998908005055204,1.5727245600936284,3.0580173015445706,1.8102233458422865,3.111933275281477,0.8897742759858125,3.2361084500713497,1.0436866816257906,3.134514024621577,1.585262477815044,2.598553682022971,1.1070049404205247,2.4898054110278314,1.2214931378459584,2.3649005716454456,1.1618144661685927,2.6027465373010314,1.0555680821628726,2.5493314694234,1.006160742966509,0.003289396395761378,0.012506419357762137,0.01984714376340513,0.02563547446186482,0.03385225239739936,0.03841209423785021,0.04333276272375448,0.04785568276792637,0.05424483178765268,0.05435727543995677,0.43666017055511475,0.032411910593509674,0.032351281493902206,0.032034702599048615,0.03201659023761749,0.030564527958631516,0.030072174966335297,0.029986834153532982,0.029934974387288094,0.029756171628832817,0.02925746515393257,0.028780067339539528,0.02856185846030712,0.0284119900316,0.028316494077444077,0.028276899829506874,0.0282589141279459,0.02820195071399212,0.028188027441501617,0.027956916019320488,0.01167411823148658,0.011260142407675,0.011549925484343108,0.012853949329349587,0.013412816691495221,0.011643070044700714,0.013319672131137616,0.012760804768991982,0.012015648286131136,0.011643070044700714,0.00844510680575625,0.008010432190754091,0.008383010432184514,0.00782414307003888,0.008817685047186673,0.009003974167901885,0.0086934923000432,0.00782414307003888,0.008670911800562568,0.009145102289655833,16.39,756.450923,118.87766,0.2557,0.2655
M8H6-3,0.860892930963208,0.029247622984704423,0.0298677139313766,0.03865233567589913,0.0413393964448119,0.49444413,0.49744645,0.28849435,0.28882676,-0.0004436387210179251,0.48922694,0.49715516,0.2946756,0.2768933,-0.01862752184619199,0.47231832,0.47654098,0.27679035,0.28643733,0.003311089366913197,0.5104017,0.4829602,0.29410663,0.29551533,0.0072344864120658554,0.48609757,0.48557204,0.28974527,0.287556,0.01045870542543689,3.072603159510162,1.667850312575313,3.1612452855083273,1.6054477571402752,3.2284526153890147,0.9290801724675425,3.182466276797324,0.9283902180913884,2.9366433138985006,1.5414687953167372,2.675402304963387,1.0787850930165004,2.2601888970357398,1.0471356866150618,2.444489351317683,1.1692015929375354,2.4128011271090966,0.9273896811346638,2.5498008518886706,1.0019297426919207,0.0033458126749637425,0.012425376909845189,0.019815170832068536,0.02574960369658336,0.034363722216600896,0.03876016054504368,0.043428108873823736,0.04758507875476407,0.05384835913521535,0.05401193969442477,0.44399505853652954,0.039859987795352936,0.033873025327920914,0.0336865559220314,0.02955533191561699,0.02951713092625141,0.029116269201040268,0.02873731218278408,0.02859821915626526,0.028581900522112846,0.0281524695456028,0.02799251116812229,0.027721455320715904,0.027633339166641235,0.027561260387301445,0.027176814153790474,0.027170542627573013,0.027092095464468002,0.027012033388018608,0.02696668915450573,0.012712563975556016,0.012052171041760899,0.012258543833571873,0.012630014858831628,0.011236998514107551,0.012165676077256935,0.012630014858831628,0.012072808320941996,0.01300148588409138,0.011144130757792612,0.00866765725606092,0.008853392768690797,0.008791480931147505,0.009410599306580428,0.008234274393257876,0.00811045071817129,0.008234274393257876,0.008605745418517628,0.007632041064427668,0.008104822369303717,16.21,755.828206,119.1982,0.2592,0.263
M8H6-4,0.861306324927656,0.029247622984704423,0.02945431996692848,0.04154609342703597,0.03844563869367507,0.493203,0.49662504,0.2890589,0.28868508,-0.005893593914795528,0.51042837,0.5014374,0.28170118,0.28390506,0.10645641369572233,0.4708173,0.4765388,0.2808643,0.28469667,0.0646738045632139,0.5028819,0.4926427,0.28913778,0.2950818,0.0018304564061058448,0.50498295,0.4902269,0.2887083,0.2871712,0.0012542081114274377,3.014875846021298,1.4037785809932628,3.188608947614074,1.6578789017535867,3.099362847707559,0.9520439849058275,3.2448949637321514,0.9246973972582911,3.0575137670541865,1.5505675544627402,2.6398048844275097,1.0878297822040872,2.338424264114364,1.0355713415327903,2.331056449392542,1.0214542633919421,2.5349638623507444,1.0045127853213431,2.623667954080382,1.0636220380689714,0.003273626843740119,0.012761395552534438,0.02010676487547198,0.02601823153131674,0.03440182754953136,0.038527679563336054,0.043542957052247824,0.04773982783022457,0.05346022019198739,0.05350080234294285,0.43510326743125916,0.037147242575883865,0.033656563609838486,0.03291383758187294,0.03185715526342392,0.031803108751773834,0.03144525736570358,0.03067179024219513,0.029752317816019058,0.02938986010849476,0.028676489368081093,0.028508098796010017,0.028236519545316696,0.027838239446282387,0.02766641229391098,0.02753285877406597,0.02705497480928898,0.027052026242017746,0.0268475953489542,0.026846401393413544,0.01084616658386342,0.013081636032445958,0.012388226527561559,0.011270491803270291,0.012667660208634376,0.012388226527561559,0.011829359165415925,0.012667660208634376,0.013971684053640855,0.010897913561839867,0.00887978142075841,0.008941877794330148,0.008072528564325828,0.008196721311469302,0.008196721311469302,0.009811227024334467,0.008196721311469302,0.007637853949323667,0.008399945806794987,0.008399945806794987,15.98,756.666037,119.62363,0.2617,0.2711
M8H7-1,0.8511781727986771,0.03400165357585779,0.03482844150475403,0.04216618437370814,0.03782554774700289,0.49400166,0.49549827,0.28853709,0.2884106,-0.005001718261420779,0.48476535,0.52390397,0.28437752,0.28705564,0.028338576875869385,0.49457192,0.47691494,0.29228252,0.2991465,0.09045768995760806,0.5005978,0.4921901,0.291443,0.28747305,0.014676806871334533,0.4918033,0.497754,0.28837982,0.28547183,-0.013267937762530187,2.812637886924633,1.4485118770895775,2.799323519713534,1.4475975178959082,3.0725004093739607,0.8735975085506263,3.1955852275889494,0.9444893804735455,2.903607527646028,1.478541376490041,2.605502993477998,1.0511760900314404,2.298499733284488,1.1510003091456793,2.285723303862225,1.0665302538303623,2.6366014253534082,1.1661499149428054,2.7272249150199586,1.1412450838123038,0.0034392425101597204,0.012709987241281542,0.020027053208581422,0.02564295671486627,0.034015865702674605,0.038605460258954734,0.04383742084869105,0.04782599707022021,0.0536368254418297,0.053592524336074095,0.4499102830886841,0.03422728553414345,0.032884158194065094,0.03214111551642418,0.032020825892686844,0.030529063194990158,0.029941527172923088,0.029701270163059235,0.028868146240711212,0.028518691658973694,0.027949746698141098,0.027655204758048058,0.02744142711162567,0.027372026816010475,0.02719065733253956,0.027132250368595123,0.02669343911111355,0.02662815898656845,0.026606520637869835,0.026588199660182,0.011805555555547357,0.012345679012337107,0.012934027777768796,0.0128472222222133,0.011631944444436366,0.011545138888880872,0.012152777777769339,0.011979166666658348,0.011979166666658348,0.012760416666657805,0.008622685185179196,0.008564814814808867,0.008506944444438537,0.008101851851846226,0.007812499999994575,0.008738425925919857,0.008391203703697878,0.008854166666660519,0.008648989898983894,0.008522727272721355,15.76,737.206793,117.73542,0.2496,0.2649
M8H7-2,0.8513848697809012,0.03379495659363373,0.03482844150475403,0.04071930549813973,0.03927242662257131,0.49340802,0.49465477,0.28845993,0.2892351,0.0014182899997280344,0.508503,0.5020992,0.29411292,0.2899944,-0.027252381063745574,0.4880944,0.5269577,0.2894259,0.27570587,-0.06367169629526902,0.49455243,0.49402046,0.2896164,0.28321218,0.05105162721293172,0.49653402,0.4884701,0.28602102,0.29027307,-0.003750570945503193,2.796046970472899,1.4115661133741295,2.665653933589734,1.506046595127011,3.177868620886451,1.0238941108399129,3.1912495684668523,0.981475732156819,2.950409814263736,1.6013104251653776,2.578227616321151,1.0482937224220787,2.366292020064841,1.2027192670820914,2.3659320744016092,1.130370001016926,2.7580490619420353,1.1676865081931058,2.550443313544098,1.0652853200094543,0.003388824227888877,0.012441364229534794,0.020118388412748798,0.025859991300156364,0.0343173561880577,0.03869373023430795,0.04336254834879319,0.047838853031425245,0.053690673532489214,0.0536216038279312,0.4550550878047943,0.03392158821225166,0.033592935651540756,0.030818333849310875,0.02960917167365551,0.029293064028024673,0.029152490198612213,0.02897813357412815,0.02897091954946518,0.02886647917330265,0.028616800904273987,0.02840885892510414,0.02805177867412567,0.02718622237443924,0.027154892683029175,0.027098022401332855,0.026414750143885612,0.026346471160650253,0.026317432522773743,0.02614661306142807,0.011358368103840038,0.012980992118674331,0.012430458970784123,0.012082753824748204,0.011821974965221265,0.011908901251730244,0.012343532684275144,0.011995827538239225,0.012865090403329022,0.012169680111257184,0.00782336578580819,0.00834492350486207,0.008113120074171455,0.00817107093184411,0.008750579508570642,0.008866481223915949,0.009330088085297174,0.007881316643480843,0.009862182323927899,0.00764951321279023,15.75,742.398102,118.945,0.2605,0.2778
M8H7-3,0.8515915667631253,0.034621744522529974,0.03379495659363373,0.04144274493592393,0.0385489871847871,0.49366415,0.49638903,0.2879785,0.2881425,0.002654036178634426,0.4599199,0.49157602,0.29038846,0.28653893,-0.02550636566953908,0.4982472,0.49989632,0.30029166,0.2973796,0.020079241409366826,0.49388722,0.49281457,0.28764588,0.28933144,-0.01224585857581613,0.5258942,0.485232,0.2890616,0.2933072,-0.038199136809501495,2.8309353131182164,1.4723772631968586,2.7327439236118347,1.4920791702885872,3.1336048222071953,0.9199762114919776,3.2584106261870716,0.9956602229792191,2.78448805510696,1.419080846911527,2.60410041681021,1.0484550701361808,2.4369304393223428,1.2993212480160576,2.300529683941658,1.1525442639382384,2.642672748904068,1.0156629667746555,2.6253988907243735,1.0570031820800587,0.003381044464123278,0.012750076807691612,0.02017632636341183,0.025854071410068735,0.03443695443948457,0.03852432845981,0.04332857426851969,0.047703600624100145,0.053592190314399483,0.05358616618172399,0.45925047993659973,0.030445406213402748,0.030435485765337944,0.030288467183709145,0.030214760452508926,0.030018342658877373,0.02939540706574917,0.029359940439462662,0.028841938823461533,0.028286108747124672,0.028092317283153534,0.02800333872437477,0.027802543714642525,0.027646973729133606,0.02735062874853611,0.027133792638778687,0.02692176215350628,0.02690722420811653,0.026845119893550873,0.026760006323456764,0.013308573197143316,0.011915815536977155,0.011316155988850059,0.012099582172693524,0.011316155988850059,0.012273676880214295,0.012012534818933138,0.011751392757651984,0.013753481894140841,0.012099582172693524,0.008820798514385686,0.008530640668517737,0.009110956360253638,0.008530640668517737,0.0076601671309138855,0.008240482822649787,0.007776230269261065,0.008878830083559277,0.00955938212204956,0.0076601671309138855,15.64,745.673922,119.409,0.2679,0.2866
M8H7-4,0.8512815212897892,0.03503513848697809,0.033691608102521704,0.04082265398925176,0.039169078131459284,0.49480337,0.4960112,0.2886834,0.2888775,0.0018177540188611964,0.49690622,0.47435126,0.2914047,0.28588676,0.014717204337883373,0.49034864,0.5074607,0.28328583,0.27991152,0.013081938182520313,0.48922506,0.5119502,0.28187343,0.29208195,-0.033037623633371815,0.47956756,0.4825813,0.29652637,0.28865466,-0.02886105515695187,2.790161246419317,1.4582539709387268,2.7322514354292533,1.5530945583227438,3.0707606438111537,0.830311032199778,3.1387069005513766,0.9682134053171952,2.8115394208032702,1.3667872702806996,2.6368160895275334,1.106432130973791,2.4662878260423042,1.2289608265106848,2.389750860604797,1.1258856210115646,2.5886453388633877,1.1897393524460615,2.66051594578525,1.1573143139224364,0.003416309239904255,0.012523528452345792,0.02003500063918044,0.025739135034581865,0.03439672386964245,0.038600620960122484,0.0433320255848501,0.04770490141192755,0.053586830825835825,0.053998257314942566,0.46503931283950806,0.03768686577677727,0.02957666479051113,0.029374156147241592,0.029293393716216087,0.028869858011603355,0.02868681401014328,0.028236081823706627,0.028025908395648003,0.02725551463663578,0.02716800943017006,0.02714371122419834,0.02709842659533024,0.027006074786186218,0.026993747800588608,0.02665046788752079,0.026616333052515984,0.026480382308363914,0.026429448276758194,0.026368802413344383,0.013049185391080423,0.012740328932119939,0.011553161917990582,0.011031966643494765,0.012508686587899578,0.012769284225147485,0.012508686587899578,0.01198749131340376,0.012334954829734306,0.011292564280742674,0.007991660875602508,0.00914987259670432,0.008512856150098324,0.008397034977988143,0.008512856150098324,0.00816539263376778,0.008570766736153415,0.009034051424594139,0.008275949207145679,0.008086423652783566,15.54,751.276408,118.37025,0.26,0.2868
M8H8-1,0.8412567176519223,0.03844563869367507,0.04030591153369161,0.03947912360479537,0.04051260851591567,0.49472642,0.4954379,0.28852373,0.28829476,-0.0007398219549616448,0.49626282,0.49765354,0.30057618,0.28759184,0.029986929724951178,0.47107565,0.4795741,0.27409935,0.287262,0.024257094361771925,0.48598516,0.5106709,0.28772354,0.29600337,-0.015620287402883572,0.50497764,0.5022916,0.2935325,0.2905926,-0.024730675466053734,2.651402541535283,1.299156071541874,2.7212213030574595,1.3233914296973965,3.216030788146108,0.9210024137515147,3.167556783006554,0.9339144882306555,2.6406636777194805,1.257242531110542,2.6034058461766674,1.0834624605028815,2.400421450387416,1.137729525600527,2.413005949485353,1.1812497643161701,2.53208179397934,0.9371794803248523,2.5414951792356177,1.0072855818738364,0.003368544600938967,0.012526082420448618,0.020104329681794472,0.025864632237871676,0.03403755868544601,0.03849634846113719,0.0433698487219614,0.047949921752738656,0.05369457485654669,0.053921491914449664,0.4538123607635498,0.03628094494342804,0.0326630063354969,0.03255010396242142,0.03086261823773384,0.030847206711769104,0.028855009004473686,0.028614642098546028,0.02857043966650963,0.028445931151509285,0.028327370062470436,0.028080128133296967,0.027662426233291626,0.027366451919078827,0.027250422164797783,0.02644149586558342,0.02604854106903076,0.026042738929390907,0.025863977149128914,0.025414107367396355,0.012008101851844033,0.012803819444436109,0.012776692708325016,0.012207031249992053,0.012613932291658454,0.012613932291658454,0.010498046874993165,0.011881510416658931,0.012207031249992053,0.012288411458325333,0.008517795138883344,0.008355034722216784,0.008680555555549904,0.008897569444438652,0.007324218749995232,0.008355034722216784,0.008680555555549904,0.008626302083327717,0.008937026515145696,0.008404356060600589,16.01,731.485598,118.6086,0.2654,0.2768
M8H8-2,0.8413600661430343,0.03927242662257131,0.03937577511368334,0.04040926002480364,0.0395824720959074,0.49273327,0.49546656,0.28872168,0.28823152,0.005843639708222854,0.49666238,0.50934434,0.27852437,0.28870207,-0.0442208156269931,0.49923182,0.4928155,0.29918864,0.29196253,0.02030774533864789,0.5170607,0.49603364,0.2953297,0.2869882,-0.07769613890814225,0.48707256,0.49123776,0.27818483,0.29577944,-0.023296650859874646,2.663663727496904,1.3444430541174541,2.6883359282143764,1.340325327790175,3.139181243201029,0.9567455744354658,3.1661779491162316,0.9607798256527411,2.5148735548927412,1.2520048985762966,2.6437602209785154,1.0538177707609746,2.39440913231086,1.140620635190396,2.4610248230284983,1.1865596274824988,2.5828672832433,1.0211304315836587,2.7006305766571836,1.1689486882403624,0.0034026888271007113,0.01238453768211024,0.020059462442854614,0.02573364782821498,0.03445254980370104,0.03895128453455799,0.043604923615233215,0.04761941953825487,0.05349406937632124,0.053630749684984436,0.4572659134864807,0.03732140362262726,0.03286558762192726,0.03180250898003578,0.031132269650697708,0.02986750937998295,0.029657136648893356,0.029380779713392258,0.02892528660595417,0.027455955743789673,0.02715587429702282,0.02698410488665104,0.02682490088045597,0.02648623287677765,0.026411471888422966,0.026232656091451645,0.026211567223072052,0.0261780247092247,0.025960510596632957,0.025880437344312668,0.012088309808171641,0.011436844010126462,0.012296416938102739,0.01164495114005756,0.011807817589568856,0.01197068403908015,0.013029315960903565,0.014087947882726978,0.011400651465790619,0.012296416938102739,0.009011943539624966,0.008631921824098611,0.007980456026053432,0.007003257328985666,0.008469055374587317,0.009120521172632495,0.008360477741579787,0.009229098805640025,0.009120521172632495,0.007817589576542138,15.61,726.341176,118.93714,0.2725,0.2842
M8H8-3,0.8414634146341463,0.040202563042579575,0.038342290202563044,0.03865233567589913,0.0413393964448119,0.49389946,0.49663284,0.28783667,0.28900522,-0.0013686095302262778,0.48307103,0.48512048,0.29242837,0.28062412,0.015986385813268476,0.47514957,0.5000228,0.29708564,0.28600976,-0.006009262640157255,0.49452195,0.49256775,0.29268467,0.2893262,0.024789496640404855,0.521311,0.48743644,0.28776968,0.2908817,-0.0030518385267315415,2.625436347645572,1.3188914777049572,2.637362692690015,1.356269248779647,3.201965860092092,0.9358188269072254,3.197093999271209,1.0117262277039307,2.5487987757932586,1.2613597422965854,2.606423347733032,1.107755787658707,2.34062290759993,1.0351873932399005,2.33668262259516,1.0516425519685197,2.5813687339026004,1.0625386062721516,2.529276803202743,0.9871254260686482,0.0034626536470889536,0.012584459349099514,0.020037657991739285,0.02562886363547273,0.0344122439432961,0.03849948190861469,0.043672555791190226,0.047861713373291044,0.05345422567877812,0.053719478014762664,0.47527632117271423,0.030347857624292374,0.029927372932434082,0.029666513204574585,0.028251314535737038,0.028194485232234,0.027991868555545807,0.02792269177734852,0.027770137414336205,0.027770137414336205,0.027470646426081657,0.027369840070605278,0.027021151036024094,0.026908520609140396,0.026743421331048012,0.026379374787211418,0.026379374787211418,0.026372427120804787,0.02616753987967968,0.0260690338909626,0.013182674199614759,0.011589164131529458,0.012304432855272291,0.012304432855272291,0.01140808344197431,0.012059973924372842,0.011571056062573944,0.012059973924372842,0.012467405475871924,0.012956323337670824,0.008039982616248562,0.00977835723597798,0.008257279443714738,0.007877009995648929,0.008637548891780549,0.009126466753579449,0.008202955236848195,0.008365927857447828,0.008770890126816613,0.007644897475400966,15.14,737.398815,118.40071,0.2798,0.2901
M8H8-4,0.8427035965274907,0.037205456800330716,0.040099214551467546,0.04226953286482017,0.03772219925589086,0.49294677,0.49649543,0.28913486,0.28861183,0.00036372964232948856,0.50809616,0.4987288,0.28473014,0.28379777,0.009886646551677598,0.5032688,0.47099423,0.29218492,0.28510895,0.06310153676673964,0.51001847,0.49299657,0.28631863,0.28892636,-0.018978782664888658,0.47323757,0.50589734,0.2786077,0.29660296,-0.05826172711650569,2.792117354865848,1.4048220958902178,2.612555296659514,1.3676370536645002,3.118372272323188,0.9274192414682395,3.2594976313222355,1.111732505599919,2.6452286256195197,1.2247398664309452,2.5955856984347148,1.1113762208646523,2.437147640840369,1.2323330353762152,2.3036675611870887,1.048967236084947,2.7279526664728597,1.1347491761541777,2.7087023125138723,1.175482108774936,0.0033804443394617007,0.012352532052543863,0.02005170400115481,0.02568271590357335,0.0342493077700353,0.03865070928966051,0.04358227366376652,0.047546684513733055,0.053618623938690074,0.054218337860714144,0.4623524248600006,0.03456346318125725,0.031682100147008896,0.031352777034044266,0.030309952795505524,0.029918547719717026,0.028457000851631165,0.028235280886292458,0.027629131451249123,0.027418771758675575,0.027309266850352287,0.02703321911394596,0.027002539485692978,0.02693229354918003,0.026878220960497856,0.026864103972911835,0.026588356122374535,0.02656620182096958,0.026556331664323807,0.02635008841753006,0.01073149364870079,0.012775587677024748,0.01240144546648331,0.011826544021017196,0.01240144546648331,0.013386990801568077,0.011580157687246006,0.012155059132712118,0.012647831800254502,0.012155059132712118,0.008596145422683795,0.00925317564607364,0.00782961016206231,0.007993867717909772,0.008869908015762897,0.008596145422683795,0.008486640385452155,0.008431887866836334,0.00866085294468431,0.008003822721294466,15.53,743.473273,119.28989,0.2923,0.3021
M8H9-1,0.8324720959073998,0.04454319966928483,0.04299297230260438,0.03947912360479537,0.04051260851591567,0.49463296,0.4960894,0.28874063,0.28914687,-0.003228448313032784,0.48936108,0.49229228,0.28218096,0.29383954,0.023598275321871923,0.49780133,0.50140566,0.29021585,0.2926177,0.026476391623261483,0.47924912,0.49298963,0.2878909,0.27969617,0.01801680016511692,0.49402687,0.48957974,0.29250914,0.27698958,-0.006134022210369342,2.4949371993905585,1.2291408426231671,2.449012896229063,1.2480481944389004,3.272884949409366,0.997512100504132,3.1260032342273574,0.9180956910733494,2.5738857226914837,1.257620294940613,2.578412095867396,1.0393889295866814,2.3749286242264027,1.1348075941628877,2.3443581973588485,1.1452846590121941,2.6070933836791053,1.0359808861503879,2.5838519356543355,1.0752534155256792,0.003442247567551371,0.012350374014545714,0.019746539025775948,0.02561460886640922,0.03394883531720651,0.038599960587590625,0.043671715373259715,0.04796674606769024,0.053816377354228825,0.05417592915907517,0.4753023684024811,0.02997632697224617,0.029795276001095772,0.028970474377274513,0.028720688074827194,0.028004657477140427,0.02790856920182705,0.027719037607312202,0.027561524882912636,0.02755311317741871,0.02746896632015705,0.027170902118086815,0.026931865140795708,0.026881195604801178,0.026857616379857063,0.026795603334903717,0.026770595461130142,0.02662879042327404,0.026617128401994705,0.02636531926691532,0.01226951813009045,0.012886421276296115,0.01280074028376755,0.011412708204804804,0.011335595311529096,0.01241517581738901,0.01280074028376755,0.012492288710664719,0.011875385564459053,0.01156693399135622,0.008379601069293618,0.008071149496190786,0.00909932140653356,0.008739461237913589,0.008225375282742201,0.009304955788602116,0.007762697923087952,0.008790869833430727,0.007795412483871586,0.008524479838478281,15.15,723.721596,118.11618,0.2631,0.2941
M8H9-2,0.8330921868540719,0.0444398511781728,0.04247622984704423,0.041649441918148,0.038342290202563044,0.49384117,0.4959094,0.28902292,0.28839386,-0.005386740687677028,0.4951503,0.499527,0.28993142,0.28824472,0.06451715559954109,0.4932645,0.49065942,0.28232828,0.30402324,0.05624975042608642,0.51458573,0.48668882,0.28166977,0.27950028,-0.007957645631350475,0.47202682,0.5037233,0.2919101,0.28701594,-0.009459631450091417,2.429916673857351,1.2295462691080272,2.493945208889926,1.285022771691399,3.116446400947944,0.9130539618306456,3.212958462385425,0.9274623058051414,2.6075841686620733,1.244725677667675,2.5505253818291123,1.0694192283420882,2.4825694626363832,1.1731938232475618,2.386433452265933,1.0966975867960156,2.642688153779817,1.0540824601617895,2.579856515787784,1.0888211170549724,0.003475490040570883,0.012670616834860175,0.01991063361308796,0.02574893990504087,0.03410398036430373,0.03873091740952623,0.04347299915521388,0.04767343083034603,0.05328614750506108,0.05426017767532249,0.46812891960144043,0.03249291330575943,0.03202124685049057,0.030685964971780777,0.030266091227531433,0.029732106253504753,0.028693079948425293,0.027752961963415146,0.02770429663360119,0.027192475274205208,0.027057204395532608,0.02687961608171463,0.0268420297652483,0.02661919593811035,0.02652909606695175,0.026508618146181107,0.026338960975408554,0.026290811598300934,0.026146451011300087,0.026118040084838867,0.011351909184719492,0.012383900928784901,0.012848297213614336,0.013157894736833958,0.011842105263150562,0.01277089783280943,0.010758513931881883,0.012151702786370185,0.012383900928784901,0.012383900928784901,0.00851393188853962,0.008720330237352702,0.008152734778116727,0.008359133126929808,0.00846233230133635,0.009133126934978865,0.007894736842100375,0.007997936016506915,0.008837602026451044,0.008725021108916636,15.07,716.204978,117.6281,0.2792,0.2881
M8H9-3,0.8325754443985118,0.04402645721372468,0.0434063662670525,0.042786275320380325,0.037205456800330716,0.4946124,0.4954587,0.28824028,0.28903937,0.0024724790652393244,0.4791881,0.5029243,0.28392953,0.28034988,-0.046290089907696445,0.49085367,0.49259484,0.28830123,0.282249,-0.06580816161009151,0.5141393,0.5024154,0.2945667,0.2939177,0.0479013195956404,0.4757114,0.49013656,0.29504114,0.2909986,0.012694352949682975,2.575550216080849,1.2635616458260746,2.5625411390777018,1.2402196641306162,3.0677087029606973,0.9101064490276982,3.199710188933113,0.9358117309194801,2.419255672607037,1.2463166840509088,2.526614066094168,1.055402266045853,2.4772298818055587,1.1826002622590825,2.3004580493588023,1.1022865418225656,2.7252470374930646,1.177843070583254,2.736388371263096,1.18774130443198,0.00347985347985348,0.01234105597162922,0.019902708756211942,0.025629360024264483,0.033872284827698836,0.03861319147943352,0.04341475933832622,0.048013345465574765,0.05402230465924734,0.05404446933109353,0.46950316429138184,0.03599575161933899,0.03130020946264267,0.030181972309947014,0.029871627688407898,0.02898307330906391,0.02845502831041813,0.02805975452065468,0.027571018785238266,0.027570251375436783,0.02750466950237751,0.027020486071705818,0.026630258187651634,0.026361891999840736,0.026348944753408432,0.026087652891874313,0.025928426533937454,0.025655798614025116,0.025573624297976494,0.025396401062607765,0.013305898491075463,0.01255144032921036,0.011651234567894042,0.0108024691357958,0.012422839506165172,0.011728395061721155,0.01373456790122609,0.012191358024683832,0.010956790123450027,0.012422839506165172,0.008024691358019738,0.008281893004110114,0.008950617283945092,0.007921810699583589,0.009053497942381243,0.009104938271599318,0.008590534979418566,0.007921810699583589,0.007800224466886319,0.009090909090903479,15.16,726.368816,116.7143,0.264,0.2652
M8H9-4,0.8313352625051674,0.04309632079371641,0.045576684580405126,0.03844563869367507,0.04154609342703597,0.49487877,0.4968015,0.2886384,0.289701,0.005066563844754551,0.48359358,0.49079382,0.28955424,0.28499743,-0.10349165435830045,0.4812787,0.47811213,0.28558192,0.2850384,-0.007037645799523822,0.4837726,0.51565063,0.29212394,0.27312243,-0.02652582543109158,0.50828177,0.4810903,0.2870904,0.28793943,0.03687247026482832,2.625485779516209,1.2989072919084843,2.3979483836435733,1.1250406949324954,3.274441521944137,1.0152442520946234,3.157885564756704,0.9889426252923589,2.522081161892595,1.2988719118996848,2.694922804444827,1.1010046421192428,2.3817053777511235,1.0243544482052123,2.390270115447872,1.1332877840604625,2.5900548684751588,0.9777601297141587,2.5361737878495934,1.0163052106850126,0.003338411800180467,0.012534064269811688,0.019943184652147693,0.025697268963766045,0.03413341857902684,0.03853286720262629,0.04377457048413206,0.04789402327932928,0.05351207722897084,0.05397344687334213,0.4681316912174225,0.03369879722595215,0.031544141471385956,0.03116266243159771,0.03019052930176258,0.02897198684513569,0.028713762760162354,0.027692146599292755,0.027527229860424995,0.027503859251737595,0.027395138517022133,0.0273436289280653,0.027004465460777283,0.026516567915678024,0.02626589871942997,0.026255274191498756,0.026200583204627037,0.026162367314100266,0.02587476745247841,0.025844505056738853,0.01205065359476386,0.012663398692802698,0.013786764705873904,0.011412377450973399,0.011412377450973399,0.01202512254901224,0.013020833333325354,0.011642156862737965,0.01187193627450253,0.01202512254901224,0.00878267973855671,0.008425245098034053,0.007914624183001685,0.008118872549014633,0.009191176470582603,0.009293300653589076,0.008731617647053474,0.00878267973855671,0.0076314616755746465,0.007742869875218072,14.37,719.357227,119.6823,0.2907,0.2997
M8H10-1,0.8224472922695328,0.04878048780487805,0.04878048780487805,0.03968582058701943,0.04030591153369161,0.4950441,0.4953719,0.28768486,0.28904203,-0.0017838969483220401,0.48075137,0.49019676,0.29293317,0.28648496,-0.003967931038866718,0.5016019,0.5115089,0.29665846,0.27928928,0.0306127403101744,0.47592735,0.5024938,0.29244182,0.28821728,-0.039715676287412585,0.49490306,0.48478922,0.28850922,0.294262,0.04193388219211362,2.454681316720739,1.2055509913164908,2.382523654681887,1.1920732620103134,3.3204669546889387,0.9792212226145662,3.2176802699099367,0.9297754560005511,2.3203122928824036,1.1112132699420993,2.5349742199588166,1.0125101928301106,2.403775139810119,1.125325109759206,2.281481385153179,1.0893997621359675,2.6680651858753808,1.0251437408205255,2.568489871099414,1.0688513064935874,0.003497776996307553,0.012527944537941775,0.0200499443202465,0.025666063818207695,0.03399918782915945,0.03843472909497375,0.043207279395142045,0.04785423626635854,0.05367863153399814,0.05441753954099788,0.48356133699417114,0.031407516449689865,0.03131350129842758,0.03043515607714653,0.028251489624381065,0.027840394526720047,0.027540046721696854,0.026966622099280357,0.02683221735060215,0.026601769030094147,0.02658098004758358,0.02639743871986866,0.02622842602431774,0.026073584333062172,0.025860019028186798,0.025848256424069405,0.025675764307379723,0.025644855573773384,0.02550286054611206,0.025437727570533752,0.013322985383513135,0.012482214461252597,0.011204889406279858,0.012951105937128667,0.012369033760179064,0.011132130384161157,0.012077997671704262,0.010768335273567655,0.013096623981366066,0.012369033760179064,0.00800349243305704,0.008100504462548641,0.009264648816447847,0.008343034536277643,0.008440046565769244,0.009313154831193647,0.00800349243305704,0.008051998447802841,0.008307757434644333,0.0089427452640439,14.35,723.802865,118.35822,0.3074,0.3091
M8H10-2,0.8218272013228607,0.050124018189334436,0.04805704836709384,0.04175279040926003,0.038238941711451015,0.49409568,0.495881,0.28802943,0.28887537,0.00045934305879922544,0.4932864,0.4798008,0.29257393,0.2754483,0.05276832192977538,0.4858117,0.507053,0.28918907,0.29015496,-0.023475116381024303,0.4874728,0.49616128,0.29453146,0.28804925,-0.023307886175739465,0.50774556,0.49951902,0.28916928,0.29879886,-0.019776833983083088,2.2939143336003642,1.1037977175356075,2.318541259723761,1.2228385702512168,3.110535017190245,1.0484867104931788,3.2793256064407252,1.0067726329761535,2.4284858556514486,1.280054265696442,2.5489369818006185,0.9822300814535496,2.461628623040982,1.254342143494752,2.4137297273025173,1.1405220401054177,2.6717934592530144,1.170062644824303,2.681951767850804,1.2849879847152423,0.0035095916725073335,0.012652181813462088,0.020128235080341617,0.02584741582950445,0.034291202658152276,0.03859512499026556,0.0433839524439945,0.04783947252290839,0.05332814162967578,0.05375801469252135,0.48925986886024475,0.03046480379998684,0.03025478683412075,0.029542725533246994,0.029402222484350204,0.028549756854772568,0.027067238464951515,0.026839856058359146,0.026512514799833298,0.02648412436246872,0.02590545080602169,0.025837497785687447,0.025758203119039536,0.025595135986804962,0.025589628145098686,0.02549370750784874,0.025454580783843994,0.02537016198039055,0.025368209928274155,0.025249600410461426,0.012632121680838252,0.01282547048207557,0.01189095127609519,0.0117459396751672,0.011238399071919236,0.01218097447795117,0.01203596287702318,0.012253480278415167,0.012978538283055117,0.01203596287702318,0.008604021655060749,0.008604021655060749,0.008265661252895438,0.008168986852276778,0.008168986852276778,0.008942382057226058,0.008990719257535388,0.008217324052586107,0.008964353511912118,0.0078042607044881964,14.83,711.764937,118.43216,0.3111,0.3151
M8H10-3,0.8238941711451013,0.049503927242662255,0.046610169491525424,0.03906572964034725,0.040926002480363786,0.49236962,0.49537683,0.2888466,0.2891854,0.0036700080898665177,0.506925,0.5016277,0.2789408,0.28187755,0.011096380131600345,0.5084906,0.48925176,0.29137272,0.29484707,-0.027998645035716106,0.50032264,0.5262308,0.28802136,0.28591296,-0.04005045051152817,0.4862651,0.47476888,0.29275587,0.27917057,-0.020583291610076188,2.2985678714504694,1.1837844638397457,2.514784370743096,1.0787327967179972,3.1940545471066333,0.923889119788189,3.18506858893228,0.9041345563123583,2.3684299688019137,1.1906634107169027,2.6465024356387294,1.071646253775629,2.370770896469544,1.0877514354221816,2.358431284652249,1.1167428146867455,2.459727107670214,0.9903457398279794,2.4747041898976816,1.039010527476293,0.0033898411188040714,0.012394986916402699,0.020146027135422535,0.025505711292792964,0.034203069115615596,0.03831386443974242,0.04351495953892318,0.04811195552828937,0.053702219829475026,0.05405069841786547,0.4797738790512085,0.03383418172597885,0.029294375330209732,0.029278384521603584,0.028512509539723396,0.0281477402895689,0.02789728157222271,0.02707183174788952,0.02706771530210972,0.027035100385546684,0.02674802951514721,0.026727639138698578,0.02663697488605976,0.0262357946485281,0.02621425874531269,0.026134518906474113,0.02602294087409973,0.025906184688210487,0.025890950113534927,0.02556968666613102,0.011411058946263517,0.012258737610843094,0.011590375586847659,0.011590375586847659,0.012397300469476293,0.013717723004686785,0.01217723004694121,0.011370305164312576,0.012837441314546456,0.012690727699523069,0.007873630672921827,0.008753912363062156,0.008998435054767802,0.007824726134580698,0.00850938967135651,0.008215962441309732,0.00914514866979119,0.008753912363062156,0.008909517712329385,0.007735808792142281,14.29,715.667017,116.76914,0.2792,0.2829
M8H10-4,0.8224472922695328,0.049297230260438196,0.0482637453493179,0.04051260851591567,0.03947912360479537,0.49463496,0.49696285,0.28800634,0.28849006,0.0005102208356935852,0.49463108,0.4955051,0.28337115,0.29107165,-0.0486969847615805,0.48362666,0.46697274,0.29712832,0.2859177,-0.009720575512336389,0.4969201,0.50028104,0.29648477,0.28854308,0.009865728152430944,0.4871983,0.5016417,0.28966248,0.29084042,0.04654814713600056,2.3219241555219052,1.1801420685484303,2.3497579286088097,1.1829659990398538,3.046724504925708,0.9164708236910969,3.2446315120361264,1.037823873779639,2.3693274398702315,1.1675729895952016,2.576502417127275,1.0335058037182376,2.307073689113163,1.0990037833660689,2.3508135145243036,1.0844497592398328,2.5211301152570793,0.9592362614742646,2.5508854016135043,0.9438976912296055,0.003551402845929944,0.01262117150307534,0.019995714905335988,0.02608472990839304,0.03444275479329644,0.03868708880074832,0.04342473126708159,0.04782583703053391,0.053510380903109826,0.053189521375828934,0.4796578586101532,0.03333301097154617,0.033315788954496384,0.030716298148036003,0.02857685089111328,0.028154956176877022,0.028104430064558983,0.02809755504131317,0.02771749347448349,0.026781843975186348,0.026050351560115814,0.026050351560115814,0.025948386639356613,0.025831108912825584,0.025780340656638145,0.025413012132048607,0.025282450020313263,0.025085486471652985,0.025053707882761955,0.025048712268471718,0.012611563833908065,0.012870262579219,0.012441792782297763,0.01171420256111076,0.01178696158322946,0.011132130384161157,0.012441792782297763,0.012223515715941663,0.012660069848653865,0.01193247962746686,0.008634070624752445,0.00941016686068525,0.008488552580515044,0.008051998447802841,0.008682576639498243,0.008537058595260844,0.007566938300344839,0.008488552580515044,0.008413588739544262,0.008466504391994225,14.14,712.148729,118.05213,0.2922,0.2949
M9H1-1,0.9001653575857792,0.004960727573377429,0.004960727573377429,0.0454733360892931,0.0444398511781728,0.49390385,0.49560022,0.2884852,0.2887714,-0.0016678074449952656,0.4484248,0.46239406,0.3206706,0.29235193,-0.1272309580835401,0.4890752,0.5490819,0.29359445,0.3016618,-0.18762781296418515,0.4957317,0.49818954,0.29012072,0.28757417,0.06255034324080629,0.49761766,0.4943437,0.28578293,0.28491658,0.006396280299005,7.796970220732128,3.5763932544324204,8.307875056032657,5.279682318727491,3.0382929342668343,0.9073706520103477,2.9798315909405524,0.8167712761475346,7.3848185416314465,3.8871954466568455,2.1586900704972094,0.9051098531136548,2.334500125414404,1.0840245220658675,2.407925116905203,1.2049467338339346,2.7230910006821483,0.9689902314629198,2.48051283387748,0.9554921097937982,0.0028911799299545953,0.012504353197053626,0.019939285221470954,0.0254292416566461,0.03406335626564687,0.038564397747508,0.04342355128887487,0.04802972658637072,0.05383179903671142,0.05465644240309619,0.39712440967559814,0.03583275154232979,0.03470349311828613,0.03413441404700279,0.03411206603050232,0.03324173018336296,0.03306056559085846,0.032718852162361145,0.031731244176626205,0.03100396692752838,0.030962644144892693,0.030933577567338943,0.030850842595100403,0.030561011284589767,0.030291423201560974,0.029983071610331535,0.02989478036761284,0.02977573871612549,0.02962101437151432,0.029462365433573723,0.012307338394282176,0.011847250977673496,0.013069358178040301,0.012163561076591963,0.012422360248434346,0.012292960662513154,0.0116459627329072,0.010998964803301243,0.01061076604553767,0.014622153209094595,0.008454106280184484,0.008540372670798612,0.007505175983429084,0.008971704623869248,0.008540372670798612,0.008281573498956231,0.009144237405097505,0.008454106280184484,0.009222661396564892,0.007622811970630166,18.61,805.109787,124.90858,0.2449,0.273
M9H1-2,0.9001653575857792,0.005064076064489459,0.004857379082265399,0.04361306324927656,0.04630012401818934,0.49315754,0.4957734,0.28858835,0.28902376,0.0011151059360767757,0.50472873,0.49117953,0.2791245,0.26326618,-0.07425901568686559,0.49403217,0.5227191,0.29096833,0.29439494,0.22835386383661632,0.5089585,0.4908828,0.2823651,0.28090927,-0.018915878435417872,0.4930041,0.4978246,0.2960568,0.2907469,-0.020609178874383165,7.054810774014868,2.956323565592304,8.521581798685576,3.454827801450082,3.077551342612505,0.937757236206631,3.0428582077255393,0.8543144698479628,6.878640661306286,3.4122553137321368,2.560915303833426,0.8408441764326687,2.334900084930711,0.9779595383739974,2.4331772957209274,0.96473420037616,2.314821910466812,0.7739808339574149,2.466398282598654,0.9975362468236991,0.002839869281045752,0.012480392156862745,0.019934640522875816,0.02564705882352941,0.03393464052287582,0.03877777777777778,0.04361764705882353,0.04786928104575164,0.053784313725490196,0.05444771241830065,0.38751843571662903,0.04206140711903572,0.03766614571213722,0.035607315599918365,0.034390006214380264,0.03372734785079956,0.03213638439774513,0.03206720948219299,0.03189307451248169,0.031880248337984085,0.0315215177834034,0.031323064118623734,0.0305437371134758,0.030314555391669273,0.02994590997695923,0.029698947444558144,0.029693808406591415,0.02960575558245182,0.0293009914457798,0.02910412847995758,0.011962272831825665,0.012077294685977836,0.01190476190474958,0.012034161490670773,0.012810559006197918,0.01061076604553767,0.013586956521725065,0.012292960662513154,0.011128364389222434,0.013586956521725065,0.007850241545885593,0.008799171842640995,0.008454106280184484,0.009057971014483378,0.008367839889570359,0.008626639061412741,0.008971704623869248,0.007677708764657339,0.008846226237521427,0.008093355919434497,17.88,802.481617,123.6251,0.2543,0.2566
M9H1-3,0.9001653575857792,0.005374121537825548,0.0045473336089293095,0.045783381562629184,0.04412980570483671,0.4944695,0.4953278,0.28912824,0.28863224,0.0042895883634853525,0.5295497,0.4851695,0.28612438,0.32198188,0.03325507924590098,0.49778268,0.527735,0.27810702,0.30564794,-0.32837797690981235,0.47472885,0.49596357,0.28341374,0.2849112,-0.027655640243582923,0.4974867,0.5024213,0.28473398,0.28680837,-0.030167833043512372,7.265619818614618,4.01190528751239,8.063710527537152,4.366632755224056,3.064179417569029,0.8690650280075117,2.982464125620276,0.8080328626173438,8.569140829806999,4.543869333052799,2.4814958075565303,0.9785515686278259,2.1509353131204354,1.0135696486268955,2.3783719645847787,1.0671463552539011,2.6325862789324073,1.3821716879193815,2.4899615528569408,1.082844384899441,0.0028614394242043348,0.012494843887530164,0.02003657185915612,0.025710731534621466,0.03380461013293838,0.03887465206390656,0.04397392549864074,0.04803385657725075,0.05377297514997386,0.053769727205110966,0.39347442984580994,0.039839066565036774,0.03549012914299965,0.033705875277519226,0.03294368088245392,0.03282807767391205,0.03281595557928085,0.03274951130151749,0.03270699083805084,0.03213576227426529,0.03118850663304329,0.03112053871154785,0.030852362513542175,0.03084852546453476,0.030320096760988235,0.02975236065685749,0.02954612858593464,0.029503675177693367,0.02930334582924843,0.028874961659312248,0.012192316540130007,0.011042097998608306,0.013975155279488638,0.013069358178040301,0.012034161490670773,0.0116459627329072,0.01190476190474958,0.013457556935803874,0.012681159420276727,0.010093167701852906,0.008626639061412741,0.007677708764657339,0.008367839889570359,0.008971704623869248,0.008540372670798612,0.008195307108342103,0.008454106280184484,0.008454106280184484,0.009128552606804027,0.008375682288717098,18.28,801.113855,124.9784,0.2522,0.2626
M9H1-4,0.9001653575857792,0.0047540305911533695,0.005167424555601488,0.04505994212484498,0.044853245142620915,0.49449608,0.49497753,0.28813252,0.28873318,-0.00262840399222154,0.55302227,0.44344142,0.30770922,0.2958726,-0.04018032427779004,0.43341464,0.48508477,0.26741776,0.26989394,0.15918785018444312,0.4936787,0.50217694,0.29505017,0.29125074,-0.004432570998698174,0.4829156,0.5118527,0.29127118,0.28491,0.05152899424575045,7.652350208476328,3.742559776160781,7.209195031199045,3.902243841962595,3.0754320881796424,0.901309975995975,2.989165797685208,0.9222809331560735,8.554892361548907,4.374917557947111,2.565895905594327,1.2436289576328479,2.3403845116027155,1.3676353405811943,2.2178112429141805,0.9493752107588751,2.4158411558037027,0.9816880919747528,2.5030908603256274,1.0668673158949775,0.002944447210742087,0.01260435857856562,0.02046506995966738,0.02586598947700377,0.034237912662450826,0.03877574731530813,0.04363889857093064,0.04747962621786254,0.05386977377217879,0.053451509568623545,0.3768776059150696,0.0423310212790966,0.03942611813545227,0.0388568714261055,0.03841879218816757,0.036345358937978745,0.03549114242196083,0.03247732296586037,0.032249342650175095,0.031440917402505875,0.030391773208975792,0.030263330787420273,0.029901964589953423,0.02982226200401783,0.02978203445672989,0.02958311326801777,0.029351139441132545,0.029224421828985214,0.02894008718430996,0.028825439512729645,0.012767425810890855,0.013457556935803874,0.012810559006197918,0.01177536231882839,0.010093167701852906,0.012163561076591963,0.01190476190474958,0.012422360248434346,0.012034161490670773,0.012292960662513154,0.008195307108342103,0.008281573498956231,0.007763975155271466,0.009057971014483378,0.007332643202200829,0.009834368530010523,0.008712905452026867,0.008540372670798612,0.008093355919434497,0.008940335027282295,18.16,804.615578,124.38108,0.2507,0.2538
M9H2-1,0.8902439024390244,0.010334849111202976,0.009508061182306739,0.04433650268706077,0.045576684580405126,0.4941587,0.49596536,0.28891993,0.28932488,-0.0012950983389295918,0.51804876,0.46949154,0.2800977,0.2692169,-0.03519825291179523,0.5160392,0.46812823,0.2852365,0.28125694,0.1229015309805983,0.4973279,0.5056102,0.28664473,0.28619373,0.027475374748402892,0.4754715,0.49394673,0.28699616,0.28316703,-0.016352101091079454,4.752669384354244,2.818179150270944,5.231907952027793,2.486259642031641,3.145105900651559,0.8776750740971319,3.0524139312535774,0.8820472138877686,4.970972122011256,2.5257545728330215,2.4955343137687076,0.8788108378957021,2.1798355482119045,0.8822227512095266,2.1049065966986387,0.9911668363274793,2.3946451280693806,0.8369332824719273,2.351883999996212,0.9199260993059161,0.0029931755597238296,0.012456931529446196,0.019773582897660003,0.025972782056910244,0.03411421957935906,0.038741003844567724,0.04382807199584946,0.04782961514413803,0.05360311822378311,0.054020832501895676,0.3999536633491516,0.03745511546730995,0.03730171546339989,0.03506201505661011,0.034761715680360794,0.0334656797349453,0.03320198506116867,0.03274671733379364,0.03229033574461937,0.03224856033921242,0.030019864439964294,0.029675155878067017,0.029449988156557083,0.029414989054203033,0.02937590330839157,0.029094895347952843,0.028798043727874756,0.028748098760843277,0.028651829808950424,0.02828376553952694,0.011717932621876391,0.012659552207562886,0.01212335216571363,0.013064971751400128,0.012947269303189315,0.011534839924659571,0.011534839924659571,0.012358757062135255,0.01200564971750282,0.01200564971750282,0.007532956685491966,0.0088669177652145,0.008553044569985669,0.009023854362828918,0.009102322661636124,0.008631512868792877,0.008317639673564045,0.008317639673564045,0.008560178051695415,0.0077897620270428285,17.5,784.382592,123.62564,0.2445,0.2619
M9H2-2,0.8901405539479124,0.010024803637866887,0.009921455146754857,0.044853245142620915,0.04505994212484498,0.49444258,0.49625713,0.28765225,0.28887504,-0.003547297771788648,0.4718381,0.46120915,0.3126878,0.29700765,0.08865495224381029,0.46493903,0.46875,0.31330454,0.2977664,0.0029224022915141524,0.49002472,0.49931654,0.29403713,0.2823681,0.028811283632821535,0.49837774,0.49609312,0.29117462,0.28600976,0.014590964419611236,5.291759161060553,2.8623698695297053,5.47791421962184,2.926665759722404,3.057110774250515,0.842242989363475,3.040122573983978,0.9002260986724485,5.021522870235547,3.0697692619207255,2.6239107528350467,1.1804418141613489,2.0093248834812254,0.9271034079961123,2.4050347738560647,1.0493923971564574,2.458460902074766,0.8339983970626441,2.3234433633026508,0.8466512332694937,0.0031512459988013663,0.01249451086641313,0.02008125298622676,0.026118609474727893,0.034741037176969664,0.038419792365754435,0.043206040670682365,0.047583538399078654,0.053770033611449435,0.053767271783229625,0.41556471586227417,0.03640254959464073,0.03538054972887039,0.034332599490880966,0.03430583328008652,0.032289549708366394,0.03227079287171364,0.03156004101037979,0.03068832866847515,0.030396098271012306,0.030208174139261246,0.029859347268939018,0.028975673019886017,0.028834939002990723,0.028327085077762604,0.02832133136689663,0.028250444680452347,0.02818225882947445,0.027989082038402557,0.027860570698976517,0.013483850736895437,0.013483850736895437,0.011288805268098506,0.011288805268098506,0.011171213546555812,0.01234713076198274,0.011406396989641198,0.01152398871118389,0.012699905926610819,0.012935089369696205,0.008466603951073879,0.008936970837244651,0.007996237064903109,0.008466603951073879,0.009172154280330035,0.008936970837244651,0.00768265914078926,0.008623392913130802,0.007953476438887584,0.008466603951073879,17.02,787.213572,122.28981,0.2396,0.2484
M9H2-3,0.8901405539479124,0.009094667217858619,0.010851591566763125,0.04454319966928483,0.04536998759818107,0.49306354,0.49590585,0.28824663,0.28889012,0.0010722576535428156,0.4890521,0.5104006,0.29134047,0.2836617,-0.044551651428019624,0.4823461,0.5103309,0.28933913,0.26426804,0.010855321892496226,0.4992926,0.4992135,0.28728396,0.28801477,-0.04143675684398613,0.50880605,0.48314738,0.29663795,0.29099348,0.027576584111171053,5.121248574107633,2.5717157955554923,4.822081732611264,2.498552752946162,3.021869068473505,0.8740131465457827,2.9508516283140676,0.8230677366482659,5.812957013163674,3.3378659267456285,2.542922875921253,0.9531753496164191,2.1682684020223673,0.9610474165156311,2.32911239191076,1.1563477970543725,2.5927262885990348,1.151255592831811,2.4608573941758616,0.9620911602396078,0.003072735932503232,0.01267741715996462,0.020123834796216915,0.025711369667279035,0.03437980540246309,0.038663672858406474,0.04351636388378581,0.0474518609239981,0.05362182758386065,0.054114445124855415,0.41216692328453064,0.03385983034968376,0.032948803156614304,0.03288551792502403,0.03236401453614235,0.031779706478118896,0.03174098581075668,0.031397588551044464,0.0313882939517498,0.031214216724038124,0.03105706162750721,0.030868804082274437,0.030854802578687668,0.03005068562924862,0.030002523213624954,0.02948842942714691,0.02914174646139145,0.02901552990078926,0.028890017420053482,0.028884606435894966,0.01170690916691697,0.012856694888667742,0.012111947318897354,0.012582314205068126,0.010700846660385042,0.011759172154269276,0.011171213546555812,0.013523047977409669,0.011759172154269276,0.013758231420495053,0.00815302602696003,0.009015365318273112,0.008309814989016956,0.008309814989016956,0.008309814989016956,0.008858576356216188,0.008544998432102342,0.008623392913130802,0.008808688959198075,0.007782433934825485,17.86,791.206888,125.85055,0.2906,0.2914
M9H2-4,0.8903472509301364,0.009714758164530797,0.010024803637866887,0.04423315419594874,0.045680033071517155,0.49266168,0.4964016,0.28874218,0.2882425,0.004027499271369459,0.4929943,0.5039668,0.27231085,0.2748599,-0.11640832900763225,0.46844357,0.45762712,0.28437603,0.29523534,-0.07822286311450848,0.51322085,0.47732854,0.28450567,0.29194984,-0.07264483057514173,0.5051595,0.50778437,0.29403055,0.29364294,0.030312747345934477,5.261609763219261,2.296281670027958,4.941486676445927,2.6948324247792117,3.0256886562174006,0.84658341747293,3.0658803488041473,0.8119120741978939,5.439446467566106,2.9422955285875747,2.3055778316395754,0.9358419866378531,2.177661600992063,0.8946189932334601,2.423457807667053,1.0663777627126876,2.2921177116532965,0.8873745034241851,2.39940035119326,0.9727018981841481,0.003106990318323045,0.0122667366217697,0.020060172319093645,0.025716698228441668,0.03416869563791676,0.038663857532060475,0.04344047941106548,0.04816791410825006,0.05372879827516949,0.05401299088124302,0.4043688178062439,0.03652371093630791,0.03422332555055618,0.03259371593594551,0.03257730230689049,0.03247285634279251,0.0315876342356205,0.031584154814481735,0.03125304356217384,0.03120649978518486,0.031091028824448586,0.031021447852253914,0.0306001715362072,0.030063534155488014,0.030049685388803482,0.030046923086047173,0.029970461502671242,0.029713530093431473,0.029626477509737015,0.02942574769258499,0.011624253848559576,0.011414807833270212,0.012959472196029257,0.010485391140423671,0.012723845428828724,0.011781338360026596,0.013077285579629522,0.012959472196029257,0.012488218661628192,0.012606032045228458,0.008953817153620213,0.00848256361921915,0.00863964813068617,0.00863964813068617,0.00848256361921915,0.008246936852018617,0.007932767829084574,0.008718190386419682,0.007968468854417989,0.008653928540819537,18.61,791.640394,123.65887,0.2469,0.2692
M9H3-1,0.8803224472922695,0.015192228193468375,0.014572137246796197,0.042889623811492354,0.04702356345597354,0.4949175,0.49577963,0.28860807,0.28910935,-0.00017258994280262244,0.46673304,0.46788886,0.2717232,0.278126,-0.10776887087103384,0.4716312,0.53251594,0.30460808,0.26845607,-0.03366189627197645,0.47916543,0.48182562,0.29380336,0.28140014,-0.01917077376491641,0.5040204,0.5057739,0.28372133,0.2945633,0.058864920763571915,4.59883250247639,1.953644289200204,4.232739813660853,2.4157166057912662,3.1079677126376475,0.9055687547011908,2.982990425581756,0.7520002557338923,4.624981817087213,2.561625293440399,2.5294699090330375,0.9052453005270616,2.222335071626235,1.0168657458417405,2.2475912722890516,1.077543238193667,2.3512027602284173,0.9129883394402396,2.4164786613348603,0.980117788489364,0.0030980365513961546,0.012598229046357316,0.019883597164662453,0.02588038136648776,0.03402631519351405,0.03854654981090201,0.043519713748669524,0.04829132413886813,0.05390085377176892,0.05358833254070702,0.42425209283828735,0.03676384687423706,0.034479137510061264,0.031083956360816956,0.0310425516217947,0.03080763854086399,0.030753685161471367,0.030748803168535233,0.030503252521157265,0.030142415314912796,0.02987547032535076,0.029834266752004623,0.02973617985844612,0.02963085286319256,0.028454920276999474,0.02839789353311062,0.028388503938913345,0.028387732803821564,0.028376605361700058,0.02834024280309677,0.013145269621942207,0.012281711763566442,0.012413644214151628,0.011765975820369805,0.012845423143339512,0.011765975820369805,0.012197754749557688,0.011658031088072835,0.011765975820369805,0.011981865284963747,0.00827576280943442,0.00827576280943442,0.008707541738622303,0.008779504893486948,0.008131836499705124,0.008419689119163713,0.00949913644213342,0.008059873344840478,0.008635578583757655,0.007929031245086574,16.65,782.285864,121.21567,0.2556,0.262
M9H3-2,0.8805291442744936,0.013848697809011988,0.015708970649028525,0.046713517982637454,0.04319966928482844,0.4935074,0.49630383,0.28872496,0.28886104,0.00047786901433351903,0.4931744,0.4844422,0.28952804,0.2847173,0.10324748756868925,0.49261874,0.49291927,0.2977181,0.27052957,0.04230350744173022,0.49870497,0.47796986,0.29059967,0.29080614,-0.014566467861797884,0.4974618,0.5086368,0.28129396,0.2890161,-0.04184188581528297,4.429397408258683,2.0351001522190524,4.515775666358291,2.195061832139543,2.966424094585623,0.8473648600845534,3.0965409897237914,0.9124069982959083,3.941800013070024,2.0441698969040996,2.2895012613914667,0.7898453113603507,2.2186758864476133,1.1505415975149769,2.318339428905263,1.0001511347707501,2.6547101925235568,1.1232650266198665,2.5089501602190283,1.0280753887927363,0.003155219059431243,0.01255727210981707,0.019917178339159923,0.025650636154857877,0.033907814902901484,0.038503213144247345,0.04332122583327087,0.04815741113026807,0.05403852138575222,0.054124841273627225,0.41696396470069885,0.03690480813384056,0.034600578248500824,0.03413146734237671,0.03292594477534294,0.03289226442575455,0.032796528190374374,0.03075544722378254,0.030701175332069397,0.030631568282842636,0.029376981779932976,0.02935180626809597,0.029302649199962616,0.028957316651940346,0.02886599488556385,0.02871868945658207,0.0282891895622015,0.02800210937857628,0.027939999476075172,0.02789144217967987,0.011822376009216993,0.011726259131093278,0.01211072664358814,0.013083910034590758,0.011137543252585522,0.01275951557092322,0.012975778546701578,0.0117863321799206,0.01275951557092322,0.01189446366780978,0.008434256055356026,0.008362168396763238,0.009083044982691104,0.009010957324098318,0.008434256055356026,0.007208765859278655,0.009083044982691104,0.008650519031134386,0.008021390374324613,0.00841459578483072,16.84,779.071201,120.93293,0.2434,0.2863
M9H3-3,0.8803224472922695,0.014882182720132286,0.014882182720132286,0.04392310872261265,0.04599007854485324,0.49480155,0.49736252,0.2886914,0.28869832,0.002739724228233424,0.47154474,0.44879943,0.28657094,0.27230027,-0.1352098433097597,0.4685806,0.44862288,0.27671248,0.28715286,0.00571577088603952,0.48625538,0.49194416,0.28802314,0.2888455,-0.05583819050841599,0.4994245,0.49923822,0.2921515,0.29086342,0.029801436934961307,4.2346577375299495,2.5695128075570954,4.4590805564861835,2.248132689759851,3.0414855644740557,0.8976837691142832,2.9649001096524894,0.8362146735331171,3.8370730839356124,2.0980634281491213,2.4608202050563848,0.9894878173118021,2.114513637362078,1.0211370947618565,2.277513072656319,1.034349384069047,2.4979751370378804,0.9554569548223303,2.335650439006026,0.9597956110580277,0.0031798014662417873,0.012232270455250636,0.019912261033616662,0.025504091389849548,0.034225897263423,0.03863322892532223,0.0436747090277825,0.04841496862097627,0.053744080337548156,0.053812024813322555,0.42639753222465515,0.03595583885908127,0.03241652995347977,0.031346455216407776,0.031228695064783096,0.031000372022390366,0.03080485388636589,0.030781062319874763,0.030764563009142876,0.0304250530898571,0.030372213572263718,0.030125807970762253,0.029761211946606636,0.02949492819607258,0.028899863362312317,0.028340429067611694,0.028043948113918304,0.028001485392451286,0.02797345258295536,0.02786569856107235,0.012089810017260717,0.013241220495095072,0.012953367875636482,0.011550086355775863,0.012305699481854658,0.011442141623478893,0.012197754749557688,0.0125215889464486,0.011550086355775863,0.011981865284963747,0.008707541738622303,0.008923431203216243,0.009283246977539478,0.008563615428893008,0.008923431203216243,0.008131836499705124,0.008203799654569773,0.007843983880246538,0.007929031245086574,0.0081645470246436,16.57,779.924364,121.29083,0.2417,0.2674
M9H3-4,0.8806324927656056,0.013952046300124019,0.015502273666804465,0.04464654816039686,0.04526663910706904,0.49454862,0.4974062,0.28868675,0.28843063,-0.002004131753933352,0.49159893,0.50156933,0.28474042,0.2859825,0.11565526200480827,0.4889431,0.4535028,0.29942885,0.2761494,0.025387561837601578,0.47685185,0.49074072,0.28404275,0.29534253,-0.00489908672673114,0.5005568,0.48142558,0.28935483,0.2900012,-0.0005628417668034165,4.713056344304192,2.757156997747646,4.08226680588655,2.27927570196254,3.095950867629372,0.9069154495499271,3.0192360932529443,0.8749239692747487,4.449974389199281,2.436897346260451,2.3730450440051185,0.9180039723208288,2.239854046772438,0.9726339558745093,2.17930810556891,0.9952970315446787,2.5422934171819787,0.9678554545763429,2.4189302525539125,0.9345124238427779,0.003208688991781616,0.01265764553532203,0.02008708312919631,0.025637310037561215,0.033830392610124736,0.0384237631596501,0.04355536541102271,0.047934823361095974,0.05376106652681843,0.05423719457076022,0.41519102454185486,0.041574545204639435,0.03665345534682274,0.0336092971265316,0.033217813819646835,0.03285748139023781,0.030620604753494263,0.030360260978341103,0.0296308696269989,0.029605068266391754,0.029534008353948593,0.0294109545648098,0.02940758690237999,0.02883860468864441,0.028681548312306404,0.028492683544754982,0.028485869988799095,0.028385741636157036,0.027999287471175194,0.02744329161942005,0.012602212602201691,0.012025012025001613,0.012554112554101686,0.012878787878776728,0.010497835497826409,0.012337662337651656,0.014177489177476903,0.011147186147176497,0.012337662337651656,0.011363636363626525,0.009523809523801278,0.00901875901875121,0.008369408369401123,0.007431457431450998,0.009812409812401317,0.007503607503601006,0.008441558441551133,0.00880230880230118,0.00787091696181924,0.00787091696181924,16.49,782.217752,121.69737,0.2449,0.2746
M9H4-1,0.8704009921455147,0.018396031417941296,0.02128978916907813,0.0444398511781728,0.0454733360892931,0.49587318,0.4943258,0.28848854,0.28916857,0.0068737481315177115,0.4730063,0.489621,0.28032374,0.2807144,-0.08711283877304637,0.47620174,0.5210219,0.3004119,0.28749204,-0.06794558774884368,0.48947817,0.4959401,0.2890903,0.286348,0.00613857330280959,0.477245,0.5137519,0.28788748,0.2837739,-0.06658707180980374,3.694178753812235,1.7220345192370792,3.5551758821958828,1.9524806675950315,3.0032884474237194,0.7931555401518375,3.0034556518003135,0.8351263173021017,3.6248758292332677,2.1042079158147615,2.4544263266855793,1.045834085772033,2.3774394989509817,1.141419120482475,2.1709497724247564,1.086361343708456,2.5579963583473457,1.13862217435128,2.4629739382862383,1.0235784619143138,0.0033064910419408388,0.012476157899924054,0.019900785943837963,0.025734974404164904,0.03402149315801781,0.038485545938195094,0.04334189426572129,0.04805717079543237,0.05410006821691045,0.053908751669188563,0.4409521222114563,0.03624006360769272,0.03218279406428337,0.032148025929927826,0.03105577826499939,0.03086511231958866,0.030759219080209732,0.030594082549214363,0.030359437689185143,0.029888948425650597,0.028364738449454308,0.028319738805294037,0.027936238795518875,0.027874091640114784,0.02762734889984131,0.027394484728574753,0.02736293338239193,0.027005983516573906,0.026605458930134773,0.02646344155073166,0.013379408116239553,0.01213893319155509,0.012659489633163748,0.01305821371609804,0.013357256778298758,0.011961722488028738,0.010267145135558,0.011064593301426583,0.012161084529495884,0.011762360446561593,0.007309941520462006,0.008971291866021554,0.007841573631041062,0.007841573631041062,0.008705475810732026,0.009768740031890136,0.008705475810732026,0.008705475810732026,0.00790198637087959,0.008989415687973113,16.25,769.113267,120.50201,0.2514,0.2672
M9H4-2,0.8708143861099628,0.02066969822240595,0.018602728400165358,0.044749896651508886,0.04516329061595701,0.49075884,0.49625957,0.288731,0.28908333,-0.0010483567533867675,0.5003049,0.47470337,0.2904294,0.27899572,-0.027078440959845032,0.56504065,0.5351224,0.27630317,0.28189504,-0.03445950036360805,0.51864475,0.49003798,0.29449034,0.2876968,-0.033027731372997235,0.49776748,0.485281,0.28031322,0.28693667,0.07072929653210644,3.7355511472275618,1.8803344453705164,3.74164234344953,2.1317966643537916,3.0180184850846334,0.9430031573994236,3.03329822114382,0.8600031012153481,3.8811051652460082,2.1637982106242615,2.4787238456980853,0.9853568372765751,2.2262404746337783,1.101750130066872,2.1380598904275203,0.9284574509789846,2.415750925854945,1.020747393829028,2.3748906715884592,0.9681226696781985,0.0032021575702463603,0.012659014909074657,0.019906616691246336,0.02573578702543267,0.03408121588720944,0.038470581148851754,0.04360413715649185,0.04797212879357547,0.05358367676861886,0.05411801738258594,0.43423035740852356,0.037000447511672974,0.03294377028942108,0.032892003655433655,0.03266952559351921,0.031145449727773666,0.03083040751516819,0.03072834014892578,0.02953733690083027,0.029368465766310692,0.02843071147799492,0.028209682554006577,0.028180889785289764,0.02805018611252308,0.028026944026350975,0.02801165170967579,0.027661588042974472,0.027608660981059074,0.02723860926926136,0.027234945446252823,0.010755555555546952,0.01119999999999104,0.0109999999999912,0.01189999999999048,0.01229999999999016,0.01189999999999048,0.012699999999989841,0.01409999999998872,0.0129999999999896,0.01339999999998928,0.008733333333326347,0.00779999999999376,0.008266666666660054,0.009466666666659095,0.009333333333325866,0.00859999999999312,0.007866666666660374,0.008333333333326667,0.008363636363629674,0.007927272727266385,16.12,769.422244,119.92652,0.2566,0.2593
M9H4-3,0.8706076891277388,0.020463001240181893,0.019016122364613478,0.04226953286482017,0.04764365440264572,0.49452204,0.49517217,0.28817022,0.28918055,0.002033012159489893,0.48940626,0.52328366,0.2898781,0.28198683,-0.04447776296890591,0.4927757,0.51390934,0.28001833,0.2826253,-0.07601201548688497,0.4899219,0.4989018,0.2952537,0.28200048,0.006889691866269988,0.4884927,0.48470533,0.29426834,0.2892657,0.0044296473533264975,3.4998085938763293,1.773493501586285,3.898487236691914,2.0490330392126497,3.0987367181514087,0.922037683593541,2.959205006287997,0.8358451914812393,3.633596221127538,1.857012022934377,2.521949973472684,1.0266010644074666,2.169158061270064,0.9384092343352574,2.2297159478861963,1.0915174162617984,2.316430480313211,0.8297575886744661,2.3875813380797726,0.9414098045314133,0.003276876539087201,0.012181856883686507,0.020067451320417207,0.02526397603466693,0.033973671722586425,0.03857262538739594,0.043439119031856786,0.048057601162334276,0.053830215613789444,0.05466993963751262,0.4299294352531433,0.03791094943881035,0.03332125395536423,0.03182278200984001,0.03157863765954971,0.031071774661540985,0.030890105292201042,0.03051268495619297,0.029467469081282616,0.02942756377160549,0.029271017760038376,0.028693655505776405,0.028634551912546158,0.02861909195780754,0.028391078114509583,0.02834106795489788,0.028338082134723663,0.028151053935289383,0.027835341170430183,0.02779247798025608,0.012602058927927458,0.012602058927927458,0.012080670926507922,0.01267971246005377,0.011880990415325974,0.0113817891373711,0.01248003194887182,0.011281948881780126,0.011980830670916948,0.01287939297123572,0.008053780617671948,0.00812034078806593,0.008453141640035848,0.00812034078806593,0.008852502662399746,0.009251863684763644,0.008386581469641864,0.00898562300318771,0.008350275922154237,0.008132442637228473,16.0,770.15624,121.52358,0.2575,0.2627
M9H4-4,0.8704009921455147,0.019946258784621744,0.019739561802397686,0.0444398511781728,0.0454733360892931,0.49428615,0.49574462,0.28818572,0.2889454,-0.0021423401855087897,0.47169214,0.49358916,0.29656178,0.2739833,0.049935624836860815,0.4933597,0.5149969,0.28156614,0.27468422,0.13620056523280985,0.4875213,0.50577456,0.29271942,0.29096246,-0.004191100623754482,0.5027716,0.47892913,0.29251385,0.29226956,-0.027999723349197012,3.545011169844534,1.892922310353756,3.5289679479694476,1.8166760646232407,3.0281082675545288,0.8298794218750281,3.05342827609942,0.8656229175823607,3.5365016245010783,1.66366092064007,2.4728365368256244,0.9517378056698647,2.082250530199052,0.9024919926754364,2.215779975610987,1.1400627980295688,2.4009580545884406,0.948852931742047,2.3843043793500027,0.951730161879408,0.0033476497116216573,0.012494116222429253,0.019613242942884877,0.025378856681920543,0.03380462147534868,0.03868156507506822,0.04370889900605663,0.04782021910113456,0.054009660137382544,0.05447450297948637,0.4450354278087616,0.03387346491217613,0.031146230176091194,0.030973222106695175,0.030030712485313416,0.029963377863168716,0.029926711693406105,0.029375815764069557,0.029174067080020905,0.028694814071059227,0.028660394251346588,0.028556199744343758,0.02854098379611969,0.028439367190003395,0.028103990480303764,0.028075871989130974,0.027976857498288155,0.027919823303818703,0.02787265181541443,0.027659988030791283,0.012759170653897322,0.012404749246844617,0.012559808612430176,0.011263955342893728,0.012460127591696603,0.012559808612430176,0.011263955342893728,0.012061403508762312,0.01166267942582802,0.012858851674630894,0.008306751727797735,0.008040935672508208,0.009104199893666317,0.008705475810732026,0.00850611376926488,0.008040935672508208,0.008306751727797735,0.0091706539074887,0.008264462809910765,0.008264462809910765,16.08,772.711551,120.78166,0.2517,0.2543
M9H5-1,0.860892930963208,0.025217031831335262,0.023976849937990905,0.04526663910706904,0.04464654816039686,0.49397856,0.4960038,0.28840813,0.28891295,0.00033539255051752344,0.479958,0.46568492,0.2915144,0.28141075,0.05973893095089896,0.47135198,0.47662187,0.28656828,0.27838543,-0.0788478847178088,0.51233435,0.51671696,0.29048842,0.28643578,-0.050893514450112094,0.49373305,0.4971359,0.28974998,0.29355282,0.0411991486386036,3.1812517422724262,1.6775170883769996,3.2717381522401605,1.811849449786979,3.0080689759579684,0.8703201186566569,2.9875275595846253,0.771694508245114,3.437769429685639,1.7348228153842955,2.4595384323707243,0.936429499689155,2.2839186521023467,1.168624321026118,2.295035862142193,1.1025284632021504,2.4049459912435167,1.0174479330379118,2.516619089362611,1.0948021873267044,0.0033172711133654578,0.012518387014963226,0.019727787640544427,0.025743511708512974,0.0340806492518387,0.03886380928227238,0.043425479753149046,0.04790937526418125,0.053524389212951225,0.05422267309155465,0.4414325952529907,0.033126696944236755,0.03289037570357323,0.03188981115818024,0.031048253178596497,0.030786989256739616,0.030440909788012505,0.03017900511622429,0.029689963907003403,0.029524438083171844,0.02946760691702366,0.028170572593808174,0.028056621551513672,0.028050562366843224,0.02804608829319477,0.027767857536673546,0.027453014627099037,0.027331518009305,0.027331518009305,0.02731551229953766,0.012464916625382847,0.012464916625382847,0.011608469539367304,0.011701337295682243,0.01300148588409138,0.012630014858831628,0.011051263001477674,0.012630014858831628,0.011422734026737427,0.012908618127776442,0.007862803367998121,0.009039128281320674,0.009039128281320674,0.007986627043084706,0.008543833580974335,0.00916295195640726,0.007924715205541413,0.008296186230801167,0.008577603674179767,0.00830744292853631,15.71,761.191546,118.49209,0.2496,0.2815
M9H5-2,0.8606862339809839,0.024080198429102934,0.02532038032244729,0.04692021496486151,0.04299297230260438,0.49308094,0.49562636,0.2897309,0.2880551,-0.005532381695889366,0.5149691,0.5057831,0.27577862,0.28287712,0.03762752130262261,0.4944749,0.50608784,0.2850088,0.29431367,0.0014369396203070088,0.5005104,0.48572016,0.28778458,0.2923779,0.02055048490582028,0.49100024,0.49775913,0.27636513,0.29612753,0.06837094606422693,3.2753301086653814,1.6331143452550236,3.062943980271563,1.5406090401313777,3.000686797621238,0.8856777055386478,3.1737142908774327,0.9693073973975351,3.1881036275683505,1.590997872356405,2.3910595104630357,1.0252193720233282,2.215484046635573,1.0509547923597624,2.166188932943582,1.0582392946550092,2.519545030157841,1.0836705313880055,2.4793011813512646,1.0101814357864094,0.003291873343469844,0.012439658682087457,0.01960168498716319,0.02556228553387007,0.034384373156526,0.038709838231262,0.043814651412049155,0.048332876359497165,0.05330641342007528,0.05388967820733318,0.4440176486968994,0.03254000097513199,0.03153792396187782,0.031168552115559578,0.030765866860747337,0.030337724834680557,0.02967473492026329,0.02925810031592846,0.029245702549815178,0.029046718031167984,0.02887233905494213,0.028766993433237076,0.028619198128581047,0.028219975531101227,0.028155924752354622,0.02810811623930931,0.028083419427275658,0.0279510747641325,0.027894586324691772,0.027735449373722076,0.011045169798870805,0.01178700956148153,0.01186943620177161,0.012147626112750632,0.012704005934708676,0.01316765578634038,0.013538575667645743,0.012425816023729655,0.012518545994055994,0.010942136498508203,0.008469337289805784,0.008222057368935543,0.009334817012851632,0.008531157270023345,0.008098417408500421,0.007789317507412619,0.008036597428282862,0.008716617210676026,0.008699757216071236,0.008902077151328708,16.02,759.224424,120.67112,0.2632,0.268
M9H5-3,0.8607895824720959,0.023563455973542785,0.02573377428689541,0.044749896651508886,0.04516329061595701,0.49168643,0.4948648,0.28802007,0.28922448,0.007412031630382197,0.52187634,0.5252007,0.30231842,0.2848657,-0.08064143986674788,0.5122441,0.49523517,0.28311384,0.27370882,-0.13363359046725748,0.492114,0.505578,0.29252735,0.2873636,0.04368414415755655,0.5128649,0.48809293,0.29084268,0.288466,-0.07368517321337312,3.436380158562694,1.8180556904440337,3.2103369875667727,1.6763657983013467,3.0461402897074703,0.8666328115811862,3.060511721287642,0.8725906582987236,3.3912476114683767,2.2535276803560853,2.4487192490367478,1.0235397835549505,2.1328800479392678,1.1117150805853238,2.1991283871118066,1.035115867469618,2.472503074602952,1.0370552377570215,2.3744408000883026,0.968033379381401,0.0033476490488827666,0.012276401353240282,0.02010952872934519,0.025415459622254184,0.03388671677167109,0.038635550243434694,0.04366293242577099,0.04785635665039267,0.05370419139841582,0.054438547089925654,0.44947871565818787,0.036031417548656464,0.03207782283425331,0.030873889103531837,0.030290164053440094,0.029855484142899513,0.0290941521525383,0.029019532725214958,0.02884170413017273,0.028711827471852303,0.02869870699942112,0.028507335111498833,0.028362451121211052,0.027812501415610313,0.027767661958932877,0.02721734717488289,0.027112264186143875,0.02690214291214943,0.02680659294128418,0.026538308709859848,0.011053369627971668,0.011960735791461879,0.012991833704518937,0.010857461024490827,0.012063845582767584,0.011785449146242178,0.012063845582767584,0.012527839643643261,0.012899034892343801,0.013919821826270289,0.00847562484532902,0.007671368473144515,0.007980697847061633,0.008537490720112444,0.008104429596628479,0.009403612967080373,0.009279881217513527,0.008661222469679292,0.008638725787939864,0.007963825335757062,16.6,763.075003,119.00731,0.2495,0.2624
M9H5-4,0.860892930963208,0.025217031831335262,0.023976849937990905,0.04619677552707731,0.04371641174038859,0.49428892,0.49594074,0.28839085,0.28891942,0.0019789770700490493,0.48005798,0.5058002,0.2859589,0.27935812,-0.015900596190680714,0.5273339,0.48641145,0.28825417,0.30082557,0.09391193200184,0.49939978,0.49234062,0.28723776,0.28999007,0.010470250442230405,0.47013202,0.49521178,0.2947291,0.28039068,-0.09251567851467475,2.970375386307583,1.6683607048439069,3.286872546372027,1.8401423956638956,2.9218954287473093,0.7504653519018544,3.076253157190463,0.8308614899465366,3.3150833199435192,1.7537948432824344,2.4451340782994215,0.9963085940353404,2.1978290817987,0.9307355363771674,2.1579710924110977,0.9414160677372766,2.465815032823517,1.007265511227529,2.580798142912833,1.0988584504309606,0.003333468840196756,0.012505589658116184,0.02007872948764855,0.02575985473664241,0.0341629741046384,0.03848056154044203,0.04333340108676504,0.047996531024296386,0.053552312424624306,0.054129910429963284,0.4548591375350952,0.032262202352285385,0.031652841717004776,0.030391911044716835,0.02982298657298088,0.029716266319155693,0.02904808521270752,0.028989342972636223,0.028701134026050568,0.028568515554070473,0.028075262904167175,0.028074078261852264,0.028074078261852264,0.027952535077929497,0.027476638555526733,0.0274245273321867,0.027362126857042313,0.027308939024806023,0.027146177366375923,0.02709328755736351,0.011969621925036509,0.013290407792626744,0.011515601783052366,0.012072808320941996,0.013465824665666074,0.011515601783052366,0.01132986627042249,0.011979940564627058,0.012630014858831628,0.012072808320941996,0.008420009905887751,0.008853392768690797,0.00811045071817129,0.008481921743431044,0.008420009905887751,0.00891530460623409,0.00811045071817129,0.009348687469037137,0.007902201810071126,0.008104822369303717,15.98,754.289932,120.53501,0.2639,0.2803
M9H6-1,0.850661430343117,0.029040926002480365,0.03038445638693675,0.04681686647374948,0.04309632079371641,0.49554184,0.4954142,0.28869092,0.2885432,0.0003784528930563394,0.474872,0.4954762,0.29935363,0.29380807,-0.06385856501086945,0.49340466,0.48613513,0.28542292,0.29186717,0.06509692242449247,0.49022776,0.5146855,0.28603202,0.28745818,0.042949744728181326,0.4787097,0.48906636,0.2847068,0.2857208,-0.05555410337744606,3.130897480766169,1.6814797659699088,2.885936945284918,1.5423524049440958,2.9779765917487615,0.7828739503182742,3.1195897621801723,1.0164387464540017,3.136131577251667,1.5865030404713254,2.503794634468676,0.9608242539149429,2.237954879210067,1.0480074066800062,2.173893751616942,0.9752213620405036,2.4580334843294516,0.9630468031291413,2.4687984530093843,1.0304208316269141,0.003334622642615188,0.012453555563369552,0.019994549738035796,0.025573742630425354,0.03370225160284586,0.03850785892612258,0.043599165465264836,0.04791688643529425,0.054060152138495264,0.054190548190864656,0.4529297947883606,0.0312875472009182,0.030962400138378143,0.029988253489136696,0.029750756919384003,0.029572434723377228,0.029350243508815765,0.02919471636414528,0.02904108166694641,0.02902369014918804,0.02894514799118042,0.028437238186597824,0.028159208595752716,0.027924325317144394,0.027856316417455673,0.027847111225128174,0.027694182470440865,0.027528753504157066,0.027377178892493248,0.027129625901579857,0.012918108419829585,0.012533640907334656,0.011591695501722081,0.012370242214524312,0.013062283737015182,0.012802768166081106,0.011937716262967517,0.011159169550165288,0.01167820069203344,0.0117647058823448,0.008881199538632839,0.007900807381770772,0.008362168396764687,0.008362168396764687,0.008996539792381318,0.00732410611302838,0.008708189158010122,0.00951557093424947,0.008556149732614399,0.008115759672847481,15.62,747.531665,117.58438,0.2629,0.271
M9H6-2,0.8511781727986771,0.03059115336916081,0.028317486564696154,0.04526663910706904,0.04464654816039686,0.494591,0.49553734,0.28851902,0.28827292,-0.002457654901855848,0.46992418,0.4851695,0.2850487,0.30711928,0.02693090475255672,0.4943475,0.47485465,0.29466987,0.2847364,0.04601637319460078,0.4951554,0.51068026,0.28594568,0.29050466,-0.010193704599738833,0.49565268,0.5054536,0.2918284,0.28244913,0.005947249758796761,2.80246082263048,1.4097622330866681,3.1800493470991977,1.5116535214764228,3.086647120115851,0.8480476981551677,3.0270218297613156,0.9386800965344575,3.144308289124067,1.609247257041948,2.300899100482245,0.8851926525354225,2.2790539518286956,1.0913515564606768,2.2093085541313275,1.06981454369326,2.44294843670269,0.9528459184836804,2.4435267460012366,1.0008894950505962,0.0033150224900065106,0.012449585584941306,0.01992440258825037,0.025469802007488225,0.034090350379253474,0.03875968992248062,0.04325173163365798,0.0479523590295998,0.05395962675081609,0.05416076294683896,0.4539872109889984,0.0335250198841095,0.033458247780799866,0.03115878812968731,0.03017774410545826,0.0299385879188776,0.028745904564857483,0.028709201142191887,0.02868562750518322,0.028222884982824326,0.02775789052248001,0.027730759233236313,0.027588775381445885,0.027412837371230125,0.027346264570951462,0.02733699232339859,0.027322378009557724,0.02728067710995674,0.027051789686083794,0.026562385261058807,0.012885802469126855,0.01195987654320157,0.012152777777769339,0.012239583333324833,0.012152777777769339,0.012934027777768796,0.012065972222213844,0.011284722222214386,0.011631944444436366,0.012586805555546815,0.008506944444438537,0.008391203703697878,0.008680555555549528,0.008796296296290187,0.008217592592586887,0.007928240740735235,0.008796296296290187,0.007812499999994575,0.008712121212115162,0.00896464646464024,15.27,748.165619,117.65237,0.2462,0.2607
M9H6-3,0.850971475816453,0.0298677139313766,0.029247622984704423,0.0454733360892931,0.0444398511781728,0.493193,0.49449575,0.28891984,0.28824887,-3.48318208082563e-06,0.5139674,0.50577676,0.28993058,0.30277437,-0.030584123326442423,0.48668447,0.51455355,0.29304147,0.28300864,0.06996860908801035,0.49027163,0.49842066,0.28397462,0.28478426,-0.011206363727943619,0.5024674,0.49820656,0.2837972,0.29389536,-0.013856463307508322,3.024657453035207,1.430111505476462,2.981690420895272,1.5363611639739936,3.040704947852006,0.855211171220919,3.003713694329472,0.7871242008818381,3.0179376836228746,1.5201109363715084,2.4066495296493926,0.9414025353056363,2.172520717795831,1.0456110747669156,2.2140713074102045,1.0545247845931558,2.534268683474639,0.9811428288279066,2.4817035441502266,0.9967046935902987,0.003334115573817673,0.012647205113786473,0.019942704574335723,0.025777037847156115,0.03416472213489663,0.038819790979438884,0.04335530986316695,0.04783621950553545,0.05354952689209952,0.0539067008490999,0.45951324701309204,0.03241311013698578,0.031130941584706306,0.029773473739624023,0.029741814360022545,0.029716962948441505,0.029549870640039444,0.029357189312577248,0.02867974527180195,0.028185537084937096,0.02784215845167637,0.0275140218436718,0.0274653322994709,0.02736477553844452,0.027274738997220993,0.02720795013010502,0.026979856193065643,0.02691139467060566,0.026837168261408806,0.02654079534113407,0.012097395592532834,0.011789181692086138,0.011702496532585505,0.011789181692086138,0.011875866851586772,0.013522884882098806,0.012309292649089938,0.011875866851586772,0.013436199722598172,0.01161581137308487,0.008668515950063337,0.00861072584372958,0.007281553398053203,0.007917244567724514,0.008841886269064604,0.00809061488672578,0.009304207119734648,0.008263985205727048,0.009204387845158162,0.008636994073881289,15.29,746.937733,119.59563,0.2877,0.2964
M9H6-4,0.8511781727986771,0.03028110789582472,0.028627532038032245,0.04257957833815626,0.047333608929309635,0.49537277,0.4957226,0.28822967,0.2885308,0.0010416912306912473,0.48834595,0.48172036,0.28879535,0.29751194,-0.0643294432141315,0.46988642,0.48754817,0.30552715,0.27996215,0.057088434683079,0.48191452,0.50841284,0.28398255,0.2894963,-0.030724014751559406,0.49632546,0.4990563,0.2889066,0.2892039,0.015047332779741183,2.8642275695019936,1.51813466244365,3.010248267490749,1.6143962971247265,3.1491716893943478,0.971786065013305,2.9442420801634492,0.7487965112874142,3.0876951581494767,1.49695779420932,2.5484160973750214,0.9637341883352203,2.159996287859618,1.0771975691513476,2.4250786976562444,1.0930716282760813,2.5480110981681214,1.0486644865470267,2.2837694857946715,0.9618594672727754,0.0033601578721886107,0.012494234291523177,0.01997584746584984,0.025478087322307955,0.03386728645233905,0.03850075159461957,0.04370742891945025,0.04777514557947423,0.053847612138365065,0.054326781697215595,0.4591308832168579,0.03219318389892578,0.03044014610350132,0.029661303386092186,0.029341179877519608,0.029294097796082497,0.029171058908104897,0.029060035943984985,0.028647644445300102,0.028336135670542717,0.028273357078433037,0.027860350906848907,0.027573030441999435,0.027477143332362175,0.027452195063233376,0.0274484995752573,0.027399970218539238,0.027165934443473816,0.02713346853852272,0.026940369978547096,0.013040123456781069,0.012191358024682892,0.013541666666657263,0.011892361111102853,0.01249999999999132,0.011545138888880872,0.011979166666658348,0.011284722222214386,0.01119791666665889,0.012673611111102311,0.008854166666660519,0.008159722222216555,0.008217592592586887,0.008159722222216555,0.008564814814808867,0.008854166666660519,0.008912037037030848,0.008275462962957216,0.008143939393933737,0.008585858585852623,15.83,744.125879,118.45515,0.274,0.2785
M9H7-1,0.8412567176519223,0.03255477470028938,0.03627532038032245,0.04785035138486978,0.042062835882596114,0.49358332,0.49544933,0.289099,0.28840432,0.0001582335774563717,0.4994967,0.47489908,0.28035605,0.28969163,0.020374144662268587,0.5037176,0.5041045,0.28451884,0.28594783,0.01650006211134784,0.48417002,0.4995241,0.29420492,0.29425204,0.009074106512419909,0.49856177,0.5067047,0.2827606,0.28806308,-0.04404378825490679,2.829440857845794,1.5707578759849434,2.688538271644902,1.3742529165731325,2.9418575370985685,0.851823820428365,3.079112568493005,0.7996617478293728,2.8022152751893645,1.3516488563456386,2.372343987854266,0.9614390025751356,2.355807959817737,1.2277262372378657,2.1131152061481955,1.0332026220973325,2.5008907845946213,1.0724288732070317,2.5892983455237775,1.2018993949668204,0.0033998912968749794,0.012533288710570795,0.019753355463110335,0.025743701899191472,0.03408971510182162,0.038446920315939534,0.04359669843444151,0.047825483488929274,0.05383788187161356,0.05410639675084024,0.4583655893802643,0.03521471098065376,0.03096076101064682,0.030721107497811317,0.03030533343553543,0.028819506987929344,0.028597122058272362,0.028527675196528435,0.02843388356268406,0.02837180718779564,0.028169814497232437,0.02813570387661457,0.02749009057879448,0.027333926409482956,0.027063965797424316,0.026976147666573524,0.02688666246831417,0.02685478702187538,0.026417354121804237,0.026354029774665833,0.011646412037029454,0.011284722222214875,0.013102213541658136,0.013102213541658136,0.012532552083325174,0.011962890624992211,0.012125651041658773,0.012125651041658773,0.01180013020832565,0.012451171874991894,0.008355034722216784,0.008300781249994596,0.007975260416661474,0.009006076388883026,0.009440104166660522,0.00770399305555054,0.008463541666661157,0.00770399305555054,0.008937026515145696,0.008937026515145696,15.65,735.970943,117.84326,0.2571,0.2817
M9H7-2,0.8414634146341463,0.036688714344770564,0.031934683753617195,0.043819760231500623,0.04609342703596527,0.494885,0.4964247,0.28864294,0.2893957,-0.00035751512881232564,0.47475094,0.501671,0.29617694,0.28482085,-0.010774459181913538,0.4979083,0.47432944,0.27378675,0.27757373,-0.005450874278394412,0.49168777,0.47911337,0.29096174,0.289475,0.058792733447192554,0.49053922,0.5096527,0.29002863,0.28366163,-0.036497447935218925,2.628551353385916,1.3892999684486356,2.8688538653051046,1.535797598408724,3.0051975799644515,0.8137467245961101,3.041707729462037,0.8358748317007791,3.2495281009765145,1.6422256693685497,2.4639195404543544,0.9955261569406996,2.1963360304576387,1.0674681836025481,2.238307448355886,1.1726436096457342,2.4446009166865754,0.9542838936715421,2.4433281940466713,1.0242144603084524,0.0033364777928986764,0.012479896078188791,0.01982169367808982,0.02571755536310776,0.03393052290816116,0.0386059734422038,0.04356107468349211,0.047905325992824446,0.053780568270856526,0.054194245123510246,0.46217915415763855,0.03221260756254196,0.03073134832084179,0.03058372065424919,0.030277946963906288,0.029260855168104172,0.02922447957098484,0.028837647289037704,0.028558040037751198,0.0283795278519392,0.027493420988321304,0.02745273895561695,0.02725108340382576,0.027200493961572647,0.027116628363728523,0.02700558304786682,0.026872025802731514,0.026581432670354843,0.026554245501756668,0.026227038353681564,0.012168622338105933,0.012820512820504464,0.013119295958270457,0.011326597131674493,0.011815514993473393,0.013200782268570273,0.011571056062573944,0.011815514993473393,0.01214146023467266,0.011897001303773209,0.008474576271180916,0.00814863102998165,0.008257279443714738,0.009180790960445993,0.008746197305513638,0.008909169926113271,0.008202955236848195,0.008691873098647093,0.008770890126816613,0.00728932084863813,14.96,731.281731,116.98433,0.2519,0.2568
M9H7-3,0.8417734601074824,0.033691608102521704,0.034621744522529974,0.04609342703596527,0.043819760231500623,0.4935199,0.49662578,0.28870946,0.2878837,0.0026143260492107307,0.511634,0.48744413,0.27246052,0.29510206,-0.06693871729905751,0.49493995,0.49400455,0.29670617,0.29756784,-0.014002405317124107,0.48887128,0.48417193,0.29074746,0.28480202,-0.009632549058005466,0.4920904,0.49916053,0.29053867,0.29508027,0.02153021089398782,2.8671047234321847,1.5250320569783138,2.7927077354113905,1.448893014428585,2.9915452584581392,0.867439155543326,3.025485900102802,0.857663110828119,2.8446946490165708,1.3644413083448619,2.39425771335466,0.9304243715875938,2.111072109357593,0.9722217030544167,2.209423045504776,0.995033465285051,2.4691884441694025,0.9503201708794177,2.4200985593716875,0.9349142564764733,0.0034849332164637974,0.012663951168629254,0.02020230063762644,0.025987607069813682,0.034124846807042315,0.038556370381240594,0.04336071306281473,0.04761772556547537,0.053428151015535455,0.0539067344086917,0.45453980565071106,0.03626374155282974,0.03235410898923874,0.03159194439649582,0.030653009191155434,0.02969772182404995,0.029686400666832924,0.029027193784713745,0.02820701152086258,0.028144871816039085,0.02814461477100849,0.028085336089134216,0.02764354832470417,0.027534663677215576,0.02721468359231949,0.02706802450120449,0.026188082993030548,0.026058485731482506,0.026051770895719528,0.025844929739832878,0.010813556861884222,0.013208505697066632,0.012573481384707659,0.012573481384707659,0.01224689745263733,0.012328543435654912,0.011185499673408763,0.011675375571514256,0.013145003265830735,0.01224689745263733,0.009253211408659315,0.00827345961244833,0.008708904855208768,0.00805573699106811,0.008708904855208768,0.008545612889173604,0.007783583714342837,0.008110167646413166,0.00860994002730867,0.008728697820788788,15.13,738.75571,118.21353,0.2754,0.2782
M9H7-4,0.8417734601074824,0.03420835055808185,0.03410500206696982,0.0444398511781728,0.0454733360892931,0.49375498,0.49473214,0.28783944,0.28883484,-0.0010139697888058058,0.50847393,0.49206308,0.2904795,0.27918294,0.006546736099675519,0.49116775,0.5139189,0.29157674,0.28482792,0.04007251824234726,0.48321044,0.4921758,0.28732267,0.28927597,-0.016975926591886473,0.4981707,0.50751156,0.30065933,0.29400137,0.00035473877470697793,2.889169383183841,1.4142603365159785,2.952068266498639,1.4451031980318996,3.0911886232308,0.8628747855908592,2.9619158403044143,0.797587276757034,2.752809042939371,1.2886865670035033,2.436144789801187,0.9206931652370713,2.237941227129958,0.9634183697390922,2.1696945112341046,1.0098011958763606,2.4861607350284256,1.009457675983952,2.351164401053597,0.9375514404043808,0.0034526461275105206,0.01268168264405698,0.020229235656945715,0.025909352872831054,0.03402795087166786,0.03848289304841749,0.04348118518870201,0.0477277552920572,0.05342369823503579,0.053916933396108715,0.4585232734680176,0.03385842591524124,0.032729245722293854,0.0314321294426918,0.03033905290067196,0.030079461634159088,0.028902458027005196,0.028879933059215546,0.028587881475687027,0.02850455604493618,0.028220659121870995,0.028120307251811028,0.027251318097114563,0.026566551998257637,0.026518870145082474,0.026498490944504738,0.02642063796520233,0.026363402605056763,0.026109114289283752,0.026094237342476845,0.012047318383038795,0.013063357282813153,0.012165251469619748,0.013145003265830735,0.010450685826250522,0.012083605486602166,0.010532331809268105,0.012328543435654912,0.01298171129979557,0.013063357282813153,0.007838014369687892,0.00838232092313844,0.008926627476588987,0.008110167646413166,0.008164598301758221,0.008763335510553824,0.008708904855208768,0.008654474199863713,0.008728697820788788,0.008491182233828548,14.77,740.898627,119.04588,0.2795,0.2877
M9H8-1,0.8318520049607275,0.038238941711451015,0.03999586606035552,0.04330301777594047,0.046610169491525424,0.4929108,0.4953421,0.28863865,0.2886149,-0.0016382136926319393,0.5174357,0.49974808,0.28814647,0.2921013,0.005869707451424197,0.47044182,0.50157666,0.282788,0.28389892,-0.004432328176608849,0.5042785,0.5022653,0.2928123,0.2898509,0.024905318656056892,0.50278515,0.4889699,0.28848267,0.28944272,0.004816562187499332,2.670681183614091,1.2850080930770131,2.6051370446233997,1.3530824210529022,3.068152621242887,0.9252725167379444,2.9981812556997047,0.7821739422475213,2.6494917326063496,1.3240719511505323,2.376925810730928,0.9480887821980428,2.207137162200465,1.0021083888030051,2.2046778757445167,1.0203941639054797,2.354258025364621,0.9206791126984744,2.402120320681542,0.9737530761308522,0.0035151586867924003,0.012553640973524939,0.019879788533621972,0.025819594631436193,0.03422929275703293,0.038534492059569755,0.04367265635785476,0.04800801873823205,0.053504659615467166,0.05361603097980118,0.4646950662136078,0.03376542031764984,0.032741013914346695,0.03161536157131195,0.031605929136276245,0.031148027628660202,0.02989431656897068,0.028771275654435158,0.028277279809117317,0.028238259255886078,0.027840400114655495,0.02653280645608902,0.026517899706959724,0.026095272973179817,0.025977453216910362,0.02561408467590809,0.025331513956189156,0.025203652679920197,0.025152336806058884,0.024982573464512825,0.011609642832745716,0.012224270982714606,0.01306084818683893,0.01075599262445559,0.012369391518123928,0.012676705593108373,0.011754763368155037,0.012138905961885594,0.012753534111854484,0.012676705593108373,0.00845113706207225,0.007887727924600766,0.00906576521204114,0.008348699037077434,0.008912108174548917,0.008143822987087804,0.00865601311206188,0.007426756812124098,0.008828295245007705,0.009107671676811747,14.47,724.621775,116.66482,0.2552,0.2712
M9H8-2,0.8323687474162877,0.03885903265812319,0.03885903265812319,0.04536998759818107,0.04454319966928483,0.4936011,0.4960889,0.28873897,0.28814146,-0.0025950472358298726,0.48196682,0.532546,0.2885535,0.29016635,0.004586963504310905,0.5070706,0.47766408,0.28208914,0.29592842,0.0069855475107772165,0.4820268,0.4846145,0.28740674,0.28519487,-0.0012367930230786463,0.510554,0.48472217,0.29283625,0.2912338,0.046148737017870534,2.6467930717076364,1.3187749188638234,2.776341288795214,1.3485268973260347,3.0329004871808434,0.8012872967275377,2.988707628549323,0.9254673522603623,2.5770402309253377,1.2694578459564412,2.429894924121293,0.9972696866657199,2.3001887228635867,1.0412165188908515,2.195322254669537,1.0286980959546617,2.461875298194584,1.0341610924200815,2.424208423840785,0.9920994676796616,0.003478468630537441,0.012483837418484372,0.02032971666291882,0.025958511355970316,0.033949619593733604,0.03869415710966194,0.043435181020912976,0.04786700772056068,0.05344544074657072,0.05369139307398246,0.4742600619792938,0.03258340433239937,0.029993001371622086,0.029727347195148468,0.02853912115097046,0.028236733749508858,0.02816339209675789,0.028161155059933662,0.02780931070446968,0.02775019407272339,0.027416035532951355,0.027349097654223442,0.02704777382314205,0.026777293533086777,0.026627343147993088,0.026443127542734146,0.025812571868300438,0.02579956315457821,0.025761151686310768,0.025742391124367714,0.012467461296060267,0.011713933415529154,0.011405672009857332,0.012253390875454838,0.012869913686798478,0.012715782983962568,0.011328606658439377,0.013101109741052342,0.012099260172618928,0.012022194821200973,0.008271681052193832,0.009093711467318685,0.008477188655975045,0.008579942457865652,0.008579942457865652,0.008168927250303226,0.008014796547467316,0.007963419646522012,0.008182939132379217,0.009472032283370463,14.89,736.048447,118.60733,0.2974,0.3037
M9H8-3,0.8317486564696155,0.03968582058701943,0.03865233567589913,0.04433650268706077,0.045576684580405126,0.4925826,0.49422324,0.28857416,0.28815356,0.0033547491891927476,0.5046685,0.51933265,0.28716502,0.3071984,-0.045943963802153355,0.49602193,0.50086105,0.29148227,0.29049915,-0.026132326475212925,0.49439994,0.49273044,0.29193372,0.27950212,0.021334188282900388,0.50633264,0.5019601,0.28525364,0.2875054,-0.020988343235800053,2.637126016089036,1.3905348642158177,2.5979204273418586,1.333246946786054,3.01895761512127,0.8236720892698066,2.9973789779099476,0.7938713588729909,2.6917186785270943,1.231938062161278,2.4980643538753218,0.9266244208042472,2.168615815995863,1.0334112327364797,2.1991169599502136,0.9936870776175146,2.4666859675054176,0.9021397118168553,2.4377002343541756,0.9408099674936619,0.003436258734162535,0.012500652344089763,0.01995187150271085,0.025756284248064712,0.034181670580731204,0.03872546461395726,0.04361949494070917,0.048003247223913484,0.05362210431706822,0.05353628482792613,0.4626336395740509,0.03253661468625069,0.03224220499396324,0.029978252947330475,0.029784634709358215,0.029238834977149963,0.029228484258055687,0.029009953141212463,0.02821982093155384,0.02793935127556324,0.027735715731978416,0.027618655934929848,0.027241786941885948,0.026969654485583305,0.026932409033179283,0.026901423931121826,0.026840250939130783,0.026826361194252968,0.026082349941134453,0.02603955566883087,0.012216762216754712,0.011193011193004317,0.013052825552817535,0.011363636363629383,0.011977886977879621,0.011593980343973222,0.012976044226036255,0.012361793611786019,0.012822481572473697,0.012515356265348578,0.00819000819000316,0.008241195741190678,0.008241195741190678,0.008497133497128278,0.008292383292378198,0.008701883701878356,0.007934070434065561,0.008445945945940758,0.00977216886307195,0.008543667634571477,14.38,726.83328,119.78534,0.3058,0.3141
M9H8-4,0.8315419594873915,0.038032244729226956,0.04051260851591567,0.04423315419594874,0.045680033071517155,0.49508163,0.49467364,0.28934556,0.2887613,0.0021079132166470583,0.48677757,0.49143332,0.28739253,0.2892746,-0.037744479049392134,0.4851916,0.5156304,0.281821,0.28715327,-0.02767239953903705,0.50039893,0.49334708,0.28588888,0.2877143,-0.025860012049077497,0.47980356,0.5039114,0.28507343,0.28785795,0.04549809802910459,2.6538306009327273,1.3585912181648974,2.6079043744817376,1.3092520368546297,3.1543994618917695,0.9098359291622224,2.9562400476348154,0.9089860507667944,2.5615853350575715,1.3626293817790505,2.5048575757624074,1.0347933227451034,2.263632240564438,1.0495296840671502,2.2314426963149816,1.0315187055993222,2.5886121561055555,1.078834103850028,2.4681407087201084,0.9926652233743852,0.0033388448235923737,0.012382025010526604,0.019752359499789467,0.025642693395682783,0.034020615027540335,0.03838530451839502,0.04355903057108396,0.04781531600922461,0.054091340113721555,0.05434580436377662,0.4693867266178131,0.03502339497208595,0.030370907858014107,0.030199822038412094,0.029273515567183495,0.029273515567183495,0.028383031487464905,0.027727428823709488,0.027727428823709488,0.027563076466321945,0.02739182859659195,0.02735663577914238,0.026826903223991394,0.026589158922433853,0.026345327496528625,0.026300104334950447,0.02628180757164955,0.026053518056869507,0.026036716997623444,0.025889160111546516,0.011383776414444277,0.013224267211989162,0.01211656441717048,0.013957055214715363,0.01157975460121989,0.012499999999992331,0.012806748466249811,0.01111963190183367,0.01173312883434863,0.01150306748465552,0.008384458077704467,0.007822085889565754,0.00848670756645696,0.008691206543961948,0.008742331288338194,0.008231083844575727,0.008640081799585702,0.008282208588951975,0.008923591745672161,0.008588957055209455,14.22,729.545585,118.75628,0.2737,0.2752
M9H9-1,0.8216205043406366,0.04423315419594874,0.04423315419594874,0.044749896651508886,0.04516329061595701,0.49385798,0.49492803,0.28844616,0.28931245,-0.009391266889219652,0.5073512,0.5144147,0.29327267,0.28248712,0.044970984898880954,0.48427173,0.47307143,0.2877283,0.27888548,0.0701505450943754,0.49270546,0.5045407,0.28268644,0.29135892,0.028346565802282144,0.4921583,0.5062056,0.29410058,0.28777996,0.027768671302457568,2.5010171723016392,1.2092157886326504,2.560996941426708,1.2932915669786154,3.0236281796745557,0.8721668077533993,3.0211429731109267,0.7763196846192145,2.511444850638265,1.3126380285433765,2.53181784228754,0.9428487864102137,2.187642465329091,0.9735837425213817,2.213350043006261,1.1287066861615846,2.4749439711888583,0.9314735603770687,2.3669010907721524,0.9505539956031028,0.00337345421544272,0.01240498154887587,0.01983330328596034,0.02589879841064675,0.03417965069674256,0.038722406071402746,0.04345155701412634,0.047729488084434134,0.053721647247915276,0.0540180467577866,0.48660388588905334,0.03332193195819855,0.03315470740199089,0.029193785041570663,0.028148097917437553,0.027669627219438553,0.027096416801214218,0.02679496817290783,0.026645492762327194,0.026367496699094772,0.026239803060889244,0.02612903341650963,0.02560465596616268,0.02551948092877865,0.02551948092877865,0.02534819021821022,0.0253471489995718,0.0252994392067194,0.02500784397125244,0.024988515302538872,0.012617484228137405,0.011844985193761644,0.012094438006945485,0.012311703360363666,0.012311703360363666,0.011659907300109119,0.011877172653527302,0.01216685979141821,0.01332560834298185,0.011732329084581846,0.00786983391270305,0.008062958671296989,0.009559675550400024,0.007724990343757595,0.00844920818848487,0.008690614136727294,0.008787176516024264,0.008545770567781838,0.008848625302849609,0.00821658063836035,13.5,718.930039,115.35129,0.2648,0.2768
M9H9-2,0.8224472922695328,0.04464654816039686,0.04299297230260438,0.04423315419594874,0.045680033071517155,0.49444184,0.49584684,0.28949928,0.28891554,0.003928357249674972,0.48630872,0.49077997,0.27414328,0.2895752,-0.031632436457815806,0.49513367,0.4935422,0.28904215,0.29169762,-0.0027358760677248474,0.50264984,0.49679232,0.28657314,0.2879051,-0.06100025301835089,0.48198324,0.5002109,0.28838995,0.28093135,0.02022028323985359,2.51669786121742,1.2302252222930117,2.5996564698282856,1.347703776669475,3.0620182921569663,0.8539228099846156,2.9960462492040194,0.8354130819103243,2.52571158547537,1.22396723886316,2.4159414845376515,1.024597880811826,2.20022661598818,1.0247958538171913,2.194858060639519,1.0119013032365765,2.500210842001896,0.9664584312748916,2.3249133419632293,0.9241881554931842,0.003377715658869109,0.012323655861245975,0.019660430255177937,0.02550859856472627,0.03386808722802544,0.03856685138868455,0.043318743563336766,0.04832708057476338,0.05400360453141092,0.05437856570709299,0.48226749897003174,0.02991454303264618,0.02975083515048027,0.029200604185461998,0.02897162176668644,0.02873840741813183,0.027920302003622055,0.027736064046621323,0.027346095070242882,0.02722632884979248,0.02655194327235222,0.026481132954359055,0.02639814466238022,0.026239028200507164,0.0259771216660738,0.025938695296645164,0.025934116914868355,0.025916729122400284,0.025788532570004463,0.025702234357595444,0.011964816970630728,0.012223515715941663,0.012296274738060364,0.01178696158322946,0.012296274738060364,0.01353317811407827,0.013242142025603467,0.011859720605348161,0.011277648428398557,0.01149592549475466,0.008051998447802841,0.008876600698481446,0.008343034536277643,0.008828094683735644,0.00790648040356544,0.009070624757464648,0.008828094683735644,0.008197516492040242,0.007778600910144694,0.008836913959143973,14.09,718.48972,117.36416,0.2876,0.2892
M9H9-3,0.8218272013228607,0.04330301777594047,0.044956593633732944,0.043819760231500623,0.04609342703596527,0.49528265,0.49535242,0.28890166,0.2893073,0.004211768058894521,0.4769777,0.5060273,0.2994278,0.2788075,-0.007966769255461107,0.46344268,0.48392752,0.28920287,0.29073057,-0.057319031617081524,0.49528304,0.48998642,0.27974185,0.28436658,-0.017354371444822665,0.5135896,0.51046973,0.27878925,0.28748724,-0.0012345520773141393,2.6030048671466037,1.2320396696251081,2.502976929114066,1.1374212860580255,3.054374437776301,0.9206973369742828,3.086759655559105,0.8659917636110818,2.482700973341912,1.3139294783599165,2.4924586195810527,1.032901886204956,2.1537504327397397,1.0111661216150516,2.3369538313323295,1.071373974165883,2.4110963848805635,0.9112038102068162,2.3047838796800315,0.9450713979442739,0.003328711533675651,0.012425022728080735,0.01985647026557572,0.02566673269237606,0.033982924735770186,0.03849603591798591,0.04347335862625893,0.04822009924172012,0.05394808347681228,0.05393589411507773,0.4735630750656128,0.03233806788921356,0.032143622636795044,0.03055771067738533,0.02879723161458969,0.028578603640198708,0.02856031060218811,0.028322963044047356,0.027848590165376663,0.027777625247836113,0.027738284319639206,0.027525072917342186,0.027344180271029472,0.027177460491657257,0.025962313637137413,0.025396257638931274,0.02521671913564205,0.025161845609545708,0.025097262114286423,0.024892833083868027,0.012761020881663131,0.011923176076301412,0.012833526682127127,0.011963457076559186,0.012616009280735141,0.012906032482591121,0.011093387470991246,0.01232598607887916,0.0117459396751672,0.0117459396751672,0.008168986852276778,0.008265661252895438,0.008749033255988739,0.008120649651967448,0.008749033255988739,0.008700696055679408,0.008894044856916729,0.008313998453204768,0.008647964564432866,0.008120649651967448,14.41,713.837537,116.32687,0.2676,0.2702
M9H9-4,0.822964034725093,0.04412980570483671,0.04299297230260438,0.0444398511781728,0.0454733360892931,0.49326,0.4945681,0.2891644,0.28855607,-0.0008907806384797444,0.48017934,0.5145477,0.2936678,0.28308135,-0.0029657745523968813,0.50257975,0.52310133,0.27697048,0.2939942,-0.0014030961851176165,0.50791264,0.48852974,0.2867232,0.2894387,-0.02181175645295592,0.49695122,0.48037365,0.28638628,0.28779298,0.04391375559102559,2.457883237769013,1.230384134447341,2.456685562702857,1.2703285037917582,3.006419132169367,0.8712740213794069,3.0425086840565503,0.8880289707520928,2.574326738789845,1.2574866819575419,2.564097234737542,1.0763022103919804,2.2704663567763923,1.0905250193500853,2.312510873977193,1.1354790568330495,2.3701380462181536,0.9277990226792546,2.4162255531925885,0.9771782498158273,0.0034591866526772334,0.012443993261137126,0.019915341229728992,0.025623566624677734,0.03416475549957031,0.03861228119586961,0.043747930213772164,0.04788182848913085,0.053754089278584716,0.0537303608881846,0.48079442977905273,0.03017420321702957,0.029964469373226166,0.02972937375307083,0.02899855747818947,0.02886176109313965,0.028176460415124893,0.0281019639223814,0.028044041246175766,0.02781911939382553,0.027369650080800056,0.026894904673099518,0.026109402999281883,0.025728171691298485,0.025715555995702744,0.025688130408525467,0.025624558329582214,0.025467030704021454,0.02540947124361992,0.025328781455755234,0.01212946747096652,0.011805150158908592,0.011821366024511488,0.011894337419724522,0.012551079976641826,0.011821366024511488,0.013499708114411268,0.013280793928772166,0.010799766491529014,0.012405137186215758,0.007734967892581591,0.009243043393650958,0.008124148667051105,0.008270091457477173,0.007929558279816349,0.008610624635137997,0.008659272231946687,0.008561977038329309,0.009181128270439898,0.00849121689751667,14.03,707.14801,116.89303,0.2746,0.291
M9H10-1,0.8129392310872261,0.0472302604381976,0.04991732120711038,0.04609342703596527,0.043819760231500623,0.4935257,0.49675173,0.28870863,0.28829852,0.003519192189955703,0.5003736,0.48457146,0.2841079,0.28454825,-0.07218456802684935,0.5030298,0.47478682,0.28613454,0.29469875,0.05204192661128306,0.4885158,0.50281215,0.29050356,0.29655612,-0.03566769161287497,0.48918548,0.5059562,0.2930282,0.28304163,-0.00627074627142394,2.336333973057708,1.2282999671191026,2.3892794491827933,1.0803333333875684,2.9505001678618283,0.7914463497102925,3.1236519845674215,0.8700282884505731,2.2365768708417564,1.134268117949964,2.412328822720277,0.9373901459084727,2.2922799564147347,1.0714842145305687,2.1332914223071526,0.9672694301873228,2.4773389159065746,0.8971180977118254,2.4186896404742115,0.9241083797381083,0.0034814860581414728,0.01256199554025287,0.020153114240298364,0.025828900734117064,0.03427003001248804,0.03870450149875213,0.043595806864116265,0.0477644160109041,0.053470158824663785,0.05350292354959924,0.4896140992641449,0.03200100362300873,0.03173564001917839,0.030626658350229263,0.02847660891711712,0.028010910376906395,0.027765698730945587,0.02775094099342823,0.026822544634342194,0.026226963847875595,0.026199983432888985,0.02578815072774887,0.025624006986618042,0.025084007531404495,0.024838464334607124,0.024824896827340126,0.02478022500872612,0.024740103632211685,0.024596530944108963,0.02449251338839531,0.011909146715769972,0.012707182320434968,0.012085635359109346,0.012430939226512469,0.011464088397783722,0.011533149171264346,0.01229281767955122,0.012845303867396218,0.012499999999993095,0.01215469613258997,0.008747697974212479,0.008977900552481228,0.00814917127071373,0.009162062615096226,0.00791896869244498,0.00814917127071373,0.008379373848982479,0.008425414364636228,0.00823706680059816,0.008588648920135887,13.85,701.557776,119.15365,0.3314,0.336
M9H10-2,0.812319140140554,0.04764365440264572,0.050124018189334436,0.04433650268706077,0.045576684580405126,0.49249366,0.4966339,0.28907278,0.28840718,-0.0029865629951044336,0.50642824,0.4779036,0.28502297,0.28898317,-0.04775177159472974,0.48755345,0.5100472,0.29027793,0.2917381,0.017565637448598095,0.5065666,0.48623127,0.2847014,0.2811618,0.05217140180036262,0.5005807,0.49246705,0.28619662,0.2954848,0.039563313700904906,2.341931469981706,1.139489907903099,2.33024289336461,1.1651596130587054,2.9416664174450515,0.9518609393795691,2.958670058315788,0.8269904530172393,2.390784486318805,1.1379787023324053,2.484047515943219,0.9515407754952134,2.275215753536839,1.0220818995305778,2.278823429250692,1.0758620925637474,2.443131440000847,0.9676070514700919,2.4976376175881265,1.066347835605289,0.0034260390066984934,0.012431997335405795,0.01995484993153473,0.0255116390955183,0.033842196809888606,0.03855519780911143,0.043482846674808485,0.04804411383738574,0.05389881943673439,0.054185633396247365,0.49148494005203247,0.030395496636629105,0.028619511052966118,0.028561614453792572,0.027643874287605286,0.02747117169201374,0.027469206601381302,0.027123844251036644,0.02706414833664894,0.026633866131305695,0.026513082906603813,0.02595411241054535,0.025838883593678474,0.02582387439906597,0.02572370134294033,0.02568451315164566,0.025561189278960228,0.025529805570840836,0.025469396263360977,0.02543366327881813,0.011625061184526149,0.011257953989225323,0.012734030836997394,0.01211453744492725,0.013628854625543156,0.012321035242283965,0.011082048458143678,0.012045704845808344,0.012802863436116299,0.012527533039640678,0.008718795888394613,0.008443465491918992,0.00899412628487023,0.00784691629955515,0.008948237885457627,0.008351688693093785,0.008489353891331595,0.00798458149779296,0.008209851822182103,0.008760512615133342,13.95,705.777036,115.98785,0.2791,0.2805
M9H10-3,0.812525837122778,0.04816039685820587,0.049400578751550225,0.04464654816039686,0.04526663910706904,0.49409786,0.49381384,0.28900996,0.2895306,0.004905383024889588,0.4836177,0.5173856,0.28781912,0.28905004,-0.03681388349434724,0.4834677,0.5107794,0.28470755,0.2844606,-0.017119869090416722,0.52526534,0.49376178,0.28983483,0.28365692,-0.007749560433256338,0.48179087,0.49332482,0.28387478,0.28060552,-0.019094425446956574,2.4185300920606716,1.1452756872498355,2.2916601846694005,1.071389372711512,3.1141574078838183,0.9134719734779744,2.983849043687962,0.8239154479097682,2.316888838079534,1.1035683131794392,2.388407690770009,0.9121345237222139,2.331872449490858,1.2133598493195246,2.2290253760599907,1.0125066529425875,2.3989166569200684,0.951990934442251,2.4392218227001035,1.0493439977383545,0.003428465699771558,0.012363726961131841,0.019787642135229752,0.02539977393926404,0.03364073196780924,0.0386565690428691,0.043823540726655195,0.04802141897994215,0.054009097387478,0.054202366493182455,0.47881031036376953,0.03506945073604584,0.029111890122294426,0.028912458568811417,0.02818909101188183,0.028154658153653145,0.028094075620174408,0.028009172528982162,0.02792101353406906,0.02734757401049137,0.026988891884684563,0.026588784530758858,0.026324087753891945,0.026091184467077255,0.026055248454213142,0.025845762342214584,0.02582269161939621,0.02581270970404148,0.025628354400396347,0.02522258646786213,0.012556658091381049,0.01127036628689811,0.012816979051812118,0.011921168687975789,0.013092613009915604,0.01199007717750166,0.011714443219398173,0.013023704520389734,0.012127894156553402,0.011507717750820557,0.0076258728408631245,0.008177140757070097,0.007947445791983858,0.008866225652328813,0.008774347666294317,0.008682469680259822,0.009233737596466795,0.00849871370819083,0.008369249273324043,0.00856971033376294,13.62,703.177608,115.81463,0.2931,0.294
M9H10-4,0.8122157916494419,0.047436957420421665,0.050434063662670524,0.044956593633732944,0.044956593633732944,0.49418408,0.49563384,0.2892194,0.28902707,0.0011353458691189622,0.47954196,0.48901445,0.29152614,0.2817848,-0.02760421164120022,0.49222812,0.5014761,0.27986935,0.28801152,-0.06252803622588161,0.5110457,0.49433082,0.28484333,0.2929972,0.07063169396365815,0.48870197,0.50023377,0.28792486,0.28545168,0.004798901573746608,2.378065701726204,1.197550891198299,2.394405114574768,1.231594148775558,2.966493547280287,0.8827380012053432,3.0735049588803482,0.8190290880354949,2.3912512567622657,1.2202004362369316,2.5980260754956355,1.0915296522005176,2.13042037831042,1.0276576538467237,2.3004670040796746,1.1482627316279173,2.540006242912748,1.0006183780159557,2.442466007888163,0.9964840640803209,0.00343594450459561,0.01247235947069417,0.019987285814523116,0.02581309414542903,0.034090138811791584,0.038513539508323764,0.04333815153330512,0.04798780610683947,0.05372109767022627,0.053973915767605206,0.488624632358551,0.03255409374833107,0.0309451837092638,0.030665507540106773,0.02811240218579769,0.02791595086455345,0.027873920276761055,0.027470173314213753,0.02679130621254444,0.026719005778431892,0.025795815512537956,0.025788700208067894,0.025658350437879562,0.0254310742020607,0.025351403281092644,0.025324860587716103,0.02512987330555916,0.02468404546380043,0.024655038490891457,0.024508679285645485,0.011557512383042621,0.012230171833907535,0.013002201430922948,0.012795817281225759,0.01176389653273981,0.01245184369839711,0.01231425426526565,0.01224545954869992,0.011626307099608352,0.01203907539900273,0.008484681709773352,0.0084388185653962,0.008163639699133281,0.008484681709773352,0.008392955421019047,0.008805723720413425,0.008851586864790578,0.008117776554756127,0.009155951368384414,0.007855105818777885,13.36,711.617577,117.97463,0.3058,0.3089
M10H1-1,0.8901405539479124,0.005270773046713518,0.0046506821000413395,0.049297230260438196,0.05064076064489458,0.49422315,0.49548182,0.28860945,0.28846863,-0.005479106255604653,0.58130085,0.52891326,0.31656387,0.3153492,0.2613940051811521,0.4609756,0.59548026,0.2649284,0.28336814,-0.02663365628033673,0.4846091,0.49125892,0.28762192,0.28648552,0.013197275690937524,0.4912394,0.49247664,0.28776518,0.28996277,0.05248416954274003,7.1737895596610715,3.4792773394310226,7.721493751658261,4.041545471556392,3.0206554361691973,0.830095131124833,2.938859269635012,0.8316715829290986,8.364657129454802,4.451609240729826,2.2208839012620736,1.0044158340563873,2.107455794048394,0.9019601082731807,1.9925006773630265,0.7505160784694846,2.2696897457160126,0.7480772482188558,2.2701153416299955,0.8769311270129605,0.0029547116369972298,0.012623441437180439,0.019959933349099044,0.025757909358036568,0.03401044342420363,0.03853085322395192,0.04342094175657199,0.048017461883676234,0.05365778078594786,0.054399856477668415,0.41311004757881165,0.040513113141059875,0.03445705398917198,0.0332559309899807,0.032612916082143784,0.0310018602758646,0.030717933550477028,0.03046477772295475,0.02994680032134056,0.02987496741116047,0.029707884415984154,0.0296880342066288,0.029505817219614983,0.029428526759147644,0.029388992115855217,0.029350565746426582,0.029349619522690773,0.029265351593494415,0.029179900884628296,0.029179900884628296,0.012020487091030816,0.012961220863372359,0.01187676387581197,0.011288805268098506,0.01281749764815351,0.012935089369696205,0.012111947318897354,0.012935089369696205,0.010112888052671578,0.01281749764815351,0.008701787394159265,0.00815302602696003,0.008309814989016956,0.008623392913130802,0.008388209470045416,0.007917842583874646,0.008388209470045416,0.009250548761358498,0.008466603951073879,0.00855212520310493,17.9,794.703283,123.02888,0.2458,0.2648
M10H1-2,0.8901405539479124,0.005064076064489459,0.004857379082265399,0.05136420008267879,0.04857379082265399,0.4940433,0.49703544,0.28897983,0.28871,-0.004911708537633433,0.46689895,0.49792457,0.27338043,0.25324684,-0.06451113666122234,0.530877,0.5277678,0.26201376,0.30402458,0.12234369218786216,0.49070027,0.48414215,0.28534523,0.2878003,0.09394656176404838,0.4938246,0.48130184,0.28985262,0.2897963,-0.015639040836427087,7.600948280552012,3.365653881892779,6.830165252096712,3.6302382653337237,2.885200271464345,0.7920414478494718,2.983045374619924,0.7404382510358131,8.203585220438711,4.56329250767375,2.398178647674017,0.9496317172094781,2.0450790107672794,1.0696646446265405,2.2133114634659456,1.4641740187489993,2.0723646688540667,0.7018110300063436,2.323742871043172,0.9380283245651475,0.0029201190571957205,0.012487598208779127,0.01993403587804682,0.02582522189150779,0.0340680556672834,0.03856487812726249,0.04393585927653983,0.04805459469605556,0.05347652374440244,0.05406644678626016,0.402548223733902,0.03545289859175682,0.035031650215387344,0.033699166029691696,0.03317035734653473,0.03254042565822601,0.03225051611661911,0.031939294189214706,0.03183351084589958,0.03170837089419365,0.031533487141132355,0.030497269704937935,0.030397700145840645,0.030332529917359352,0.030297618359327316,0.030268391594290733,0.02973094768822193,0.02918289788067341,0.02886454574763775,0.028720181435346603,0.01170690916691697,0.012334065015144663,0.01364063969895236,0.012111947318897354,0.011641580432726584,0.012699905926610819,0.01234713076198274,0.01105362182501312,0.01234713076198274,0.012111947318897354,0.009172154280330035,0.009015365318273112,0.007839448102846185,0.008858576356216188,0.008780181875187728,0.008388209470045416,0.007996237064903109,0.009015365318273112,0.008124518942949683,0.007440348926701288,17.65,797.143688,123.15699,0.2448,0.2616
M10H1-3,0.8901405539479124,0.0037205456800330715,0.0062009094667217855,0.04805704836709384,0.05188094253823894,0.49380967,0.49438372,0.2883083,0.28855634,0.0018749585214761827,0.5138889,0.54990584,0.2636039,0.31258935,-0.08028638102719418,0.4579268,0.5048022,0.29694912,0.2663695,0.0025979259845949638,0.49722,0.49974483,0.29116875,0.29010826,-0.008691206557078,0.49528712,0.5107705,0.2925832,0.28910592,-0.01915548436250242,9.710007787669142,4.380407627792971,6.816971324976775,3.116445938529614,2.9724276005616574,0.8053229955497373,2.8821318000554306,0.7347991786372505,5.811551919694102,3.674730202678499,2.382736840856364,0.8434773477187886,2.26588080914771,1.0693745538930206,2.2037119000207643,1.0694175338504948,2.425170740975411,0.775809390540042,2.3211983124682676,0.9533166251266444,0.0029438126485268603,0.012772967357667754,0.020061233495873455,0.025899521150773094,0.0342430646350522,0.038187335027259045,0.04355417410157524,0.047912332491852436,0.053514895856460354,0.054243996568292895,0.4115034341812134,0.037706147879362106,0.03412994369864464,0.03342622518539429,0.03260292485356331,0.03191864863038063,0.030908824875950813,0.030746418982744217,0.030588485300540924,0.030494248494505882,0.030493885278701782,0.03030599281191826,0.030278434976935387,0.030017057433724403,0.02966265194118023,0.029430795460939407,0.029206736013293266,0.02894730120897293,0.028819037601351738,0.028812743723392487,0.012334065015144663,0.013797428661009284,0.010465663217299656,0.011994355597354662,0.011406396989641198,0.011641580432726584,0.01281749764815351,0.012699905926610819,0.011288805268098506,0.013287864534324283,0.008544998432102342,0.007996237064903109,0.00682031984947618,0.008780181875187728,0.008388209470045416,0.009485732204443884,0.008388209470045416,0.00815302602696003,0.009492858975446472,0.008808688959198075,17.59,795.504114,122.32371,0.2342,0.2572
M10H1-4,0.8901405539479124,0.00413393964448119,0.005787515502273667,0.047540305911533694,0.05239768499379909,0.49513218,0.49614495,0.28878346,0.28853452,-0.0013696270816381565,0.5170732,0.4411017,0.26927203,0.28026354,0.14732545931091798,0.4636324,0.50741524,0.2899159,0.2707229,-0.14778003931623507,0.48465002,0.5098932,0.28130972,0.28981212,-0.04849098085198547,0.48292202,0.4794738,0.2936843,0.29118416,0.07016433291173729,8.056638229795656,5.216855416263242,7.190842046159607,3.7065103856068844,3.0346673229615133,0.841537606585368,2.8853017698692813,0.779725947243628,5.804426896084976,2.7629021712694293,2.274544299850298,0.7755309329862462,2.2288739869253287,1.064011630767065,1.976725821450702,1.0016333223911498,2.290908374312315,0.9170738982172716,2.2558702356888793,0.8598315819381244,0.002801279503340715,0.012359699430280318,0.019776600663546324,0.02573878339025122,0.033993905324323816,0.038685237311096146,0.04390113322030874,0.047921888646435803,0.0538543280579508,0.05430047778579946,0.41276782751083374,0.03578517958521843,0.03505176305770874,0.03367738798260689,0.03309086710214615,0.03176901862025261,0.03149108216166496,0.03128908947110176,0.03101843036711216,0.030767107382416725,0.03075183369219303,0.03065573424100876,0.030654113739728928,0.029468083754181862,0.028887122869491577,0.028727326542139053,0.028726745396852493,0.02871185913681984,0.028572281822562218,0.028137149289250374,0.01264764293925851,0.011497857217507736,0.013993414863580439,0.01281749764815351,0.012229539040440048,0.01234713076198274,0.012229539040440048,0.01058325493884235,0.012699905926610819,0.010936030103470428,0.008858576356216188,0.008388209470045416,0.008858576356216188,0.008309814989016956,0.008074631545931571,0.008231420507988493,0.009015365318273112,0.008309814989016956,0.008723167707167027,0.007953476438887584,17.65,793.704377,122.18798,0.2437,0.2656
M10H2-1,0.8802190988011575,0.009198015708970648,0.010644894584539065,0.05146754857379082,0.048470442331541956,0.49424395,0.49479306,0.28897524,0.28887355,0.0013648038767178202,0.48177585,0.52932775,0.2903967,0.27510986,0.13542691995612782,0.4540611,0.5212276,0.2804657,0.28744477,-0.17750750886184963,0.4951758,0.492087,0.28787804,0.29318914,-0.04810821715228928,0.49739978,0.50531244,0.28436235,0.28190106,0.04503198569755914,5.3812937274634445,2.7328820155464837,4.801929499240699,2.3358159583148006,2.9124319795548876,0.756278276784332,3.00102899624843,0.8402252565829055,5.437009537971149,3.2204831242646916,2.353244426767981,0.8685479257623677,2.357730916312086,1.0070445045435388,1.9621051457470744,0.8728080444575114,2.328415632794593,0.7279676858469548,2.311183068308729,0.9028063639491847,0.003035305154155617,0.012432122819361008,0.01977458461871516,0.02567606573938771,0.034441467770742,0.03841036604066317,0.04389240677599177,0.047766592700835275,0.0539274052425538,0.05397701647092782,0.4171706438064575,0.0439983569085598,0.03154769539833069,0.03140993043780327,0.03133060410618782,0.03132713958621025,0.031273990869522095,0.031080465763807297,0.030994338914752007,0.03096552938222885,0.03034915216267109,0.029138371348381042,0.029105396941304207,0.02906164526939392,0.028986496850848198,0.02878328412771225,0.028704699128866196,0.028574345633387566,0.02820523828268051,0.02799268066883087,0.012366983031338194,0.011695906432738446,0.013697152717848406,0.010461604831742483,0.013157894736830753,0.012079378774795445,0.01294219154442369,0.012187230370998977,0.011540120793777791,0.011863675582388383,0.007621512798382841,0.008771929824553834,0.007981018119061276,0.008484325568011087,0.009131435145232271,0.007909117054925589,0.008556226632146773,0.00891573195282521,0.009020315318840755,0.008392815122747484,16.43,785.208522,122.50059,0.2684,0.2692
M10H2-2,0.8801157503100455,0.009921455146754857,0.010024803637866887,0.05167424555601488,0.0482637453493179,0.4944323,0.49549103,0.28890735,0.28904864,-0.0007801950200402695,0.5320122,0.4676024,0.2670382,0.2781966,-0.04041083707815477,0.46140307,0.4757994,0.28882122,0.26818845,0.12194306771358088,0.4712195,0.50908476,0.28344107,0.28769392,0.01893472133473266,0.5074424,0.49638876,0.2916054,0.28815487,-0.016735967797749624,5.426565624143929,3.3958139220996895,5.051054624962048,2.6617260039266624,2.884667858235866,0.7594019671168243,2.9485632077817727,0.8276412260206862,5.288956551898107,2.7680959627153006,2.3044300687333563,0.7651374985261871,2.084732025659561,0.9507325497685367,2.129650891178824,0.947405284143429,2.290234242663106,0.8386183410710577,2.358449443602436,0.9548383224249852,0.003037948496541551,0.012234994648173634,0.019891704219397895,0.025589825233636454,0.0339908434298461,0.0386793131672918,0.044067118198908045,0.047685222662960866,0.05420635563111075,0.05395000764546624,0.4206372797489166,0.03360797092318535,0.03288288041949272,0.03283989802002907,0.03270366042852402,0.03214757516980171,0.031228166073560715,0.030899349600076675,0.030562538653612137,0.030441954731941223,0.029774101451039314,0.029540564864873886,0.029503677040338516,0.02946787141263485,0.02926708571612835,0.029214367270469666,0.02904791384935379,0.028913380578160286,0.02876737155020237,0.028552353382110596,0.012739463601521585,0.01130268199232742,0.012176724137920538,0.011961206896541413,0.013362068965505722,0.013793103448263972,0.011314655172404039,0.011637931034472726,0.012068965517230976,0.011637931034472726,0.008117816091947025,0.008477011494245566,0.007974137931027608,0.008548850574705273,0.009195402298842647,0.008477011494245566,0.008548850574705273,0.008692528735624691,0.008777429467077073,0.007915360501560574,16.53,782.353565,122.51561,0.2533,0.2904
M10H2-3,0.8802190988011575,0.010128152128978917,0.009714758164530797,0.04774700289375775,0.05219098801157503,0.4946606,0.4952259,0.28842598,0.28876784,-0.0008423460978249657,0.4639124,0.4852992,0.2767893,0.2773046,0.0033516028084531425,0.46743643,0.48981246,0.27286747,0.2788692,0.1143351378563741,0.501267,0.49787217,0.2937166,0.29091492,-0.02562734926284695,0.48512435,0.5060245,0.29214746,0.28856707,0.01790763743794271,5.372602529366523,2.8360721652931495,5.488569286072013,3.09307234860245,2.95468361092691,0.8637333127247043,2.889331000105233,0.7421430271996046,5.222097846322304,2.9683879019591064,2.5591797062310193,0.9591595207875252,2.209354264454358,1.013369132864953,2.365646681690994,1.1201694546771157,2.24726112980286,0.7737916933451409,2.2471881723061866,0.8373933181781628,0.0030395276335303057,0.01269301230044491,0.020048485516329425,0.025450304641478076,0.03416484157265711,0.03823055413986418,0.04368517472692461,0.0478358287763376,0.05405951413472178,0.05412608989104533,0.4391767978668213,0.03164991736412048,0.03128905966877937,0.031084852293133736,0.0307079516351223,0.030255576595664024,0.03017658181488514,0.02990284375846386,0.029372546821832657,0.02934080921113491,0.02919166348874569,0.02915377728641033,0.02898722141981125,0.028794674202799797,0.028741424903273582,0.0286408681422472,0.0285524632781744,0.02848430536687374,0.02828969992697239,0.028206991031765938,0.013517400057509187,0.011887642603766947,0.011755823986184853,0.012402933563406037,0.011971527178591915,0.011971527178591915,0.012187230370998977,0.012402933563406037,0.011755823986184853,0.011971527178591915,0.008484325568011087,0.007909117054925589,0.007981018119061276,0.008484325568011087,0.008843830888689522,0.009203336209367958,0.008700028760418149,0.00812482024733265,0.007843752451165874,0.009177190367864073,16.44,781.083205,121.42809,0.239,0.2629
M10H2-4,0.8802190988011575,0.007854485324514262,0.011988424968995453,0.05002066969822241,0.04991732120711038,0.49258152,0.49523884,0.2890364,0.2889476,0.0005075422721209931,0.5131579,0.4614184,0.267385,0.27310798,-0.016269476530017327,0.47108915,0.5151227,0.2844481,0.28946218,-0.0445621187598758,0.5081133,0.51043564,0.2803288,0.28377154,-0.005219548518890899,0.5054032,0.4910517,0.29335922,0.28982675,0.009173010263777566,6.136464786977385,3.2100352387436613,4.624855065680706,2.5441667765625673,2.9038828072545093,0.7789228717137378,2.9185524600167714,0.7957325269750899,5.05902987416481,2.541426432390945,2.270873422141074,0.827791739371191,2.117005090773774,1.041191106052168,1.9692225555147478,0.8261400331893946,2.3843696447566773,0.7741215381215084,2.311663173573598,0.857161460074971,0.0030467498334863456,0.01252902738024518,0.019873629637630286,0.025762362513726128,0.03426805998091843,0.03861766664866519,0.0433430541304387,0.047789418732336046,0.05399092725603499,0.054112437219852025,0.4286266267299652,0.0352521687746048,0.03469562903046608,0.03115835040807724,0.03054315224289894,0.030461616814136505,0.03031565435230732,0.030306875705718994,0.029999038204550743,0.029723776504397392,0.02963097020983696,0.029349666088819504,0.029246125370264053,0.029246125370264053,0.028997911140322685,0.028967272490262985,0.02889442630112171,0.028213946148753166,0.028191154822707176,0.028179557994008064,0.010737225577595952,0.013421531971994938,0.010030198446928361,0.011647972389981323,0.014020707506458998,0.012510785159609569,0.011647972389981323,0.013589301121644876,0.011971527178591915,0.012402933563406037,0.007693413862518527,0.0084124245038754,0.008843830888689522,0.008987633016960896,0.007837215990789903,0.009059534081096584,0.00812482024733265,0.0084124245038754,0.009177190367864073,0.008235940073724166,16.86,783.080772,122.48791,0.2443,0.2571
M10H3-1,0.8700909466721786,0.015915667631252583,0.014055394791236048,0.049400578751550225,0.05053741215378255,0.4933962,0.49543908,0.28895405,0.2884738,-0.0012240324853514033,0.5353183,0.5256989,0.27963668,0.2873421,0.10139751167925178,0.4381277,0.4502742,0.2785184,0.27981544,-0.12245696699517214,0.51145524,0.48725268,0.29130372,0.29038146,0.006424203427290545,0.48792955,0.5128765,0.28336805,0.29097953,0.00561699586017605,3.9328718641132854,2.417479516387761,4.3984620141594135,2.6869515032067373,2.8852545583221745,0.7637119381521367,2.9068356320253557,0.783390893114247,4.760942954249892,2.627708271061855,2.3226235620646745,0.81477686969106,2.0424744433291036,0.9312675165109693,2.183673915290147,0.9907412536487015,2.2835866182599034,0.8943925532210341,2.35724815940334,0.9089699132942106,0.003214061519146265,0.012425515476362935,0.019890868704428025,0.025561833019460137,0.033782413443430394,0.038702013617267855,0.043484475348882126,0.048124004056207446,0.054001641798251974,0.054146506349896185,0.43621543049812317,0.03600950911641121,0.033086590468883514,0.031075743958353996,0.03081277199089527,0.02979479357600212,0.02966943196952343,0.02950434945523739,0.029493706300854683,0.02923506312072277,0.02919737435877323,0.029004864394664764,0.028883228078484535,0.028813166543841362,0.02843341790139675,0.028370046988129616,0.028282975777983665,0.028231993317604065,0.027955234050750732,0.02793031930923462,0.011402810925474885,0.012286749756907047,0.011833731105798063,0.013822593476520428,0.011237072394581354,0.01262927605408701,0.011734287987261945,0.012231503579942536,0.0131264916467676,0.011734287987261945,0.008883585255893224,0.007358790771672745,0.00908247149296546,0.008286926544676516,0.008220631132319104,0.00908247149296546,0.007889154070532043,0.008485812781748751,0.008678672163152133,0.00882331669920467,16.31,772.452729,120.29447,0.2654,0.2808
M10H3-2,0.8702976436544027,0.013538652335675899,0.016225713104588674,0.04981397271599835,0.050124018189334436,0.49469095,0.4950145,0.28885117,0.2886228,-0.0007440959393671894,0.48473284,0.51533186,0.28815755,0.29289696,0.012335704027142439,0.5010875,0.5135485,0.29264206,0.28834328,-0.1460402689246548,0.48724827,0.49414515,0.28486645,0.29300576,0.017832480076176653,0.48697507,0.49931854,0.28754753,0.28355402,0.040927792747947465,4.5412706825586655,2.5146422157494577,4.361934654180261,1.9448504492925802,2.9211785095477016,0.8109176805639858,2.9276731607928896,0.8445507362184923,3.806081080219954,1.9910119261774963,2.3739794122372837,0.8502942880131089,2.2387853717215846,0.9745112212971949,1.99459111570437,0.9182931623989197,2.399146038996378,0.9420246204207289,2.388789074016745,0.9206675124994458,0.003188848318791953,0.012592854889986668,0.02001544114659221,0.02571008957026012,0.03417950042666326,0.03849450755706742,0.04373056553683139,0.04766244647359428,0.053844710052805625,0.0539143693607404,0.43377572298049927,0.03858499974012375,0.0349094420671463,0.033551666885614395,0.03132237121462822,0.031086912378668785,0.029894985258579254,0.029510492458939552,0.029118718579411507,0.0285642147064209,0.028392180800437927,0.028317226096987724,0.02820138819515705,0.028173396363854408,0.028160380199551582,0.02792005054652691,0.027894672006368637,0.027608169242739677,0.027605004608631134,0.027408070862293243,0.012040725984939498,0.012837538733942847,0.013147410358555262,0.011454183266923145,0.012749003984053587,0.011952191235050237,0.0117529880477994,0.012749003984053587,0.011454183266923145,0.0117529880477994,0.008034528552450439,0.008034528552450439,0.009229747675955462,0.00863213811420295,0.00830013280211822,0.008034528552450439,0.00830013280211822,0.008499335989369057,0.008982252806946846,0.008764940239036841,16.07,776.415509,121.55354,0.2688,0.2717
M10H3-3,0.8700909466721786,0.014468788755684168,0.015502273666804465,0.050950806118230677,0.04898718478710211,0.4953401,0.4952579,0.28852215,0.28850868,0.003960894809564964,0.46959928,0.4937046,0.28785026,0.3038301,-0.043589966923035676,0.49764228,0.48305085,0.28392276,0.28677478,-0.04646470295248126,0.48434174,0.4893939,0.2937099,0.2901591,-0.03481182628648195,0.48430586,0.5159837,0.28670168,0.28497362,-0.00371340366379445,4.3738285855219745,2.5617339142323097,4.395363849805968,2.2272800963998334,2.882744488840222,0.7762493908059716,2.9449038644381793,0.7865624385408987,4.102503960416785,2.0645383013210834,2.4100738064291427,1.020560751530326,2.160336720304129,0.9047980662113985,2.119661534546447,1.0986514365185178,2.342194155004272,1.0331794972787443,2.3733194270552342,1.0495879267723658,0.0031541076365985453,0.012328455265569636,0.01988391482936492,0.025678444466496607,0.03407837208352062,0.038637332103601055,0.04376251379070813,0.04772801123881907,0.0538883473137549,0.05419383460489986,0.4305965304374695,0.03393714874982834,0.03372054919600487,0.03301790729165077,0.03292081505060196,0.03271789848804474,0.030850725248456,0.03048362210392952,0.030300812795758247,0.02965746633708477,0.029397912323474884,0.029168231412768364,0.028386471793055534,0.02836071513593197,0.02828068844974041,0.028075024485588074,0.027862071990966797,0.027516121044754982,0.02742302231490612,0.027326274663209915,0.012728719172623127,0.013082294705195991,0.0120326173428703,0.012828162291159247,0.011435958631653592,0.0120326173428703,0.012828162291159247,0.011237072394581354,0.012330946698478656,0.011237072394581354,0.008684699018820987,0.007889154070532043,0.00841951736939134,0.008552108194106164,0.008485812781748751,0.008220631132319104,0.008552108194106164,0.008220631132319104,0.009040283503283472,0.0087509944311784,16.42,770.593881,119.50666,0.2402,0.2702
M10H3-4,0.8701942951632906,0.013745349317899959,0.016122364613476645,0.047540305911533694,0.05239768499379909,0.49279007,0.49618644,0.28920385,0.288406,-0.003960917617756355,0.51228684,0.47922775,0.27307844,0.28891873,-0.04566507588214804,0.48960286,0.4774011,0.27644393,0.29076684,0.11784551115818535,0.50060976,0.49668387,0.28789937,0.28661808,0.059700948248481864,0.5027902,0.49787718,0.28743505,0.2937322,-0.010821094053874356,4.090986155912484,2.1276724764091957,4.145547146313463,2.1469305188021575,3.0040383498130105,0.804669325429712,2.852179365051615,0.7801683236094031,4.096643100613882,2.060968338952008,2.2593950992921665,0.8274100975363242,2.199165179493587,0.8529843420245372,2.2190135568538847,0.9866178246588548,2.2680111332072217,0.8754324130990956,2.272915384852821,0.8890317162114013,0.003151404342149165,0.012264247375597637,0.02002318230121948,0.025670252015915173,0.033658695580897936,0.03867702734238639,0.04367607266359241,0.047949947830179036,0.05382845482826389,0.05443404905313221,0.44117575883865356,0.03494860604405403,0.03147926926612854,0.03142990544438362,0.03091462329030037,0.03073199838399887,0.03018336184322834,0.0300464890897274,0.029903706163167953,0.028763165697455406,0.02874482423067093,0.028727179393172264,0.028634266927838326,0.02840195782482624,0.028076978400349617,0.027992643415927887,0.027690468356013298,0.02744913659989834,0.02743328921496868,0.02727239392697811,0.011058032554839038,0.011588818117471311,0.012241242038206814,0.01194267515922616,0.012141719745213263,0.013734076433110084,0.013136942675148776,0.011843152866232609,0.012340764331200366,0.012141719745213263,0.009288747346064791,0.00816082802547121,0.008426220806787347,0.008691613588103483,0.00769639065816797,0.008094479830142175,0.00895700636941962,0.00849256900211638,0.008685581933982662,0.00825130283728353,16.5,770.739869,121.22879,0.2557,0.2756
M10H4-1,0.8600661430343117,0.019429516329061595,0.020566349731293922,0.05002066969822241,0.04991732120711038,0.4951451,0.49731466,0.28832224,0.2889301,-0.007027376219584855,0.49208614,0.46718356,0.29270568,0.2830209,0.11023193013738636,0.46028924,0.47892,0.29429471,0.28089118,0.11476278326556535,0.4934489,0.50784427,0.2890267,0.28912455,0.052075420092170865,0.4875019,0.47497982,0.28912526,0.28713477,-0.025914484438690082,3.5954730165016175,1.6399984951836104,3.802685385334828,2.082925547165641,2.9567004409986346,0.7617325986100745,2.9459910552808584,0.8166347995199297,3.4252390349124413,1.7356319900185981,2.336395153208372,0.8714027739497995,2.038239066156868,0.8990814571765942,1.9843590237804098,0.9755852094625893,2.29885025884504,0.8030789055965323,2.327843403240131,0.8968197064400248,0.003222863787641846,0.01262079473916356,0.020189261798789045,0.026098680781105898,0.034425665289974205,0.03850060815055402,0.04345770346311668,0.047855099776788694,0.05346879719849766,0.05349385834770172,0.4419131278991699,0.03638983517885208,0.03343505784869194,0.03093019500374794,0.030806889757514,0.030085884034633636,0.029886532574892044,0.02969631738960743,0.029563577845692635,0.029376912862062454,0.029108058661222458,0.028323831036686897,0.028226543217897415,0.028017789125442505,0.027711233124136925,0.0275894682854414,0.02738405019044876,0.027362996712327003,0.027254516258835793,0.026937158778309822,0.012473330050868845,0.013129821106177731,0.01320162481535214,0.012186115214171208,0.010893648449031837,0.012278434268824018,0.011632200886254334,0.011078286558337461,0.012647710487435267,0.012278434268824018,0.008677991137364345,0.009416543574586841,0.007754800590836223,0.008739537173799553,0.009108813392410802,0.008247168882317886,0.008739537173799553,0.008062530773012262,0.007922653417477698,0.00798979454813429,15.94,760.494458,119.28007,0.2535,0.2738
M10H4-2,0.8605828854898718,0.019119470855725507,0.020359652749069864,0.04981397271599835,0.050124018189334436,0.49271104,0.49559224,0.28892627,0.28829697,-0.00223987050187991,0.5209624,0.4934952,0.2691563,0.293116,0.06015991922953568,0.5248236,0.5016347,0.29056373,0.29001638,0.012280724473966987,0.49602774,0.4947781,0.291705,0.28963393,0.002434444029593654,0.48936382,0.49814785,0.28607604,0.29169333,0.008714320551285466,3.631795293485873,1.7627706156817922,3.7764108528635147,1.7342885006161997,2.9331893692439874,0.7540552329097266,2.921592410529516,0.7436111756494557,3.6323832680269614,1.8615185343200935,2.2748350062238134,0.8008382550021695,2.1306195767960996,0.9276099498028306,2.080413830331224,0.9541786912154416,2.2514412940662063,0.8321258433496943,2.2858992013086037,0.8452803477858422,0.0031729731815809833,0.012478795109157996,0.01984995914230726,0.025967706482362397,0.0342063623901163,0.03859248184894903,0.043740383340800146,0.047928506588407825,0.053626770430104824,0.05376939481954659,0.4342414140701294,0.040694382041692734,0.03356137126684189,0.032491277903318405,0.031695976853370667,0.03102317824959755,0.030819840729236603,0.029672222211956978,0.029418257996439934,0.029355794191360474,0.0290320236235857,0.028654055669903755,0.028546862304210663,0.027732226997613907,0.02752230130136013,0.027451537549495697,0.027347736060619354,0.027035489678382874,0.026864193379878998,0.0268398504704237,0.010954616588411285,0.011943003047516063,0.012972572275750206,0.012323943661962695,0.012323943661962695,0.012509266123044841,0.01084136397330553,0.01278724981466806,0.012416604892503768,0.013065233506291279,0.008277736595002512,0.008586607363472755,0.009204348900413242,0.00790709167283822,0.008339510748696561,0.008463059056084658,0.007845317519144173,0.008463059056084658,0.009030258103639104,0.00869330817439884,15.94,759.176941,119.54613,0.2572,0.2648
M10H4-3,0.8603761885076477,0.020463001240181893,0.019222819346837536,0.05002066969822241,0.04991732120711038,0.49394566,0.4955922,0.28844526,0.28894836,0.003568113603150374,0.5132422,0.47731552,0.2786144,0.2821424,-0.055453786459046715,0.48354316,0.48906508,0.2893257,0.28432223,-0.12286353746901497,0.4951875,0.5029241,0.2937485,0.2846344,-0.011980367611748257,0.48793113,0.50166684,0.29047105,0.29165125,0.020099957966076668,3.776163961176261,1.9855996425094882,3.733006642380987,2.222837262140649,2.892656524171462,0.7914163797021397,2.9079888971460335,0.7580609966859619,3.4842045658559053,1.934982410025282,2.3275387278367714,0.899908994117024,1.9929389741858385,0.9144807560861552,2.0656663060753053,0.8274271056540337,2.3544452928459654,0.9155914990338238,2.262490648527996,0.9027847821291782,0.003286280910687718,0.012584256078024403,0.020055213549485647,0.02569243634824838,0.03379311039687258,0.03853025830134373,0.043492424929387784,0.047754346723626634,0.0540582294720792,0.05408677662357726,0.45114412903785706,0.03270711749792099,0.032623399049043655,0.03138577193021774,0.031008033081889153,0.030752601101994514,0.029598509892821312,0.028944823890924454,0.028838209807872772,0.028181033208966255,0.028042836114764214,0.027890512719750404,0.02784133143723011,0.027498973533511162,0.0274208877235651,0.027336055412888527,0.02729944698512554,0.027206066995859146,0.02718878723680973,0.027091532945632935,0.012994489678417886,0.011349617567225747,0.011843079200583388,0.011935603256837946,0.011935603256837946,0.012305699481856176,0.012768319763128965,0.01258327165061985,0.012213175425601618,0.012028127313092503,0.008203799654570784,0.008142116950401079,0.008697261287928425,0.00851221317541931,0.00851221317541931,0.009684184554643708,0.007895386133722258,0.008142116950401079,0.007940246282209316,0.009016889845898716,14.85,761.524868,118.45481,0.2415,0.2595
M10H4-4,0.8606862339809839,0.020359652749069864,0.019016122364613478,0.04867713931376602,0.051260851591566764,0.4947459,0.4949364,0.28809428,0.2884811,-0.004149814740618376,0.51250464,0.48627722,0.28201225,0.29739907,0.109201145104458,0.45168346,0.46476603,0.28247878,0.30249742,-0.06949808777473385,0.49142978,0.50620747,0.29302707,0.28062913,0.048573175716190714,0.49036193,0.5149843,0.29716453,0.2889777,0.002936209911539296,3.5718751509265876,2.0159471549556756,3.8163956594262025,1.764786671753784,2.939011283214097,0.8541172556985699,2.8886190527398017,0.7960543629638455,3.8936172530358766,2.102004969049084,2.3085365479805495,0.8873614120940697,2.2035198294397964,1.031155704612032,2.0799760987608567,1.105718079829497,2.3217670419917,0.8601352133995032,2.2527686179962934,0.8479910114320692,0.003266819254776059,0.012725916595407678,0.020116369768438155,0.02614308804880089,0.034095079118812203,0.03840987487433669,0.04381019677721624,0.04761636550143286,0.053533848446212694,0.05361577494789987,0.439395010471344,0.03873004391789436,0.033409733325242996,0.0331430546939373,0.03267904371023178,0.031398940831422806,0.030197329819202423,0.030142182484269142,0.02894848957657814,0.028431108221411705,0.028022145852446556,0.027844049036502838,0.027718912810087204,0.027499942108988762,0.027452299371361732,0.027225863188505173,0.02706868201494217,0.026973409578204155,0.026876676827669144,0.026843082159757614,0.012693702604672416,0.012940982525542656,0.012611275964382336,0.012333086053403313,0.011313056379813566,0.011683976261118929,0.010942136498508203,0.012796735905035017,0.012333086053403313,0.012147626112750632,0.008778437190893587,0.0074802176063248176,0.008345697329370664,0.008592977250240906,0.008840257171111147,0.007542037586542377,0.00921117705241651,0.008840257171111147,0.008092797410298825,0.009036957108167022,15.83,766.316968,119.82317,0.2572,0.2779
M10H5-1,0.850971475816453,0.024493592393551054,0.024596940884663084,0.050434063662670524,0.049503927242662255,0.49501327,0.49667254,0.28878284,0.2884275,0.00013185101031154054,0.49253887,0.48845026,0.28186622,0.28806028,0.05401500345414051,0.50404793,0.48995867,0.29864377,0.2929268,-0.08769252889756238,0.48130748,0.5029522,0.29020438,0.28703606,-0.02182250202163374,0.48327306,0.47930008,0.28244844,0.29188386,0.03916800421953217,3.1708930687584336,1.8153920009088556,3.287179752212466,1.678182950735762,3.0080414987092783,0.7374953944242187,2.896998966549509,0.7437185209022293,3.1592589888135176,1.6452496329375546,2.195105674804585,0.8319011958444704,2.0734619010322612,0.9165130939036255,2.054464022850712,1.0718794139135863,2.3739570773631455,0.947597615138189,2.376782113330927,0.9056318682732722,0.003291553648778816,0.012530950650332997,0.020013768976663654,0.02581978596037135,0.034122537982874464,0.038464493177560705,0.04377116315350932,0.04766400151281461,0.053524680742933796,0.054130397527493636,0.45198196172714233,0.0347495935857296,0.0347495935857296,0.03467941656708717,0.03202900290489197,0.03159570321440697,0.031349558383226395,0.029008300974965096,0.02829228714108467,0.027376724407076836,0.02686147950589657,0.026721592992544174,0.02657104842364788,0.02654290571808815,0.02643050253391266,0.026265231892466545,0.026262996718287468,0.02618037723004818,0.02618015743792057,0.026171648874878883,0.012251502542756183,0.012251502542756183,0.012656033287092472,0.013002773925095005,0.013349514563097539,0.01109570041608107,0.01161581137308487,0.011529126213584238,0.012309292649089938,0.011875866851586772,0.008784096162730848,0.009535367545069671,0.007339343504386959,0.008726306056397093,0.008726306056397093,0.008726306056397093,0.008379565418394559,0.007454923717054469,0.008826125330973579,0.008258731559696706,15.16,755.760226,120.66721,0.2637,0.2653
M10H5-2,0.850868127325341,0.025010334849111204,0.024183546920214963,0.050330715171558495,0.049607275733774284,0.4956481,0.49548635,0.288165,0.28793567,0.0011008116640306978,0.4992441,0.5028716,0.28819725,0.2906237,0.047684399846406746,0.47008547,0.4726206,0.2926525,0.2951078,0.02343992452340801,0.48943254,0.50593394,0.29770666,0.29730618,-0.025303446370293595,0.4774136,0.49788135,0.2848408,0.2873978,-0.030457567950215828,3.368823274588333,1.8879229023156134,3.372069435690409,1.8201396662463156,2.9005068081582936,0.7661985746706843,2.972389507376215,0.8280905444292402,3.2956499410996427,1.5883919498634709,2.354080822477727,0.8574164597060289,2.039093116422284,0.9108801064598908,2.0783368815070635,0.9478736861608794,2.4069297191214645,0.8582562887182343,2.298612123882475,0.932945020200376,0.0033951294673050824,0.012530924194851167,0.02019907940332914,0.025872558724243523,0.03426930811919682,0.038622956987561644,0.04359919556035313,0.04789461661463489,0.05336355207582157,0.05358601218603637,0.45066699385643005,0.03343362361192703,0.03207923099398613,0.03146344795823097,0.030679546296596527,0.030146891251206398,0.02959820255637169,0.029350174590945244,0.029116632416844368,0.02899976074695587,0.028536183759570122,0.028453519567847252,0.028278330340981483,0.02797352522611618,0.02787955105304718,0.027821024879813194,0.02659512311220169,0.026350820437073708,0.026308858767151833,0.026268508285284042,0.013398013398004113,0.011473011473003523,0.014119889119879336,0.012647262647253884,0.012300762300753776,0.011434511434503511,0.010741510741503297,0.011347886347878484,0.012040887040878696,0.012387387387378802,0.009009009009002766,0.008085008085002482,0.008547008547002624,0.008604758604752641,0.007969507969502446,0.007680757680752359,0.008489258489252607,0.008893508893502731,0.009072009072002786,0.008442008442002592,15.53,756.815219,119.07035,0.2579,0.2805
M10H5-3,0.8507647788342291,0.024803637866887142,0.024493592393551054,0.049400578751550225,0.05053741215378255,0.49432316,0.49497208,0.28924102,0.28815392,0.001762005457616619,0.497002,0.5085099,0.29479307,0.29442647,-0.07434442437698809,0.49084076,0.5035043,0.26546916,0.29952618,-0.07663178688025618,0.48025307,0.491029,0.28693756,0.28225636,0.03581970124835109,0.5001247,0.5036914,0.2877634,0.29481354,0.00822058624874925,3.360078025445694,1.5723789819623528,3.3751034891838816,1.7384414131639374,2.8868960689138934,0.8121298767203986,2.926936791426746,0.7103630488132775,3.4281684925310563,1.7823656901668665,2.311419722453891,0.8844992180048428,2.13992042789969,1.020575276788019,2.084416635170077,0.9792878838118471,2.2631486453615026,0.8422480855961489,2.2314491401928085,0.8772620529968077,0.0033179208670755214,0.012721864937662862,0.020103471168159658,0.026041803755728492,0.034271534315402814,0.038760744126739015,0.04367840295264249,0.04743062196758995,0.05365848665374008,0.053348482588592434,0.4566934406757355,0.032890934497117996,0.03132253885269165,0.0313202328979969,0.03097461350262165,0.029834438115358353,0.02975376881659031,0.028880508616566658,0.02840101346373558,0.028175070881843567,0.028130123391747475,0.027743838727474213,0.02749061770737171,0.02749061770737171,0.02733790874481201,0.026922427117824554,0.026889456436038017,0.02661837637424469,0.026589499786496162,0.02654053270816803,0.012388427208363228,0.011926746691281367,0.012465373961210204,0.011945983379493113,0.013677285318550085,0.012032548476445961,0.011080332409964627,0.012811634349021599,0.01211911357339881,0.011513157894728869,0.008483379501379167,0.00900277008309626,0.008021698984297308,0.008194829178203005,0.008367959372108703,0.007329178208674518,0.008887349953825794,0.008714219759920096,0.009065726517243786,0.008750944346506154,14.94,754.877312,119.27831,0.2497,0.2772
M10H5-4,0.850971475816453,0.023666804464654818,0.025423728813559324,0.04795369987598181,0.05198429102935097,0.49336186,0.49394614,0.28717905,0.2891999,-0.002310391841977933,0.52763873,0.4940419,0.31557724,0.28586584,0.07628493752728534,0.4843843,0.5302122,0.31024003,0.27654976,0.03923179699769197,0.49040687,0.49651155,0.28850254,0.2819058,-0.02125514389977723,0.49527228,0.5087442,0.28808343,0.2917172,0.0013305053038911517,3.331288859705164,1.7776828892132719,3.242639584627204,1.7430243981838005,2.954086233484196,0.815852869364017,2.8765222108584054,0.70497641082661,3.155201980801648,1.7511523410259673,2.3378711668013237,0.9283691746657606,2.114459949460814,0.9804965745001465,2.18069356393329,0.9545900936457455,2.241003450672502,0.9096686374768005,2.2350456762158575,0.8357848661409104,0.0034217317988468987,0.012841558162731302,0.02016510787773608,0.02610505536645331,0.03427695601546414,0.0384411812504007,0.04319880485393902,0.047507652304338815,0.05366378764091347,0.0537114980625096,0.45927131175994873,0.03445669263601303,0.030086489394307137,0.029502741992473602,0.029410481452941895,0.028888393193483353,0.028797278180718422,0.02852790057659149,0.02843330055475235,0.02821294032037258,0.028101066127419472,0.028043149039149284,0.027697723358869553,0.027626540511846542,0.027410151436924934,0.027178999036550522,0.027149150148034096,0.02714538760483265,0.027134178206324577,0.02692616917192936,0.01255971644320288,0.013407304669431293,0.012049237170588038,0.010488904299576638,0.011789181692086138,0.011009015256580438,0.01135575589458297,0.012222607489589305,0.012742718446593105,0.014129680998603239,0.007165973185385692,0.00849514563106207,0.008784096162730848,0.007917244567724514,0.009361997226068404,0.008552935737395826,0.008032824780392026,0.009188626907067137,0.008384819064424901,0.008889169083337676,15.27,747.878015,118.10464,0.2557,0.2591
M10H6-1,0.8408433236874742,0.029350971475816452,0.0298677139313766,0.049400578751550225,0.05053741215378255,0.49384397,0.49585435,0.28965127,0.28853643,0.00772993189057262,0.49403125,0.5145023,0.27964917,0.28105292,-0.04354608163978657,0.50156134,0.47442967,0.27511698,0.29552487,-0.0706707085014895,0.5040566,0.4906035,0.28076503,0.29171973,-0.022028163546023376,0.48034817,0.5010052,0.29202035,0.28714126,-0.04035706718804318,3.125657962382006,1.4863160974821563,3.092797599740957,1.618021634743115,2.913654296168867,0.7843603463185508,2.877099328403881,0.7610191654908303,3.073490135218399,1.5189402606672038,2.3431235640689807,0.9452908443469058,2.0018647051128453,0.9209622713446856,2.1590897969654206,0.9165486088833737,2.3419281142425468,0.9111814311397671,2.3286595876369143,0.8821458751195052,0.00325396159333491,0.01237624391869038,0.01997263569617485,0.02574431669349691,0.03411509792402591,0.038400307212630304,0.04345100492608332,0.047713325856469646,0.05413732506300656,0.05416911444942054,0.46557196974754333,0.03250909969210625,0.030279433354735374,0.030203288421034813,0.029764311388134956,0.029483074322342873,0.02858611010015011,0.028401564806699753,0.027966570109128952,0.027952952310442924,0.027425935491919518,0.027283336967229843,0.027180543169379234,0.027150556445121765,0.02697324939072132,0.026906944811344147,0.026854678988456726,0.02664335072040558,0.02660786546766758,0.02625509537756443,0.012049062049054227,0.012049062049054227,0.011525974025966541,0.012256493506485548,0.012743506493498218,0.011282467532460207,0.013636363636354782,0.013798701298692338,0.012499999999991884,0.010146103896097308,0.008279220779215403,0.008116883116877846,0.009199134199128225,0.00849567099566548,0.008766233766228074,0.008387445887440441,0.008279220779215403,0.007792207792202732,0.008795749704834903,0.008677685950407589,14.51,739.608251,118.9424,0.2762,0.2889
M10H6-2,0.8413600661430343,0.029040926002480365,0.029661016949152543,0.04981397271599835,0.050124018189334436,0.49499372,0.49660227,0.28893405,0.28841802,-0.0051622304410205095,0.4785609,0.51589364,0.28704605,0.29592592,0.11052767520445313,0.48559535,0.45972362,0.27885133,0.28101623,-0.009503798149809036,0.5007084,0.48990786,0.29318768,0.29661027,-0.02063388081100797,0.48262507,0.49715185,0.28537437,0.28313234,0.05008679893775172,3.1420678177519625,1.72670274087285,2.838503655818663,1.5657610920245189,2.939636857478382,0.7687003911686509,2.941296198847316,0.7600280587108453,2.955597026950511,1.415860069856118,2.300345722183164,0.8395539527465802,2.1702934452722027,1.034014406095725,2.104796130691088,0.911678282092795,2.334423688025746,0.8990582662089441,2.282566408069829,0.8554526909444756,0.0033370095905165464,0.012576669310992009,0.02008526336835452,0.02570542215686654,0.034178872485472335,0.038654876845384364,0.04351011615682784,0.04802610787557481,0.05372237163735335,0.05353662390599101,0.4628368616104126,0.031311873346567154,0.03129180520772934,0.03128882125020027,0.03128882125020027,0.030451705679297447,0.02991044707596302,0.029675235971808434,0.02948733977973461,0.028561795130372047,0.02847130037844181,0.0283208005130291,0.027200492098927498,0.02614365890622139,0.025944732129573822,0.025797618553042412,0.025631994009017944,0.025498487055301666,0.025498049333691597,0.025387996807694435,0.012160694896843327,0.01266739051754513,0.012785016286636622,0.012703583061880975,0.011156351791523677,0.011807817589568856,0.013355048859926152,0.011807817589568856,0.01254071661236968,0.010912052117256734,0.008686210640602376,0.00917480998913626,0.008414766558083552,0.008251900108572257,0.008251900108572257,0.007871878393045904,0.008686210640602376,0.009229098805640025,0.007817589576542138,0.008291382884211359,14.9,732.289545,117.84034,0.2848,0.288
M10H6-3,0.8413600661430343,0.029144274493592394,0.029557668458040514,0.050330715171558495,0.049607275733774284,0.49303287,0.49419865,0.2888076,0.28906488,-0.001568964674104394,0.50523263,0.49555236,0.2851062,0.27609783,0.0051236184097240385,0.48260275,0.52403104,0.28403234,0.2792941,0.02594626380365597,0.4968949,0.49975637,0.29531217,0.29365772,0.001481563118811758,0.50569105,0.50151837,0.28342262,0.28849748,0.008762990060138347,3.1237214112946043,1.689922992897786,2.940927394876736,1.442815057043961,2.936016903082416,0.747294793689016,2.9140874987816905,0.8264950389713606,3.1401050988120063,1.5658214157443031,2.3032222391650152,0.8712043986629864,2.1091935955191006,0.9738919330134042,2.007624187847828,0.8635212195378453,2.2630147690336413,0.789632446072766,2.3099538831638764,0.8965173996079869,0.0033069064012903244,0.012412805927459166,0.019822129884573648,0.02554260168190109,0.034073107217654684,0.03842524833978882,0.04342486860549984,0.04812456314466332,0.05413337555463733,0.054067726575865116,0.4638442397117615,0.03287418559193611,0.03206561133265495,0.031054165214300156,0.030611123889684677,0.03026483952999115,0.027940409258008003,0.02790616825222969,0.027861962094902992,0.027861962094902992,0.027515551075339317,0.02741953730583191,0.02741525135934353,0.027401704341173172,0.026495441794395447,0.026454824954271317,0.02632700651884079,0.02628677524626255,0.026242438703775406,0.0261568371206522,0.012160694896843327,0.011653999276141521,0.011482084690546266,0.012622149837125328,0.012377850162858386,0.012133550488591443,0.012785016286636622,0.012214983713347092,0.012459283387614033,0.012133550488591443,0.00738327904451202,0.008414766558083552,0.0089576547231212,0.008686210640602376,0.008089033659060963,0.008414766558083552,0.00906623235612873,0.008523344191091083,0.008350607047670012,0.008883624518797885,14.71,736.679241,116.98561,0.256,0.2675
M10H6-4,0.8413600661430343,0.027077304671351797,0.03162463828028111,0.05229433650268706,0.04764365440264572,0.49489933,0.49485132,0.28803957,0.28873208,-0.0027344122508250754,0.47188604,0.50051755,0.29946375,0.2930516,0.07792208556854009,0.49314523,0.5123518,0.28961918,0.29175228,-0.03558708775844437,0.4977586,0.4988444,0.29265475,0.28872454,0.03963817615568775,0.48508015,0.49476084,0.28749052,0.2823851,-0.018337927229204312,3.1564191398502133,1.7306165030886573,2.9246624394539436,1.5451621551913393,2.7908092433550946,0.7424989668816829,2.8979653186749035,0.745817582536936,3.11496173418451,1.793560905798993,2.290177876403893,0.8238624985806563,2.1958891757132144,1.1452766103632264,2.031632167920009,0.9496749438510661,2.4731180966355586,0.9555619523608064,2.3494592548989734,0.8934332810855997,0.0033326526658603375,0.01244836090036599,0.019829676054641893,0.02539282367047317,0.03416165328893287,0.03840666216378954,0.04382844038138322,0.04807868515987832,0.053906245909450284,0.053948133138557716,0.46387624740600586,0.03214003145694733,0.030859975144267082,0.030060864984989166,0.029595859348773956,0.029542619362473488,0.029389191418886185,0.029037632048130035,0.029037632048130035,0.028611190617084503,0.028305549174547195,0.027939975261688232,0.02718164585530758,0.027011189609766006,0.026645097881555557,0.026457756757736206,0.026338547468185425,0.026265617460012436,0.026157261803746223,0.025546111166477203,0.013463626492933683,0.012015924719499952,0.012377850162858386,0.011563517915301913,0.011889250814324502,0.011400651465790619,0.013273615635170505,0.012214983713347092,0.011482084690546266,0.012133550488591443,0.008794788273609905,0.0076004343105270785,0.008143322475564728,0.008686210640602376,0.007709011943534609,0.008903365906617436,0.009391965255151319,0.00884907709011367,0.008291382884211359,0.008350607047670012,15.14,745.608934,121.07953,0.2822,0.2855
M10H7-1,0.8312319140140554,0.03327821413807358,0.035551880942538236,0.05002066969822241,0.04991732120711038,0.49306017,0.49476752,0.28890195,0.28832465,-0.0011450705704623833,0.49458414,0.49270976,0.28814998,0.27514753,0.07634125464790534,0.48649317,0.5230834,0.28784,0.29781303,0.002298319101805612,0.4986646,0.4884613,0.2834417,0.29389268,-0.020673756022556163,0.50797856,0.5022283,0.2901318,0.29009193,-0.0093380778572148,2.7931250145765407,1.4030819606674885,2.6779116453747354,1.3841959839170028,2.931465343077515,0.7948066141557167,2.8980916037858484,0.8206880187878388,2.7499641011692972,1.371785996853053,2.3188381696530316,0.8944317617909994,2.036127517782773,0.9685224122366928,2.1046244429622414,0.9558133760833385,2.3210028760887242,0.9083804002252869,2.3944906214168493,0.9336951133925878,0.0033751394304783505,0.01252569669146455,0.02017824054868774,0.02570706232657614,0.034169685739834255,0.03844132857656462,0.043306415184785715,0.04779238917005448,0.053649621578767855,0.05418775408611964,0.47546443343162537,0.03169875964522362,0.030741384252905846,0.028483305126428604,0.028439074754714966,0.02840779349207878,0.028373021632432938,0.027696890756487846,0.027696890756487846,0.027530791237950325,0.027387550100684166,0.02722231298685074,0.02719615027308464,0.02717565931379795,0.026916220784187317,0.026522204279899597,0.026348033919930458,0.02590617910027504,0.025447040796279907,0.025346266105771065,0.012179356331216602,0.011090698782057574,0.012477036129814772,0.012017758726263308,0.012094304960188552,0.012094304960188552,0.013319044702992456,0.012017758726263308,0.01301285976729148,0.011788120024487576,0.008879363135328304,0.007807715860374888,0.007960808328225375,0.008675239844860986,0.008318024086543183,0.008981424780561962,0.008011839150842207,0.00842008573177684,0.008907198129482938,0.00885152814117367,14.42,729.992747,115.8428,0.2489,0.2608
M10H7-2,0.8311285655229433,0.03534518396031418,0.033588259611409675,0.05064076064489458,0.049297230260438196,0.49392217,0.4960009,0.2883485,0.2880004,0.002251394212218037,0.48734128,0.5007929,0.29117432,0.28832686,-0.017003168308088158,0.5020638,0.4980443,0.29250437,0.30075213,0.05791460211597294,0.4918865,0.49180216,0.29106233,0.2895183,-0.05496739854656441,0.49478447,0.49065486,0.286708,0.29068944,-0.010013779558835461,2.907112875878004,1.4179855538748931,2.7237123308777904,1.5580580813237095,2.9515944347271272,0.8108502007090418,2.9242313320614644,0.7984675083389743,3.0593537052793995,1.5958658009153586,2.3236700746764845,0.8891658245710667,2.1234004016708026,0.9080220633429614,2.010274292547618,0.8798760617875631,2.414922612924409,0.9760963877618501,2.3600075661585938,0.8676481241067889,0.0034259957018058,0.012670136853759058,0.020286174141989265,0.025968256626382726,0.034180877687534306,0.038606994334198556,0.04316219635862941,0.0478127587522212,0.053483211923302354,0.053736730953510656,0.4786854684352875,0.03019973449409008,0.029380014166235924,0.029170513153076172,0.028794892132282257,0.028481578454375267,0.028423910960555077,0.028073769062757492,0.02796226181089878,0.02778099663555622,0.027431780472397804,0.027267714962363243,0.026549363508820534,0.026545319706201553,0.02639477513730526,0.025950849056243896,0.02591964602470398,0.025902416557073593,0.02567557990550995,0.0254093986004591,0.012851897184814656,0.012239902080775864,0.011474908200727371,0.012163402692771014,0.01155140758873222,0.011933904528756466,0.013081395348829204,0.012239902080775864,0.011933904528756466,0.012392900856785561,0.008771929824556036,0.008720930232552802,0.008210934312520474,0.008567931456543105,0.008261933904523707,0.008210934312520474,0.008210934312520474,0.008057935536510775,0.008790475130739028,0.009013018804934953,14.71,724.387958,118.05876,0.2871,0.2984
M10H7-3,0.8320587019429516,0.03307151715584952,0.03493178999586606,0.046610169491525424,0.05332782141380736,0.4953119,0.49596637,0.28904372,0.28824058,0.002911869053784513,0.4933308,0.49258474,0.29184115,0.2859993,-0.0031888622151641653,0.46207967,0.50268275,0.2828225,0.2976068,9.855605451195438e-06,0.5077335,0.4842159,0.29134285,0.2878667,-0.02268186491592861,0.48102194,0.500115,0.2800885,0.29135856,-0.019897443257245625,2.8224529516115586,1.4106769069986227,2.8582372475701807,1.5217381302951418,3.007964957752712,0.8038408528440983,2.9590750265210906,0.7610166261315606,2.6634748306989087,1.343838467314215,2.285086370537866,0.8497824893359958,1.9969527687108724,0.923474222454521,2.1349798274520557,1.0034689301464403,2.2056352907438552,0.8189480586735353,2.238478134365544,0.821194109900861,0.00336779011587895,0.012613228428473114,0.019977726317355803,0.025732148503617727,0.034116167252571473,0.03853370347636851,0.04337904320815431,0.048281345907036435,0.0534696259509328,0.05386255417294422,0.4690261781215668,0.03152219578623772,0.031391534954309464,0.03028201125562191,0.02990490384399891,0.02935200370848179,0.0289740152657032,0.02835635282099247,0.02817186526954174,0.027655763551592827,0.027463294565677643,0.027407895773649216,0.027237115427851677,0.026830598711967468,0.02677151747047901,0.02671588957309723,0.0258657056838274,0.02584930695593357,0.02567112259566784,0.025550728663802147,0.01182905982905255,0.012444444444436787,0.013461538461530177,0.012692307692299882,0.011923076923069586,0.012384615384607764,0.012076923076915646,0.011384615384608379,0.012307692307684734,0.011461538461531409,0.008461538461533254,0.008974358974353452,0.008102564102559115,0.008307692307687195,0.00928205128204557,0.007743589743584979,0.008205128205123157,0.008358974358969215,0.008615384615379314,0.008727272727267357,13.81,733.575216,118.64943,0.2806,0.2898
M10H7-4,0.8315419594873915,0.03534518396031418,0.03317486564696155,0.050434063662670524,0.049503927242662255,0.4938721,0.49593332,0.28941953,0.28937438,0.005260678686975888,0.48826846,0.50294876,0.281086,0.27812707,-0.08148872506323682,0.48370185,0.49712232,0.28597477,0.2844501,-0.019645742359846854,0.49562672,0.4910218,0.28504473,0.28905636,0.017230459594267573,0.50351346,0.49168465,0.28620946,0.28637737,-0.03833141661810105,2.786407250211774,1.451647224778467,2.8891852670768694,1.3677269567905364,2.9358601884790434,0.7558430552671621,2.922710251057563,0.8074151824685877,2.7424023565470765,1.403729811958299,2.342577875330829,0.8672340975087662,2.0216155909258977,0.9228580030283112,2.082649603067553,0.9028945707669557,2.3644429931569593,0.9229176200274137,2.2669708805272077,0.8661335284682026,0.003347443888231752,0.012419321857351215,0.019895995381589395,0.025674657375617548,0.033968138841533616,0.0386159228969455,0.04350660281329894,0.04806400701347677,0.05388898868331238,0.05395225458197622,0.4718308746814728,0.032832156866788864,0.030046528205275536,0.029842523857951164,0.028526809066534042,0.028096206486225128,0.02800917997956276,0.02792404405772686,0.02773706428706646,0.02770954556763172,0.027542926371097565,0.027304161339998245,0.027301333844661713,0.026982750743627548,0.026939822360873222,0.026932070031762123,0.026270408183336258,0.026254557073116302,0.02599579095840454,0.025921298190951347,0.011588275391949265,0.013087934560319169,0.01142638036809115,0.011809815950913,0.01211656441717048,0.013190184049071662,0.013036809815942922,0.01219325153373485,0.01165644171778426,0.011809815950913,0.007975460122694494,0.008742331288338194,0.008333333333328221,0.008793456032714442,0.008179959100199481,0.00930470347647691,0.008537832310833207,0.008997955010219428,0.007585052983821336,0.008198549916336298,14.3,733.726978,119.27231,0.2982,0.307
M10H8-1,0.8216205043406366,0.040099214551467546,0.038342290202563044,0.05064076064489458,0.049297230260438196,0.49537352,0.49449632,0.28911412,0.2880935,0.0010922631074678144,0.4958197,0.5100909,0.27509925,0.3012603,0.09049678486819777,0.47314444,0.48972088,0.2880678,0.29264602,-0.050494475670043774,0.47984073,0.49432722,0.29087767,0.28517678,-0.03697293146845464,0.4984149,0.51138824,0.28886673,0.28733647,-0.01609193412668704,2.437452850595005,1.2911510460851183,2.626428593975533,1.2501157077631742,2.993042998212666,0.7882166247833324,3.0552236103664923,0.768203744162918,2.6211116376764583,1.2521653695634387,2.319105380419127,0.8437751004136519,2.0662539538762195,0.9339952759037269,1.9437938302293671,0.9319687844042982,2.3463963398761303,0.8847790231012164,2.274626348013232,0.8178827053930954,0.0034321809687933007,0.012545887662472695,0.019823058408843373,0.025792829685997647,0.0340562120004859,0.038660934697970134,0.04362905268099247,0.04804435687270047,0.05337484069285996,0.0539739796622174,0.48084428906440735,0.03843861073255539,0.030606072396039963,0.030547190457582474,0.02887635864317417,0.027599774301052094,0.02751196175813675,0.02679366059601307,0.026731081306934357,0.02634449303150177,0.026028361171483994,0.02595527656376362,0.02587740495800972,0.025742854923009872,0.025669405236840248,0.025459950789809227,0.025390518829226494,0.02531321905553341,0.025161979719996452,0.025107525289058685,0.012681859147668718,0.011844985193761644,0.012891077636145486,0.011732329084581846,0.01274623406720003,0.012239281575890939,0.012384125144836394,0.012891077636145486,0.011297798377745482,0.011225376593272754,0.008642332947078809,0.007821552723054565,0.0083526458091879,0.008304364619539414,0.008642332947078809,0.0083526458091879,0.008111239860945474,0.008594051757430325,0.008690614136727294,0.00932265880121655,13.6,706.04958,117.49206,0.2791,0.2814
M10H8-2,0.8223439437784208,0.041236047953699874,0.036482017362546505,0.049607275733774284,0.050330715171558495,0.49324724,0.49733844,0.2887466,0.28929397,-0.002127047010688676,0.5082829,0.46017584,0.28291178,0.28174213,0.031148921280019618,0.47588614,0.49459836,0.29501262,0.28154925,0.031596652471022585,0.5081301,0.50489056,0.2956409,0.2830409,0.010725354314590298,0.49186158,0.4910208,0.27893263,0.29248473,-0.020037913576982105,2.5532187438958744,1.2282682801914808,2.7236926832009836,1.418482664091206,3.0252569661035746,0.7970698144088734,2.8762907048593087,0.818203467732915,2.733662468904662,1.3510496364446258,2.3055765240913337,0.916354387088789,2.141559128735015,0.9393594505458065,2.10990428414587,0.9588580330825438,2.3060512739388006,0.8677263691454115,2.3319561029361364,0.8964638311976543,0.0034118584412437527,0.012447174204994887,0.01991568407607736,0.025606906266812876,0.033938904837590204,0.0383241132042926,0.043276082287084836,0.048123323846251786,0.05414515645470637,0.05414412971427868,0.4845499098300934,0.03192314878106117,0.030224347487092018,0.030198022723197937,0.028905997052788734,0.027247624471783638,0.02702229470014572,0.026893580332398415,0.02687833458185196,0.026618070900440216,0.02637031115591526,0.026365192607045174,0.026183459907770157,0.026099327951669693,0.026042424142360687,0.02587214857339859,0.02582535892724991,0.02569662407040596,0.02564343810081482,0.025440482422709465,0.011570034257636603,0.01279813845258127,0.011416521233268518,0.012070971495048244,0.013234438627101086,0.01148923792902182,0.01250727166956806,0.012216404886554849,0.011852821407788334,0.01279813845258127,0.008677525693227451,0.008483614504551979,0.008580570098889715,0.008919914679071795,0.00843513670738311,0.008629047896058584,0.008677525693227451,0.008483614504551979,0.007456766619065946,0.008302924533286196,13.46,718.311682,116.41444,0.2687,0.2787
M10H8-3,0.8215171558495246,0.038135593220338986,0.04040926002480364,0.048470442331541956,0.05146754857379082,0.49327725,0.49734002,0.28921214,0.28844538,-0.001806695910342311,0.49028355,0.48599052,0.2875229,0.2988715,-0.02468579189735952,0.50901383,0.47026312,0.28901032,0.28493932,0.03653284937310123,0.48835093,0.50310796,0.28686672,0.28746703,0.027478659065155023,0.49992654,0.4909298,0.28142264,0.28729314,-0.0019667030310018376,2.6622107842959384,1.326978606595912,2.660196394545644,1.3626661288677762,2.97702229926952,0.8056458952562702,2.9009501348476583,0.8116560255935849,2.63648065508252,1.2931651048640227,2.372592925179608,0.9382365939562476,2.0161613695555793,0.9032453373806298,2.0232391089193067,0.9137243867504468,2.248410311949702,0.898077754004879,2.2961579393936105,0.9809180879078795,0.0034314564784919933,0.012368326647751362,0.019957888986726676,0.02572114600658774,0.03412296578938786,0.038789624302905786,0.04373348987378926,0.04793439976518932,0.05360389557447086,0.05367013990803248,0.48869428038597107,0.030305854976177216,0.02948462963104248,0.028391581028699875,0.028132127597928047,0.027694709599018097,0.027483131736516953,0.027448376640677452,0.027328703552484512,0.027000131085515022,0.02629189006984234,0.02616690658032894,0.026134872809052467,0.026119939982891083,0.02575034089386463,0.025626668706536293,0.025517426431179047,0.025503400713205338,0.025498811155557632,0.025426164269447327,0.012481502927355574,0.011580775911979398,0.011653155761429269,0.011363636363629784,0.012738853503177338,0.013607411696575792,0.012232194557028238,0.012449334105377852,0.011797915460329012,0.012087434858128496,0.008396062536185063,0.009650646593316166,0.008733835166951129,0.008106543138385578,0.008396062536185063,0.00815479637135216,0.008444315769151644,0.008251302837285321,0.008580302152966554,0.008001263357367583,13.4,719.343768,114.81741,0.2471,0.2715
M10H8-4,0.8214138073584125,0.041029350971475816,0.03761885076477883,0.049607275733774284,0.050330715171558495,0.49481693,0.49644938,0.2883383,0.2878625,0.007274159989192927,0.4969896,0.47374377,0.28775066,0.29933977,0.013710131574605698,0.46937817,0.5003259,0.28540388,0.2849141,-0.07566321297462318,0.49560466,0.5021716,0.29135168,0.29416096,-0.052663156665466344,0.49311364,0.49277833,0.29341534,0.28938156,-0.019473042171184344,2.4785037773814484,1.2778253657305367,2.720058187565549,1.43911906249547,2.983627256976312,0.7853141991763599,2.87744016042139,0.7674120701499206,2.628208770242022,1.1026986681401842,2.4087284890899405,0.9098076652572509,2.062643382581307,1.0074838395095422,2.064914005093582,0.9902704913678277,2.413489805261758,0.9342746693022135,2.3159724799854122,0.9469361850815959,0.003446791070715245,0.012717434724189272,0.02015055068764623,0.02598581648587096,0.034165979279826106,0.03849055037637672,0.04354245456762071,0.04772695438345291,0.053563257746719994,0.05354354401091519,0.47578075528144836,0.03280291333794594,0.03203612193465233,0.030280444771051407,0.029655052348971367,0.029655052348971367,0.028357649222016335,0.02816157601773739,0.027740878984332085,0.027527237311005592,0.0273805633187294,0.027114884927868843,0.026395142078399658,0.026151301339268684,0.025378350168466568,0.025339212268590927,0.02520853839814663,0.025138525292277336,0.02509353496134281,0.024802198633551598,0.011766975308635165,0.013631687242790467,0.013020833333325798,0.011284722222215693,0.012008101851844902,0.012008101851844902,0.01186342592591906,0.01114004629628985,0.012442129629622429,0.012659143518511193,0.008680555555550532,0.008969907407402217,0.008680555555550532,0.0083429783950569,0.008294753086414954,0.007812499999995479,0.00872878086419248,0.007908950617279373,0.008259680134675354,0.009101430976425708,14.16,724.250058,122.80626,0.3009,0.3036
M10H9-1,0.8126291856138901,0.04526663910706904,0.04216618437370814,0.05239768499379909,0.047540305911533694,0.49187148,0.495081,0.28870684,0.28902486,-0.0006669346008124699,0.5123065,0.49765885,0.29879326,0.28910297,0.014491077333952686,0.49796745,0.49310404,0.2876826,0.2926292,-0.030135478801744355,0.50120264,0.4991308,0.27899358,0.28284803,-0.006305125996912424,0.4994433,0.5042557,0.28838757,0.28468966,0.0296762793981301,2.526193455932228,1.2086407144515046,2.4821505467311424,1.1486169162192574,2.966242870668745,0.8214475109658147,2.987895722921503,0.8305844046785449,2.526111036050642,1.1714041536025899,2.2724037565849198,0.8916755444935038,2.1932114705122374,1.0918363204420256,2.1127592451851167,1.0263553159748893,2.4153774131026267,1.0626322253683584,2.412105305946707,1.0852664280480628,0.003372463929379474,0.012601535551351952,0.019975149289714774,0.025793739104632618,0.03407143651941694,0.038597418493379325,0.043547160713623384,0.047614146359556395,0.05367753421608991,0.054082749156188575,0.4926721155643463,0.02944084256887436,0.029028844088315964,0.028490126132965088,0.028098128736019135,0.027683062478899956,0.027606843039393425,0.027543209493160248,0.027417238801717758,0.02720262110233307,0.026679517701268196,0.025768550112843513,0.025761431083083153,0.025455204769968987,0.025449194014072418,0.025272183120250702,0.02519477717578411,0.02517124079167843,0.025034165009856224,0.025030694901943207,0.011092725378433546,0.01225715511429121,0.012341423055701963,0.012272476558184075,0.011927744070594635,0.012617209045773516,0.011858797573076747,0.011858797573076747,0.012961941533362956,0.012892995035845067,0.007813936385360647,0.00854936569221812,0.008917080345646856,0.008411472697182343,0.008181651038789383,0.009009009009004039,0.008457437028860936,0.008503401360539528,0.008273579702146568,0.008624580053146725,13.4,704.279666,117.12106,0.2934,0.2971
M10H9-2,0.8121124431583299,0.04350971475816453,0.0444398511781728,0.04867713931376602,0.051260851591566764,0.49289215,0.49450305,0.28874668,0.28941733,-0.0058762309500916135,0.48554546,0.49993962,0.2810493,0.28248745,0.0031521279651242724,0.52362454,0.5161214,0.2905167,0.27554327,0.013106751400975811,0.49862772,0.5034006,0.2904102,0.28840408,0.046756469924925693,0.48674765,0.48727104,0.288673,0.29234216,0.027597268399603546,2.5227307168287987,1.2565120789223305,2.5592652900752166,1.256211825991303,2.9997133926356017,0.7898102566111235,2.917673130652817,0.7588762613799067,2.4675160444903477,1.2536734470149735,2.3635993255083028,0.9234869556186439,2.0333909468311235,0.9160747738650887,2.1102653868123373,0.941442978062245,2.325780848566045,0.9338837150741073,2.2659953245086366,0.8737015287153397,0.003343424963873428,0.01247625902706425,0.019800475094185498,0.02589391516803206,0.03400201832610802,0.038523105438308274,0.043791449403568154,0.047940739601133334,0.053557070826396484,0.05400487548466384,0.49054697155952454,0.03146812319755554,0.028746606782078743,0.02839222177863121,0.027613669633865356,0.027531564235687256,0.027507418766617775,0.027132857590913773,0.026842879131436348,0.026804015040397644,0.026409128680825233,0.0262173879891634,0.02587832510471344,0.025877665728330612,0.02570294588804245,0.02568942680954933,0.02564791403710842,0.025433195754885674,0.025339579209685326,0.025218117982149124,0.011673389561171919,0.01173450678400528,0.012788778877880755,0.011963696369630383,0.011551155115505198,0.01327007700769347,0.011963696369630383,0.012582508250818162,0.012032453245317914,0.01251375137513063,0.007654932159878444,0.008617528419503877,0.00880088008800396,0.007654932159878444,0.008984231756504042,0.008525852585253835,0.008342500916753754,0.009075907590754084,0.009050905090504071,0.008050805080503622,13.65,717.963822,114.29433,0.2554,0.2713
M10H9-3,0.8116990491938818,0.04505994212484498,0.04330301777594047,0.04981397271599835,0.050124018189334436,0.4959272,0.49587062,0.2886176,0.28870058,0.0001703815913064358,0.4798613,0.5070168,0.2889029,0.29512316,0.017253790531943286,0.482857,0.4811901,0.28977188,0.27801567,0.014297201780114706,0.49008197,0.4932133,0.29120076,0.28918624,-0.019304852564695746,0.48707566,0.4990215,0.28476596,0.29017624,-0.011130866293052941,2.5021002340733896,1.2053203602957463,2.4180281365292164,1.3101090620028801,2.977994193601209,0.7640894846507409,2.902624587363383,0.7388535209715831,2.5717757345044894,1.3257183729742217,2.3290342078060586,0.8431611707061927,2.087233564911349,0.883782057074336,2.106073346444921,0.9041229744622008,2.3220077357742728,0.9215911210163533,2.2742714611761583,0.8323668356532656,0.003454054617411571,0.012548040873133357,0.02000123589671224,0.025750000230577746,0.034181767203174965,0.03863560692212836,0.04322225942209839,0.047639206701880495,0.053933056824501745,0.05396810464171447,0.49765706062316895,0.029515553265810013,0.028488710522651672,0.02796599641442299,0.02763930708169937,0.02689405530691147,0.0266830213367939,0.026468712836503983,0.026404177770018578,0.026261713355779648,0.02625737152993679,0.02611900120973587,0.025849303230643272,0.02575896866619587,0.025686299428343773,0.025465819984674454,0.025348808616399765,0.02527744695544243,0.025141112506389618,0.025117622688412666,0.012501524576160964,0.012928405903151826,0.013446761800212158,0.01131997804609697,0.012417672886930617,0.012417672886930617,0.011663007683857484,0.011045554335888559,0.012349066959378513,0.011731613611409588,0.008690084156599694,0.008324185876321812,0.00873582144163443,0.008278448591287077,0.008415660446391283,0.008781558726669164,0.007958287596043931,0.008324185876321812,0.009031034826858629,0.008232711306252341,13.18,705.925217,117.17479,0.2835,0.2843
M10H9-4,0.8126291856138901,0.04526663910706904,0.04216618437370814,0.05198429102935097,0.04795369987598181,0.4945003,0.4941951,0.2891631,0.28873107,-0.0029915776108397716,0.4995545,0.51671696,0.28415567,0.29012886,0.004114425764349739,0.46419176,0.5037803,0.2884518,0.28483513,0.0799379475515032,0.4928963,0.4881221,0.2819604,0.28538334,-0.004156087264830227,0.50565076,0.50378066,0.28992414,0.29191053,-0.0175959584313018,2.4446077485814297,1.247339739563873,2.4527915788423074,1.208016418281926,2.8577645612633695,0.7368332668134664,3.048116290347254,0.8989577362446894,2.492878404641115,1.24606602848533,2.3311574780919826,0.897457987725937,2.1567909502696967,0.9009567783581203,2.090540044181908,1.030055761933068,2.3297368756257653,0.8582201213115489,2.3115261069266535,0.8464568530727401,0.003462551959104679,0.012476664102841772,0.020008015423674377,0.02592887746120248,0.03413404268907283,0.03844811771751092,0.04358224648445924,0.04785837320219878,0.053554322081196426,0.053880122212071814,0.49023669958114624,0.030773816630244255,0.030739616602659225,0.028910227119922638,0.027924111112952232,0.0278733279556036,0.027297863736748695,0.02702372334897518,0.026777371764183044,0.02676314301788807,0.026581404730677605,0.025768538936972618,0.02567422017455101,0.025626104325056076,0.02561400830745697,0.025417760014533997,0.02529558539390564,0.025294329971075058,0.025217315182089806,0.025190798565745354,0.012195869338719755,0.011705583134148106,0.013030888030880844,0.012548262548255628,0.011651958080523082,0.012410369553219851,0.012410369553219851,0.012065637065630411,0.012892995035845067,0.011100386100379977,0.007630079058646279,0.009146902004039816,0.007905865048717832,0.008181651038789383,0.008641294355575303,0.009054973340682632,0.00854936569221812,0.008089722375432198,0.008724865867718198,0.008875294589575408,13.18,706.765488,117.14662,0.2951,0.3017
M10H10-1,0.802397684993799,0.049297230260438196,0.04836709384042993,0.05053741215378255,0.049400578751550225,0.49419928,0.49489167,0.2891904,0.28878602,0.0029297187826372926,0.49447766,0.51387554,0.28223708,0.29773828,-0.053485568853798945,0.4635189,0.50074244,0.28160268,0.28612965,-0.011076057166108736,0.5039154,0.5026689,0.28764483,0.27872637,-0.020979194919025706,0.508011,0.47989506,0.29199848,0.28881,0.04032320041975862,2.366610589407087,1.2021962865512628,2.3928553505095835,1.1605571266366979,2.9676321144240174,0.7916422586939591,2.9539737011160656,0.7694355105620052,2.442600577599644,1.247283046034956,2.3595644473597868,0.9206247652427908,2.1226389345314733,0.951475391755527,2.1060380078106524,0.9959690442013575,2.29001725597462,0.9090290357580957,2.3043775473039485,0.8934363869683996,0.003367238109466363,0.012342666484070565,0.019867285833447455,0.025697911349592685,0.03395457506982226,0.038336881507579815,0.043416373060435165,0.04777046010067685,0.05412812436454482,0.054451817453697364,0.5000905990600586,0.029787499457597733,0.02925839275121689,0.028666937723755836,0.027493761852383614,0.026949668303132057,0.026797311380505562,0.02655511535704136,0.02619851753115654,0.025798935443162918,0.02552136220037937,0.02543945237994194,0.025330448523163795,0.02526494301855564,0.025241877883672714,0.02518022432923317,0.02518022432923317,0.025177186354994774,0.02504568174481392,0.025021901354193687,0.011738726173866476,0.012610413761034781,0.012225418410035447,0.011702405857734466,0.013532949790787901,0.01229079497907307,0.012552301255223561,0.011244769874471107,0.012029288702922579,0.012029288702922579,0.008368200836815706,0.008019525801948386,0.008804044630399858,0.008368200836815706,0.008193863319382046,0.008804044630399858,0.008150278940023632,0.00897838214783352,0.008796120197789237,0.008273107645488257,13.49,696.939107,118.69692,0.3091,0.3104
M10H10-2,0.802397684993799,0.04991732120711038,0.04774700289375775,0.04898718478710211,0.050950806118230677,0.49398723,0.49538285,0.28911415,0.2899818,-0.002033347829735933,0.51121044,0.5124399,0.28753415,0.27892077,-0.03059335197733303,0.49749234,0.48314255,0.28762472,0.2814885,-0.01570461141327263,0.47998354,0.50534576,0.2874056,0.28712115,0.03763749294677763,0.48562807,0.48801872,0.28363603,0.2843598,0.03866094443388621,2.388864194918501,1.223203339171791,2.3512032312307247,1.1348394959057053,2.958682960166407,0.7804257424849483,2.89826784181143,0.7837361163575259,2.4429683475778354,1.21533543859388,2.3674387624334217,0.8880362871687949,2.060313855443659,0.9787774863530134,2.1571707019156983,0.962653178919134,2.3275913780658994,0.8654392199455461,2.2640257414959533,0.8851384876196713,0.0034006993333940308,0.01247579277880444,0.01980132238482038,0.02570292192745667,0.03417678222974652,0.0386150803708452,0.043621802206599454,0.04778368074438077,0.053647549421282345,0.05410770193600353,0.5000714063644409,0.030075903981924057,0.02945939637720585,0.028543464839458466,0.02758697234094143,0.027204254642128944,0.026596633717417717,0.026401367038488388,0.026168597862124443,0.02594081684947014,0.025713877752423286,0.025675738230347633,0.025561630725860596,0.02556075155735016,0.025228232145309448,0.025203725323081017,0.024935880675911903,0.024922754615545273,0.024690525606274605,0.02445804327726364,0.011796838679677698,0.012494188749412341,0.012552301255223561,0.011702405857734466,0.012748430962336429,0.011506276150621598,0.012421548117148315,0.01229079497907307,0.013075313807524542,0.011375523012546351,0.00797594142258997,0.008411785216174122,0.008237447698740461,0.008281032078098877,0.009109135285908765,0.009414225941417671,0.008716875871683029,0.008368200836815706,0.008082921262833354,0.008082921262833354,13.56,702.069049,117.47212,0.2786,0.2915
M10H10-3,0.8021909880115751,0.052087639520463004,0.045783381562629184,0.049503927242662255,0.050434063662670524,0.4947524,0.4937396,0.28932047,0.28878826,-0.0039546648113570546,0.49056327,0.49670434,0.2751475,0.28251356,0.05683316312292093,0.47673845,0.53540957,0.28177044,0.2953712,-0.05837518849433429,0.4867356,0.49568307,0.289884,0.29055855,0.05655904105308284,0.50644743,0.49105653,0.29567352,0.2822663,0.01358922318177757,2.3529537909695706,1.1748511072593808,2.5048460273262005,1.2911450865286818,2.9301563410562057,0.8292588540562813,2.9363862643946397,0.8176914533195679,2.370302686418146,1.1695196816941693,2.3101689487765813,0.8933308810452821,2.0358929636474037,0.9095944496275331,2.1158282270683304,0.9746319727926254,2.3717389991668436,0.940750834905331,2.2700362646149124,0.8749375595527131,0.0034264249064618257,0.012379128167975043,0.019845641336098955,0.025781304274471274,0.03400373160250494,0.03861116900388047,0.04349401057949008,0.047947618622284416,0.05368065686790194,0.054163647972264396,0.49733710289001465,0.031722020357847214,0.029597941786050797,0.028697745874524117,0.028470152989029884,0.027408288791775703,0.026927543804049492,0.026469998061656952,0.026225680485367775,0.026064589619636536,0.02581632137298584,0.025630513206124306,0.02557152323424816,0.025253385305404663,0.025142783299088478,0.02506592497229576,0.02499246597290039,0.024608813226222992,0.02450406923890114,0.024493133649230003,0.011726460002315944,0.012365029606402457,0.013192267502605437,0.012539184952971506,0.012147335423191146,0.012212643678154538,0.011951410658300967,0.012408568443044719,0.012016718913264359,0.01142894461859382,0.00761929641239588,0.008577150818525649,0.008272378962029812,0.008794845001736959,0.00862068965516791,0.008751306165094697,0.007967607105533977,0.008707767328452435,0.008264462809913038,0.00921440106392603,13.01,696.150489,119.24742,0.2978,0.3073
M10H10-4,0.8029144274493593,0.04981397271599835,0.047333608929309635,0.04764365440264572,0.05229433650268706,0.49506322,0.49404195,0.28810358,0.28882596,-0.0042163021681303195,0.48899403,0.51599973,0.29077515,0.29153574,0.05642782213685747,0.47403875,0.5032566,0.2936451,0.2846325,-0.018445909507029814,0.50013226,0.499136,0.287832,0.28319037,0.009338791509850296,0.49305892,0.4930495,0.29049158,0.29112163,0.020938922440097433,2.3842628160423858,1.104470524455193,2.3101521296076375,1.1433730544152019,2.9803815709861357,0.8027706140537627,2.924280639656636,0.7964631137206027,2.504292343590228,1.2333089548719391,2.400280332492166,0.9885562892772247,2.0511493035312416,0.9246768076056187,2.1026125771332524,0.9657805863000541,2.3635106333162144,0.859735422742496,2.2323675109876504,0.8807692006558229,0.0035218368226855564,0.012444554695205863,0.02005016972148464,0.02591342896461879,0.03437629991132126,0.03868536092077386,0.043612894951555764,0.04770173569011211,0.053354055976449086,0.05367299567912641,0.5001363754272461,0.028862738981842995,0.028263375163078308,0.027647607028484344,0.027086423709988594,0.026897624135017395,0.02689039334654808,0.026744389906525612,0.026365170255303383,0.026293335482478142,0.026168886572122574,0.025905251502990723,0.025891846045851707,0.025767695158720016,0.02574039436876774,0.025123097002506256,0.025106968358159065,0.025106968358159065,0.025106575340032578,0.02489488199353218,0.01217735827069221,0.012993066480212263,0.013502884111162296,0.011667540639742178,0.010880964866276413,0.012126376507597207,0.011208704771887148,0.013306240167795854,0.011733088620864324,0.012257472469841501,0.008127949659146236,0.007996853696901942,0.008433840237716254,0.008302744275471962,0.008608634854041982,0.008608634854041982,0.008433840237716254,0.008958224086693431,0.008723840396620301,0.008580826619626525,13.02,696.54201,115.88559,0.3054,0.3134
